humidity,pressure,wind_speed,cloud_cover,temperature
49.963209507789,1001.6499536152593,11.209224554000954,49.96702437290534,58.36043908981809
96.05714451279329,1006.0389612656262,9.987362886942098,74.67467725125942,54.12014717880612
78.5595153449124,1027.00010662612,5.284617375085801,56.266678065633315,62.39242980147043
67.89267873576293,998.700241233294,18.218000103044638,8.330258311179639,55.86244011942607
32.48149123539492,1027.8307326646693,14.298724815258867,18.55802367835554,71.31860570829514
32.47956162689621,984.847393703718,25.97102976972011,21.932818403091915,60.888925486281515
24.64668897345596,1022.7239140464746,0.9632874144617476,25.78642536448449,66.98315317825084
89.29409166199481,1026.6151198180105,19.31603782665379,56.54033919505043,55.59151879177827
68.0892009394567,989.9999709060536,22.888466355346832,50.39657798253935,53.29341243311865
76.64580622368364,1003.6690592804711,22.78459707564921,20.316003836420894,56.08325183374584
21.646759543664196,989.1024876065011,26.582219012865753,6.755484345568707,62.91825733921223
97.59278817295954,1018.863227094682,21.871012284884824,17.14322044747181,51.8261863552297
86.59541126403374,1009.4441272433911,27.83430184943089,98.43813126186033,49.72681853402975
36.987128854262096,1014.9427840689576,9.979697994626743,46.854694979147226,62.94743772894796
34.54599737656805,990.8067831825916,15.096282502546291,86.73455047021125,54.42758168102725
34.6723607882747,991.6460224128831,0.42238989848672026,84.87524666688432,64.2225499429495
44.33937943676302,982.2823529030449,0.20872761909873638,51.15195574628737,59.879301783058395
61.98051453057903,997.7137144357652,7.2037986135455965,70.66877084605436,54.697239558747235
54.55560149136926,1010.7859563733521,3.024215914172558,19.275201041271227,68.5278465843158
43.298331215843355,1027.186420269853,7.806341038072608,68.83967049269083,58.544928531853564
68.94823157779035,1016.6810096102274,5.311298835851922,27.23845792632895,54.868769733888776
31.15950885216335,1003.9467977869863,0.8556007451594472,83.20620967541508,65.48213307821638
43.37157188281745,1032.4216062916776,27.279124392181483,8.372413310890991,61.389964017884445
49.308947463495336,1019.5584860316708,0.24669394166674574,77.31386728852775,61.48624908982927
56.48559873736288,1031.1590861574402,22.08246433011256,9.993690656861954,60.50991112056548
82.81407691144109,1009.0173385299692,4.564436607585495,88.1189236894309,55.44296877448793
35.97390257266878,994.2397351136227,27.366888659988,30.42045181350037,57.83998798285836
61.13875507308893,982.9054677500598,26.783878187696573,65.43933648305747,57.642633607167596
67.39316550896339,1019.9346668316118,19.61703439107772,48.750227862027984,52.4554435792601
23.71603301759982,986.6716648903043,20.167024494018154,36.630314526233896,64.27190510740031
68.60358815211507,996.6526320549582,0.1601742590906563,64.54418331834965,61.29835184077018
33.64192989498332,1009.2858999336144,29.54614698340806,94.7522980551238,53.07947064033503
25.20412743882236,1011.0429123278861,26.33497810727443,4.126974737462186,61.67599153564306
95.91084298026666,1013.0320758342925,26.85318677190276,91.88528558831042,50.12205968880165
97.25056264596475,989.1440431692336,19.777336111526157,60.908165502101355,47.18860779977484
84.67178784931689,1000.8855572651906,10.343607859636096,80.73143007690523,51.470245919896946
44.36910153386965,1013.9456824914332,26.809459472714423,38.38749534342776,61.79102446130328
27.81376912051071,1033.340037554858,8.745507844535771,47.18429748376137,66.30463907489994
74.73864212097254,1020.0197125734828,16.881346300266085,86.8850751801164,48.02741859243029
55.21219949916811,1030.7432066401677,2.991929170316472,41.48479698098231,69.12230972333431
29.763058787582306,1021.9216632072797,27.658668903982505,53.4659566749085,58.63043167382564
59.614152808901615,1012.544433289082,4.2231137331364,2.0194923084332905,64.13404472255002
22.75108168921747,990.561285302499,6.7469041719122185,15.85980058380423,69.02163182601404
92.74563216630257,1016.6677108540882,16.74402474384645,64.16865079747997,54.310595750470355
40.70239852800135,1014.2858761277948,22.922790006389448,71.69769010638771,63.88287542967761
73.00178274831856,1013.1358043751496,18.58053917808897,58.26009367844994,50.289018025742884
44.93688608715288,1006.9382227393533,6.964017384004685,14.331003627561067,68.12736798707296
61.605441694224865,1009.0761132194101,0.028291275824710027,44.540542857783485,64.78094110921406
63.73682234746237,998.3943389914957,22.714517409223177,35.50947663631898,56.44436799170681
34.788356442042165,1008.5621980953267,29.55621977733281,49.56613440350883,61.1317098453415
97.56677022116469,990.8655748123163,24.297393609182713,87.03290345540942,49.76544883349916
82.01062586888916,1024.2845918548207,13.80619854469846,77.58614386586518,49.8654602934546
95.15991532513513,990.217732508429,27.113017841973196,8.398950138915895,58.13385104760281
91.5861880342119,984.6731459439206,12.295430193550501,89.03091977745643,45.77637974262648
67.83199830488681,1003.9935314496437,15.748022527304027,47.17671511498236,53.86784982751182
93.74993880184934,1016.2069091728334,14.313893021870497,74.38621448859985,51.271052111208036
27.07940016415356,1004.0744253713448,13.428716179965749,14.003923126435215,72.39839563468568
35.67862899353162,995.221477257322,23.255723078817173,67.07195257070481,57.3526078766423
23.618183112843045,1010.6994151139743,15.80306721808476,23.632601760945793,65.94807252208322
46.02642646106115,999.085128447671,9.501513660756482,43.83808971409315,66.47325138814479
51.09418317515856,1031.3077229569649,7.74474502975435,1.6862870082104409,65.61613779621297
41.70792254191167,1030.7454826781964,1.1324195090230016,15.161063793047603,64.94233080634952
86.29900073215435,1007.6304500984653,17.49585485649138,9.208049312361977,55.99805572928872
48.540266135487144,998.0336196710042,6.898842462031026,23.974417293825844,68.11001636892061
42.47476077499046,1020.5422827676151,4.444017660491493,10.001809002432227,67.75192305030399
63.41568665265988,982.0192118915687,19.61489891483033,69.19100266195619,60.121385313268476
31.27393799798101,1006.1122953324008,20.436277734646467,2.903990220921937,67.42581724104998
84.17575846032318,998.4977866848683,22.56464676772998,61.774050062499796,49.796035192233326
25.964051494381664,1030.6294736806406,15.107306890157744,14.070783082557426,67.58131076731958
98.95095492804138,980.6601664999976,26.8216381561166,94.51614571778968,42.557407869915735
81.77958154373259,1010.4048181645092,28.090282601946836,93.30940731098542,46.656633167708634
35.89725452273379,1020.7364969586645,24.221128193774682,22.55031025209626,76.02281758440242
20.441769369888192,1006.6759893138222,19.06780446024562,61.442129822302945,65.57432619632544
85.23691427638673,984.6971666589496,9.11162860773566,2.8005319472458434,61.68369378420641
76.54858750780937,1033.4853764515346,29.488347648606634,93.17885430511741,48.16119072940474
78.32057344327899,1008.4905737256854,8.22408501575815,52.29873081917097,62.06036941190558
81.70162773487566,1013.7802434375457,6.079707659712932,4.322315141777899,64.72850025637882
25.92357213872723,993.0135380489129,13.264623413597484,34.24999930081374,70.42071377175628
48.67725828354181,1006.5923946808742,1.7052171213716538,7.684946186123421,72.42034951466626
29.269524762010377,1003.6032220577077,29.354833940153725,39.294443937335984,55.834168303688884
89.04827407004748,984.1192713101091,17.653006692492745,66.9926342161323,47.90534886367375
69.86385014620464,985.8388194451107,16.708562749925257,46.98899080414396,53.00635185767
46.471841988211935,1026.0609885790327,19.673888396991597,38.37221747194545,58.25159181792867
25.084668022881893,993.1900973713624,14.9107094333162,11.91570455404648,67.25432706155061
44.878585737252976,990.7227049324247,0.9619055128362475,24.493904569365633,63.99672123666327
46.014665762139764,1007.7701298187577,18.369338665211902,10.014328773835112,69.23291998250711
78.36849426704512,1022.2810922249382,21.48521630869292,80.74987316566607,58.01871526475915
71.00459770841705,983.4070585218443,12.502471818721595,13.523982798472256,59.45867132381591
90.97701940610612,1011.7244355801041,22.718867162135787,59.53733665488935,57.245699437812526
57.777194012955945,986.5565743562315,6.810038980152618,34.27404135888459,65.81565470027755
29.567539675064136,982.005357795409,6.638297731985521,22.59783846551835,65.02556217278712
77.0595829778396,982.9009173689219,4.842509630627219,63.946843949210376,50.40307829241061
80.8628038893518,1025.8790259514642,11.159842793674855,45.700230937694066,56.80585612633937
64.9021758055597,986.4884865995434,25.410361061672507,40.01454672845591,53.23659269621776
81.67737439636488,982.483325042676,24.83736186447193,59.285200489222156,51.71508721243404
59.50364770915126,1004.0844937928601,11.484726238905115,49.12676284900007,59.70419486831969
61.818626350559526,1026.4196409568115,17.6735620794071,30.34842085515608,60.12678047412196
54.20328146868397,994.4324607069116,21.62448949424747,55.906128776525165,58.339247756427476
22.033530139527613,1003.1941939639254,7.236203238840689,66.94985765506945,61.02013297426112
28.631314159464356,982.1957392910064,5.044232576842412,2.669315858685428,69.75260986752428
22.51433485493874,1004.6993182774181,29.16287979636933,46.58717289076753,59.474280263451156
70.91283290110243,1011.7687194350424,18.526719396288556,5.768328458354377,60.3406243160869
45.148478486106136,1011.3998879563679,29.442471655009918,18.640541406811106,62.704092054738
60.685655293176225,998.2834680695901,10.132679613966873,56.05087340779731,55.138051333028564
92.60531791408744,997.3543249364725,21.090950999223946,86.61889152655807,47.95724528040645
39.94337833191,985.8642990415129,6.678109096237131,88.28056791884849,59.35548980222026
52.830633842850375,1000.1739076355448,7.836005138217388,6.994401013863127,63.02100094861891
80.4440910834439,985.4722067880131,15.35706363808872,41.91050862867066,57.859656497586975
38.3038532393298,1022.1627769591628,9.588543765242136,58.30064830045513,60.91858021071867
26.158392786303438,1033.1450863761502,5.028646915217534,14.70699045503434,68.30212237356635
43.180116233101444,1033.354095116669,7.88642105967978,76.54322167447717,59.63232597196723
32.897702980320354,1027.5789104656467,1.0724518339759392,74.42352584372388,68.22267217990232
94.37581218740584,1013.043568213679,21.132708644324598,90.33410137067946,47.37813329246412
84.64963036515336,1018.5476133484134,14.763499712575848,0.8486012083443017,60.66583312700269
70.67230052083389,995.6863191474228,2.827291992135769,21.668424398900264,67.7134260415161
89.71684721501742,1014.6923731094942,5.150819793854736,82.71867142453218,54.00051391864914
84.29376615192916,1005.0607252191933,3.07603614337932,67.05800508269354,59.76089668361751
34.925604710882865,1006.5109536877313,18.377784248276296,89.43898536984908,63.28609480149922
91.40471987919823,1021.6777108206337,2.826310908374814,5.717965453026652,64.07396016773102
63.147379353252056,995.5055095578489,22.628469991056484,59.696396571644286,54.864880307897266
84.595212413125,997.4921786431986,0.6153275796117352,56.904657489367416,59.4305240667027
91.68730399387945,1030.855298512075,7.481273639876763,3.567441636053237,56.463266821141595
45.44027799774911,983.0923362168035,26.720000276757215,51.35220769124835,54.37934559007074
28.80415396221414,1006.7098864127337,21.55593954366738,60.952031130992424,58.86859944088524
38.234813003355335,1030.2040440224323,2.1890499877706313,19.12931742021072,75.11716828035732
54.1686230901005,1013.5699654299987,24.633783134555394,27.332958312466292,56.63466916228292
85.44118127379944,1010.0523890816672,14.791053646206144,64.03473462977371,51.28294593647785
88.85844666050747,993.7359298576146,25.403490815064877,46.83009475999583,48.191626969915625
20.556170442495258,998.8801518985447,18.022193233511803,85.80136575683268,62.181558226435214
60.85978420620526,1026.8626628692582,20.45499096098576,34.238176600918834,59.52060119352624
53.39288025190232,1010.7569972472652,29.805046811871243,26.665965838820117,61.097085813111526
37.76862483765842,1008.3108206566229,6.970066377720546,98.48659403448427,62.05947398165933
29.589229386694626,985.4768842447016,18.71836724284165,91.11357701300834,53.870843449860594
47.00921371229023,980.8815486050318,13.80964170172195,2.899274499897986,61.0776941919043
95.43277631300154,1033.0026853777877,1.183558587680743,77.0728615306566,59.63945864361603
45.856234561660415,1000.7342392007763,0.434119245085951,11.033477382520296,66.54983164817847
61.50324973946929,1013.1767184154727,3.5768573345357604,2.748519482937095,68.75026083748364
76.24151671161422,984.3843290253006,19.472752216156444,27.36955159663489,55.432350628754044
49.09036819034352,1017.5712857147676,17.014892637401765,26.93458790611043,59.02783672333433
97.74256661767686,1031.291168978828,16.60288683491182,81.93187623469646,49.975207625997804
96.99578359536889,1011.661588914858,0.9557028758478026,71.06672459428351,52.088682944135265
40.14258366602913,986.9363427306475,14.079089890800212,98.16094273320142,55.3867599807581
59.77988047139084,1011.9946840110413,27.738684535275855,71.15129003118184,54.488808073115244
44.07026478534157,1022.1490967207559,11.927756079319398,41.82555532560479,64.48225597625783
42.78723955019741,1002.352909511571,18.74767409365369,69.89276609452169,53.627116667195175
22.950955788362624,1028.3910761367808,23.394560268694306,99.9459067186402,58.79658305002476
68.76514671839175,1015.6775624346551,23.517758374256626,71.01418825625281,51.991908628883806
60.21432185830892,1029.4586905059061,15.57840247185814,76.16813559803182,55.21290344880639
24.118300099999146,1014.2927921186035,25.73855836207009,93.83650151902594,58.41046081510391
42.29171713892892,987.2208384602653,11.74134280091241,11.365126131168335,62.64917455878206
92.6612708773323,997.0330441107855,26.66079644354395,70.47842934477269,52.825071658903795
39.16495125335779,991.0987221538851,7.206814991866359,85.0805957967449,63.72524041519874
31.591589767297847,1029.9854573744274,8.40649220971713,95.43786002208931,65.2695128575121
59.15622082220504,1021.8220037008116,1.593618725970033,21.096928971169937,63.42855743904471
98.85203632884806,1017.2019102900504,23.867455096268486,50.39290077242442,47.97447862165577
39.364421720920035,996.5531475797392,12.511657086981167,68.05548476444818,60.63119938031476
73.77084379247029,990.1224624627617,6.873498417341971,24.746772950133746,59.390110390434934
80.9295692262974,1021.6048098393901,6.95370832849739,60.04728632502741,55.356077534234366
39.01100351939198,1006.0786870233494,27.041998236876996,25.757878249799937,57.04316379382105
78.25730788894876,992.4184253682846,25.017498013831105,33.34570205316473,53.911556255873904
49.422650617540256,1013.9142087990901,16.6059265607155,44.15186965108651,59.24733119630935
70.58446644748636,982.2183618676148,18.483324012471634,52.919009874656695,56.911753825605246
70.68237686087159,997.939363977054,14.22976711650873,44.93658716251506,59.15816743238747
62.86197472598068,1005.7706347025124,11.749996286364265,49.319551978792916,62.220865365577055
27.223181604352664,988.1377083760174,27.464306436549943,29.858875628829264,57.40935777930385
86.82419964713904,1034.1559962674962,3.768381105609062,15.89650940226306,62.33196879812659
45.66240519773886,991.5003550524287,12.553403691486839,4.734997732683944,62.111105562248895
34.92148083198834,987.1694221523796,10.33685723963626,19.59787224916677,61.43526803902125
23.262011324381113,991.1944180637793,14.944521607534451,58.1943641505783,61.48098877911799
67.27143545505935,1022.2983623237849,13.728956236355252,78.61154478031324,59.286171473582485
74.2051489473826,1003.4028112599514,15.566685949532443,16.924759744289453,57.64273278065293
21.32702631422849,1011.0978766863896,4.1975693168098225,10.855535777264846,75.02338990881499
60.96744466394248,981.1555036342498,15.394245045398312,74.92903605492502,56.90485484659604
38.11966201583503,981.8937219715323,7.272564416616326,30.51583305372897,63.11612039109191
71.61382323275599,1004.5204052404858,5.529940469645737,95.14994392273525,58.92440738019501
33.94931432039932,1024.9160383760893,1.9450265635857367,71.4317970610373,66.03963429754711
75.27501904819728,1028.688138328916,22.879576762684227,32.675604724303085,53.72465194197163
50.93882770404299,984.7688612177602,12.8232576256968,28.954274779370493,66.80418181107166
94.93839909893876,1009.6099706155562,18.79931049935275,52.3698386271309,53.03266071403222
31.00167553167946,1030.2276327453599,21.8278002991423,7.914466827820943,65.5251351350077
47.285308084020684,1001.3385014918838,20.379499959406605,11.7676512645299,59.35785874634136
29.077881699247126,1025.6261207285602,14.115021572690468,17.58578813161925,70.26635893337641
93.97548946228503,987.353260991969,11.636955868551894,77.47235933045602,52.84260558884548
90.18714827047847,1031.4466969317289,11.278797289219911,51.38573592691225,57.686951981125155
40.63533021721245,1021.3282824642216,19.20146390790169,1.0567122774442939,63.35033477623872
72.79872368273432,1031.7733916032796,14.843830648256201,67.3516527472109,58.75433894561033
85.37777601609727,1017.2139478453879,25.47396743965532,42.36901786604971,55.85931900291552
64.416064927957,999.9872162599685,26.241059529801362,51.08523649637979,52.68366039270111
62.37204626848052,1031.5999644888598,5.116811340195554,21.411624341293557,59.66508843788696
39.34818327203614,995.1561726970048,4.087009546371769,55.17822283941036,65.21212838134578
27.44822142447194,998.2694887133953,18.912027781079985,97.91532397514887,53.532272622765895
91.77726063626613,1018.5444629900957,9.036772441868383,7.344469100576145,59.58448611916406
92.03344457306643,1022.0923964738962,0.5571215629529658,28.391739966443062,58.32632427058028
70.64811658186144,1031.1171916117034,26.659280080888653,24.299759286082978,60.69466504644688
47.122383283896056,991.2641324980915,6.807023017314248,24.85493107511796,62.713525894699636
47.93676596901287,1023.8898919370573,27.87841955057427,37.87063575653773,62.087643949975174
78.07645430961915,1020.620032936833,21.52303352634761,81.81097847441676,50.645068178401125
91.76882079620617,983.5087005939479,22.87960469734453,91.28586899643874,50.552227225454594
90.96691394120938,1001.2972727665614,6.0438448737948125,20.22150874589733,64.45919653287105
82.3900436686099,995.5521001383054,7.0258327685043875,54.294993794811276,53.159378344431005
71.36253169234303,996.7469733394717,15.638032614721972,63.68989721654803,56.03690641391581
26.731197199603905,1034.0620783755085,5.162995579495865,52.18274743638449,75.13378211302523
32.930297127569105,1015.3527577413961,9.162950780490968,43.407639419691954,65.11098337253114
91.88433508216634,1019.4721886786425,9.643874338434134,19.197550585923786,58.23482946402726
68.5143247727672,1033.7139700523255,4.7888979975829225,48.82193591992385,63.333927555241374
20.73576412933037,1000.7460980351701,6.155485001854823,40.12148277113289,67.29413202213719
28.11772342928257,1024.1012092649044,23.656555260247696,79.55633625022696,54.34606615741206
73.08014152864446,1003.8992029817473,5.015875636418051,76.36043591629952,60.22800523208157
20.404926707697495,1027.824351949824,0.8537217553176746,13.39986812056707,65.75796994176797
32.86464411339989,989.9361647721216,18.880648278868154,8.851905256306758,62.98906053023827
63.89870314932689,1032.1227397385353,29.2794935817735,90.8153943227503,55.73727642334894
75.35161581541546,992.0324439625983,9.936414438693642,53.55083889644977,55.54075737887387
72.15690076020805,997.9421278839512,3.559671095887569,85.78009372825906,54.26073525170101
37.941544756844785,1021.5905728758729,17.111619761025924,5.815112056640115,68.06706901222019
76.97433770780287,1001.6565327860974,27.190626332869385,52.651561652163025,49.956984779379916
38.97992699974401,1013.4516257221545,23.521853394854364,53.94265145762363,55.82852335482523
46.03197585274142,1004.4515425588186,18.67547605238148,86.07020325421499,57.54232201348881
79.71931240944193,1020.830346539938,9.45169489822798,9.760999822970751,60.18274339454881
71.97063192377718,992.5582188802736,16.2564051982866,24.04455636759093,54.188048815098924
87.93787283953424,983.2151892980282,2.737345239127661,40.65383138870131,59.11214144509759
72.60903138402747,996.4961168610187,20.3683627284201,86.58414754199421,53.34313029810376
65.46468826683773,1006.0869765677637,21.752880566929527,93.8883315070567,51.39522411057108
27.493981426247398,989.2411028705973,28.950948687297565,99.27246195936279,54.39201675393853
49.41726424475468,999.5138509311014,7.811920762352149,95.91934864585215,59.352614544302114
41.216189414538036,1001.9990660061462,0.5536925712906793,0.5941755844354413,72.28266129774384
39.51917147032668,983.156551402855,16.36825393281452,4.770834145387203,63.076276490402606
97.84084438019565,1012.0818986501313,21.203715131904435,14.760681915758866,56.289431431763525
51.44781797334083,1028.6388885384208,23.71222427648964,34.88620967702731,61.40503065350491
91.36372441416907,988.3458602124178,5.812167990744318,82.99180309869587,55.37481137891654
70.49109007978103,1012.8794407370833,7.85258607111071,89.26561953354805,55.955045633285046
83.58490428333187,1016.5606562700965,15.37772775801889,18.683440629458303,55.04860687624362
60.21096744841537,1003.0634074230609,9.918024299100056,61.966415161970865,57.26657443232754
66.15231077010873,1018.5603673050348,25.81534459762335,91.73619850652766,53.05539644410199
59.401415505509114,1002.5902348920057,14.212804612161609,46.37317359313208,64.38573516450766
35.61943902384356,1007.755050838759,23.98735932306009,10.354357195278396,61.690038903997696
77.79616922092043,980.4044174504935,17.418592814470614,45.781365008462494,56.94395624116923
42.46178899526846,1018.0446062774079,23.19270424851336,37.579490228805724,59.56381126934296
21.945277314516307,1016.3738473419598,9.980189595909716,57.7657996066007,65.57825719665387
71.63778367257342,982.112048252949,24.942498657909336,43.865868440710365,58.34011048728856
34.16885435256391,1000.2537559067323,8.237169466530647,1.7345926853717941,69.9796400461836
95.23668674823314,1033.8467512435418,16.382964240098723,99.39977334136711,46.29674629194978
96.31428616020699,1003.1405109412739,6.420213395216226,54.354023773057094,53.007677191536516
93.18915121763588,1007.6069972822513,14.2657956487858,47.363075548460955,57.739076285895415
49.61269602043555,1030.0461586987844,9.545256285261095,95.4617371504054,59.16232302942384
21.236529322309394,1019.4494031726166,8.001102919116427,15.58603675870771,65.89881769923493
94.26548500701803,1012.0138572118323,29.009550540841126,18.923760254524822,50.117585746927155
54.254731865385146,1023.879257473759,4.8022231646019184,80.80147490627834,62.262767303623356
97.33238552349357,1027.5401446550786,23.61977512372186,26.083108002500875,56.493386380201464
97.08959816714022,1005.1288439455496,29.52494878449645,79.92271062915269,46.92022589074115
88.24075643738881,1006.1309600712509,0.5970445122023349,27.153348290850253,67.11353734873143
43.55591136556686,1001.232801460851,20.97082242126285,3.3187630225001485,65.4801757968502
50.807818288154024,1033.1688377010153,7.5873541666886135,51.7014723886716,61.942181223152936
88.09093372134855,1018.3441439859693,1.2146347298491333,19.668643412686137,58.19585740146128
45.35376041250221,984.577268641444,12.086687368698923,75.78462929324711,55.570931584230806
33.5594197348874,1027.462779282216,28.05653430512625,64.11996332321482,59.92713153035788
64.54410099666802,1006.4307967459947,0.3529528310099306,92.36026679779178,56.63222603402353
94.89238193286248,983.7814648532368,17.636570757893452,78.29883572657359,54.46558301855113
75.68238373399784,1010.2344490339821,15.04189435785973,18.077595484072685,63.24927458182244
65.6048936071492,1002.9440353436636,26.201524931131424,80.01582366647963,54.224579889064614
27.77411950166148,1028.2762172674443,2.52005143561877,64.17370448140232,62.66403302916099
69.20057813593358,991.2197031985163,20.44578089659951,66.8951641760625,51.788986431658536
99.20430800834106,1025.45555352207,20.40329095299832,83.22628859701487,53.14568269084417
31.20672121892192,1010.6728780151999,20.072400505868497,57.38240691889403,59.44801565840576
61.46637218909894,983.0035666767408,28.270034848051107,46.60035143530129,57.67107521362648
90.18984575423643,1033.4514915729017,24.692625870206413,63.6641035358728,52.96710981846345
79.26148942033635,1008.193838425676,1.2591817873051803,29.795742895835907,60.89522889992298
75.76125927962144,995.998226982737,14.132485521135395,18.25971310870993,56.3733433195793
76.19872671896874,1005.8173763094092,11.938591686040004,61.65878380712464,55.602803887876824
48.75929209758041,1027.182178093462,9.304416632724061,23.38483690854777,65.14544606286128
43.487347541159465,996.7696718411785,13.540101754622919,7.991510934660672,67.420955123948
84.74889243828109,990.5972018067686,11.525825547779323,0.0554184585253914,56.36845754100045
84.80907157433447,987.0989185811985,12.97001699635996,60.831940140006715,52.865086019228904
89.3657854864083,996.3822669114617,29.377855968259276,36.21487834802368,51.34323798938737
93.05924420451771,1022.9026447872023,2.658989242487423,75.2310970673456,57.26201915785943
60.90739190887503,1005.9394500857394,27.666926095161894,37.51763983131025,53.4579334942347
60.12130357497597,992.5114882031447,14.4071014041308,48.600344823822674,54.242751676279234
83.86361431734201,989.1401749785362,18.712267364986236,40.70849728153849,56.07321368290065
71.99711446222122,998.3001212080709,24.905488998530817,65.05747911093461,48.14761975564207
76.15735018061628,1031.695840508714,10.813890874477666,35.61391620149682,63.146584222803455
83.66341355488808,998.8664691924513,12.912657242639007,96.3767649942309,50.99906293181789
91.2004273454053,1034.346824177505,12.285554408361419,93.61469865985302,47.490651123587476
47.03961254812286,1006.6876750670946,11.241930676072796,84.80279026572813,57.17559857197843
50.04663621119552,989.8540155059583,27.76587964940685,92.03002705727481,53.92066401083301
27.51855518726952,1029.012705048643,24.867896735790364,44.9139688459391,60.62452996956765
66.26241127969392,1005.3195455224155,3.269999695889283,53.64303967894921,60.224566277127316
22.875381903739367,1019.0319238927489,3.2437005743128813,74.20925925582445,67.80253888322073
57.24784145059681,1034.1041370765033,12.836085445589735,69.6145924938541,58.39222949840198
63.411570776606126,982.7596442675986,2.9597213019842714,89.06785956054708,54.12211803447479
42.92330017026275,985.3182007883162,18.57279285813359,71.63310272566953,56.70343458129074
67.26666084552086,1019.6251207804515,4.310748217852018,99.78847082284605,60.87876139347702
22.440019995123954,995.500375181251,15.671197919004031,34.8505799831591,69.80335916557726
22.987855099937153,990.1365768322554,0.21659841011153258,83.2997742239418,58.37937474602958
85.80804485277267,982.1649033900851,9.497890452379401,69.76348228326643,56.73292193950577
48.81525131290103,981.2015691592411,20.315721710179663,69.13864452150186,57.06619622827549
30.16484101215078,1022.5967081715885,14.521168206835453,32.583559484499894,67.91411340193251
61.77946080438435,987.3938385053252,29.348084579969644,78.56017924230225,49.955534154375876
81.59948424788887,1005.7246338784133,26.223113881986325,90.03760223475992,43.925485540171366
37.26568219974745,1013.3243248348716,10.772123371294537,21.854846152056297,67.25516849438701
69.83123806552001,1003.5593490312865,1.364596244168238,62.54968371167041,56.49963270959962
26.82779719950144,981.4908658784929,25.368789003450566,39.21348291027752,56.59131187707509
24.134537693488618,1023.092582642335,27.33702930944014,98.9548119294877,53.59767622253066
62.50837052545184,980.578227349791,24.618821802571105,47.883281583168156,56.664246885123625
63.25080972880852,1021.9039441907616,3.838498227592946,22.83201737969427,64.02070775912301
70.99439211985653,1029.1317471583468,29.93745403236863,38.18576252218325,57.3242846241126
78.08730669781292,1003.8061956581445,7.757526646583215,65.38383898166262,58.27628880496412
98.06816635700277,1009.4548360203789,21.726147384251103,7.608937134957627,53.36491597665406
61.30402786409562,1006.2340865939709,27.241046290071647,60.36019202212376,54.20326162822432
45.836517835299674,1001.4064740242891,7.070613429921283,93.1224759178898,57.429017268417475
83.61489558149628,1028.80834944537,27.247756640311984,85.03627876578504,49.36427486065308
41.66658010096594,1029.1663430868496,9.284447375846009,6.767353665798337,64.15240235716054
55.11771365645089,998.4699000552844,29.292396671521683,99.33898787390682,52.572373637573776
26.276510507381275,1013.8288364708084,8.437800611414238,69.87269237038791,67.13777358718582
22.028059473236603,1030.9799159180225,28.603074742735053,16.22808243140237,62.03613334607649
97.01187317423401,1032.9132174417743,1.6063395267802472,1.2416089169423494,65.10764306268945
86.87840964097647,1007.9927472232126,21.27816035009439,17.128263629215134,55.938711754355054
75.67793648749584,1004.905364290638,15.96333401511011,83.81759206857386,53.87152015845514
52.71623555314159,995.328187376069,14.336312313681919,2.163932494516374,58.05021092526717
33.86354560566766,1032.7379530254725,6.704829427675199,23.314730361808657,62.266813565608075
32.514963413686885,987.8547867460077,21.16787369329476,75.73055953348754,58.71888286012362
40.019431853167625,1011.8906266826249,5.724284743389213,58.61105358981351,65.7219511901935
63.938133176489636,995.5402647135252,16.585253879543046,78.27357103601919,52.808550128365404
77.16767381600499,995.3454559691288,7.597360891207524,74.61505038267879,60.38040461469748
72.8157901374185,1002.2732723056904,28.668641393440684,5.060138712180473,58.801398849043174
42.39471175567543,1034.933611469861,0.8589358150695847,89.25114190941515,59.95828863379857
96.38922245305552,983.0231468761903,5.991848403337096,22.70318342822687,56.64087173315739
79.03175333566148,1011.8198000011943,7.269318191623432,55.339244022976374,64.80434733112482
64.34832420091206,984.5414686919403,12.422034773034493,64.42881565277789,52.74190416366083
68.93765969874818,988.4986456494786,6.981907256101606,16.862821088509538,62.68960418680607
53.568004994223195,1004.1759617975094,14.740472708063558,97.62312567009744,54.66863583397319
39.81847916009259,1008.0753072240543,26.17396569775617,48.8155956087309,61.022190214566315
48.47781429210093,994.2335824600489,21.361902642275123,5.764269559739343,65.49787486819403
80.62768883714952,997.4051421980929,17.39885941605333,93.72620447778404,49.795529883981125
21.15147909038047,984.7831861140763,2.6700953394803895,58.62678431932681,69.21767581571127
29.2858112405533,996.6770881114338,20.819763251678268,69.91931979813764,66.33933562441968
23.68021136174022,1033.16071416593,4.992428529328196,52.51757899342241,67.52370762260303
23.25830418551761,1031.9589059919865,23.59102157885094,83.47379547769675,62.568617641405915
88.43684672088058,998.4183059575341,7.501702755304596,3.3133462193210894,57.759389533187615
76.29262875040189,1011.3969664953319,12.511461849627027,26.837836527714774,58.79486988972269
57.93390632698602,1030.027746511102,10.514106069537837,46.96483564026922,60.59528526466544
27.82673285208012,980.3401102452493,25.764417440245705,7.660361631371004,65.37646896840263
59.32927000934659,1024.5875963685676,3.796333761402244,70.59066693266583,64.10180436564765
57.87774166244525,1032.1603254033905,16.96934647154366,39.36634140556408,59.884143289085415
33.856149592801216,985.0229153883456,4.261848283291867,27.266799026814404,70.6765567208443
54.70813193903784,988.8796227318106,21.1438750839656,0.33788468084122725,65.62610789764292
51.88037875178988,1032.8410466524244,27.152343833834436,71.98303117499538,58.525417830409964
69.26800784417732,1009.564707900219,13.038229616017603,83.38093088728617,53.51427566922968
70.8074920694115,980.7808148959448,14.642767807949276,39.50405356814984,54.953606097767064
23.62432078176356,994.1697599319941,27.822685094482868,56.42179770333655,57.31658312605746
49.9690091701177,1004.7469020847873,15.629741659480715,22.768662592959842,64.81309449628135
70.0687932571389,1018.1099901063623,14.627953141486827,62.21976462801331,52.94420653760279
60.250900686407014,1020.3238207975239,17.349873081129125,1.2137458315200522,64.37126275446904
88.51918729506578,1034.7481832109002,20.676892090888558,48.864389709875844,50.7903469911916
72.69549052951561,995.8131159661067,3.2065012526109413,64.42054818406923,60.443570250864575
33.034754166514375,1009.6021056027662,24.633315832245483,91.8191773229734,56.97666670342593
25.645499792034386,1009.3327951322783,13.065150823597778,38.13358171222843,69.21042827918774
71.39354225650524,1002.3104892695981,2.1704552969245663,76.51902029810299,61.14361651919257
22.120904843329747,989.3039041613331,23.585480075946393,59.76870299435008,64.8813504174256
66.86204650187706,1033.7601109751113,11.308499150588162,92.70121129250806,60.460331927542555
95.2184193139966,1026.9324452666622,3.011024852851618,39.83776756594306,58.28564979704324
66.03793423007032,1007.4083165561831,19.013371186297515,31.9095339872988,54.60815781290467
51.05359409652175,1013.1784982476216,26.40394060300925,88.71419986941437,51.013410510129006
71.46305747538825,992.4993579457814,26.63260528241959,4.924440140828912,50.667863576703986
56.660231239321334,1009.9082888715461,28.729904244269196,13.63853929336768,55.37274016414266
63.6493431452748,1018.2233573216812,26.03116379300064,8.240443458404446,59.22097736926746
95.317184702122,1008.3341865612624,0.06422758036425669,84.31099565764026,52.59589066695442
50.88821102406194,1034.4656843821717,11.407234992401706,1.060742337031939,65.26832077338506
96.89524510591313,1013.623791093625,24.55627739716509,86.16571554970481,49.45648454297457
92.4280513564851,1000.4035541925693,10.987590179954227,45.12677953712668,53.882698782074044
35.663290783143715,1022.4683615188711,18.046455191391185,0.40252788539707485,62.63993841336596
25.548904070013236,989.3754381369903,18.18950842123596,40.164517721204184,62.822442389281996
28.062240110194132,1001.1483697538447,10.950759121164692,18.680084104503557,63.90903080465467
21.45774605212398,999.0827422707672,27.13421781843863,62.4400487472163,59.15352993768795
27.555436860474273,1003.7493902309277,15.096850361583527,67.93587899216466,65.83590806366593
74.64054187330855,1022.99789042608,13.943526178125024,48.752757040499986,56.52621631598714
25.695091876818317,1006.6295167689874,29.925412369856875,4.051952543966997,68.9182802532984
45.5180504235009,1023.670794764628,14.8050109221785,65.61288043672019,64.46374902239165
87.59002487755636,1011.7068896726926,5.351947557857431,84.20387836055212,52.517558771228586
21.86175485886607,998.8138189061656,15.39208268590314,72.03242773264014,58.729303338082396
85.15747860711487,1024.548830902591,24.4205020655979,82.99579189553185,50.3058800912338
42.548381981872,993.10593188042,23.305809806948442,20.050952355088747,64.37143462798247
29.4531862097325,992.3410638889887,23.65745295325413,88.88879396564826,55.77962514984822
75.73897322913206,1007.747660823016,21.24071351993735,32.21934506479628,58.78560535816921
70.31542774239071,994.3467085279149,7.626534872000646,1.3404814251991026,65.83800191515016
90.19776108216423,980.4997869223168,25.862522575206942,84.33916463290707,45.15548654904592
78.80568350431086,1015.6563640014341,26.803303961287952,94.18212689647267,47.541852627505165
84.27847443078788,1008.1101601809819,5.824580898556472,65.55581974173488,58.1200105350242
42.562765805704515,1004.5034797971239,3.9136690965418177,23.143663046342468,66.42135665211113
34.195163502377824,1033.1832683040072,29.268149057673362,25.174446428253038,59.808878648493994
80.04918013126867,1011.4159551179603,26.049718909511036,46.65928734356195,52.14754712580663
84.54677914138112,1027.488736778416,26.7970844162984,89.78310796014195,49.32405420086126
99.24041136005387,987.6697629912838,26.591291538731856,14.959765614755838,47.08156140691346
53.00941415291412,1011.3063554721185,16.25060472101185,82.5973669583487,59.127330878474844
49.761446863422655,1027.7388794701997,19.39205209997399,29.130280870515037,60.030826087842314
82.11303685935974,1012.0708166503944,16.36088556400925,80.85861694290979,44.25581771928242
47.264283220241424,1019.4907797969851,1.536190475709872,92.02711976015387,60.872158604175056
94.46058604828518,1000.4623962296714,22.36509256058318,42.74938719943202,49.6134700491632
88.67302014744095,985.0847234370386,15.15996100007641,36.50506541055309,59.458507009410084
54.319522190001464,1005.1845162319889,19.431272243706893,80.22213189713018,54.0275286453223
80.06968542331978,1001.6963664961372,15.079194149266058,52.9482882379394,51.758810159260015
80.36342992677459,1027.688310030842,14.754339669673678,68.44490484631972,56.41263861697956
28.24990950687461,993.419741629386,5.153673284333005,62.282923696117955,62.2469089183488
92.20423253436533,1033.170382514431,8.361411454234469,15.288884564479632,56.84434818794876
60.42018979582857,1032.6975965892473,4.765580758318674,84.47903602895617,60.82366147077266
86.11659728861933,993.6197403689291,5.869988868760273,19.577511141313618,55.67219998930042
45.603968082448944,999.1428575512526,29.189321412609146,93.22821440707808,48.997710609365875
91.64185827969604,1029.2555657480636,4.593403373165953,25.057129142214784,64.44901671958249
51.13613429873305,1033.164222149286,8.07811272915623,73.3880973273742,62.50406898548444
20.86701211842387,1004.3891506559825,17.71768973215755,28.465539349359204,64.5462207725045
92.4305581135411,997.6548375102494,18.305357287099255,31.778540858686387,53.912555563803274
27.302934142890685,1008.9351707288348,4.6192238923148725,31.00018527823053,69.14473898673108
45.54509100723319,1017.8273063501155,23.81152277355637,74.78922540260832,59.86532222616214
96.0049573640644,995.0410983456239,23.556086037384752,55.68151179693931,47.78943200216894
96.04857175500449,1020.506024604049,7.1195311261167324,88.29524558474972,53.667892370499175
65.87503104986288,982.8411546413053,8.659989080263813,30.737271920404485,58.288299975843756
70.54697697358394,982.7111971020429,28.139635963784908,69.19925220567443,50.58860843710607
55.87564175826558,1001.245823783005,24.770143379384344,75.29485996631107,54.9344406478241
43.456861735845166,999.4410255633396,20.933910991875713,15.148211302995819,61.9937413907902
46.29316362959328,997.3598268451934,2.466996645318016,40.058935731981116,66.33565520438846
73.80147648616307,1007.00608694679,12.547922427077271,48.28174943504111,58.67176112072132
80.1899623550144,997.6403470271364,16.779056162304812,35.568738989437435,51.31234873998557
83.32632349806788,990.5741855157451,5.622338639513308,32.21125959691381,54.06806384709187
83.16945142356431,997.020825199873,13.446797463246735,68.64198939976419,52.44320672238958
27.29648824389523,1033.619735004563,18.0307763246607,21.586639765948856,71.50156668848261
59.553624376206514,1002.6112379347167,9.821300403461976,70.93907452511287,55.48617930057836
24.604700801331543,1004.4592027272084,23.428344568514614,93.50441963907305,57.52555514679586
63.96231058589884,1011.7099744473127,25.213487449164163,56.51975211777511,53.440062277425056
55.32244010987016,1034.0837422627824,9.708284083022123,61.1434236739474,59.0843056070952
91.01633462066398,993.288070203967,25.159714634773714,6.8932702124089085,54.77240157108811
48.07320100416629,1017.4705160792838,3.1072969830904507,86.44769036178282,64.99753284641812
29.36536131420847,1019.3791581447948,25.13187295867969,28.544778719986553,64.17171679103345
31.43933456422687,1013.4028429236187,4.582512950028498,61.505116552856485,62.3435830862938
80.92085053739778,984.8718086800154,2.4878145752917815,97.91121697448023,62.0615822972192
69.45744506530089,1017.2279751705167,19.253262133230336,59.55026005728078,55.92888557201886
28.08981408982322,983.5252091069897,14.15812097265883,72.47094874643776,59.05866723878004
26.728544489199795,1012.7878457252443,27.236718012384983,44.53196182237519,65.36678483077631
76.0775305167296,1020.6769647471958,10.895675882725476,6.036584351505736,59.8013914397451
25.821040509135482,991.6033439840973,8.61456790312886,79.75993494897885,67.24528187625538
85.7488047432285,1026.2892104148525,15.02204718432595,3.499884126398567,56.541816806016456
76.4993781725197,981.6694593043152,13.678385573059838,70.0657828887854,58.057103788690966
26.50790245135198,1026.4097075012069,10.332841386515648,2.2921573149636942,69.91676299336456
26.787017126815353,1005.318097785352,20.812238960949855,86.23052365766706,62.96632640764826
98.93116628009403,991.9673366962404,22.78685501741725,15.763603583298059,58.58651361092199
49.941663660489624,987.3577979746682,25.5895190709041,51.427149544255116,53.0936887670831
49.65137176535127,1032.4318942170305,29.185698141310287,59.715070448314734,60.60325529496075
85.0239653806002,983.9966073169636,7.999685763975134,45.75454073734121,51.71927307233122
95.7798861907087,990.9501380964759,21.482804474698845,34.07634893488872,49.03266049604223
98.88008510582966,999.1302291088175,11.827747064872357,46.78142961809717,51.02351688343507
80.27025482071534,1014.1129166928616,20.312459158533244,31.14157538811587,57.46544753245817
50.10076684247326,1009.9640596901854,14.27945071047661,43.812234708086315,60.90765353777495
26.6800573358935,986.9103920826773,29.813193083037948,35.891299099803064,59.64839663169082
82.17175327419494,995.9350391056018,21.867064073722496,56.62048235071453,52.95393980367413
64.6723399788644,993.1313474097313,28.574739013029735,23.792416224498346,57.75119361622271
53.937760739758104,991.7448569969688,25.049086484435573,98.86565549140126,54.41235048031811
92.50835080757888,1002.6129385063992,27.087030334901133,50.08699533821655,53.732048215181926
28.895798584492105,1018.7217298925411,24.432575916440246,19.416207741450965,69.213163247904
59.41000834326873,991.9599112719479,13.774773911277341,47.70667495672725,58.442580607705665
20.908291581393527,1000.167338383664,7.553653600406531,86.64151295248243,61.48744847544456
57.4928513595301,1001.5004584762639,11.109605263515666,2.1806793124395596,65.32484336180254
24.504262054546988,1033.7051091189476,0.6070869791985134,67.95541191072888,63.651595910124044
29.505433301445755,1032.506649628349,15.719795023940016,54.796779679392806,61.52464746324582
29.40209974216839,1024.0075670513643,15.15173400811226,16.955799437013553,69.40373310291854
71.93682416928509,993.2912406450552,15.757513944914646,81.74764393049206,53.0895508752883
79.68359034123387,983.7420522750418,29.220936749161915,36.88846223740057,48.51625499845995
66.66950120777277,997.4297275746344,27.34362010364518,29.380202881550744,51.24103346928858
96.97380387796335,994.6737002188607,4.85138334990324,82.8125191856901,52.54918009291033
49.98964636189633,1007.8259190080516,11.066475646676675,63.85250461916646,63.36546013573916
42.85696690254886,1022.7750350537286,12.718685383897858,89.82590836748244,62.50234968398732
89.48793025515683,1027.2077616383372,10.815987535549432,62.98837036711994,55.25469592268153
37.88766708155621,1026.467524697578,23.954878908117394,74.08176579321153,64.48701819247181
97.0578031552489,999.7821558672688,15.721130096027608,83.64458962596129,49.496304969498226
20.972357975185307,1017.7978888903376,17.162994509148753,5.473963590993691,67.4216932745768
97.59030613661112,997.2058808638321,25.590406769637767,77.60489588693802,39.94138822148013
23.45279295604609,983.3498048779351,24.17784460246076,61.37064818495767,58.51987139881504
91.29144909584569,1018.5860896081618,3.9663456846089904,6.950779651519323,63.05812253140132
62.21608872690399,980.5405153913383,21.41743752250903,50.85779218687151,60.15810856162007
99.43718368954403,1002.5050423102168,13.063083867061065,8.245807798395388,53.768484647338326
25.90372517883191,998.1158598116142,8.839467091875013,73.59472017232224,64.32838821676438
64.30834275210566,1018.1357646185369,1.5005646270655904,54.650171389788305,64.47266140094602
97.54420284952792,1022.1435010018208,14.617486810363529,95.35735374122973,50.00477407034209
61.847827533611905,996.7252049784206,10.663100421735942,18.313537157176984,54.61113461850519
70.351891050821,1024.639485794467,7.545391190292024,60.60334525203784,59.440050355142255
75.65989511876937,996.1654218277714,20.840151887908725,21.158213457049136,58.879229428937016
56.36328518142186,1004.5479497992609,23.08456161946761,61.406498472739834,53.2014962470157
70.20464640672508,1019.9860189857774,7.343685570882744,72.26497023608565,56.88916119419164
66.74514495384801,1018.1106126073634,1.4834231003804177,72.23043293295386,56.09687422509961
92.09264083927911,1034.305265977171,25.46258101695705,81.507399068261,41.96163468775379
23.63571042731663,992.3838563318762,0.29879223612909955,85.35502279583167,67.32791104184172
42.477055167378424,1016.427485244677,28.11337481764416,7.727172626717705,61.6277780187263
96.0329187261247,1013.5325049551677,18.828596219481177,34.32671570724041,58.47610106795344
91.2211027112733,1030.3304149969517,9.65539905603961,68.71225203598057,57.191187842017264
56.45254022285704,988.5999177904681,7.394337287302086,49.858628739121215,59.1762117722386
69.61060782412294,1021.3488989972814,0.2701699279342573,19.06759467547915,63.569872749937694
42.19049463849061,1011.2547738947823,7.064142510326315,55.2709570166698,64.63243674341307
35.0496927779009,995.1066228383348,4.131849045514233,40.743565276614376,68.15501376360777
57.09587239519857,1006.0939202780946,18.36498662169437,39.00382776543051,59.93583496741201
48.268178242084225,998.3577128388389,4.996367657814039,80.97537174356638,63.28373955917054
66.69248894806977,1011.8622371533653,15.858895126098579,40.75983338321812,57.35509948171863
26.218770957198785,1028.8950335948066,17.703492670334125,2.645450548042416,64.59404584842846
97.95158461329332,1011.3117741426711,8.941250950407436,5.806333889109128,57.86548606429887
98.89685955836823,1014.7447330079622,1.0519484705615612,85.62440416916203,54.25787560759845
75.85293712157961,1008.5311315913091,1.117616418425883,96.06008100125213,52.39448792649092
62.88770930752963,982.8141028545011,0.7904199658175282,68.84093364557076,55.16436178251069
44.76220930290622,992.8072206281852,22.17374001409639,36.43682941000802,60.881734962787014
85.10360157655589,1007.0600951187646,9.540291144428943,93.86003157947275,51.40391770169088
74.77849380431034,997.0629406059587,23.88900557902991,66.28030863757358,51.89354475084242
33.00935514759131,989.9969978768656,12.951984715285475,84.43335491993376,58.5767340734174
92.8741747595074,1007.7273063055142,13.589943024898915,76.58523040370093,56.415464555063295
85.80297943385352,997.7545386396317,15.386478075287211,37.91393157725924,58.945284066689695
95.98399306335392,994.1959203745378,21.390943691253117,47.87022008507855,47.48082325574136
78.0575606710688,1005.519197959221,8.205085974891212,18.61321543680995,58.373425449799576
69.07321567486319,987.3306341945196,3.647620486005807,29.201410044073405,63.43423789543275
53.45944290324951,1031.0260153191475,16.681720055743845,77.81256612865218,59.63249758436007
94.61827866832107,1027.723615385558,9.809328697282178,89.39783918831083,52.187669618799404
89.28511116003267,1018.9191322157294,13.274739410041121,72.44604232514118,49.83682976121
23.617493608495153,985.8417605173651,19.408401250119162,46.517369665663836,60.2699363551768
22.109357959780162,1022.6732489958331,14.823772234238119,8.650926893974752,66.64220635314992
50.117069350243966,1024.437653045996,18.608364513025286,5.694794869844822,64.18325399481664
84.84426646254663,1022.2270539742885,16.326000063408834,37.43255646128538,61.19751912092622
98.98209034519556,986.2681237915583,22.193891158082973,46.38217187676631,48.28372415585657
32.033351288282255,1015.4149376387271,21.1780985313486,60.91206222132969,57.565999459097505
67.5304572281708,1025.887863766217,16.025696754258576,0.648952138699721,61.521846176278615
50.47126853048172,1011.7544370670818,20.367090625791207,98.97228904663064,57.98514836447493
97.59315182516826,1015.5524056375449,26.206788068178383,36.39388834040429,47.179266467167515
87.36951385085669,1005.2099913684468,12.968138633645058,84.80946638011214,56.43708306091398
87.06629637689103,1009.0789025936228,12.38289218246381,53.49667056654044,54.41166086992506
57.49545278359762,981.8907272093448,22.927368625571404,13.043945453334649,56.67299337123442
53.185560187013216,1015.1429662085307,17.47661511125982,79.75655525345219,52.07763856191164
41.8725657544565,984.4795967090138,2.1302034066776567,70.98270749198761,64.00669387442554
24.51003973207417,1003.9258026887123,26.76336047073244,52.7436084929228,60.056683764895844
89.17779010040425,996.0960303717075,0.9234930671292041,51.455309133378,57.63199115061864
85.03208073040621,1009.9985372616442,22.451890686292295,8.747960575092806,53.62988464029025
99.97741386289044,987.3378984537763,22.763824281129388,65.58489485738741,47.60186809709108
99.73094696591244,1018.0403871085325,28.593332558457913,91.12451557542998,44.86393531474134
64.4345364482102,1023.7256345310659,1.6240322520696227,9.324491922135836,64.83009818108819
81.51899321444084,988.9844947358736,17.905705823534728,26.351145064890492,53.738355767066466
95.58125839059424,985.7372198043536,12.835217118811588,90.23079734420988,45.062489084283655
87.97179125419292,988.0033515533048,9.91898864578626,28.43439098197933,64.75536616988816
39.78784813945581,1028.2420159044175,2.709556808972191,65.39436721799264,60.16235209356333
56.04353082480748,1009.0504093965995,16.879623590139275,53.481816494314415,59.00141255589051
30.3327532121196,1005.6993547804126,14.37122177023841,59.632760500386205,56.99855144153594
96.32408218069779,985.8691500506295,3.136633744530728,41.57889015772531,49.88454171631587
68.49397075607041,1015.7255803716329,18.374685212912503,29.99914705537111,58.65480400935375
38.29142444027702,1027.7399775542299,22.138593607588152,4.853345072966897,64.96607219169815
73.73605475246853,1025.5502228127898,23.018349031609446,74.42809392941642,57.03726289979279
69.45025923663167,1014.4330089939441,27.161195647872823,74.60934621942268,53.59937538778811
48.65301744262724,984.1403294158421,12.284122256663316,67.07257400787232,58.18139191920661
29.08460737597032,986.1818364946807,28.59218305866411,64.36337881196206,54.93866555157368
73.72585564742397,982.7119942910404,25.96288215248058,24.37171321675262,59.306180033768314
61.62461607230347,994.1613569070859,8.89504713071817,2.234493376629121,65.90679435077871
81.78547133885115,987.4613806938207,4.778491120483754,80.87153968854398,50.82730013847543
61.61308008895947,994.3026422138838,13.061681883840402,49.11385356958269,58.44950610331662
88.1745200254832,1001.1781930645429,12.056961238678998,30.683813070261834,56.78416105804803
64.15254710195885,1031.8640531239125,17.271579159936127,10.193190678057007,60.48136904561708
64.87503772283091,1013.570683287993,17.50158696983244,6.272159090138841,63.24995366084626
90.1322882126676,1025.923558212563,22.49960953139926,34.88667217951773,56.59646235443568
52.27862929699177,1019.0693325391783,15.296698446168305,80.47370647669405,57.08745068392545
30.72121827605126,986.1876721789647,3.1446792282229663,91.87237493338304,60.86075660663155
22.302614105067118,1020.4756223505672,25.748740066593182,89.67513646130647,63.3593122327124
80.41098045388952,995.1304384857518,9.292937495555613,92.00008347496549,55.85884609654721
69.62476410827718,1015.1509315847088,29.13892380919776,90.77253431293427,50.83287011953774
76.32638144793788,998.7529085503644,3.5358032603931044,52.722475160039586,53.5117831796823
37.03713292071286,1034.8719744795562,28.747535166975098,21.941563855690383,62.92910045979143
30.90971804694158,994.4953313723228,2.7303542064755093,79.80465828368204,65.17064472829125
21.163573253430556,995.3521758925848,6.931084138411784,21.3712974852579,59.933511329070114
48.04700470452776,1031.1869740559318,1.3973982625962478,26.720727675656907,67.30902882181056
67.19341494837064,981.3554422549978,21.153394399169848,23.325432182254847,55.77074631318426
51.379523607978584,1018.3178943330258,25.508962097153752,51.498240369580586,56.86612463788071
54.99799376189833,1019.8929514904733,13.022132454479413,32.18275081690799,58.99372295807173
92.33269555949987,1026.0008217575719,27.85566225127289,15.415604962534147,53.54839670534601
47.86043736186403,1033.594162085116,17.70897215266799,45.31734118938824,65.28804527435098
61.119159132784866,1033.6581055536158,18.900214063395698,87.3907238785167,54.12294342965009
82.69224101929144,983.5902216661555,25.362576051023098,57.05528549499722,53.9314265377765
51.72342258570161,1025.2011627514096,8.904006151555167,87.8335605887587,56.57785308057282
69.76693601822987,1015.5470463511559,10.627971639828774,19.58721850791374,63.20913963868957
88.98909669973962,1015.60381739052,27.17855757583933,16.697387367255402,54.15032537418544
95.96164989261138,987.0592459638082,27.028904881162916,57.557712569842025,49.78235361515037
31.765878474323035,1015.7602941545109,29.294483286026125,46.33289015462731,59.85673772944772
94.12701001291956,1034.0365419330687,27.055149493250134,66.01726416469569,52.12211736622026
59.369303446363055,1030.1500213246695,3.8211610810008265,79.46267910267815,52.2855453837666
40.659551063916666,1004.1521863442667,24.711728584109622,75.13072956521765,52.619288342565646
56.7308604990609,982.1971385307352,12.295154343287821,94.22611736585611,56.41761998530575
98.40260602283817,999.9261419500112,29.724040678378138,39.82564091570116,43.488978270035396
59.40944751942957,1025.4514671380305,14.168428929864032,20.638674224818075,60.32169932021371
46.300128823000655,1018.5824505805841,16.615082475066618,55.09126399478858,60.07418443831358
70.67206834533806,1005.2639010576676,15.893247457703957,11.07431201911856,57.26606855171184
39.21164950225545,983.0305844337357,9.652110895748333,28.885112333163143,61.64095503333967
26.06906624869311,1003.4792100302816,2.2506626667875453,20.788805526314448,69.81778495556604
30.310377752851938,1005.7963716844836,26.869536912057555,39.656371679708094,63.82328910939995
30.243667116621793,1031.0705543091774,24.080274375788605,11.121657500221538,61.921122767144524
32.15221548098355,1015.2597356970188,4.185803416790078,3.184174454809785,67.7611977065888
31.10617381195281,997.1409104160057,23.303048140502185,65.67940046300318,56.94581335270038
71.26997958425717,1008.8925045447896,18.7753999815183,61.024897828980485,47.82522216682315
34.55040675193159,983.6330419302188,12.27431363752867,70.83589360386611,60.852446137680076
47.65338266590906,1033.4912529607354,7.620634472866882,66.0386440271344,64.80754581564106
91.74307279248094,999.80329460619,25.791863505066974,11.42946811423835,56.918277161917295
57.916931221029785,1006.2827045202225,21.00564777882159,29.10788813756463,56.37142637262164
73.40461908168217,999.5406185830308,16.432197284074107,12.952660990035236,55.07157553528713
33.78558969613039,1017.538145156391,18.287056016953922,84.29724020485632,59.38296077398415
35.38312150469366,1016.4227687081276,2.7319854624654294,74.69036553555233,66.1790379738599
23.26948930131831,1019.3427270791025,14.217592827335757,20.152700291824242,67.58122280271763
33.514805045773166,994.7478776286556,5.81100878357106,34.13092404898934,66.44738213608962
42.287227122556686,997.3617664640236,6.251510370264761,96.66149922642143,62.681081842706234
34.160838742139745,986.8888177102914,19.839118868606,59.41593578796515,57.42096263920986
27.096202700564447,1016.0530484515361,27.337684555028645,80.11555973011572,57.67411535579126
29.650869688048065,982.1888420034609,12.112698314350396,26.459103476872915,69.59883690547741
56.86230144261806,1012.8725284537902,6.232478190365711,21.005292017930522,63.156579643440146
36.5066974724634,1027.83327366684,19.462408117099628,78.39169288465484,55.69837796785707
49.14158888384604,1028.99576815593,26.13561139050953,68.58724552314402,54.75964161543051
60.27338166838855,1004.6970768203479,22.449564033674726,68.09779292117636,52.27212182677912
75.23158629034923,1005.2617028517191,26.062716916097614,55.263458182919386,54.06046204396223
23.144971187287915,984.233305065441,16.09664013032398,56.35783427765488,59.676958738964736
83.95283191272341,1016.8920763993669,22.556287331075726,73.56975053062538,52.371209152430936
70.23203115927262,1025.1692681205066,4.201936780768094,27.00024811211953,60.05326635114583
26.540722555909753,993.4560280032592,10.448238460895745,35.27684658569557,58.952789779469626
89.88628992854218,1003.171548489835,11.686474934445673,87.16367705200551,52.66906491348598
93.66979204254505,1026.1361635220899,15.338872387381038,30.886520101215776,56.13472907419998
24.8862367883891,1028.2416257214259,27.87229080770471,54.630957137929904,62.611453684764626
42.1502118517763,993.3748989145324,26.22889680666523,70.2639464006684,54.215162607599304
84.4961023834449,1010.281384899775,4.035764768675536,99.99248268331765,51.389866805561844
79.86077523069267,990.5871232849705,5.183689556473896,43.529133149533195,59.07051618115843
34.76168154851018,985.6033320276756,10.72921648766734,42.80928766249438,67.65989263150706
36.747945866936824,1030.1116275765576,8.722315976720218,84.25883794336674,61.80449122189136
49.63776822331056,1025.127912732766,18.44312859468787,80.55031112598633,58.77839952520462
58.761838815281706,1021.8019195991745,27.083281432936346,73.10758817345486,53.47361049628712
69.46038172242368,982.6821475347227,28.868746250177605,46.32296374090289,48.33431341558767
49.51309116558179,1026.4050835990643,19.608088576056794,32.39391201607158,64.03799282128755
57.002777290651835,1004.0924241747961,25.1447760420326,60.873048258484864,58.182485219465626
79.79767505070052,998.8317317812723,15.756066006923913,87.62232931316409,54.16713724238729
22.934656231247832,1010.0561998563957,6.249808405801192,88.37774582085865,62.783541477422396
40.19495554752166,985.0244283497956,15.740652362804322,10.849834507043843,65.3597522498146
77.0679668707642,1021.615560214382,16.652478043129534,42.83502838131506,59.39579098883655
91.61654701497595,1012.0339292288563,22.2737269264067,46.472195619874945,57.3131437905863
60.93419536925329,990.2624553280242,6.596489691220473,97.76153675237532,58.965901858680155
62.569078821225254,990.3527709872975,11.049311462601953,67.79980152425846,57.233900703817866
28.573760907182084,990.1336758364971,10.92082407643699,40.724641726207054,60.40634577390365
55.79298934587637,983.1351313153564,28.783187872234947,2.6057885985593,59.01917168780454
62.60938131640185,1012.3289147154427,13.318348809801568,56.53851600991959,59.01881309546139
39.39764029077837,1026.219149767368,22.652819018944395,9.607597563835613,65.83439671318993
41.539458475950475,980.9624017693063,22.524341441233172,83.44499573477631,59.76256785825957
50.18273304836981,982.69525547342,7.966325544097241,75.25186605703621,58.483218054923796
21.60569582221811,1011.502365217782,17.156090681151962,46.05091599081788,70.54910585526447
45.76633324665426,1025.0722626962329,26.82908679955944,42.921077954169974,53.71912152450599
36.91584055972357,997.9706389812749,14.255931583708483,89.73389655687687,59.89678047220007
46.19978817423317,999.2287919344247,28.35352522027638,28.84583504181284,56.24757416627582
29.580970545540097,1012.7990573623226,6.433746879724848,24.90199621067708,61.752554296810096
91.2421824591916,995.081708901828,2.224773173220922,93.9197432825762,52.441845102385585
67.48739628432389,981.4634601342726,26.74361619434248,80.92458367534826,46.60404012484598
74.32818553155917,1020.4375684955878,25.4304359388665,82.06255930671946,51.261377486737004
83.13369908858706,1014.41074521178,29.77769627801534,19.519381427592553,54.20470810575526
59.87537591432458,1011.9415799480613,20.38180464337278,14.329599143093441,63.61016194649094
26.953623046993897,1020.7926270945503,28.100637800014486,2.60295498171349,60.03251037390041
62.968523345483824,1017.1376960659121,24.808470752523323,23.704150891868004,60.867115078270956
66.94728944167034,991.3235093498076,25.332789993602606,77.41904917143248,52.37836687646589
79.6351579347464,999.3864575818843,17.074247113628047,24.003841876414977,59.927862945371984
54.53276369837435,986.9360577923244,11.470937937501326,72.91032835948762,56.301713478709104
30.2064242236451,987.1421357379835,28.036742176298453,25.19082653674215,56.93353636866826
42.702072463897956,1017.1907660496097,12.963515268476835,39.529249795067166,59.22660299302753
49.046583711890804,1027.2230058840373,16.16458101749007,98.31622899114085,52.95006674391272
71.67337930652809,1032.9502921123626,13.383429213755631,24.48117312841356,61.69609609356527
65.66226437351295,1014.5590914652195,16.944549418805913,37.637062729826766,62.91668769613831
48.4877380718277,990.1255727848526,14.115152369769815,30.108718046521364,59.69952208449013
98.92121990343837,985.8107689996912,1.4390267573842763,10.962498633000228,60.244897089259155
68.46198554855097,1024.7068034345216,26.461445580230958,48.9894142130825,50.61413359858702
38.97814333887956,1011.8316061997999,13.331814567473094,37.869066333300225,63.80502754615968
28.1425978096323,1014.0056761557546,17.66830945522046,69.48870858072802,63.36835117353335
32.22873113474656,1022.980414881509,4.175634082739611,81.75945469515462,59.15586770292049
39.67661827076065,1018.6802475252848,0.10163543947917408,54.424971449563856,64.80466017762284
32.85450986076445,1025.8952039070853,7.358702809309289,3.2196422087336862,71.15813601959941
34.925361924104465,983.0917648002933,21.137580964000506,61.89223562347216,50.04778027082974
42.807613495507766,1021.1136350210578,2.9758359033863577,5.53907300209392,72.24267774560727
33.86988762358038,1026.7969016527152,27.266623211594034,61.635632359902495,60.304924658553986
91.74123397011401,995.7374273352073,6.450677080685537,68.50299492691884,56.12558607671832
26.418699652931377,1015.2246000696289,6.137808428753274,19.776762761751844,67.2914280891327
61.960911165620374,997.2789135110335,5.445238848644865,81.93461487217711,52.51277351896683
52.83174615917292,1032.6884086565349,0.4194513891409424,91.10851315740486,62.591419391458686
98.59028935268852,981.8382964839527,23.15416405434704,81.30869641138196,46.94398075370798
28.963112173444188,1011.8886064108125,26.251035937357756,30.510919021208217,62.223791290676736
51.82844792365933,989.1576950877234,18.424881078485967,58.66430124456345,60.755497201370325
97.55763466202951,1019.1721112847438,5.645999450395869,91.48151491912277,54.68940981754434
89.24057007151842,989.6739655880264,8.558339908226392,32.06647262228499,62.25968257722273
85.3657656759424,992.9460794044097,14.277800920948899,82.00278222654251,52.2448682030449
40.632226163595185,1007.1903946075167,28.630378548699024,0.9475131261696523,59.885748859119715
33.67100699120527,1030.3159222498282,7.420541154532284,0.364670278467627,68.71242638967568
73.49145759395448,991.6442904681384,21.94937711759664,75.97116603389674,53.32400553513728
94.35007913020686,987.9332011614957,13.183446698787609,76.14475821271212,54.02494340219386
64.54103144111438,1021.7437257519717,8.935420450800654,78.89771878522937,53.24181984407706
65.72901515759199,1007.5340742783662,13.677478110663412,93.00268378881623,54.60803931226221
42.39832749282273,1030.1481811809974,2.136201526236976,11.790631182028422,73.19750221831008
81.55943465535495,988.0638006437913,23.960621127910873,23.198498498368835,53.72197505259362
34.96349988460187,1015.5260341162672,7.299057839489014,90.37249203738075,64.114988123705
45.89433891233949,992.8083530383499,21.762363695789112,17.723619777235346,62.44905536020499
54.034915089313344,988.6218235758402,2.0504511434458417,68.2229267576584,63.33677057273741
60.6088302947564,1017.5886178336499,28.652956684970583,53.04630000408154,52.775995372763575
39.392778593206415,1012.6526540949803,5.790449562170958,8.319367685150725,65.0678225592667
29.186945979136283,1021.5155102099283,26.482262286212414,28.526366194153287,62.640719320808195
68.8496033953306,997.0204417045401,24.284196288463033,52.03722164409679,49.722684993517575
43.09044425922046,1004.6384411010205,29.035797722442478,85.23501166838341,53.834998821241484
66.49905771380898,1002.3009421981731,14.336719828372487,70.75384896146737,56.63132112939207
32.34901722193619,1034.1249205181582,21.821918815378545,62.1883161454933,66.43600606280111
58.4912081483854,996.0736926206663,11.121319711133522,49.60328899414148,60.528828003063616
62.60715460412687,996.2149481090722,5.531047140590815,29.86839838141343,63.56097649070239
24.145882945794153,999.5001514855734,13.292277988003464,11.924491131926118,70.57452237114886
46.92834225551365,1011.0526744709676,4.972470461653646,40.90760345660955,60.99315698188432
30.75317415511794,993.877750934506,29.461338683591517,2.8518493911292575,62.053403304811376
25.06999763782142,1030.34094672086,2.887394734221491,21.10558892668506,77.31908020088268
99.19681859119562,994.6127060676445,17.67635170357861,43.248337587265986,51.78866385399698
45.788307597977834,1029.2698652358108,18.793915657621678,41.860518567191505,64.60452031630166
84.7899556683708,985.6911285005622,16.142386286221626,4.42954309969924,60.210405401754834
40.37125238110111,1016.1109486319808,19.865576571355007,58.90601535252913,55.47553357390992
74.52021777791434,1029.8842035141033,3.485423250356728,54.96842558532362,60.67994344547971
80.81822879117493,989.2812191119026,16.650555726158732,7.810430402091284,58.101283498708554
67.65109924862755,1033.257982805459,8.616377133820846,94.31630524604392,57.473132085306815
57.72609508401267,1004.9085848228532,28.2052818990317,9.938277895086012,56.42870898457424
52.947273131781486,1032.0143309642563,22.86214960319177,85.48341512373361,52.43351312236993
47.90946132343962,1017.2251023996525,29.175434464792282,0.030973191500593966,59.778218425889484
94.36233153982607,996.5872778430453,1.1266820922056864,88.22810950453831,53.075837108080805
86.44955262301833,990.3566388704409,8.55399525542126,1.9719732204312557,62.90552933267602
97.20215285332101,996.7054275423804,5.862677599150469,75.7812031892116,58.21166097794935
29.943777878843576,985.1159575094471,0.334637619354915,36.16908113002529,71.12567926198012
78.46939801629154,987.9127381488831,7.269771907389643,73.82168001363199,57.60347807791916
95.06723654568303,985.7563242190564,20.363279505612866,40.17452054249785,48.85236518020798
34.498645293252814,1003.2618949057857,6.932667664037057,7.090792233184173,66.42856018261102
25.3197013893422,1023.7568106941673,15.270103364478548,76.7506695395364,62.824515972321805
79.28965194320472,987.7760954818987,26.63454344894996,7.125268532136497,53.491621568758305
65.95784905439295,987.1676238244785,20.812737610472258,92.2120435961218,53.744496662096246
87.34630214066176,1015.3885922234532,11.838872097180959,5.097403579166137,61.3075463819732
31.18179013010316,990.8450640082436,11.174068167363249,47.93252777715155,64.93728496449775
83.62138494879122,985.3685520959946,13.672074420254543,72.30344308507956,55.74464410332384
36.13018560381956,989.1766718013067,5.311243231797191,39.32464647920377,61.95998286405453
33.09247542925636,1030.8052267732228,19.02002302247964,21.72334745924347,67.57395031645767
33.14126383447943,1025.1809189026906,10.924584573138166,75.90909613960271,60.14523699612236
85.16597761851057,999.4735509295301,25.57096047786131,78.42947047887264,46.714139778700826
73.215777655696,1016.0701422030066,22.69657980173449,92.26949839543673,53.20108262025644
61.845233981529546,1009.5501620517421,18.315394922764803,37.61651104310777,62.16467245729737
48.7064387298802,1017.241834491541,10.926066679485482,50.625173449732685,63.066217483457656
90.17604326504866,1017.5469133854517,6.297954950204532,36.3128442846072,57.75836583665869
51.395608593810834,1014.5803708282996,23.284555923168686,25.70818218513682,60.92654146676176
85.32795515772617,994.635575269552,14.592272969732596,75.10329615376085,52.73917855659098
55.13079268561747,982.145353141955,6.742501145320725,33.965184501695546,58.23550248796357
50.155554353992606,1005.056173009456,5.8552384512001865,42.81494419923521,59.06204818370573
57.01438285356851,1029.0035636579887,4.9620271350407705,40.367365762402784,62.9016114351115
44.110229933131365,1011.3223492185217,23.31483588616785,71.26612256467459,57.54593120936314
79.80875041410009,1025.781507293605,6.869615559009351,91.77956261106797,55.03417596609461
60.217631207398334,1034.5393388628675,15.799267905755926,66.67560613073773,60.093368247456695
38.57701561174538,988.9988912276052,13.546390829191694,47.15825960942326,60.967714682797606
91.96596586196547,1018.047770152809,17.388326976848518,77.92051147388834,53.03523081040891
50.711297709856915,1017.0861465535014,26.31464701113583,64.09713241221375,55.93655855792111
63.48422888911909,1033.8975496047053,26.03242170245192,6.061035711781349,65.31035625437426
92.51776887716376,1034.208040367404,13.53228215474579,9.566358641884165,58.58441823326376
69.93903967311937,1017.7673236448271,0.46098752204169924,3.791694407363333,71.82342239630273
29.351843256669127,993.3988135590207,12.793314171429095,45.68163262063199,64.53635167462522
95.18656988907802,1023.9205710971829,18.185806122724212,82.58534343389648,49.88452684336819
70.21664424571343,985.8866023816071,16.732942772941854,31.308316935135206,54.51672248158197
46.79244917256689,1022.9384617294396,19.540083174006167,38.416018309248166,56.61170311287808
31.141765813070982,1030.0607868279583,4.622271974192504,90.94771083678907,60.12545488747795
83.52201514162368,1001.055836712264,19.396052963421976,83.69034453166549,48.330871466366304
69.60582047428107,1014.6849412240695,5.479548562313167,66.504811238256,59.64071259941837
62.67688735810572,1003.6578502653255,22.51571942090247,26.680378209225132,56.402924681752964
91.51140664407662,1004.0770780243471,10.1726283978804,11.70414826884435,58.51766432104824
83.08777689796246,997.0703989009467,21.296863001443608,1.6058822680113716,60.81289817667175
32.1339903786201,1021.9171291247678,1.4359679671832126,10.701067260442088,69.57808418066197
44.93776542364386,1031.489711029158,12.235800767727401,29.259644362394276,70.35667198209674
39.87913118515726,1031.7412972578954,21.151035667899983,55.17900635794957,57.05826984591367
79.51570340581415,989.6129706681213,6.806115489944824,6.400008275238688,59.99188313622264
22.682594778862352,1028.110900731111,23.858611343916678,13.622777831844902,64.04963297905539
65.59117478970532,1020.5587292784917,18.92339199314796,18.108070230794105,62.61369915410438
80.99669485925524,993.9060570379659,17.62685316449395,63.198209298330625,46.42479312654205
90.14125094093995,983.7006537106834,10.606465626130113,61.57897989801244,48.919557841379394
47.366539897272595,994.7398496786408,14.473544111433528,55.07657263721529,59.33806069636625
85.70058437376103,1030.171453022984,17.920479029335592,25.05014246959396,61.52177247298228
28.850538956416578,1014.8248271192675,14.173863417446714,37.1119691218732,65.43051435930859
87.71618333876145,1019.658006349383,20.949399718216803,9.668971633774303,52.56338273011225
30.199092986558593,994.1433793110002,13.010907993208786,22.646060375805487,61.5799596180189
51.78298324482938,1019.5663485566151,6.068195452260911,89.77052264725805,64.33548488922919
83.78362926236429,981.5466828452858,6.418013484031418,97.96917464358285,50.38888118557358
31.993394187901902,1000.6426740175158,0.17411306528823278,64.76595856402948,62.17300276372164
38.34011161861132,1014.4714341698282,9.028731466760174,91.68232920234202,64.6681891030166
77.7802054714453,988.0353111047726,22.467529214355586,64.27419004014251,55.12885513343478
77.60292292368595,1025.2651965945813,23.824881265128287,3.319648610546988,61.970556149904915
71.29181063082379,992.9267214346555,6.074026262872501,99.6762584986409,51.680564376355804
75.515875557368,1015.8754612050145,28.77131990614223,9.895230168653491,51.74787180152446
63.417955467807694,1002.2858428416431,15.072083804403801,68.26418014450607,56.74908449892125
40.14392471255622,1012.7823977512705,27.50936247055508,25.283620307479005,61.595055360151285
47.65567948031355,985.9097803945899,21.202958455848933,39.19811129069601,59.94525618763314
34.527817344114055,980.9302039956884,21.673002690672394,64.59341848009382,62.90686321405183
92.67604490669027,1030.0260435059165,2.5513086391821336,43.64873493077071,52.96860777995119
66.67134358128963,994.829650482195,6.5997338069079206,25.054605893112825,63.71726771281164
52.06811334109119,1025.0822351529253,0.26444499883417905,33.444618687832474,62.16151652777625
56.96046429153061,1034.964266525971,21.483829214302126,34.15481169231763,62.31836474093083
95.78266716894522,991.62871918994,10.3331486528553,95.93239045082137,48.61500017941215
32.26811224928642,994.5843907650845,23.599575482290405,79.8613015923451,55.21244540757868
66.89838656134378,1016.4572883199066,10.168086598110788,45.85487714794001,57.583413606384205
60.47109431075728,1033.0996749030342,24.58001256896583,19.98209203413641,55.17292174220573
68.91633883477184,1030.369789150491,3.9209476124493903,81.1016110262656,58.530261775090686
21.44881470566724,1007.6581536036072,5.201194702725246,15.71824716083735,67.21322531776453
89.76991271553212,1023.7310655389699,10.226296187518095,21.046221714200342,60.60237862291426
94.56946259868899,987.4660219204945,12.2546216664682,36.60133918401512,56.24162717877692
65.21065468713672,1033.7591001312207,10.461084325289352,88.034819585199,61.97518031274843
75.73206591015138,1033.0394278719793,22.909410975696595,13.178666863411026,59.279103585982675
93.79995049418366,989.0050926833544,2.908541778801441,12.223419285452607,60.34723544691028
76.57909074507188,996.4682718641709,10.536510589154641,49.3974988305266,60.986239144558716
32.20312343314091,985.5085248628722,25.11719998546378,27.64105410936747,59.21630006634831
66.10306881334506,994.9444679393998,2.0039123178651597,56.872794164815986,55.36674214445357
68.53720371062848,1024.8775684178363,28.270305230140725,45.16366846832235,55.6341345725034
53.93045370419088,1000.8073583940893,29.589505268160387,43.49591063512168,51.79777670464189
78.91553884997782,984.8618331930717,2.6570452147524026,11.197297048699328,68.35891345141832
94.74936118152118,998.8224038628398,8.73817566767211,14.104969024984015,61.79404541460549
94.04548103254211,1033.9760833832704,11.172019981060684,82.107857744685,59.38251656551427
56.06714971233057,1014.6325977392562,23.29174105958178,88.58827375717443,54.45257521724065
29.05904366726042,1002.8888520523387,17.877804363502015,23.468353288525023,66.06149895915178
98.78729591698676,989.1596182423499,19.33097101477702,11.346050152476906,52.629437280395635
87.11184691567473,1034.2397238506032,22.72529468455518,5.341667193451061,59.8429292868183
29.97301449626135,1025.146695509472,3.5393699831107717,60.82976137418969,62.11206260407365
93.66735060938979,995.4812516348005,24.99628370730787,71.53532125002056,41.167971278730604
89.59170896497027,983.8537782646654,21.168594125404322,37.28099892032055,50.268634482398646
61.50704457008577,983.1144056557657,17.320251755891107,67.96758674906395,50.96462923496794
67.30203485959434,986.6207982228044,26.6920600434917,71.2958815559526,56.4266213731025
51.920216309610424,1011.9422720987932,21.009190616514214,93.53422813969054,60.401654897447315
24.380931105762507,1031.0819881663022,6.050998878930763,6.487363783510725,66.34561382113482
46.815779331672076,1007.3208885403292,12.892361432270002,19.229172323107978,67.38419132050994
84.22827588784091,1026.362001535091,14.821286008071999,6.852598759698814,62.02086422593591
20.37056184036823,1004.5237640922894,1.6565288025121694,86.79939333361105,60.057952566162776
46.679933735291534,1018.9720950172303,28.639125400801674,79.25871600335685,54.08561251713166
51.85349548727547,1020.2530005507575,3.8573178239063544,57.4642070621839,60.730138511614136
62.99164823503383,989.5680038246836,20.923838016801806,8.366341005118317,61.47769232900395
93.58844931302085,999.8668832436697,15.186931082726405,27.331235865371962,51.28683824016726
47.707679549276904,1015.0516186095913,0.7689674965326776,29.77198480585169,65.57529427641236
47.75625615169822,983.8883134501401,27.74242427593085,56.07431960154171,53.712738966295966
79.00009984877987,999.8847103269626,25.555104264567994,25.804389403671546,56.11226976748122
56.17743527118457,1009.4139706454656,15.727737837115065,7.295986391295484,61.783954069494754
37.96838583519856,1034.7923471174552,6.868270084183358,73.07623018532993,61.52753296172501
56.195161290615474,1006.0993459442342,3.6486867204028273,29.908021165541133,62.8699965439368
31.26856163038399,1024.8831216412877,10.901774382963797,45.23741770233006,71.06873210768688
34.110958920497865,1003.763700678664,7.662848431382715,12.766663498230535,65.84616009300959
59.869421819158376,1023.8014897440839,15.200736030188962,80.25483033945797,53.62806022733437
53.514035960363834,1012.747814089106,28.99227888370287,56.55318769240576,57.46078314065938
93.187672085448,1028.7627492826318,17.248604796889243,90.15856262098629,50.21694894131799
48.99151192933065,1002.601840379256,26.697931676702936,49.54715630653334,52.87138960947283
66.44706802224349,1013.2367430901813,19.526365124873315,94.14256718178797,59.84390187011677
70.58114303356243,1014.6510274340355,14.257395797616013,89.1868204381326,53.24213822111251
21.04755652706669,1002.956061799026,25.63822688200114,57.64598564592339,59.80626505884282
73.08298976133685,987.9371624028115,14.141043305189925,93.38934381498633,53.02813575613984
34.24287734958011,985.1457673801784,26.05884511531083,32.308874729455226,65.36032814321251
96.88562539755641,980.9169352829798,8.74730308727296,36.564216270421134,49.552634548676814
31.893018220249036,1028.044384533487,3.8643922128896433,4.547795130603694,70.83585853289304
53.1699298981619,993.0061201731282,25.65943393088815,58.92009067638531,61.87810607074886
26.82797344629151,991.6328712104972,17.622454913780004,72.19239699289334,60.84629938581864
99.74994014767579,1020.4819470234336,26.672771947468803,77.35191902421032,44.29443841207151
60.175600826499405,997.6008862198065,28.134816209771497,14.98162860461033,55.790270425123694
67.6308013856035,1007.832458082651,1.6088517111434752,44.41590723125003,61.83384019845003
25.3661181910742,988.9381085913601,15.02907905576605,17.686321209391565,69.57284290122004
79.99683763193423,1032.7860146804082,11.248936472235878,66.21273488542488,55.18465450028506
36.792447447646865,1026.836977000948,18.775751912103516,15.794637242176812,67.07705839778818
91.84434315525709,1027.5084292630752,23.807735916069706,90.41636839560749,44.83233576542775
36.41117123856057,1002.3725561714602,8.417706479231068,23.063464566141334,61.352567667190094
35.255017653093326,1021.9298667538945,16.70395153119515,29.140226628824482,62.63333394303219
22.923973427847592,987.9131885464379,21.261857397146986,85.09063221509997,63.269302766805424
57.765355608799936,980.4740451425479,4.0329324850720205,45.84676101457238,61.08480838048944
65.18729066100931,981.0985112917915,24.422007178538006,2.3995945800073026,59.03781107818503
25.25669115426819,1012.2630955572508,18.183287995589193,49.45862512026458,64.03374692735191
82.04220933560084,1005.0467197886368,28.486123113409555,8.454333538012303,58.42528387757217
56.26310677984221,1008.4908441899686,10.185867573920799,98.53447186873106,54.64028103003017
61.951221546206405,980.410472722947,3.2443782701159596,58.811157045560236,61.472603871277805
55.26101975505825,1003.2477640811584,15.19503603110776,25.653261761097845,58.49708965975744
52.06104487002608,1019.4937488660473,2.5743231512831652,56.37176795476178,68.76708896769853
64.77122650465743,1004.3481536082089,29.085795699720205,7.686710338175484,55.17068310375558
32.419219674457,1020.2720563471722,1.1605487477157461,79.9891304268817,61.611563772403
34.55425043962169,992.8160430418259,22.60511703321924,92.53280538641637,58.12460990697581
88.94284968108138,1024.7228102464949,15.75307194426732,87.44443882061596,51.95302716027845
95.68923697069062,1012.3637182249399,11.058619574948661,34.17576022985628,56.62300469005115
49.864745302380236,991.5919704686448,1.9752649352596396,32.57681196433685,64.76594721890385
41.6595738514843,993.0196261719608,18.665007725208234,3.5087611216299996,60.25371955170102
71.51996345912126,1014.5416755513245,17.556609881728658,65.14003587009168,60.09339395038375
52.698733687847714,1025.6466776266843,8.426498192027992,53.49047841897949,64.4158208480322
22.03090845282759,1002.8595280116035,27.306651042309362,45.93463713273414,65.38516097514528
32.49220778929523,994.2065236020176,9.123300220285106,90.7630953334707,58.767564426606214
77.2777783077918,1027.685638380083,13.491762317763184,16.787890108284632,61.0493576350765
72.71391535281211,1016.8097560462959,16.312873677559672,0.9666266690182335,61.20185977272271
22.16767940027868,1004.6447018005692,3.006956345288583,7.331645212076543,73.90637333729721
37.75777295463595,1006.8345107403616,27.96485157640897,22.33714378273689,64.31227448518673
38.48598372704571,991.2341057365018,11.236084573531233,3.328554926345695,66.38031354178709
73.75141948789827,1014.4741446535664,2.423376416230308,50.28437106431355,55.333805678225495
21.57684302034913,999.7308380798589,11.6187352102599,31.409045523357804,71.67428528697145
28.32868655876591,1034.7604847170892,18.00607641277742,18.048300806813266,67.86369553819968
83.99328682985515,1006.4100933394038,15.409580154639887,75.00840749486622,50.97903194667519
34.28357296434669,1006.7237083404287,20.83625922111822,20.445132623253002,64.50136338862545
72.21968862814998,1011.1218483075869,1.664518262037319,68.76051009937932,54.16166961926375
39.05462248373812,1030.421580171531,8.536218308161684,34.92649058476389,68.59655521289214
27.955311420747613,1024.0449954922863,24.576917305203068,51.18277606625546,57.11601646214065
39.453775279956325,1004.8121538388813,2.3968106337408255,93.38670398513199,60.54177740820479
77.78135454845273,1019.5284596285038,25.664578640878727,3.735163481581283,58.132340812942715
88.45571744850287,1012.2429524329419,2.7568827623131877,50.02645074774619,60.64654286559054
86.41758916535933,1007.0801876785687,25.033626446750887,85.44229603276182,49.54641286733331
51.77468236947639,990.5773675031393,10.8236520323618,58.79742483703485,61.352073970488526
73.44681092565169,1005.516494490019,18.366271897716473,27.687051696515663,57.31260530525398
36.39874363326568,993.5200222862416,4.586613469439945,39.76811351450343,64.8563290451067
43.45181842088106,1030.316318241841,1.9850616517554254,68.02656287285745,64.01292127481892
91.70686548168958,998.4473747422991,6.478146120604053,89.08118943138031,51.86865972021996
21.04015388085888,1032.3745207993354,3.8356145372608665,4.10663737466116,66.79181239631218
26.840682468357446,1009.3180409552091,9.372176930388953,7.153882189037642,66.1262939791446
36.630900411682184,1014.7349408271888,15.431497395330606,32.50515236095875,64.37080055696096
22.122576309905575,1009.8617244469131,17.662783906950285,23.2779684437479,65.05078606868713
34.51483480718379,987.1159339331685,23.696043221392287,26.493088622240602,60.796526994576126
66.64332487757537,1000.6701670454368,19.68719679745076,22.126999862588093,57.36828775349529
53.713964047399834,985.4530361752693,18.262749753886588,19.58250488551577,57.63794383239244
91.41373688615799,1014.262472430086,12.35346082457324,13.062396686929178,56.24578304025321
85.39548493907527,1004.5780807360242,14.21425304880416,93.3954131795238,50.428108938850954
47.34538813583008,1022.7891734364015,12.435624881705433,14.418946390615305,64.56276620703152
40.7538746745034,992.1258764549654,25.264980901841493,20.440377476553618,61.80061346684758
50.375392653381354,989.0511332136134,6.900013576451995,24.626572398078572,62.76895637192082
67.22359540118461,1002.3482727030072,0.17162794625893874,93.30148731304206,54.414399859257244
41.4450912658301,1030.962196077011,19.53959691678718,75.57141336010848,54.8968657354441
69.93191262793073,1019.0731998256827,6.073865509164942,78.96994303155147,65.22939090114802
52.752932175299236,1003.0407993636105,26.70345408929428,10.475825953849805,56.305317458824305
64.16377446815842,1008.4499693364871,25.771389891199682,83.63098750156716,51.02423112651729
54.890122330825335,984.6317156147404,2.3018211578461765,40.819308181741796,63.86175123850674
43.55726076335341,1034.1516743006862,3.1916521624223204,26.282302621238873,68.01456243591679
95.87626455697253,1016.6524017582205,14.85514776739999,57.575008352031055,54.52746585445517
81.08846353278086,995.6972237654883,18.27667988308064,82.21829058167339,50.18983499480184
31.209054061316202,1012.2194616818384,8.247250124467222,77.86521510749094,63.23206483027868
89.47743807183302,986.0215301337946,21.503931500981118,88.99974825811321,48.70731375140509
58.99449585996109,1033.1210167844172,17.847480627566146,92.81321860154439,54.65234454474358
91.56417815152732,989.6131743335851,9.74472329245664,23.812207142774955,57.24497208139218
83.98842047578522,1015.6416674930367,0.7611446412694678,42.38578941692717,62.612350954934264
54.017080357538674,993.4999954396412,22.50450843895553,1.4628539205070012,60.827681670269435
21.797544665609394,1019.4658760456695,6.442609974752481,87.932165926506,63.81713611324605
41.494188750795686,1022.7251751982154,25.034212303878853,15.457215147476756,65.39423151216936
63.330737172869355,1017.0380850901288,12.608707801627656,86.14748123426943,59.022018457982725
70.67825758609177,1013.7974703140355,17.312323278952963,32.938732198659636,62.73879010190711
40.631014834656185,1029.0858001673607,26.188461912270057,36.81335899811382,55.30790488014066
31.14848592582593,984.3244691044367,25.908690027598603,3.9132254483859374,65.62583288204122
86.79441894394392,998.2003121179107,11.145587257307199,32.68787897653196,58.31216264688202
98.75217445628417,993.6558113796965,6.266666781445293,88.83636828012641,48.602872935714004
62.055214584214866,1034.3407679135983,23.25438233185784,2.554740112160414,61.80213749097094
33.73434286786428,1001.416437881678,12.992406108063935,40.632747304672534,66.65115001697167
41.784586121549516,1020.2936984582219,5.761259806770123,3.1399629812741137,65.3650712624458
21.471254123797337,1017.6598840134552,27.132760269514506,37.0923425109065,64.06281706078589
93.14390452483993,991.6644680612558,5.943125827232621,17.26406407802912,60.44214748786681
29.42008663121129,993.1448724116353,0.7742150457369323,25.221839326837202,64.88842230660805
66.12131804114028,995.4706509954169,0.608399213022599,87.7598373161419,57.3008844677632
41.92441765497648,1002.6120003042658,18.66946069362793,43.6049220621891,61.562963555469295
64.33424020126347,992.887878610779,19.85025182152591,27.379799140191217,55.52403771101599
72.11363106814915,981.0808315510766,9.331251151709518,58.93383779505478,53.74120919300829
86.37934429657614,1028.3666181243957,9.600329677411901,14.210695983258237,59.23569117688745
36.513701740848255,1033.1085407259486,10.184817451798283,25.939160742085587,68.63086829630538
20.879666292678436,998.7863712867362,20.40475640276636,54.62479676028885,64.2795340696293
30.950850405504582,998.617878368401,1.7440137308048576,23.75230418480688,65.38166161886555
92.0014913478484,980.3900497025904,27.87349058073977,67.91277374008733,49.970487396881495
89.91120620500122,1017.4137878581706,6.675631325323393,49.149130225952256,54.1012130056701
67.79304817362467,1025.3991942661746,29.990196157262766,77.19890702546908,47.34303954926976
68.04134883469227,988.0634565198002,5.145680813615609,94.82445357224685,54.342528733262824
73.20293396370045,988.7816492151933,23.146393719371325,11.580488934740774,60.22669644418777
34.02970228987597,1023.4545787484291,6.702376347888751,33.466500998454485,68.44869529603136
93.15295567399679,1013.895991159478,2.425404049297619,31.954906287840657,58.415437357808365
53.50164199136585,982.4673306695245,26.247999730519467,15.118291933725425,57.25186718997502
50.65108225995979,1014.2400844754255,25.762537775726756,81.03031373334709,53.87959508907431
61.513416422627,996.9904747564071,12.107111773488041,75.987870403879,56.873153668762285
23.757277342004404,1000.2798835508966,21.071884276212806,48.442547083439905,59.09891644746932
33.30266950048635,1022.3352280063284,16.711977980517513,53.77707777946096,61.37352594209003
79.04268931410964,1024.6014355969935,25.588683410212465,5.954413800249625,56.607421686110904
26.623893434010117,1002.0196144761907,9.451679079559632,55.55073523270456,60.22699860008534
68.25216875731105,1032.0934114803495,15.710171999969555,79.13415240196365,53.2722912007751
39.627928774505676,1002.355449487364,14.561171136136513,57.38275735838572,62.15063566507286
51.143649123358124,1022.450981937656,10.617174787705762,26.53063701204189,63.47828277093572
43.09549894165599,1006.6132495510343,26.74365193669117,66.75482723343372,55.847620604365325
48.45381731719593,1029.3642779587146,4.976337739876064,36.14884299652476,62.03622433346431
77.52367241473964,1029.9268684007598,4.485259185620885,54.48732842857352,63.818772279896
43.769737249854,984.8079244329097,17.30728605968254,48.756536327892476,57.085574324648306
65.31237122375177,1031.5071332220625,19.724826899548262,38.11750009651801,59.237601334496446
58.08403217592797,1025.4044162836228,5.838577629736955,71.88779803941351,58.62929631014702
73.09369322901185,1023.5220892871966,11.721523267638723,88.38761119858817,55.08427775225435
94.94637914598064,991.0501236827038,28.396915289362312,0.5212518476924943,54.631948331076195
78.60576777682002,1024.2815564815066,7.39852268072022,93.36165192303673,50.75106450109062
37.19523028726054,1026.7573004076771,20.050821063521823,51.151513608322496,61.36633238621128
22.494650804902776,995.9032683949783,22.204481810927724,70.07318803632651,63.87714356636519
40.98112354398601,1032.3743043099278,13.443860983954787,85.56245661758771,65.2263475458795
67.60623445602039,982.7423080519541,28.12577960278749,46.710369231426995,53.01044079469868
24.114065078740026,988.2450089285927,22.099702056563714,83.49740733648903,58.83301611592338
59.70929977609891,1009.5669625928333,13.737737395826935,17.761981945520223,68.20488971850475
67.74742791335115,1011.6685859117271,17.08005605328282,15.916753447981446,63.166047805104796
46.73951126535687,1015.4832545815497,20.77840330275302,65.74713688561535,56.30217800915531
81.67297629966575,980.9333021123507,17.765705412876546,87.01430055517372,48.72686488925277
28.527860250701742,1032.820172604217,26.360927514782276,89.24261775360394,61.17363495294135
26.0110225388647,982.4523451003779,10.706659868412036,64.37404583772465,59.536740398927236
78.25510049628826,987.8684073997871,8.996572201674148,52.548923020931745,59.58659458347172
59.63930529649588,980.7707984639331,6.41516668485793,33.13930876965162,62.03289966254936
75.07219171421889,1011.1772138311752,1.133489041937854,98.00004155993314,57.61604650291628
54.7861870882997,1031.2746786156536,1.29041893140166,31.969568666625047,64.38268744476062
39.712162659128545,1016.6270941344255,26.101655793278486,74.41861072315932,55.33988214759614
85.52818541393597,1025.2461607664236,20.35179439217722,53.19817999050007,58.2227941138872
83.95327031751833,980.7304661902219,19.81597246309458,60.85123425253467,51.07392440234428
75.57571766835414,1009.810841416385,18.43928456804658,39.34805505886262,55.065605229960035
41.771610978397014,1005.2759637628037,25.476574340823145,96.48231254722478,54.6171571111294
67.21845334952697,1007.4432369321436,14.408007769968824,57.1682326099271,57.61856732172414
48.87791175520214,983.9717251934353,26.11232485674901,93.778763045879,49.90432460644117
27.326565866130732,1017.6439448588119,10.783350785467174,0.7591416173914123,67.15558940605402
93.38508603697943,1007.6771228172249,27.801225130172718,57.267058319112095,47.91355483735177
30.945490473516912,1022.0831867423695,20.959709402437202,71.71868897252715,62.799922344076315
96.0189883056642,1006.6909848733943,7.715314080732818,74.50801711622181,50.317433555605525
55.68046183663646,988.2159899924537,16.922547650658753,90.49768817816813,49.43881478401039
34.81063430708957,1015.6541324742802,15.990916844647668,0.44016090037862776,60.47034438099712
63.35207579026865,989.4812499157841,4.136964651910019,0.03301592594764369,59.628415787010596
89.83566687011266,1027.9817009845149,17.737287172518425,47.226346079521534,58.5161031379167
78.5779909127649,1013.7213931488083,9.443568711508739,2.929370500537065,61.215535069569604
84.52489182891598,988.6462135956325,1.570463004288073,97.45325536623746,55.18198584953849
72.70266933685738,1032.9285931614663,28.459684731196944,22.206517454139195,58.12976392816366
75.3821251614282,1008.5101004834427,19.244711071928634,47.26647293648447,55.60914139739952
87.93565212522554,984.0094148529411,26.30756795612541,6.113763001222361,53.87969185625076
39.97344070873488,1014.4758097428287,20.281680150397595,52.20484161712585,63.469788205887866
59.15399709145124,993.9259398857046,10.709510764203388,37.99561251474085,60.6048990824183
37.69675534556818,1024.2031398532517,15.380642169864343,4.466002887722375,70.3084639566012
99.01344063973175,1024.9802140461404,20.27240281041531,33.51242666962248,55.26058746558183
95.52474717492906,1033.8421045720065,28.807569756043126,39.14360202228556,49.838202685404184
23.154144909480472,1007.6028242063477,7.610083773650894,98.992149127494,60.51769628660978
76.44601380125508,1005.0226283850255,26.24931175872353,20.788587191937545,53.32619373081404
94.01986539325327,1021.4411582995565,27.722334158828083,54.47796153700997,54.11849012617859
34.44602761018668,987.2858860988059,20.112465439768698,98.73155491986286,55.18273769005637
65.43561844421035,1010.0803532586218,27.937998822040136,79.20192079401352,49.87179960428331
93.23906380704335,1010.0436180071968,11.936357624321055,99.33675008820889,51.444189859474854
22.715678286863906,984.9210217545713,28.590485281213283,96.82983146601693,55.80397997045108
75.7936213797472,1002.9891247028802,21.083486314979247,48.95395420941543,55.44703940338057
43.78792058980406,1026.9306639211961,1.260173022564357,69.63758498705658,69.29243012545317
93.95169563012243,1027.0884492097064,27.206184954571583,11.04431269411511,57.04490478748437
97.68465961322943,985.4580715705824,14.534184270995777,44.11488250468019,52.68391891562125
95.54131912907471,984.9896485511307,13.809809543334985,80.90185422666974,45.918517196098676
57.9371373325971,994.4482512351065,16.993998179389028,50.53353209771434,56.296289845224386
88.96341207914507,1028.1121334404697,4.481536403136838,70.26990328172319,58.17113547006088
87.56395188280563,987.0896421790425,14.07498145702196,74.57513299842769,48.351113781625706
45.528037859460454,1019.5998241445095,24.93381650153237,25.346914124289388,67.11649092052613
86.3132379320542,985.5641090787207,0.4644737741254601,87.56993729425655,54.397114934175455
22.96061077723941,1014.2725819561304,8.18751480973114,45.9822430909179,66.54789869158155
67.70159027856424,999.583701451553,0.0736375933153266,21.018510362154373,61.12828371010239
38.40070698301624,1023.3902679631227,12.471339274495449,86.54158817884438,61.624556068468216
29.645350862182305,992.852974685395,21.84946531481204,41.781880610625365,57.98839416096873
26.156256130336732,1015.1561006164478,23.963154873438857,75.03124383797197,66.18419514701431
75.70310207025118,992.9625394016737,28.3556928338102,54.80330722215929,55.841902393260014
47.18999710144529,1019.2513155711684,18.255138389123594,38.18717522345004,64.02568377806418
77.98134172230093,1028.0522919008413,7.6388059995868645,80.98764150385693,51.864890580113816
25.22850726391539,986.9740989519718,27.724438474100968,58.446993164461304,59.70405860818268
45.223227026448825,1027.6627628727526,23.259472616411283,39.05621024270317,64.01092068146573
63.15930339002698,1012.6466389927864,17.232854490094336,10.959787033512702,62.626289664076026
83.25785318711709,986.9910769976863,20.86920647156808,89.54453137667079,46.60377365991288
45.5002002345656,1003.5148020447841,27.729490650222875,3.5469585341666554,59.14915143539151
70.07131011496072,988.8473161416804,21.37182085418765,86.31873483680562,50.438933713913784
90.87821985889497,1018.5191338876614,11.05123522754202,35.996152488315545,54.65621786725564
69.26905505458436,1021.7377473929872,21.3908460686729,63.93387635014059,59.603066519483285
38.6367579802907,985.818808615004,1.208344882061636,92.21997238356853,55.1945152198859
21.952062524523043,1007.8376918982054,11.592466854917436,15.170661550389841,69.87668607846572
89.60790991207439,1024.8043780814255,12.189690955367379,56.69504756388102,51.09105196770818
21.701552868030973,1031.4889672853049,5.0051470326250405,76.44328623701921,62.75382164173656
89.97613381473596,1008.2434826707973,0.6925644165531053,75.75838327190574,49.57030736812462
62.31497072217696,1032.2653572986274,4.001437099132285,52.563191459950396,60.090790798562864
95.1254158810317,1009.4628933750816,19.63864487391165,62.47394599064581,55.73432140973658
83.90265886189323,1001.6804772029949,24.068664490910628,75.75269941328445,51.198910910439736
99.834728842667,1026.6511720704093,29.646104781809225,84.10276377574118,43.356005617907435
48.05694523613681,1007.1140490751949,10.390905093254828,76.18130968758638,62.435232152404595
81.37506311449016,1005.9546380810488,17.981376667833054,35.40049431812427,59.39845513436628
52.15447308873937,1006.9671869175405,28.114349004453658,99.67264010577331,52.765257496932676
58.39004962431271,1026.573175102836,5.0112534401445785,43.45026937193044,68.67983212513373
70.2004370574696,1025.7567847928428,21.52936759028228,2.446470275893342,62.38683868732508
89.8941691349071,1002.1935995842116,22.649361994474894,36.2616951585462,55.08830002370774
98.72667753594361,998.3314922928789,2.6692660760801514,12.778295457384326,56.02454178421396
81.46187310916146,1007.0560413221522,25.83748155549195,12.1442615728375,57.5142448286759
53.4213425733867,1011.502488035541,24.393151413325317,28.153504010689435,59.74670379404063
53.70856018216561,993.1085465845398,1.0020901973230334,5.337549417726084,67.55001834132098
79.00658412711132,1023.6675296593575,2.732532446401544,68.8512188409563,55.85072609100672
39.10217166146418,1006.7565521152833,1.4738068167555696,7.398888420190508,68.82887021066455
28.837929050511573,998.3725051630978,10.042305953980867,20.32895554359562,64.02173341631944
48.36977261126212,985.8751546130195,15.278669720397785,9.289971449411938,56.17527884688097
42.97911933232654,993.1364838221983,15.970431838638865,6.316773090303107,66.77555535189013
43.7046496364792,1032.2104644465792,8.03000279308328,26.775166553954165,61.07604016473558
38.688620083992795,996.780482775074,27.347906596808226,57.189896766036995,57.97731730226628
23.36745517090895,989.287260915187,11.047883696157395,96.46855564468417,61.58592317370417
21.429914778673105,1005.3370035410246,1.366504678960575,87.55566543496063,65.63260256789219
99.01779117888252,996.8898258848137,9.006813346241591,87.59339254453248,49.91451239764243
54.22185069886899,981.9337587649156,15.933282676324666,17.606703603765762,61.56585021422377
50.74613177277453,997.7729869503679,12.24665467764696,26.49071934978201,63.53097970405972
74.3717826154456,1009.9259743166708,8.215275572977776,7.63933167953057,63.78120059999906
37.46031102920513,1010.3441804610982,3.9396974929295228,77.84683399151851,67.7823734896621
95.99689471601803,999.6107406647288,24.574935002886892,6.981630148556195,54.58521371107485
82.90760115324417,1004.601651593893,29.884357263725757,55.66956708208532,51.01541774332394
27.15288018498076,1033.1034855029122,9.886264005716463,24.787557232395073,65.07644991629837
53.40646206279427,1000.7541662476672,11.448631325298118,24.344563402874474,63.51731340863108
90.32946460497317,994.2024747292991,18.54112574030871,99.07250552476052,50.65974673078967
95.57856178331282,993.3906874236718,21.55324424206624,75.67798069785374,48.379384160260216
57.39212089998958,1005.1770536987274,11.760886044107737,83.69393582910502,58.59636514814744
69.07291113685662,1021.7736081794319,27.147885509454458,57.198268534401265,53.26962621588504
33.36271568736602,991.329350130366,16.800119676867553,87.10142873937492,60.49360039000963
99.29349009095813,1019.0112869927423,13.51170229217793,64.54905391663529,55.062385021779896
38.53373611067547,981.1632402842179,19.400182594797155,94.61737047963453,58.742917507888805
95.41854193081005,1003.041313789117,28.584115447475195,28.133858604563677,51.76566669013318
71.97173191938947,1022.6725785861532,23.836568832651164,59.5319545782895,51.2695403262606
68.61894359030873,998.6303125675937,1.2003939160537302,69.01313479368922,56.99548254372341
61.015080881320685,1011.0055405794969,9.96929732219879,39.29373050278067,62.43760869186381
38.45358493742069,991.2738578054251,14.11634054853668,87.97079824040533,65.66260449245799
34.12224256044066,1020.8097465119395,9.435527166273157,97.98031631041543,59.494584065413704
37.63889672561403,982.8753506797818,21.005626824913694,49.37694913726616,60.83512991630387
34.91506097154036,1026.8898454681525,24.78807449587743,39.06406548043391,59.848033138152765
82.36675788534026,990.9008012531917,21.940352855558146,47.19379285564587,50.098525592238126
48.01002073333841,1028.0918917439583,29.679998604848258,85.27367457319316,52.651331351957964
24.62741412507171,999.3891082715285,8.176429436790873,64.54684255181677,57.826181518649314
97.52821041126491,1019.7475965960967,26.249684850732645,4.477237251809507,58.300377298049455
90.70287079707406,997.5573913782404,22.998679955234586,54.216991044571486,44.5194450044503
94.22018265561704,1029.8251419179055,10.865362726744383,1.7300122740969814,58.4137519235579
99.59262581171483,986.9650419035106,22.02373630970906,77.85353710034055,44.271107072878536
33.91161993755898,989.8185884099929,3.122278692547409,32.83122735424637,63.4457920382027
51.699361512212704,1007.1166568837341,23.68000447021657,47.200748211732936,61.96326905324068
80.6590780563273,984.506614147098,15.969918077613078,79.8678105907632,52.50269946086468
75.68164944430337,990.7789101585969,8.768705181277594,4.644881728576156,57.81895367854778
32.311672507188405,1031.9071510216609,19.673319053525404,15.854153559161045,63.47432171918442
85.26664999924942,1033.706931363134,19.24859996143227,39.796037644511486,53.266003091392705
37.95524574693285,1000.6942631131732,6.284586681587991,22.99251635455606,65.79329866748887
37.905409185809845,1030.7807311557665,0.9119224443457841,33.79014257750631,68.13290090543529
62.957953831473084,1009.9653571620388,13.008677607050217,99.8174737892465,60.404078226543994
67.43519478733626,994.8358356230572,17.085356080332637,82.54144375738107,48.05459738815508
66.40689662702489,1018.6319296594329,26.29815835111795,88.39018149601085,52.034051640589354
27.31894699182039,1016.2395993616171,27.84650386942783,93.70546335657754,56.14697581220491
90.19686901043043,1034.4018925509804,15.864156544702992,34.093588031419564,58.99266475493569
41.24800340709648,994.5776008075106,22.614104513056347,29.70769577964727,61.63021608513526
30.361193702624334,1016.9632726463955,13.179098169839907,23.40624925720749,67.72816399177043
91.09984638951818,982.8613065266196,22.38246469718679,83.01169113081227,49.44818239592063
96.45211985838027,986.2505321283196,6.1440457481750075,67.9551862285185,50.21380359519989
88.97020938123605,980.2155106223101,11.131942044105942,23.61719824828773,59.82452413629654
84.76128597799024,1034.970337458282,19.026839964408445,37.69938292104549,58.30747469069401
72.41935845112174,1024.1250533431112,0.5447389682123649,50.67117639327983,63.65880888771494
64.06858964873115,1023.2697658103448,21.67383931016862,52.81400572737537,60.469072410893425
26.958940792912813,1008.0349341408498,25.066065038045004,88.87277285517146,59.15424346072799
52.676257045655895,996.5036895597992,11.974249832818543,38.05661329472163,65.3635947161137
49.81508136098512,988.3195356454472,13.43827251531493,90.85240305005124,57.56567756419721
40.7803027008261,995.6571106365554,25.53846636649593,44.13675603197896,58.13650618208218
77.87360909508679,1000.6784172061026,23.269639059781003,74.63726747923538,51.53789242924691
59.67005880630167,1021.5970553339162,8.64448467100125,93.02543199850561,57.238686360372284
26.483697272611835,1009.6813983896734,9.719283196846169,90.75757039632664,60.16610094750585
37.6146561559849,984.2615994605516,20.3663469717179,5.695286729568116,68.07672241884008
74.66070109276768,980.9915954927402,16.895942773444837,20.570429497656985,58.059824699131696
26.090468759224017,985.6282698743735,4.866887132894908,47.69054255322751,65.76381072110813
88.0965531239015,1002.5774292533558,9.297897276874993,43.15542899531073,57.276528327484705
59.611722161117946,1031.325610437696,26.999498306359623,64.0891664837207,64.37382174826404
58.44692618613184,1015.0571364665072,20.645233101667902,94.47090508254122,50.72109328292125
67.3926227727614,1024.1004244931532,29.579229530565584,11.240471127794882,55.025962955798114
85.97447727401193,1005.6506026977502,23.01037589942308,45.185866513424045,48.82067616853753
47.824736632175444,999.8916345757274,28.259232964307706,19.241103788713932,58.520060628722284
74.24129220472508,985.9620204994143,6.485657216114262,89.41075983979475,55.26456722803774
65.2585571196633,1028.1763162202412,23.144546244507772,96.45801858016529,51.439523478296756
41.362261613553706,1023.0738015965346,0.6065256044339229,47.87016818903501,64.11818757114175
90.29039890841264,989.2464953678749,20.12280065134602,10.401029772814073,55.59073203367586
83.79408172855425,1008.1743310131943,14.078468343607241,78.52946667226732,51.44956308707234
72.67614677267403,1006.8056144356684,10.402802157602059,69.7141350492399,57.12349869973445
88.04653832753935,1014.3800353977591,25.872130568792674,35.46708266103104,56.405524451926624
89.3835360767842,1032.0402791695194,25.62803077972592,88.74074739689635,51.39890467798239
76.66903813720279,1011.8874292969364,0.6690511469593075,97.58318897827071,58.644263587791166
86.96106626909376,1009.7119496728241,18.28515367348293,55.78538491301954,56.56795406965676
75.79771693354269,982.7677613114065,11.034966729628692,56.57279113442924,56.504972419619456
74.41126174082403,983.4599111809913,12.469830045013474,29.751350511377783,57.20321855582315
69.48891025721474,990.3040735229733,24.96122217656328,58.45060359833142,50.95571335767981
80.2173311646113,981.7858924430461,9.295193145830348,43.964232052484654,55.224364681466625
32.68840842344589,1020.8844092563506,28.291464319128604,30.219102692805187,59.87066421349989
90.46966073591427,1019.783166719668,5.3890147911642226,6.718519652390132,62.53115926828005
89.74748221961856,987.4830928937404,19.881672701045332,25.270785970912492,55.08546799365509
22.33978264276473,1025.9843395437404,20.16315201041294,19.78546496776644,68.15505457345327
86.06534004518102,988.5132319165361,7.565854842837546,54.204198455394895,51.92191811444286
30.309589397875616,996.5646572848548,9.74251826901606,60.16700217635938,67.36240659307333
46.809508340731355,993.6937294538751,25.043954777398213,60.85717243060165,55.31581932372733
79.48066050332862,1000.4768904215176,22.854157648648574,38.81810010456791,50.977939194609846
32.860791683864655,994.0065071239479,9.872876409442787,42.1229733685496,62.67543126606812
85.43736192952497,1006.8923009541148,16.018696408048015,83.423842964064,59.23280418736124
86.57073423661936,1002.4074334745077,1.8504088875928637,47.62328135171624,56.67507187397718
60.597418700866896,1034.261321992863,6.262376471958877,98.77733321371224,56.83776988508502
20.510869737346688,983.0759492570525,14.574616765811973,43.96172300088649,63.50950143626715
42.96305065399302,987.8199757013043,2.579212058376348,64.9580944617839,61.781029708122055
69.35415347005937,982.9054241649732,25.299970646758123,5.03629989933958,54.84076909504956
98.49489424219388,1014.4212657240307,21.540186303229437,65.33399244188108,50.6204897710927
70.54508216133347,982.9980102577546,28.309010119454843,85.1426394415006,53.07627912552139
40.78428648513278,1026.0041855556867,20.804007178920816,94.24578385332963,58.124727892897106
70.72045624796891,1008.156624687506,28.212041167865568,99.73206116397705,46.35312546852038
63.198830377268436,1008.9854193519843,16.635376670728952,28.21786456492331,58.43028116981188
82.3876316120915,1010.8876979241707,18.006558331859083,57.537006482571684,52.31818087327771
28.558451106156674,989.3947538468416,29.309131638787825,45.071798553214734,59.517814098700434
80.88223220016224,990.8729666712968,19.26387440592781,56.3817480575171,57.16743040543117
63.301326294088824,997.5349527580153,0.923597065822398,15.745295718984664,63.46902785417027
97.03936030871957,1012.6423028702018,21.7140832989157,85.61495725959415,48.40760605639251
47.34977328309489,991.5564776767118,27.16406076412247,90.95689433445877,58.82516083327522
70.60975145071585,986.3982449923294,23.8674074938298,44.966166311292255,56.92893987873995
94.5622484408014,1033.3564287530137,17.514998178762678,28.042986157357685,57.24997529304066
28.20077823925434,981.2089998145293,20.13910539280549,14.083342765301232,69.73119433317287
94.9782789789161,1024.1483572934812,29.705753677550153,68.37648247778044,50.2920691916739
75.03085778406506,1023.3419332266262,2.7198626552801497,31.22318396207352,55.5416468547368
25.42696472841375,996.3467762614803,20.017344858997184,90.95385699133887,61.25717884078181
44.0770853557453,987.4594638804023,8.501930837117815,67.101247484487,55.617207872459936
76.65376709162253,988.0095755687983,19.2027118975851,64.56853251742407,54.41217348896569
25.388048117501736,1018.3587389480456,18.228707276518165,55.94021158982409,57.75251787159338
66.57363681410186,1015.3543625097395,4.603704963244862,4.577633942872561,62.710425790833526
47.67064455623654,1023.0510120838263,6.202399372207175,93.1922435685587,58.67411088255145
69.67324142139816,1031.5614644819507,18.648887341296405,62.793749329946,53.81539326265326
23.65936270500103,1018.0560049796626,3.8468984191132236,99.40619833831104,62.21255933001956
89.7229444921901,988.5718345103294,7.955426253909685,53.735640477288705,57.89440906600581
97.87911753419175,993.3893439220976,25.05736643214007,71.0110891906213,45.96661864699176
97.51022842285532,1026.3206551980213,9.81274518004916,5.620955786622217,60.15885182508211
79.97214653943398,991.5118341708815,14.641804688089888,63.17361768234109,51.05336188048851
30.406899210450558,983.9887274324965,28.234210054375207,76.46496115903572,56.05426608023923
80.6610556743218,1018.6804029723238,6.814472665108388,77.85142948525574,56.68784304162948
21.96695331670412,1002.1389495519578,11.688780520740313,77.01116522302854,59.717841386689656
21.76988412231978,1030.6022028900247,18.193733266306367,22.628262729366767,62.66474986359502
45.8888175319633,1015.7640289101514,22.660167885119165,97.53984776052259,56.75464318622664
59.091455232373264,984.9730437785413,27.049601601381152,99.51821206249387,54.18058729896277
81.63259342462345,1032.1321111989514,27.464189627205453,7.559587516160127,56.332385967708255
74.66363012852042,994.2206495002135,23.29920223117869,93.64464228117572,48.880970800771635
55.67221651013987,998.5466869723457,6.849925097799313,28.944919430436933,63.02998633655323
41.89013330253327,1002.1243227525948,0.7442799012769741,68.92840817509648,63.26755004169298
99.76996001261689,982.8173363022372,11.513217910668715,33.81109207361321,54.49271522877447
54.094504178877834,1007.3083482226833,4.246465529634699,96.77543233731215,50.789772031740874
56.11096194637404,986.7825170091411,21.311629423148943,10.150385830353548,56.70740529269613
33.089905695333535,1002.0533679678593,19.833917604771504,49.774681695637604,58.642504611259895
83.58476389999436,999.2890383395646,1.3191492486436451,42.80477919420746,59.132280186420616
75.49457806251908,1022.5062045884576,25.097813373928535,32.60234522779849,56.25105416332122
37.66156902310083,1024.1743781398002,7.462297988735468,64.55339908801486,65.19643481395393
26.590483649267416,988.4377085313998,12.966812264731267,13.105574342166747,67.03153202794103
74.43994416597704,1000.1603153058575,20.038012063672273,71.6662418133697,49.19541341518809
72.36089714249081,1000.5344238567508,12.882563605567599,98.05921238047873,57.442878343821384
41.86076215985675,988.3275744164847,13.238634083998303,80.45587144686301,62.32361532619935
96.06908498003283,1023.9149427778154,1.9688398600722112,86.00167529095454,50.3992991057325
32.08463134247202,1018.8975580584483,12.043306477800114,35.96367431790025,66.05340293920763
54.586784083408155,990.4709982463369,22.945436796599505,32.48866064812187,56.30909711061359
95.4892736134079,1000.1697049726589,27.455290115597933,51.70483546901332,50.09977975807627
53.57818535408978,985.8192763671083,12.404914111901153,4.572661476227269,66.08893264442301
71.08207581312683,1014.5513628401175,12.707574806372365,94.53581344565326,60.570297163353196
51.80755183702354,986.6754558501741,21.078813189709564,14.37851730161922,62.52973389232434
41.937216187893604,1034.2263792743704,28.283160033158296,90.30130391680925,56.668382626486874
98.71821183678625,1022.9375141078324,8.011828207180807,8.35822220003557,57.41869045607242
52.74672050520344,1001.4631202271197,13.204326196138105,82.26249276785602,57.81084037587479
91.52793629433076,1011.8210162753645,23.879197306569033,15.196252587821512,58.63746635318192
38.39636847128689,1030.1237998919025,18.290807081221157,3.81316140914727,65.43361577166725
37.04837632200666,1010.4754604217704,3.3175903189186418,71.94894502594087,60.618110832721946
22.49072663076091,989.5974167518875,18.831982066867972,28.02653001744283,59.40110016079907
72.13334603007081,1000.8286845569637,5.602388537919807,71.44961527843495,58.635722723243944
49.48210749790089,1026.372967576636,15.306478022352124,55.50852504728198,61.10716544589294
89.14865998717096,1015.431715879429,15.873098029813153,10.880739023006559,55.468511488020816
57.85679253532457,1015.7898411383591,26.286100866749546,93.21300733011637,56.002551339260876
97.45547423317774,1027.675181712867,13.874828220373145,45.23141747634776,53.13613508717402
34.84204125624969,1029.1685181604378,8.383272667076827,73.4447277798688,62.56510587334696
89.48985343644887,1030.588591447869,6.928990446480947,50.10205720156251,57.009661054808355
82.12774822333934,985.2167056289236,26.227556300530082,60.436147496120476,49.64486689041962
81.67374757152416,1009.9269301079705,5.130325632546851,30.277359235669245,60.14884011884865
87.58265824935101,1020.7280236670075,12.776056826494312,20.036030400345027,61.34937100842547
80.88191927543991,1021.6309764819857,5.61519344780841,54.25702034080678,54.56114548439153
70.09762573051323,1013.3693911083502,23.19912120343126,44.021897297100196,57.164160115553216
30.499590214591006,989.1733034351021,14.23117919923857,39.01132134339331,63.829769106753645
22.602094359300153,1023.8581304667915,10.534310716704361,67.2567195094623,65.01118731347768
93.66782782525495,1019.606123343322,10.832989218794005,69.0506632011136,56.117304108779315
69.33202516165905,984.737467435197,25.56642620168938,4.5920056091263035,57.37862019965805
83.7229832780941,1005.5095403570907,16.613218628833142,33.874449424367214,57.239361297128966
58.52178812100401,989.5687569736992,21.53603553393791,41.17645502263774,59.27395066421532
29.38465511699156,998.5612375142134,26.911155487520535,9.68921611641681,61.518729470684505
30.014863376204033,980.9944600713127,27.052250281219262,23.590086669828835,61.98482977497217
74.84522297831771,1002.0181427625917,9.855271630135894,5.164179722275664,60.22462715680809
54.424471591957015,1010.2432306635916,28.57353789439156,99.62420986170206,51.734691886056375
36.04197813602694,1014.0770426054897,0.7462764604381633,73.65572029698446,63.111574055512264
59.327563739314954,1016.491968982079,11.30506683048497,8.745015650275366,64.64791745103331
25.13671496601073,1025.9960222206353,26.873965725265247,2.0249379790092115,65.63378130134151
66.5577121531519,991.8504599001651,8.239106394509488,71.92878001522803,58.05991467613822
41.51947235480782,986.6265002341157,8.192443509639551,43.91921656826669,62.622938864584995
83.80472805097506,1026.8345444543859,9.078668552456662,78.6796709064576,50.12626872248743
44.8289567138859,988.6137048190958,18.369401545407666,92.34760378183837,55.93415124508108
56.4176119265441,1033.6118044734908,13.149983268430613,59.93003890163725,59.990545326189846
20.92964319264805,1026.339602616925,21.802045090600277,18.710842291725307,66.69454678125207
25.795751023564712,1007.5482133239279,26.847319276939974,78.21940360464525,56.681996190758575
51.399484512534784,1033.9781783707115,20.22598124828582,95.58117431743744,52.35980605048526
58.39510677736988,985.3557201009403,6.134001605927265,58.023128705995596,61.35343202415351
68.0016438495443,996.6686168646306,27.980457070815067,68.19974472807336,51.394584581601436
43.33300629674426,1015.1023428272337,7.934786200424355,33.747469503667304,64.9343808012332
75.5985508901234,999.2503777660248,4.496828859844744,38.152769466031124,58.60942346521392
88.80979177513636,1031.0604903589435,2.699018365828827,73.46544978530639,56.350774796484785
82.38807911146799,983.60943484978,16.90151221998497,92.77710984068192,48.99076264121278
23.16950602786857,1010.217650763353,3.412873874419554,62.89883872243522,63.143903792492644
58.44055578062631,1012.4976447067313,4.163276523378922,78.98479084853474,60.79541500475377
28.39441427345399,1015.9000468077473,9.0009144178649,17.163501741537303,65.94417072282423
39.363601269002196,994.0616422832497,8.449590290533916,21.195909025797356,65.54170964896682
98.93300746137172,1000.0511535135926,18.12718530996427,53.203468683339004,52.605401864886
31.39964343212106,1026.4024291315739,24.502358384180447,17.655419224284053,62.04768936964771
59.911052276108485,990.7218522933588,22.840489686086773,63.49950702209236,51.24047636391005
69.45245874544952,1025.4777315945348,7.874533641494303,29.165318539469897,68.57763839999197
76.19719764352831,1010.9460482596509,7.359314939579398,79.15326186668919,54.25285697179053
64.77189467895313,1021.9203131156745,28.97374590320903,80.81103466143435,54.32296054987048
20.781667793534695,1019.2484051444909,0.24708724775880375,46.378745575535305,74.69900522747727
46.11690465951935,991.4131322461683,26.391615991806475,18.081063503763527,62.06432375322781
61.416931470776916,1011.284700503863,5.991855573672149,64.67749610819325,58.665356290981826
27.02931993158667,1027.72477340428,28.418529692693035,99.27870182635864,56.806315214545926
48.050154496734464,1003.7663930241062,10.269218544825591,62.25908979425233,57.89727906749094
22.656248703309323,1033.1624923622824,13.21055321679757,3.577469071400785,71.98431583995666
26.28627977240166,1004.8718305055945,21.21361841833143,1.729397576708258,67.50898696782009
51.75386209612768,987.8532100167337,17.63007154419781,32.03619704923062,58.23735798147706
30.617260323444828,1001.418907404272,9.538179891204685,19.578380686040486,63.38682739867442
65.40326786092464,1032.3436323514795,16.614927476034705,81.30512071433081,51.86141237577428
75.15719753098125,997.584646713692,21.921206530886586,84.48056670360005,54.35060128130344
84.04693592872663,1027.7453987926885,1.2700483770747628,25.861877131047617,61.477432684512735
36.012019539584806,1028.468787492504,0.3359791576711235,32.56447769498927,68.69274917274376
33.398606580725584,999.2602588382579,13.74200817218674,23.624696771511466,62.16629570406681
28.36542722675202,984.5791711927848,3.9550985341054257,90.8382547371264,57.48200844128889
70.91441996349093,1019.850685003735,19.93032874394143,50.26493346222822,59.04092826679703
76.5180581189521,997.1331764457692,6.4215736868230255,65.61370440820198,56.67924567661773
22.526891586051363,1023.0607987841665,12.985533203870128,41.54820866996033,68.69486219906746
94.89697969949519,1004.3460166543239,5.930128106228069,63.101419350453114,53.25084875710872
24.157702692117795,1006.6896708288442,16.454507572473734,38.58553767217361,63.73300799333321
63.30370682408564,1022.7850173711695,3.481603781537067,33.96784377292255,64.96791075387777
76.72484155607332,1001.0299832083896,0.6932055836244078,63.44800731734802,60.48037535258222
89.67752989968685,1004.3720039927603,1.5339491432009156,59.10620780489892,59.003963632623105
77.12695457059422,1000.6904757823293,28.627753245459296,29.35279541679496,53.067810141687524
84.13824664558335,1000.2037283402504,4.268586558328074,14.934845031947342,61.96911960758732
47.15601540342448,1008.9270617295803,21.254347594105056,36.857669383813764,63.34877810586833
85.18600909972098,1024.4839694475634,2.0377861266847876,41.51976391419092,59.05611373309331
26.409187710774013,999.8972571557412,3.244810567055465,62.868433342460484,63.653369729130674
91.58533248484221,1008.8340096295756,15.26628754228004,91.45287636368637,54.51100132774207
63.8073900922989,1016.890002899343,13.946127904630309,3.618479753292514,60.36514404505398
85.3838215969995,994.819169546701,28.54740928319609,24.366101254184493,54.78748261252776
56.18546276146401,995.2637542696316,28.34506359062212,19.371594227956034,57.57147038911407
71.48621561572199,1031.33772198629,23.388259276273953,50.22944086937836,50.14045959902087
62.11221287488905,1019.7944015332099,18.063054903820493,42.97008070431598,61.90735615023038
78.52716174042655,1011.745267192282,13.64880952179033,72.90376238201884,46.172672166976106
26.530398562447168,1015.6246029931336,10.685356029852631,24.241591254486384,61.082373827263375
24.828166719245104,981.611469370688,28.41262640926666,59.449836574975855,60.263080477068044
39.768258720811716,1013.9956631058933,18.087264342740568,88.38572635999593,59.5831271176635
32.76357440905507,1008.022988027331,17.372175830579835,91.06777399183046,56.86517790911099
89.74268532737614,1010.016232387869,6.957033653067446,95.87846047250311,52.97317751625097
37.53711898864354,999.768310475695,1.400934536553392,77.32611520799885,55.229551582619
98.0692204655305,984.4810643742118,28.35565739278633,90.5987906258915,47.4529683002828
46.951663341688544,990.6336578486629,9.412057765339618,23.453087198527424,64.10251185663691
34.569433255095944,1032.290959226697,13.277670699733761,19.758094435047703,66.06922959106485
83.17588057139832,1002.4784759249013,3.439198307571205,0.6488083780526455,61.7735771505626
72.69662204007008,1005.6675735706975,25.10772989727876,70.68443574290984,53.87028483164401
59.85565731625112,982.8990384419392,0.8289549856779188,93.74671878137444,57.543932120816876
64.42908407501051,982.0661426249189,25.019722862972895,18.69353450416764,51.2457031094749
77.53614226178111,1019.4449795875717,4.208550383639004,63.69435754268788,64.5886883484785
38.2763793065039,1009.5952065266612,26.596923378934562,74.64597592217775,60.623844904868356
99.70671328453935,1007.9788291318947,21.89317912008472,92.76142351480566,43.61410352552477
97.98345297174265,993.3718491732468,4.940107875219153,64.68602240172217,52.59203556879614
72.02605490775495,1020.9612902396457,16.974539785784042,97.02937327487523,52.32045599451843
35.96339607433161,989.253011850967,9.379689430656583,34.46731410125478,67.30985227665131
74.41825939450331,990.4464109013561,5.346992967347504,34.99285337714076,52.84113420891131
25.775872718334067,1005.3391694241551,25.77546598233325,54.30125100143456,59.06219450022865
22.452200176464487,995.7453924161567,12.105682995216881,38.35018811159071,60.08564054243263
40.6146310808971,993.6104639678231,11.956311430961474,0.14257282875326238,64.79645366505272
57.009836539145304,1015.4880704504333,5.0966002441986005,73.17720250869874,58.52221839614528
89.46180043267044,1015.8034459870199,11.49197028257336,75.17170414784835,53.56522107425717
78.17352558130465,1025.3484388389961,26.148505389865505,74.69746046867705,49.96036233437605
79.41652169599848,1002.9739711835136,10.893861314689078,34.50206666104666,55.4697797572132
54.03946675584603,984.0196800064383,28.548106874993643,52.22894733111719,56.798494756932286
47.674799403757035,995.0516511706802,28.389266976251623,35.997351817666946,59.037759469615125
49.683101038768214,1033.900300475825,4.346959779220381,1.603640003064577,69.34271074650223
99.01196509888463,1012.7942216377986,5.319337605679346,56.244894127141876,54.299847897615535
23.2087353129986,1019.0355396640562,25.880222109956673,12.376066608401104,63.104754686775635
89.36251968979589,980.4046806293978,11.782827567741576,8.00413240914406,56.8692143409773
66.29403268579148,1008.5013152700386,0.1312194684902801,75.54990686967872,60.822636501441316
55.08923353516724,982.0640761642492,8.21615459116113,0.9506202418105625,57.35875064624421
78.02061283321092,1011.3076616650296,17.9288697958668,95.90084436087261,52.77726533489561
58.93351531397623,1030.642396729984,23.97797897879904,51.52553641125769,58.19654547650695
89.87385904653284,1033.2630521775225,4.001658512797786,98.30164307061484,54.171349874529525
92.05614912090068,1009.7303971463908,3.31624093250206,5.7997572472708425,59.83981243919832
53.73767414987643,1005.2012642888719,27.66277960716995,58.35295488659133,47.86510999855639
42.14622377880413,1031.9759401836673,22.53445103467748,34.93270359759112,60.2093152047482
67.38802628746897,1017.0485407598183,17.693388023342354,84.34824928142858,59.77084687215463
92.98906764933528,983.5694603746125,23.075603699877842,36.122273523428625,51.77443934744537
36.85297512045332,1005.6149067717124,12.865630839199154,26.04875790573491,63.47447214451777
69.83732668507862,993.2134760155367,22.753672419273798,85.75531270999133,51.75481550301225
70.52481760740164,1005.8392376796775,11.154089738236072,37.4653091653261,59.93341830417577
78.64904179322248,1005.0506064603499,7.322837174778071,1.6833319860561469,63.41575287092
30.525414810180784,1012.0179641548108,21.87040263878906,39.028910083933376,61.62535238877956
77.26599717456708,999.6223769692089,12.59016876471805,65.45222690109419,56.2860339664973
92.72260165325127,989.034874720076,29.441313129785847,25.435953880638184,56.28775255620191
34.37464870961936,1007.7045689024476,10.48455546924303,43.19875924251573,67.09369824124113
39.00346599391021,1025.661158639017,27.651822615931977,5.671513828222552,69.8301503338043
97.71160752333117,1016.5206725437181,27.988876457012385,58.80927915139572,47.331813251829146
34.47815621675918,998.6102326258869,7.255588411942384,75.62949238603937,66.9369979011589
88.35080746956633,1031.453766251737,23.9466354476404,41.33125614011103,51.340349256747764
59.38222851584278,1030.1714164187051,12.992235154336955,42.023263280146004,61.75030096859726
39.778485952254165,991.5141619661255,27.525741816910443,8.828249858491644,63.303527730614235
89.65999210180091,982.1679671816199,13.503728179057164,20.194086451198256,54.31392933542109
55.62442040021324,1020.7719789592919,22.329111520120982,15.467530312791267,60.931428625708975
61.18538831437522,1025.5185643742034,14.009022274913935,48.16877686615379,62.21855991714659
48.73866955198125,1033.2325511273245,6.834022671385686,52.925554095075015,60.94513892190764
67.4360681147942,1028.941001674857,5.9805038683405884,94.894013128426,61.963733211058866
33.08190980680182,1013.0294122513528,12.762935827690367,7.323150427723391,62.62851415371134
51.286522932140855,1009.152878656681,22.66483971042645,59.98679731550472,63.02705732178428
97.552985786823,981.5312578194422,18.152144555423003,52.64985273282413,53.882256491671335
40.6506746160902,993.5661045764627,20.6588786970163,51.62330979358292,59.081281803920945
72.53893316330337,1005.2788113453109,8.469790521958274,87.31592873828265,54.01958591605456
46.01520513797559,1014.5677145045962,14.443060378728166,20.55384706954865,61.904270160868506
81.87785005492805,1010.6488508325126,1.33185794907981,4.077327434137146,62.07773892228933
30.469892857467986,1020.844979432493,24.52597247874362,67.22715076341925,59.60816248327361
97.58568360628358,995.3871811987873,29.69676486719624,34.515746413598016,53.75786251702581
56.30316331069114,1011.072393420886,12.206371878740127,1.7589916212524592,69.7110712420003
38.88403706771712,984.8478233864936,0.3289095939463005,25.13740072904138,67.0662276804543
25.87973978640101,1002.7516037970764,5.093779186528421,30.932677421681188,64.94315872958809
33.58063240700326,1021.2588458125031,19.575806332512567,61.683837678424204,59.347422252138976
61.58191588448141,1018.1370469385975,18.362379546115775,17.25857940492721,59.96764090211471
46.9602541145029,1034.4853505444698,23.635941587566318,41.3054347953398,57.03158940819426
86.31066927060876,995.2840119293265,7.616520328832045,48.247544441783255,52.56400224270894
54.47100189294447,1007.4004114545688,22.908957466414023,45.92373913640909,64.01560931384394
39.89714180701039,998.1241727575698,20.639520645710093,97.39407666667817,56.89682992232822
69.37159892832241,1004.2331712732546,9.684434931415298,4.550423779029611,59.47904497546459
76.54217735083566,1027.1322571428163,16.36464444170886,95.09681864523994,55.354867792114035
33.36335263207599,1017.6314991353668,4.418214254949802,58.19372139940333,61.40566742049302
33.40953730306541,1028.534265524117,13.576935103067479,79.57277149698383,58.08184838636613
22.933714154683436,991.1931109582538,26.43592018666923,43.039261801607545,58.746419121138985
78.91216120525124,1028.034861481279,12.635741394761723,45.38378812569805,62.4584717223123
73.10436220974441,983.2869250798111,25.18700119426266,87.93264990158237,49.27582018370341
57.97047005998511,1028.8729604240434,17.70760095779083,89.59344962919022,48.53985073747359
87.53363591753578,998.0990578703401,5.756301393070703,23.868888143129762,62.07552832699196
84.45361223600426,997.3023198377737,17.433187340936893,19.924187858461817,55.35267500171207
66.82834915174017,1008.1648717184265,15.179499874711905,49.62351738699511,51.98936211870324
89.4617024410607,1031.7379603247778,11.95924005589152,90.02770271276917,51.70818635194736
36.46729680294146,982.6279750574773,3.58891318548211,32.23550934061763,66.92196712805264
28.95356955181823,999.372703628891,12.501259915416895,65.20146153391313,63.50258831041455
41.57996892135917,1027.1114593775835,2.1828712871888136,70.81516877406011,69.0317766506719
24.56694848714519,1001.7829962589507,2.9630715419625373,77.86746648941558,61.857808784932566
62.49356224008256,990.9536293678386,12.47749598798148,56.392445792096325,57.773501539132994
94.92845538359691,1003.3636799732276,9.16144445905391,40.24551782789696,53.286568514659066
23.14748325348077,1001.2053875820418,27.766329775866705,96.70159887989729,52.27180397833942
29.768793120802144,1030.3478910806687,11.271174161408116,61.133075330285266,66.69673922524944
56.175922262674824,1021.9063906658704,22.735743662163003,72.85652116332709,57.327218386069234
94.7100014022324,1007.7813555659203,15.907425790987283,34.49828456958783,55.21907014808466
45.29248839814004,1034.3603811696864,21.122570059270064,66.99491810030801,60.22067660400023
60.57878469507139,1005.5902642201758,7.803479490461975,25.779766216412593,60.06712313655255
23.325828724031368,983.2030806951151,28.25714918514987,24.509691752863617,58.78710102072876
31.86745607696711,994.4250876998242,15.90265490743272,71.47222018094264,60.41638587162238
98.93040983670775,1003.9838764120622,24.93972213855749,52.13947362629351,53.39733936346831
97.20949571488364,988.6296443280366,10.951370804283405,68.32766104223897,56.58393723779959
20.395198474752767,1032.1160819478223,3.006340471515736,26.94384907480917,72.7045685832586
96.14494283385912,1022.1766893799775,20.211349431625464,59.87233410567304,51.71022534406431
71.12959502524004,994.7557960235275,0.23278945012273455,44.393364970311254,61.32047781519934
89.43346356160177,1012.4942493434854,14.258789296965249,59.69602868455279,53.779152398469726
56.379188450708725,1019.6797036410264,5.784057079993778,29.087973224421937,60.47942773098427
61.24768228634002,1031.770341089874,18.821265133060866,71.54509636491238,56.72867944281737
59.10772642055362,1028.4899442046476,29.382596194135566,80.59293661594656,49.47587437452778
73.34914060368834,1008.3355724376017,13.932087189619379,25.991647385772364,58.39646654037507
31.172100380505032,1022.605894088616,24.52494769577,30.062055985564207,67.60053463547021
22.397887189814234,1010.9179614605172,15.23352560853363,66.1154269719093,65.44799748841245
44.63439532729527,1010.3987139525047,14.875200933120723,69.55851743035441,56.66795007858778
76.37446101893174,986.3108077086006,27.912704795363336,70.409968439745,50.168002272556976
36.14827616983587,986.9375711908883,26.698976062400444,68.26985047758369,54.41580043308913
73.87459466599338,1009.1243488262352,23.57401395563923,39.28077169525388,55.060278224088655
97.59296368858163,994.7873849738454,8.887672599503523,39.48536744036784,57.895126750134956
27.512057263153473,981.1570296353258,16.350252471718218,25.481762364438143,65.95239230378512
73.8081694580101,1019.7561562145116,6.71691699917055,15.683369989636297,69.23755422315142
55.50001754436569,981.7867628179591,13.317500941396194,69.25773793969057,60.65390581806193
89.45138035020042,1012.740226260723,14.526391972793718,9.318878597231283,58.326794860155005
34.17198315579087,1009.6556586770023,24.949201205079927,93.77922867867817,58.552240200547104
75.41007617809316,1033.2848079817793,26.880850959749793,82.66863036714514,51.078848200698125
87.04922317184882,1006.6317226641203,12.438601871894337,85.7505739957256,48.85567630189637
95.56913755792186,983.4980790007788,0.5311333521971162,90.66688146151903,56.53574840623464
74.65984226317167,1010.3428382293554,25.85321519368064,40.86049707232401,57.509568056287335
59.773981120674186,1026.2602893838855,5.228360355040821,84.6700723350401,58.28045588790898
69.42777921609711,1034.8267106354792,18.656458916711806,15.806130029164933,60.872103622287476
89.51239875829745,1003.668874552899,0.7491270130239358,2.1641794608235676,65.0822966204039
65.64877973110637,997.6164308373209,11.985194257816929,78.48913946638501,58.320964830679905
22.43096477574695,1029.8659313323599,29.578809063460493,7.47966479969393,60.44761333334262
94.47589564055822,990.5183170991867,3.020808033114093,98.85246673259216,52.51680905546731
75.1621400825249,1013.848590326811,12.710794559989269,67.4796429601556,55.20065794741885
74.12107086217972,1002.3142933299521,9.214498505698565,75.34497102421055,58.98219089292568
37.254012191817374,982.2595300725555,27.15264370164793,24.580385627786594,63.040815814842695
72.71083761861257,999.1008660868134,26.080203237220655,67.38653939196881,56.10225852455212
51.50915245233268,994.5875687376471,7.130962809186865,4.321993725495721,61.57494666515898
72.09863816331936,1017.7350134668918,2.435633611512935,83.78257199236009,55.23075604974201
28.527442424639258,1032.1834773730554,18.814151821833526,16.962409303157244,69.28993933992167
72.62762436824289,994.742595305825,10.091061356511293,69.73580668337705,54.01899283717124
99.95309806165332,1024.6306266533425,20.162531718181892,22.448050123272832,49.59148447473548
23.856963108844482,983.0447899316125,0.9635926820344343,6.845316942604274,71.55251306786307
98.17393473770538,1009.5966555521898,4.001977055324683,48.14936785493943,54.163676998407546
52.55263685782965,983.8802535040442,20.5911669831793,16.928621027278943,65.33960549443539
89.66027602698074,1031.3718145121852,6.3711196590749335,72.94439883265498,56.266053017024554
82.59083872466188,1022.1493204306564,25.727630272872048,23.756584338348485,55.645690553166084
65.36130087893342,1016.1872451162526,1.757726631304063,34.24725562358289,61.556350890250165
79.07593674010613,1025.3143009893565,6.464459483567238,56.743925126447294,62.768058649331664
90.28124490410784,1015.6135887563589,29.95680745455206,28.496827757731158,53.38907211005114
52.331225732082636,1033.291941844586,12.99228307760378,37.79881162099616,60.9845195604218
46.16265292505909,1019.2676871325624,21.088969906339305,81.56217710403867,54.66684178181938
73.40747084508678,1030.8562235270235,5.47989146571041,17.920984956102572,62.19905748770947
84.62767535530068,1008.4422540605851,18.29606204956613,8.220158948193369,54.478970119416886
80.98281078212926,986.4385427140024,21.783182051082555,32.835778513301925,57.32409462244275
83.82509190869075,1009.049774678266,9.434299075995316,42.437676701387815,51.60961213364447
54.84666518503464,986.9780055434701,24.866913359276335,54.265928213656764,55.275575762072776
85.42673729400173,1012.5871413547022,18.102527354168497,37.24236961750071,57.01485428740945
29.616724429648677,1006.5371183290215,11.673690288450906,78.99117002228051,62.607618155147364
63.559127836867965,1014.241646880803,16.729271800294757,3.9319487668473263,59.38707392923345
20.460692839849727,980.5525839580157,17.302825423077728,43.1767538198558,65.35392889110491
45.96686639202162,990.716227041045,4.966058780815981,38.22559146564046,60.77593894522561
49.31692278971183,1007.0231737551672,12.081971096008985,64.7578490806859,59.615113861802364
51.69381532874043,1032.2776958874024,10.302917640584793,96.6276251897396,60.18662082680075
75.63737653518898,1001.0984972195337,12.027081677373783,51.037540662886215,57.997298074608
51.08464810162766,1003.34046143295,22.83331765455774,98.68768469417205,51.84246001864226
55.895489809802456,1019.3082848953642,14.47615222400018,30.224939491319745,64.94345825873167
39.0035304699462,1013.2086016507365,28.20948459717793,3.0868132542461013,62.63858200035996
49.860143330347206,996.4409382554084,8.810292400753086,16.566316747641274,66.07972382348214
38.181570181052116,1002.5949017562085,12.47110734854787,39.51248847745673,67.68508764777677
25.85567390147549,991.9734889371477,23.60870431437124,31.63339091885522,65.72030276648718
68.27588747051024,1033.1311802521614,16.38073779962251,9.705413098337768,64.57263481073039
73.45702388440131,987.1848909856548,16.41084439273343,43.266010769071684,56.48288988660532
69.55922768076917,1000.4510231511531,1.6002048901555055,33.81157716595627,63.86098474084689
57.07952350404579,981.4211434721007,11.957989881553674,12.261922045743844,62.365255702922184
50.38286241433838,992.1978720563451,8.122011972651975,29.61171306119089,59.103072078709545
89.06669196574602,1022.9259126109085,29.98005368493346,88.64360553553905,48.87876222301308
61.526542810897446,991.0646377758884,9.250652118969308,30.204886548934017,61.45363308695927
58.33455021037848,984.4034871390932,26.534896043815905,71.39554232420517,55.03177764168202
22.051365264514857,1006.0949248914487,20.287012051214322,61.20470796577556,61.58397163027492
47.299826210092505,980.5483079103985,10.227492275762714,42.718116240837176,58.86826934640286
50.41564950286856,984.6621384934483,16.30603135122371,23.902563680366917,62.80494343159806
51.90582247175204,1024.4194228259637,25.216076398475813,36.901469934594544,54.99494998613248
66.41378953818659,1022.4310339672784,26.501048940927355,59.210721347104275,58.949510392532375
62.68820373815028,1030.3326351222693,4.811816250184356,35.07532147493549,62.10684088001232
68.63240742347557,1026.9983489750912,10.18719423624509,21.489643357423184,62.255687333995695
81.19066092337026,1017.57465597819,10.056695406407151,11.64627488916321,61.75418571773193
85.03885909728749,982.8783071515364,1.2613438822783407,87.97669379095653,55.9778960821548
77.44984609811955,1023.0566739892662,17.947132795556897,44.031297575190564,52.068550140093045
96.44189567639478,1026.5030945962308,25.64460158976564,62.520832174293005,52.65328220263795
21.45860661410893,1023.9495180174575,11.447231634765533,49.041036113680526,66.86356041592495
35.662238854683686,1007.9663469419414,22.20107834952531,87.25665183579633,55.53273216155425
20.605029998251368,992.8096011257215,18.831012408022197,54.69348524482108,60.289396770862176
71.79797713236823,1026.49314866288,11.269462064790025,48.07814179491133,57.624253270699015
91.84244391599896,1019.9939545357076,4.231793984768912,92.46009904217127,49.67241011463106
39.47858372610394,1033.9418645913868,21.27971558327902,71.96895960453546,64.52524353351836
94.16276358370453,988.5630928765763,25.636955068237214,11.154990734685732,57.57492512710324
24.821391223164866,992.411552067863,20.575634772044758,17.770446119681406,65.7628096195819
94.75488214444114,991.6488982434827,0.536354521044542,78.71228629394419,53.3514568252702
48.12981497917075,1023.5896872191735,6.4869868317297374,83.58513211799543,59.82423400070707
28.11366627593732,990.2799013047565,2.0843995465059573,54.51908290902965,67.78571670997272
58.86974073490605,983.6662906402819,17.111582987286802,55.44552278666393,62.07613364412641
40.542125417640634,1034.9208443622097,22.694330365212373,63.19329628514445,57.87527844893742
42.78983215695383,981.3649466294833,3.317375612059783,43.911577428263946,60.141094816490224
44.58319719410292,1025.9384233087376,25.15013461780156,68.01991234839039,62.263853031698254
84.24207182661307,1000.0951762852859,16.665269351864495,10.848125756641569,51.97191311616868
63.132902134020355,1026.28885028668,20.699070364251746,96.12792423673864,50.69102473660417
44.90461593248029,1010.504127016613,29.142055458259385,75.01548237949217,54.6571465583357
68.82670266487347,1029.5897176217497,2.51042964743092,63.11742040090069,55.5012818577941
77.29205393785548,1030.9406142528044,27.036720689333677,31.63220570094807,58.690507039444384
41.8099200586827,980.5003999704427,3.783080879622279,16.095548745672914,68.28582968197121
53.08392812202812,984.1476696796034,11.788764199100468,40.934296382894466,58.457003126827296
29.750887466955803,993.769730126397,25.543160889933432,66.15767405740584,62.448594295469924
34.491947962774425,1016.8123478999926,27.187627102136044,63.370974342311094,62.97999428387611
74.48942831719862,1028.8549708081327,15.19115020635436,38.26411550655715,57.78235584776217
34.515067815650156,1005.296807321168,17.823139148262754,61.328639383312975,59.320531650064446
62.01307069336481,1013.3835213950846,21.244420037956715,81.37482955675476,61.19109496099654
76.72370093779462,990.3674919037559,24.982760053581426,2.6284772337607065,58.8136618096373
28.55015384757951,1024.2731758634927,3.645335086129985,45.06210479302757,67.94107576133463
65.38497757031229,1033.2030461244408,24.30207924687683,75.85552284667911,58.4670514098961
40.525022696109104,994.7729413103028,14.438284515348503,54.61444704633772,61.63922926046066
97.03415001900639,1007.21542733803,13.51870275324507,65.147608792907,50.625148441168854
58.683651737593976,984.7363860778505,12.716992559909947,51.6676392605342,58.514727683117364
84.47940398201266,1010.7525161054633,15.276347557381278,99.1874544682311,54.120069662072034
64.01812337250094,1007.6530893015674,28.351516601838107,5.462153648903822,52.20199692476808
23.473002628385533,987.9440066285292,16.44611318376455,49.10448217723773,62.09283078244552
70.65211004752179,1004.3136417214942,28.595326147894177,9.141654911451768,60.843737427586625
96.11226737653256,998.375755864761,5.408703918469218,15.978556211357041,56.35212444830414
68.1289456117065,1008.7006981417854,21.724079364978994,38.30383504182618,61.27168512061883
85.53510875414321,1012.210988448584,24.367186158262417,15.554009150048731,59.566287411331814
90.73651706787263,980.4672568233965,20.373864940045856,96.3687165956651,47.608661803623434
38.2463817559146,1021.8553290622256,18.207668406796213,94.67897767251591,56.305402668934505
36.96358719265813,1019.2157860523957,16.944383432585468,33.61096462206038,62.43704371283701
68.87847910807935,1000.1457512413588,25.827914477360878,63.97477120376796,61.09294134380509
52.882277584536375,982.911476456285,24.649397914935,53.37533205937861,61.57501471788664
87.18890422933762,1021.5212896881778,3.668661635417986,81.55869805157685,55.71682761556604
92.00184987184089,1032.5346338262973,25.457629710926344,62.74456098169422,49.29267491114741
48.27371034421745,993.2083377812107,12.422058583213275,0.0252454490562104,64.73086578463177
38.94964471795856,997.793853755537,7.610904899874323,76.31743856097388,61.79266691253151
82.44204121950895,990.1097089214999,26.093057040417776,74.68481212961181,46.009956730632204
41.984482843850884,1011.7314867839661,12.960743989012249,50.972270556648105,62.093743210641875
85.80914548109428,988.51627670561,24.2509407053045,90.29189732330538,52.35040525830489
53.89906029190102,999.5906668903758,7.902108358675335,90.84462056904016,52.257600852988425
73.40399194331764,1018.3357157663845,0.11787964266653406,52.39116767043972,62.98181841026767
27.642825106773454,1010.8063790655142,14.863775787088331,60.79882311965377,66.8303755104245
69.90874597412585,1001.2554410380365,3.006847699286528,99.65220719246723,54.15834520990046
56.14141429897833,1003.1137280994149,22.63127866574729,29.88202348114175,63.73748270877485
66.92867705403793,1010.9160985442776,8.28225408208231,32.461724231147734,58.65882973730797
33.441136619589074,980.3225600337938,13.309369398104362,18.277390266349634,65.73044632316054
78.94989959553456,984.3180427649486,2.611006952746627,89.5866939157868,53.79023146582727
89.02376620345828,1028.4691937269656,8.59977745341758,74.44883899492663,53.75836226412355
37.33918400726205,984.283344400021,23.44470729775716,10.56428488702419,60.21223935023617
27.657164441612938,1018.8741977915778,4.547637357069584,98.17673511979656,64.71107153915612
21.89108688370691,1030.6020990259979,19.414786833808723,73.09617081611161,64.78544692793713
71.35772003546128,994.8875982365952,27.522775584135037,85.05221096049745,50.213708552539494
68.56752288710246,1000.3770290382732,20.39510279273161,4.8150789173200925,55.166066075880224
63.7357930171256,1011.2906773214594,24.330650678766805,50.49609189421677,56.978418618963666
38.555767689278035,1028.493993330122,3.269148879117474,69.85982867270393,65.21636414444959
51.27247967244117,1031.804807299323,7.521954780061634,54.29465845718413,61.70711393535735
67.55810681489385,1020.6759786461198,26.83616556721773,66.66474656992774,59.2527958677545
59.741348708733554,984.7640868470081,21.453168408542677,81.78740635904725,48.83128876200889
99.02284161719098,1016.8034785544168,19.186614791319336,37.43370629601962,46.37551156732592
30.91518020453865,1002.5667047029964,19.913002083651,84.86686756187098,56.505286532483616
75.6115643238075,1005.8885549720084,12.426016629139303,16.291610476529073,61.61524815717641
52.34550144834337,982.7031614689847,1.3366989485295966,27.088605502637474,60.78750415186297
54.25596919404918,990.5084176640497,23.53324626212187,4.334561992732578,57.30895204692732
77.4078212526541,1023.4782484143507,20.361397086460617,36.44268113352511,59.17525699491322
75.39489210594957,1004.9677358176323,14.18413392338174,37.99095448241203,58.691809545767704
99.30047949617506,996.5914232897131,26.992788461047724,80.52705972072509,47.90940584312754
30.27154315633002,1001.1210490680727,10.084789949552967,65.3130670289656,65.1021543979645
28.328771950733305,1026.9919732329124,8.829652326937078,43.672255815566665,64.85359072990825
77.94710537029928,1021.1949459572726,26.183889752383283,65.21139786237482,51.255895543485636
66.27095336051272,994.9773468449596,23.909629642769563,5.278335051569116,60.88811447258784
41.93285332478447,986.4626012116805,15.449394319450342,18.027153601837608,58.82939483939636
26.35354951911893,993.8599021904239,3.922042183735499,62.6947855241755,58.37711073268557
26.852659967714445,1030.6416048080105,6.452144143951574,64.13668192253023,64.15394208648938
91.53526997312946,1011.9873860817365,19.6868397122642,77.41346587074271,53.42703761677165
35.34938597749943,1009.3414114809631,11.55123713521235,40.29997590536022,64.72612030334211
45.86972496924166,1012.8016479830853,25.094195749979136,72.25540966161562,59.14949997588218
38.13251217815904,1000.1315546160583,28.498650279966125,68.39803325601895,50.63999719617593
48.39970446655499,1024.3908861175732,24.16910775824755,96.33933783698491,55.912746233169486
25.55390741968747,1008.7807437115138,11.326362689866714,21.513022642467917,68.92710466557047
61.52478327266163,986.4211346522837,23.660592876942722,55.16795637526395,50.84715089810325
25.409005087377192,987.0985818655985,10.543250204120504,60.17644421104693,65.80883719524311
84.02852062578893,1009.527253057644,5.013002632969017,99.86478849342207,53.19982160120402
38.69696655283464,1031.5113619938961,1.0017961459757219,20.11841421666517,77.80999742782151
63.20095316836085,996.9593666921909,11.5715013828306,52.32180199672922,51.78790398029732
90.40632700491666,1027.824764287257,27.106779110918456,34.618530771363886,57.11320738433831
72.07018952377553,1022.0252572618383,7.169597632670294,52.58929685789998,57.88846441552941
62.636622924106824,993.6296843598799,6.19539494789352,23.212860210310595,57.09236123866081
45.94670024923005,981.9987411573933,29.09462355723121,4.761237842748811,58.15252426148854
46.64015304465583,985.601599582831,0.7501233855177636,57.25654538976889,63.492424273066305
73.5589564158552,1020.0671663616092,23.57346451181263,33.58543158608322,59.3010425459414
99.5311488976934,990.9818355922356,9.64109867222611,18.194140174843366,61.00968807138794
72.9471351879503,1000.4199006277967,1.12463870608978,32.393556607803376,65.46776080788563
64.622673389602,1007.5934541303534,27.53407620628751,4.928020144774492,55.436430431506516
78.45204081913968,1019.9007492647589,4.1892699062875085,95.04422340901033,58.767862575225045
57.21644898269745,986.2277172792519,16.553378511770863,58.114791497326046,58.252968267399275
24.811387408062817,1002.3501522902604,8.221626222886433,81.47686813470249,60.83493291111622
64.98374527023279,1006.6790100028483,1.955784065540731,42.31181975477304,61.009975232379546
96.61002276043041,1009.7454885184347,1.4976745699013727,90.33146675661857,51.167852165333834
34.02423538861277,1025.009835276737,3.4667009650901637,48.33182215522533,66.27481411489637
75.20039126565325,989.442300727377,2.1410104166814015,57.39453222006694,55.98184451058903
36.07469509272452,1024.4307298504643,22.81674346559769,49.179398006265686,57.8435050035569
62.8662147578465,1018.1083135233159,14.566986068502874,73.32782958676516,58.22378482653704
27.73411597173757,1010.5728947809428,10.28676274046939,56.665607760206235,66.04405073432216
56.02967490065481,1018.4740328721415,12.551067303960215,27.159892358039773,61.46116086487936
80.49306631161969,1002.6609756423411,27.8684020671787,14.55395313226463,59.00401622338276
47.80572193911857,987.6118672282469,27.322554382144418,60.612438888297774,54.87269093217683
73.19293795897744,1016.6170882145952,21.470294403677308,48.91799615470362,54.496405906064965
83.63599686317833,1008.8569768677092,26.54047132265063,9.597569669611294,57.38742308803715
94.17422555835621,1015.1656140298527,9.589440827628744,39.56174657932684,55.520914039357336
38.77136654843628,998.5899329565669,11.433279780248485,51.47764220004536,62.40575420200991
51.94527326474465,1029.877661753691,18.411365455626843,82.689323382559,49.62401283406732
32.19328106643339,1012.3053427716567,18.708778418917927,7.610105583336235,65.4273406537188
99.39868017267001,984.697136635998,14.450995140370228,34.84953482460029,47.59578405606506
94.16007743394363,1004.7392194887436,12.019735453138598,82.26561227103853,47.816522606493855
63.196570422444765,1021.5995830108999,29.585409348260853,64.84239317715787,49.79478634956493
87.3626635501137,1023.677400895275,24.63370878353173,28.995832180378677,51.23685327237924
61.67663818176337,1007.2028379020068,13.049405936641357,84.53351220226423,54.365023749577524
69.88685504022078,1029.2111163957215,21.818774317187053,49.329358056269236,54.82489632936098
27.12995456928133,994.7217640456863,8.086850797573785,49.83518913104605,66.70367515932949
80.42163363974464,1002.5829283481047,3.0050797871198967,97.65873392003843,55.14326686998353
30.217078690818788,1029.4228300812933,10.57293076658222,94.71165032363784,55.720963395638385
86.08541042020227,1029.2941194059367,12.089184003701826,35.85326833698439,57.61827965796334
82.56224701363087,1017.7142022853575,0.49611373682012405,14.05791286630823,63.03033531561026
76.69957581943811,1027.2439300917222,24.443760049076882,32.5666732278094,54.88284741150033
22.89283044198097,984.8825296825928,10.775802071675445,3.048326031138804,67.84090208987648
44.250268475626285,1027.5747236914276,17.41254497340441,2.0767886710391203,65.5170997154701
41.04900559286743,997.6340948602625,2.2188956181286787,39.55221362514192,67.32291075384362
48.810912597721526,989.8082331835519,5.2499048625175195,94.10198226972342,53.705417678088395
27.011419741107083,993.1653409988126,26.6908117598268,87.13573412322077,56.298387893053146
94.95662584248502,1002.9882679407638,18.260625836484024,51.1442833917623,56.744346004969
64.3041792569901,993.8155602532457,28.508521505114565,56.52263811708307,57.7080380208299
44.44194485264188,997.6312172309074,29.962501031739507,0.5933496746056477,63.253674512764015
51.75852136594267,987.4238167339403,11.155803459992832,21.55011558337655,63.830688404664905
55.77620324038685,996.2897221057449,8.964091922498238,2.4774126934383744,69.0098466472784
68.04754666884938,1011.4756097998101,25.7506816547729,75.45395326953876,58.53144972122867
61.25435421571982,1004.3019539450086,29.958342811123625,14.564579602649774,56.94193299030893
93.55135785715339,999.0695318679751,18.88923702697372,86.90471024768169,46.34709418972307
59.75707863246642,1021.0548670871412,23.85422167534567,64.33243136757882,54.957606007499486
99.372641185865,1029.1430484266325,23.452375764458235,22.941867651571336,62.85146894726144
88.11399661960766,1021.6234072596318,10.66019124658641,15.772031708324974,54.01295742095594
36.680841148586865,998.2600386164723,17.228111407712618,62.762470092305314,58.688632494470035
94.4476171715133,1020.9443192310655,24.991708237926407,90.08369802823235,43.97793383429753
29.309311830838087,988.3589100360729,20.643416287831663,71.83602189143816,59.604515392176395
85.39597667929533,987.167489345021,0.6349144194611478,34.85466516033776,55.12212816752963
50.4498634781264,999.0094870369887,10.101170066926006,58.73835952686471,59.84228561237907
90.23794563560556,1024.4236302974232,4.33427089783816,31.076169537242137,53.0213065990609
89.44453520859602,993.5491535983266,6.989166362341173,99.91495667786589,53.43765973308305
84.4740320094097,983.4789374894274,27.16468432473977,74.88391884618511,52.55320387868982
83.20243490456491,987.2440244363495,1.1067986673230445,61.438163975675366,55.665812090694075
44.37433112784326,1027.230973269127,6.594021358857712,42.32591427658292,63.99312075852042
26.473542644100174,1014.8580806611009,9.287080567146944,61.81522902595573,63.86608167377188
52.23841430121291,993.9260639853487,18.506522158991846,34.16160624673348,60.10445340042044
33.88196119892069,1010.54127039305,16.023050702575965,2.8864839458030755,65.98816648367638
75.59608711219694,1009.0168792333943,6.548084485601583,39.508852235663284,61.527883659544855
47.687978123022845,1016.0489788142364,4.927232016694633,93.0480819579867,63.51222527365627
98.04881606879319,992.8253154931889,7.103941037883565,62.63010947738658,50.77708252427021
71.27776618762655,1027.542164295692,15.075888801049667,8.39557030709016,60.04141834053117
85.79844509074887,997.0152709144007,8.135333571336103,88.49936133950258,55.6019201197437
30.601973819347876,1018.177240968693,28.428075048231666,26.887484934151484,57.6137688648784
88.9611585818098,980.8868555504719,13.915956642865426,24.376949308272742,49.549991483832514
93.82057524107155,1000.4961421441781,1.763880496339112,29.70909687803208,58.808009383974486
58.96495350551487,999.3440399877345,21.877992175099003,57.720223612595746,57.530941874111214
68.5002350200782,1009.8916435720658,9.865358646269689,54.46880934339766,56.12988551697089
81.18478407223964,984.0004943977458,19.604667961747428,49.141375462288174,51.61387197529261
33.98709018083301,1023.4572255549359,8.38783111569696,71.7536863512627,60.72239584282454
60.205286117075396,991.9779440972163,17.122312251999595,31.6537731334959,56.23466921461446
51.89304222178505,1017.2370798185106,23.16457514422394,78.2064521572431,57.93835436265104
31.70991937297993,1024.1766667784252,27.840262253236617,17.532167837859912,59.30644431385916
49.40275378332252,1010.9032325932832,7.833814332992311,78.26207890770092,59.009727756068756
25.453784750839485,1020.7485763697092,10.045708529969435,66.38101052502829,61.473958865123265
22.06495255595896,1016.4023171718253,13.92799260857819,68.32083095475865,59.03281824725029
30.81330313238582,999.5541388433604,27.815245132079667,48.155339712726,62.16446614807886
97.0492089271339,1024.4872196468461,27.041605704319714,66.70015326808647,47.7662180927563
63.96236287160136,996.2085753437041,2.696348403019141,7.97970465594574,64.50684535103977
97.2657728922576,1011.4167104763335,3.9578947726143254,85.15511170493673,48.54069221626315
54.59983026641056,1020.9968756527846,14.865275319919148,5.5547233487646,61.26338542699943
44.945290646820766,1000.842575039688,3.198578184162705,14.874150987149747,68.57059642163676
60.49134902721953,996.6522184189583,10.367426200460924,57.67897084972363,66.34802653211821
55.16093509063281,1005.2640305595053,4.45156134652433,73.94114554566914,53.97959078532974
28.453174740939513,1024.9879921892034,19.081210653956575,7.625156434625346,65.74790491229976
71.2661051752165,1031.1456969730116,28.48486295217485,92.07648141223198,52.30541964604621
37.28305460076797,1009.979587707294,29.902013108831444,97.36076488006987,52.69406039084526
69.56703639182636,1016.3806412928009,11.257233974907445,60.595017300771104,60.106826276131905
72.01608739185227,1029.6800492231403,17.97037911343837,48.12434553768365,54.44204842679255
32.16198825029185,985.4200768277118,25.688029605722438,74.13949722797497,57.70088063654601
24.907970168853453,992.7643217826391,3.5238621838915196,32.835735232720545,65.90033726789193
82.46092688547519,1018.989500343837,20.68693233155895,49.32644341051065,57.93088567406593
56.78403390154561,1025.3059454051765,12.265309851752047,91.61510268144013,55.07000354441518
24.65310364043806,1027.1365965581817,6.184384808404922,95.56554252415336,62.14053732336853
99.58930537358137,1002.8308947270212,12.082608562423259,92.7069116051185,52.57470202651982
24.62244487970933,984.9136946260527,2.2788086089475055,26.244806696384014,64.94977838785954
75.60281830868425,1004.0779812514791,20.862214457679173,23.24690402167634,56.95364073789334
98.69431402107308,992.690402461388,7.582280062453592,29.766450592931427,50.15897990118684
39.13440833727405,996.0158050248143,9.34216935134634,44.131111238846024,59.840639337569975
31.379949494975694,1022.4747156260628,3.632438947243882,31.41674127919636,68.91694098932189
29.71079515379431,984.1539897314237,25.939773416696752,37.4212795739058,57.45880206749245
44.262011805407646,1025.5169669614386,14.803328378482158,62.063695212075956,59.08173040058841
28.083664880851735,1003.5217997203293,17.16440633359201,76.2525677093976,62.01627446267943
75.37290733553056,1012.7835162105328,17.08298049284564,73.5558198267917,52.3126354152962
24.983343850405014,984.9308727179623,12.314793436240253,81.4423567079152,63.52417265511353
60.75377025198318,998.5547493096503,5.775897463144184,3.218440321540217,64.77466320553746
99.73574830823814,984.9335505458165,22.353982454952,4.773378967875608,54.7736631802024
85.11762156048151,1032.884904758461,3.81168796073023,78.93829606886294,60.00266407679021
69.21755505848087,1024.3993907129438,3.116213708364315,53.307882232463186,61.50912755189967
44.500289662928935,1005.2798014896053,21.304351127895103,57.81406737621203,63.20147730948217
69.91166690333108,992.2981401578019,6.265110613559514,5.2586860214377085,64.95198988482099
62.163317112932134,1031.3400307887418,9.20318254058497,25.53138011712709,61.015440330590074
54.086670711229715,998.9528127649835,14.256824010052206,63.83543048854777,62.053515687381825
30.45683013921596,988.8541437428056,13.480539501886387,85.91818901106761,60.53364929518167
90.92833721923733,1010.9740413649675,21.257373751949977,91.69833971814026,47.96546133029287
55.9827719057058,1031.9075766189649,18.70295380330083,50.04194958350817,60.034949947359515
35.56980094566121,980.2106659775177,19.331884868455973,54.54742327381976,63.01317189140274
49.420748070183166,993.0968663789699,21.42162991966372,83.3049631068991,56.65609319889013
53.130380202314164,1031.6146202225725,8.77838182270396,53.762460074735465,67.26661401455513
86.20303164534994,989.409728177144,9.669999354014209,51.685852553731735,58.35315801117764
78.68915044491217,986.2283898401901,13.139932436866623,90.50840377609536,53.68958771577298
81.54439149130718,1011.3602968689893,9.223865191005782,78.993272105588,51.519120836641534
20.882501154291777,1027.4014102812157,29.548136069125903,90.90725263612946,57.76486946790267
53.29231985438092,1006.2410399731659,24.42155779264289,21.82470547811538,59.6194201536121
58.50753213082589,1034.7010341176488,4.939640647680887,52.43754866553567,64.27189199357223
21.535382145844537,1017.3544434745896,0.16782467645608534,84.24721285933579,67.59413634306262
40.785056699602734,984.0741198965746,1.2834980474180357,11.114782746710894,67.54377038998604
80.8231858497708,1034.6057672425086,7.321903531287758,79.46621542939619,56.43402944119261
30.968776458319923,1002.4341830229105,3.4287385751056965,18.297338341486945,70.29244982630125
62.824810516207336,995.8071393615015,16.000143446777162,80.81187549853212,52.367819418562135
37.216149761379,1010.6833550967837,25.739856681820758,61.200093755686815,63.60048752650393
20.969661971511464,996.7369175501475,22.10250662739682,19.323599148486714,58.51101216206062
39.29611660796332,984.7551628916084,6.4682718924657125,47.33541793328011,67.45811606320709
98.0699003928043,980.0785588693548,11.978977680773577,68.19051664607716,50.90711495869849
84.12296895063916,1004.7270844106145,15.236826285938328,63.38529008835424,56.698347698090565
96.76613154568267,1026.0274882224626,24.306175485100066,42.72471962317044,53.123179658795294
59.028323514109,1011.4773352096543,25.173648093184944,89.9366528920927,54.15460385933858
28.778895894200282,1034.9564014418893,27.29154935723328,51.92634144878443,62.76719044641402
63.83675911789544,995.776565510596,15.277357515086255,50.58672985286884,59.81643385300179
56.350186764796874,995.4250285618031,20.82824239307589,6.225058994145427,59.67291533019026
87.54856661916928,988.7862203128669,3.354011137018115,92.2120389797637,56.30809530858237
27.846606462739565,989.0234973545935,16.958668798619463,17.7116568678373,61.47393730495461
59.059290961742256,995.6852627805526,7.460754284134054,52.83446934365542,59.86057902845645
32.00389317551874,1023.606202490044,12.951506550798333,80.35676014003101,63.985156447188714
45.974074151204796,1029.8166234850046,19.02151524920158,21.545327695564332,65.80260152762159
78.98856619102398,1033.6297943339225,7.709578135613433,52.73732899708411,59.73289253581742
58.081450349501324,992.7759309753048,1.5655517339028324,24.068490922334085,62.50177516545735
50.07106281166155,1028.4713650087751,0.3070156922627254,75.96949977999118,65.1640046082429
51.55810228560283,998.0540299102536,0.6647860663356464,56.43411678731507,60.49942127664434
56.75574147247893,986.2062299484287,0.25049212541308985,85.59758603951435,64.27868528379763
82.80132350696455,1027.8513709036092,3.3106516967362642,89.45580028773828,55.45571667039757
91.36677511521876,1014.985809905399,7.184661437103896,64.87334824453981,50.289505827476106
96.42677492031426,989.0601992844583,6.636645425468975,72.53912461589445,49.05205000364274
82.9522709004236,1003.6407191632152,29.603897825396903,54.92200998868637,51.03898378665969
45.23255165984102,995.7991732182387,9.180183156268297,38.44287330673829,63.09608434012542
75.05077648692337,1020.5237012790608,3.8226235007819733,64.81179230208346,64.33170237361503
55.008249924431354,1004.9378926843348,16.366876325032738,90.82886234873288,52.47275213670919
40.37364976368409,1034.4103969808511,25.73872366192525,41.668038043143795,60.67063105366042
87.26972635407381,983.0109740242777,20.341811303630255,31.441002637379533,50.45098274971593
23.074107916986,999.5258396374936,8.88246267406351,38.84369385525741,64.71384166137516
92.14095937083388,1006.5045091910488,16.848484793743648,43.53976302115996,58.795650312096186
56.91819716997873,1007.6723455111576,21.445679226012274,7.356102897771621,57.41024753715673
70.97611814466244,997.3764702312101,21.84313477103227,49.84418404349944,56.56144994351451
72.74831377646262,1020.1082137003663,19.996153658930666,49.43142480500596,57.11725115945529
91.60941925652291,1028.1110890418936,26.12431274326854,58.84438276405232,51.071887587181365
70.93357457337659,1031.6295616087825,26.10316375032313,36.28200304713315,57.755104966568595
69.11468678080494,1024.280135723974,17.3680967822101,61.31075959555897,52.87705630281111
25.332163244855195,1026.781910851863,12.89569107333637,87.8216310274203,66.99076622022919
61.47264175561632,1010.2799915340997,19.247108866952995,95.54709904951643,59.50929474269254
32.01352006536333,1025.4238524534749,24.546360041113893,58.36122161410496,60.55075244220557
78.99470149771885,996.6927150031373,0.16956314523554172,4.2590953970313095,69.90470334923694
60.97775366501396,1001.9163319160068,29.759910270445534,96.92359972671089,49.539040886490156
74.41822233666826,997.4302157600199,5.486813169875977,70.58620608962562,57.91717148183036
23.333832048190743,1005.7063034496359,14.107469569799285,33.59636485536521,69.80926794120134
26.783361283664256,995.706878893125,26.160892045286,14.715770096372339,61.716272963475355
77.30587104501458,1032.8886293239946,6.751211971325981,14.341861223627495,57.73986544884758
25.76674687989387,997.2064545403117,14.303856717011495,16.774440613960273,61.27017552440213
25.70053822122069,985.3924495961016,3.9774654054353755,4.5572521613820305,75.38415041809954
20.968678018790996,1008.9749441327727,11.852289761645778,90.21541886529116,60.44631616094119
96.5201118639584,983.1404493144847,5.3140636437900755,54.076823282733635,53.63572912916393
79.00066875672056,986.079874146972,10.90883246313471,69.99594127138373,50.92791899991326
48.260112680165136,992.0664164057936,11.20392650378166,82.81085092683075,60.86280789210266
43.72284650301242,1005.5392637435178,29.79512368794998,79.15410063332003,52.53735502396201
47.97625837966797,1003.8288012769965,29.844390879113167,88.26056237288415,51.96098150153668
81.97228249449455,1023.9830524101535,3.4435883598183725,96.72546225249519,55.96310691032623
72.90964888563315,1020.6711059636262,21.779063379850417,43.90706147419395,52.74092836106524
34.815645429397435,1003.4475061694885,1.5523643900730344,95.03354666683906,61.38903179296187
33.92874682672675,998.3537314166597,0.9057604601156588,72.32899483428163,68.03870629939573
27.871651977071785,997.4057831233824,3.1600168273489295,7.066819030807848,70.64489699162326
72.82421757610706,1022.5697298011705,28.96456971023802,68.17831212123454,52.67537603565758
81.14981297773888,982.8639823421698,28.225906436840923,68.67166596048486,50.23647158936854
41.20371426600032,980.7051907230833,5.817834608420414,90.58605637925271,58.178902038648275
21.675596882473023,1023.7549415559656,4.850170066611346,37.293213247009206,74.49131551271888
26.573733398114186,1006.2430506793977,7.216052595478411,58.49115002718178,62.34388547481243
97.42880278760244,987.1984626204467,15.466409822254265,1.2187551011742515,56.542293708911785
43.63558219819362,992.9561264026976,17.091138961062295,33.2075242181336,61.588597747691026
81.53785182705069,1031.287717420356,6.647802913183421,6.224372615878093,64.88721790658995
69.9730855083411,1027.2726636593693,22.698683642698356,52.187297276489694,59.05481084371076
50.555171172231674,1019.0381777623185,9.286595082079522,81.74476505069532,59.220965046621274
36.45498097564441,1006.5223876685529,27.66393976588231,20.644269212906895,62.09712136123147
29.710913452752514,1008.6177994405263,19.70168119370192,52.74410455577785,62.72873055856232
69.20103744310933,1033.6384494406177,13.090535829108351,20.400863651076705,54.24425434508326
81.97070245102304,1033.1173744136358,23.69736005108536,12.068846784624043,52.372273045917396
71.51234028329046,991.8397975182208,24.537438781399942,51.09967919343424,51.90921575524464
62.42417065993266,1024.6107511467926,8.714448168268309,7.914862094972763,62.124207408086306
23.356097874530903,990.8483466391859,10.19143631508253,58.735463113798936,60.28597579062085
97.47910220755071,991.7445612836174,28.078654611858102,3.133746067672627,55.02630149595465
83.89713533236596,1017.1851168790517,4.942231150898158,10.671497186837552,61.019912075688055
43.42576293607718,1002.2750604223152,1.264512508888026,54.99974854873578,63.21694632319965
98.39762634870806,1031.2349423908586,13.621659678286475,59.14074128989139,49.584613697043046
68.15052717090578,984.8955354192805,24.036297007308868,2.898693009375808,57.798638055823716
66.59381265657971,1008.1339102445221,23.150043189322375,57.33767880015584,47.08170514195504
79.84585435436257,1030.5186841743716,27.585918867384976,83.8502525323637,50.15050036196762
84.941583047211,1029.7262513263727,15.996019931071206,72.2316177293954,53.859829201277094
72.51828858652021,988.6091067378658,3.0019401469959996,13.118510392079862,62.59240006638571
30.247659709296002,1000.1650735053051,17.660669230080483,59.24746475636149,56.62218420535092
47.06140047955987,1014.0516770025683,23.351868430596348,67.22525000742135,57.96132011000038
94.24669122608398,988.7667186624271,2.799843608094792,3.7231201752291776,56.29156073694884
37.969248947508156,1033.2412194625156,5.1797220329276925,85.53476686836227,60.05914008179649
49.77336190700107,1030.3112130800214,0.36871983467012703,90.62673972898303,63.55791925763252
54.56615063553568,989.1822598468958,17.80957738340431,85.04522733622586,61.168696435875574
55.15239917555618,986.6635503693542,26.602031758377134,82.46314679891132,53.1001987313416
69.03516659956205,984.6974665544545,20.119899480062983,74.49651984608933,50.59164083862028
95.4460670195766,1030.0194015220147,29.461202627729463,63.34320312819601,50.017120443286046
39.2554169466004,990.6493095387503,1.8910095749928468,67.86270049882519,65.65297887840316
29.720110104073445,1002.8956710699395,27.090032554544887,80.6395293334983,59.297132539488686
35.79763918879499,1004.6868251108601,24.42204862160042,66.24984583613046,66.64166592121586
90.95399201674157,1012.9456074317462,9.427245614985148,32.7726956682071,54.75008573027176
71.66486501241648,983.9454439061084,29.205796555117555,37.59611021613539,54.05564448806953
42.87254313913281,992.4717239570284,8.638132445142451,89.70574683722921,63.578748489401875
85.27575511748938,1031.2319712805408,26.679141714846555,1.7122085797161901,61.10963117956488
88.90959970907488,1029.9625558997714,26.42245731222568,69.8820581244282,44.8156495220458
87.72114709522225,1022.9709856073131,22.729728498089173,95.47775524252154,49.429941955965226
93.51412269116436,981.0670685090018,16.904114214385555,70.62281699579736,54.793272720971345
40.17928161386892,997.9853722672856,3.600082488506642,99.3911988231782,68.71313509182757
80.40335429970227,1014.5377304438599,15.959152034894949,68.75449055283308,56.14224647110113
56.8431597819312,995.1354616475412,10.703887669648037,3.4363029216861074,62.22447846637562
87.35988423120492,1030.0272682279578,23.766510994660553,82.70098816469236,47.511791835284875
78.27925417292906,1014.8639204007843,22.743876194905347,28.46299119393191,62.545890418443676
82.11579571997797,983.9548694524045,27.318375221178158,44.60572256644409,53.828998568886696
72.49294701448572,1029.9953073859638,0.44490487295123615,31.20919159070821,60.17370791711498
34.19430155757655,1032.6771661996922,24.27309650469138,26.855410620967945,62.35176533949959
63.60215351175506,984.2741830115449,28.153861593740064,43.14057036697854,55.27149281639134
98.77357916196065,1009.2798129173723,23.679013473244503,37.87514484406738,53.236810648228634
94.99104531976951,996.6850355217794,3.9058337961110015,63.33385818425894,51.876721546499915
23.453898863760934,1001.6061492064771,2.438373145226632,81.31512009875107,62.588786990111714
33.18518525835497,989.8808169875438,0.6253571942310243,29.708865318724076,62.12560267957395
30.538301876364955,1011.7939656106827,18.86235677484213,21.372115282201744,67.58494179550024
78.07839279882364,1032.688864428689,18.890179555796617,66.68952708703422,53.513233201101166
85.4228263885556,1007.6689930149385,29.607411426546367,67.03200658307816,51.12788732658123
37.080909304853755,984.5603019766965,11.941295223122872,90.11312392861718,62.892677488998686
60.46821543614632,1014.1000733412575,9.957188546924902,1.5945686453310848,64.53651841699248
87.256242240896,998.7122646948192,18.732747815531773,85.30406621165099,50.01363057299614
78.62412358130004,1027.0758854275214,24.76826017522782,52.100217294835694,54.51109888316383
63.378976439347866,1003.9072981574059,28.103218485690057,62.130208917209885,53.842804937145424
67.22781523670183,990.6061784918235,24.093724985371157,9.137144056141477,61.5241670769674
60.6688437533024,990.510809248013,12.800219418474143,43.261493287204566,59.79164668194663
43.803876105505644,1022.2820299396639,19.047427059361926,22.73024072385238,61.10722070027529
65.20175942872129,994.6073179069048,25.68897980148351,25.422503008250906,59.691530781606296
75.11082416400725,1022.1978366787573,14.718290649352184,50.40951146760274,60.600409331878
89.86583326886462,991.323802092163,6.500599311161781,81.24559504031123,49.03328778188009
70.90330831833984,997.692750278572,5.091703192436189,74.37809301448561,61.64739217842832
80.88972296345264,1005.6017834841834,0.004732337341701864,59.09999590859538,59.45556545745185
32.805730796365836,1031.8757717331398,21.54713984943853,53.9418192753467,62.50185059592315
56.92459795358319,1031.2452283614602,3.332916265379715,42.73060432344899,66.47931592398963
20.746529586167462,991.3779531482259,7.315172990878213,97.27099735613864,60.231736478780434
39.73430916172984,999.702047268369,8.9362899456838,56.01925542342333,65.17481613875323
78.11693720904039,988.2169663649574,16.81139580410305,25.396639831222213,55.44623152650514
99.34479610794908,1008.0491793622423,11.938718318873077,23.009079204003957,51.169989803127734
27.934247966977274,1005.3320402882067,20.240219760694853,61.13530307751418,58.07899639278602
52.11954526890306,1029.5418089347902,1.6691597798610813,52.28275273109288,65.46489590231313
84.00567749593276,1031.150295778509,3.7181758279331834,0.7697802954712785,59.81762880614548
36.32285077031191,1001.096206505401,14.976345105998002,83.00653721957794,64.04103976017247
64.4067959441829,1007.0455868660445,10.108943635404895,70.41223542324346,61.02843970062258
78.64570368237398,1029.2929937030374,8.874400882540792,66.18292896781035,60.861947155804266
69.27883602081432,1024.3689294259784,2.0108423711256815,6.878065769765895,64.90431165858652
35.04197876923329,980.2010971239557,26.871575242440045,36.20558501724914,60.11099130946817
48.43076549485915,997.603276030097,20.754557583751524,93.53822607327862,51.386683172442005
82.70334275883178,1003.1975833064869,3.648544704589481,86.25892413413638,57.8969023420289
64.33812113056133,992.6343956025778,1.9513787321142184,28.554293786953345,63.421969833645335
20.41836908343302,990.9764388742766,29.24617600293729,15.705888409913872,64.71020399480547
80.8792608022475,982.0781478627624,20.435176513185144,44.90879571685771,58.51467444288711
22.824908395219126,1015.3853348788368,12.523682132812246,35.58303786676609,64.39622462148371
79.65870261849858,994.4380659765741,21.051931222673545,68.22263767059911,51.72949877733991
36.19844481321899,982.8790948137222,22.689953594404773,96.64348100843196,56.46144295591679
96.64587840955042,992.7038620790435,23.39886607166338,36.300144998256144,48.651238387576726
49.43526010416676,1024.105267405987,14.336319169591729,6.2224172652242,63.90425204316809
46.15452930704633,1026.8319049905601,12.89648274374544,89.76140083423853,60.22391348229093
31.911044026595576,1006.5686434856317,0.3308425280670102,3.7949730239870805,69.1135168473817
44.44833723921719,1002.8838868724778,27.79671345425514,95.2765897153333,57.80376757741342
90.13206094625605,1033.781953142598,18.099236351668292,66.45794280090398,48.45725078632515
99.70674701017978,991.0310562773439,6.094618115699043,94.16892084419491,53.99637572380646
49.464762440547865,991.8447605570035,27.5881025826431,19.965968664897826,60.74332934179337
55.8888504763634,996.052694737002,27.44795705310889,4.069979525380763,57.56470683004811
77.76567505621897,989.5016525054598,29.675524930982878,48.82099782764918,48.8174280781379
90.89566243720596,1000.8651079012302,26.221696894169366,45.06234145701252,44.99899555863762
67.44354673494273,1030.0958824844365,29.93353163460194,33.14922732548828,53.566457157205015
51.32205585422635,1013.8441312345716,7.340585643698177,95.76564743886975,61.50058863022378
53.0097472678899,1002.6570601736745,25.267487555977024,82.25837321614323,54.089021391641765
75.64945171974455,1031.392593701417,24.690849263872934,66.15820213755933,56.931860144297545
20.257461088342296,982.6655327861703,6.928210776622013,16.285829163782772,66.37346990906369
69.56714699678726,991.5651897846024,2.9531264700297233,73.43234082185248,59.73598513893006
48.43944083530859,1011.1238732805967,29.38261541032799,72.70124546997239,52.86478950949452
83.53578650216674,1013.8553942756248,8.88073654561831,42.506817361600746,54.506393251737826
27.439251185850573,982.1756628609437,26.126753714034184,92.47859097140136,55.91978147882748
67.05618135587125,1002.1671316848923,0.12381464023811684,16.697788222901046,61.66658181216341
58.4778311908899,1015.703468065698,0.6307442165880661,26.73375624116643,59.93161104344247
71.38604207241819,1018.3938800521871,13.976139260891053,6.322433925063365,60.48107525984594
25.18828755863747,1015.0976946383948,7.161440518051907,79.54509581775875,63.99100310610036
66.3987029942505,997.6309773398508,20.69523850307893,62.17593860953973,58.60262476441174
64.91876703676189,985.143606797885,16.96692976703863,31.494030568124952,60.71709136059065
64.85280755329367,1003.4911845530634,2.3245739235147433,16.38136635943154,67.17990305719378
68.27901332771638,987.0814940552431,4.878848889471512,4.0147770028740375,64.86158587563499
74.11743497810897,1032.1193012186368,11.641478101752428,16.674556862593658,61.920661004433455
84.39911997446158,1006.1343976312446,5.568121918662995,45.32846463376582,53.880365539297856
41.585657610257144,997.4492545896277,23.766670417317858,24.717696901060616,61.19065477943804
86.00395281440497,1022.1467239115395,12.4821070665984,25.89821774319667,59.58327318018795
59.86045458107629,1007.3871725920245,2.802956005274978,87.55763666677143,62.98338262997039
26.164662330746495,997.0518713206848,14.530287068163744,51.513767346110065,65.26256797368113
24.684074339518336,1024.658225831494,2.7251454318424253,72.92519731284146,69.48956604316035
46.73906549568486,1027.6933683050618,3.8681191625945157,3.571094902814309,64.74816385088026
82.7917581689174,1017.0154491458773,7.188294960846159,36.51633556780287,57.56422077641743
76.61447477927325,982.5830432324217,25.785831157424692,47.91693473954418,53.81939008486999
83.08919717379251,1011.1477584091592,27.738375969989157,18.64168552101847,58.03945999834641
61.38152451532875,1021.9812201598505,24.787731879962074,12.019154144553868,59.07786889002312
55.21591983643924,987.507665664597,10.022316522535418,87.03037784998425,56.50257141503795
31.796202136502714,992.5768913261531,8.17339323326495,93.94316270997966,62.43626492546504
46.25542028874492,1028.5372307787475,16.474670723707174,7.880669804540741,61.076442441112725
54.72154929391002,981.1066947019191,21.65559481599337,34.90187125424431,62.65220063912266
27.08803437436938,1021.3999925804287,29.801183644805246,95.82856281444737,54.038805331381596
37.6489562168969,1006.0575310882932,3.9471213563677865,8.31617331324649,62.1871153361676
67.8580235250991,1004.5724687361784,1.478759970714133,64.36413728787262,59.51557527054168
78.85304913913518,980.3903092872188,20.83067666985813,97.22213709670055,54.4975909725446
99.86780091143598,1025.0669027031572,24.966773505117168,97.82236685813746,48.714382637481435
94.64906650748462,999.7903695350111,25.390463395992697,47.122333090374326,52.93012393806053
71.40521596281532,1009.7421097215299,20.35390647231482,16.27491077823806,58.412589801022506
53.69984426352576,1017.2515377484613,28.62047412357561,20.208431497743884,58.40615932788264
70.89418917665861,1018.6446267040853,15.330142906337606,88.96013951243947,49.52758169530571
82.85212944641856,1032.578903235434,27.414443950086376,91.1683004329736,42.95010291658254
29.466895273870986,1009.2236974280135,29.03436410974569,60.78796438735547,59.41610244293762
52.79239117570306,1001.9845753035935,25.41472371009323,76.61763994699113,58.61507979552636
87.18418285084938,1032.453699457044,9.292756897758618,73.99312514704081,56.01028242893563
50.70663615464352,1015.3160629264037,5.8864695351088585,66.1821597989107,63.11125550732558
65.74978169817493,996.3982695952105,16.443601949454553,82.72769548719391,59.01550003966166
67.02154886897586,986.9555334971964,13.590442511405653,68.54066230403211,56.53042595169067
34.75810025069115,1026.340497580585,26.33275026578199,53.400230574749926,59.61673355227137
48.97883533218307,999.9199881536783,3.0009501320146112,23.69563625881568,62.548511375660574
46.76090309935457,1016.3258346750437,7.732201839345558,74.3888144118619,66.82137999822947
22.09573668256518,1005.8949030651244,22.553968335561258,47.34378678382745,64.07508393108472
21.935341111308418,990.9411378887271,2.849599349319364,29.479168400750932,65.44580589170491
86.53576349406188,1013.0927634741256,9.622932420651006,80.19462757417753,50.208539700355075
41.845664797824995,983.3375687922876,11.614661821619494,69.67136003530283,63.33846995457538
61.44630129910524,1002.7338352929156,18.6778138968807,93.73395631247,50.611913148408085
43.898045887101844,1010.0638216815018,4.743979371580938,16.544164001887772,71.8698204936552
95.25433960922724,1003.9825835765218,25.818134710491286,64.91892846364932,40.953716055689895
40.7437407092619,1021.1769696388045,13.426267063988227,24.423946808817597,68.69282076183036
54.37254501911481,1025.5358724999921,27.510651356416695,90.35829853016418,55.21991085910104
89.81842003876815,1022.4183690718248,14.036097409017948,9.949941425661567,58.474735359920984
87.3546853433447,982.1347121296491,8.251207768222,65.61618064448773,53.34371398494445
34.88811342770219,990.6770823745285,4.254864860630247,79.10857215280299,67.67365383922612
84.21146478365684,1009.5134130095075,0.1123528413385444,35.49178403647072,62.002562444783095
56.65495093903141,1031.415212224409,15.964724549545068,95.41380793838093,53.42446924897857
58.637509766828416,1025.9226226278665,3.2147009078077025,85.07306845860373,54.47502786836353
30.6783977932755,1026.339397959349,11.751832908935347,29.46182996849034,66.68880326411151
26.44812110056997,996.6764506567821,17.678152837112602,0.7541092715998676,66.41675950956743
78.23514455790121,1003.6196343393286,8.270576907081008,29.665717611806087,54.409007942046685
59.716892188423984,1005.8888271023766,5.256728770983457,28.131047047074254,62.54717272287266
54.948056209214364,988.655437084245,23.24164867828025,88.9964607500909,51.65207612318771
78.36065829219174,981.7087471634451,28.403735168448616,96.71211782547475,47.704218129478996
81.24103191928879,1032.0796594703284,3.01321253585898,7.043998597026036,64.95797940413819
32.71265341354828,993.2391922114929,4.667709731550236,47.12948285333167,69.36321345766548
68.8180119582113,993.1971897047997,28.80037971758156,54.833199852979575,55.5451019859344
30.828326582214842,984.5858479572818,1.1335266543673883,9.29116613297033,66.56818772723895
80.11000688232366,1031.0679263569077,29.328970096514166,37.74977091375226,54.98073721118663
72.55641250137117,1011.8855413216875,0.13933449254966312,31.70824173929506,62.20978817985688
96.52916968667664,1016.6870271418944,26.21005966953994,53.60563543270873,46.3507530167799
25.516641308513694,1030.1367287994678,9.219755429632485,66.1190899731938,65.97820525451486
24.564377692100344,999.0091092895434,28.157665745318894,70.34851104965666,64.17842741121757
42.57496597545601,1014.1829021125947,9.508358659067564,13.675502361338754,65.80722114707241
40.93645469887248,982.1339700100888,19.62918964602168,81.29477019446215,51.95146352933408
39.75830392575999,990.2724890527121,2.400977092978099,67.8542029790759,62.70937947499975
92.50036644168293,1025.7185192799468,7.26989434361217,88.90749167467196,49.58247628814889
39.96369598796049,1022.1722595986084,23.210380394377523,44.93360594354341,63.08586893233127
41.75597809029048,999.285348030143,15.860575610364592,89.38897627221915,59.16635017846885
80.7518609934371,1000.7245845275817,27.839071853611344,86.57741223560754,48.51751312941204
55.9791873960432,1009.3454938454469,12.862542250240628,43.84093323592696,59.260538625409616
82.1368445564145,980.0132552576824,26.094370974417693,38.114331529297864,51.67056135605023
25.229292605150818,993.2684384820915,13.468663124347126,93.28120149702568,60.14150523068916
59.005695493870746,991.4527494734518,29.377448361059557,71.51647345384376,50.42487062426044
22.68908801466261,993.776562071237,28.7950314419663,92.82453464380757,52.55971940564959
25.01225627642836,1024.3248213393392,9.87410116668241,79.69747788958131,66.79292772935615
92.51499626755287,995.3820621100543,26.577710112504096,60.92974392914143,48.26302307232103
31.139629689407613,990.5336727127582,25.428341226469477,11.585277700376452,63.16762424495912
62.593654582017365,1007.7344903436167,6.320411919826885,29.148067257909847,62.864228919355035
52.887648208056525,1027.6104770005002,18.72871202349809,96.88424070983915,56.70441602511551
47.78746610070741,993.2742337110625,2.180469467694446,31.942209871420445,60.94090128540388
91.9866676549818,984.3194933536039,25.10132161750385,9.325486978537079,48.52588972958241
21.74587174203916,999.6022604717316,5.2363765051048965,70.75533559193198,62.986611109856625
73.10317489404713,1021.1208503510737,2.1244410415729353,73.40042545436842,59.66334808044404
97.07155473708403,1010.2879799582137,12.006572866164335,28.545772028715078,53.38163140650472
64.81345467694736,1024.9236353265892,17.307664157989304,29.767197934630374,58.501871276156
94.94579696264735,1032.7775681185078,25.64750875679313,46.88929855087839,58.28810434832336
24.1806303428819,1023.596436221339,29.227275765652095,2.178894976225554,59.2993607034966
53.50346552593291,1013.2091693364065,13.18477537709591,78.93230103611636,55.62696702967155
40.81262327696409,1007.133787342881,1.8134076895581064,31.70887872741256,71.86320798730988
78.46567719845838,982.2037997491547,22.47346737077612,85.37631020019776,49.93603273550191
98.50376723977973,1034.1377088347722,16.955197686718122,80.26304216000338,48.81214497644739
40.52240499553982,1001.0914617416273,13.436740345333893,66.14020331187831,63.82120312008375
72.33396811792596,988.3725517654277,9.27806636376569,32.48748670992887,58.93198263463581
35.847810620779214,1016.6689870468051,15.07195583530607,51.631656166117004,61.346141251507426
65.22642036572879,995.6358559002502,10.160388133710928,44.4829257597959,59.51984686805182
57.114598935066894,1012.2178049012076,22.71035603242081,33.888188624867425,56.55855182954538
97.76042637052296,1012.2722349314525,16.31681089477923,84.81362893031782,46.91005921489519
68.68218181571733,1004.5151401496578,26.30543322462336,48.35070745776653,54.09307264794731
47.960509766945506,1025.9865238549773,16.306317439483262,83.27230977971465,55.07402946668126
29.12766279103467,994.5731883855493,7.147872400197901,10.521847414182428,67.81714215897216
32.09974629879476,1004.6747925389753,25.532756466964337,14.102478860033575,63.92386203361905
38.025354396098805,1009.5730670725035,16.71657134790132,97.73203051129768,60.240595613760995
40.07733290722384,1016.4993596422015,6.205231144306838,58.77684626060896,66.77869391922954
88.04928462729103,1023.1184517778074,18.705234298686662,50.9769673499049,52.745669909457824
64.89782306260199,1001.7144005583041,10.731502948272826,52.31560631441117,59.96402214453798
61.87127290994931,1015.5325819253128,25.332168368761973,21.526877403285983,59.762990394685815
29.181509749537398,988.2836024187685,13.598992159396285,71.87039495019731,61.98819414590322
88.8111754679548,1031.2956455298363,21.7932407432225,8.478062372975437,55.36521609250519
77.8251442566787,1001.0682343531552,2.8660862290871147,57.33237131030232,54.98164303613611
25.413468952000127,1020.1236782087041,11.880730389070385,57.076879658590144,65.96259948279302
76.62680777838149,981.1187595035198,29.49724309417196,91.4188424133511,42.94232336019335
63.483057387411684,991.2852928597644,24.25380868431445,52.61828101048604,54.052520156656406
26.538027659742262,1006.7895399377968,4.798224071007859,13.706269597417952,61.33392681605934
56.664051322292515,1028.303885725279,8.332921484317652,57.27532592481626,56.95808401552778
58.775702970403756,1008.9990332472872,9.894474265690832,9.132764436533236,60.70796434764328
33.26196321306206,1031.1428765261633,19.51096681486337,20.379383529992168,68.03850081585986
95.65585176002259,1006.6088293120538,22.709842784689666,3.1108584187416133,57.053970112019826
87.99802971845295,1006.9747003204773,22.485798264237292,51.32935824594983,50.689681277789106
73.52178698632866,986.5860733675293,15.296221689192084,8.453261529357237,61.12296792749453
56.98364488004857,1024.146093428372,24.324616135144538,46.9394378531329,60.24485683323202
52.941243326760684,993.5830976856885,13.112342482724252,93.29450353241441,55.578496960015066
72.07787737207633,1029.4786869154773,3.716416958866857,71.97614130193321,54.52713589429521
63.634549552552436,1030.0953321181719,16.933255249614398,7.741167422529305,61.18228671543972
24.98184847055085,1031.8820561530783,28.5690415380332,22.420981220884318,63.29838887784505
61.000211901626535,1008.61267690067,23.78980954177534,67.36624198934342,51.16036037370083
84.51228937862716,1017.2401581631004,17.36101943076727,89.47018610241837,52.61603355263457
56.73919020775664,1022.8183734033914,19.404169810472908,3.291858676395376,63.12690082114937
24.156526204341475,987.2058040257756,27.91686081106718,81.2451131720594,58.72105707353082
82.90225595072265,1013.0526457248624,12.850283833048815,56.18138803383087,56.21645472691975
36.10910257087795,981.8863845716821,9.94182416827912,54.60913252963926,64.19443245813962
40.6896667910431,1007.3661345863799,29.31724695001347,95.78131827533579,53.661394081649405
33.17650827458367,988.5163474891125,25.903294005310002,74.7644612596773,57.71255257838814
46.4172051897198,990.0607609279147,9.691307538558071,85.0118868056112,57.222850976833605
80.5401204550908,1000.0776161680931,13.913417920827683,35.39955695446667,54.85826989502999
61.550868760314984,1003.7840441694077,12.452343870233971,55.43640408284099,62.38548205082952
36.390501932057006,1014.2744833492703,4.472870360143018,61.54056774277707,57.939634930124846
90.22640625216327,984.0935630141183,28.73457971439777,32.158394036246506,53.70374509870388
90.36654839612234,1007.7030468680595,12.129372936592764,57.024812494739955,52.29718875523966
89.64627400368056,990.0443821639205,26.25987247913724,23.665537947971384,50.44650849745335
39.10369691052314,1011.5686346267458,5.680686830419952,14.337567106823956,67.81474622453668
56.099147534479044,1015.0572536743651,16.436124319116594,37.39702592773326,55.61779602575193
98.79917249127001,1010.619009110407,0.7188415537280946,73.9289628746437,52.06278785648366
81.76099810479923,1020.6062530763069,22.926614515269257,91.61871480738876,47.951530654385
22.173393698044784,998.4585084332496,17.427416947388352,45.77140514982325,62.929569859235045
25.216367300839366,1022.0808625398222,18.76768750409258,64.28236882754317,59.85385495975832
57.114510144986625,1003.8021894939507,1.5516264766396037,10.303713097510048,70.17606344796712
92.73761646892481,1006.6301474077428,6.331149906258462,90.44637585523287,57.927115430481614
63.09614383621714,1015.6456169993589,2.2299261706074045,56.86042135699344,54.98910728508626
59.82500064274322,981.0097111199573,8.667429474114353,78.0338247625157,58.490043113154165
28.437895996530447,1015.9696821781137,18.82317023046453,79.44412009213939,62.887771039890424
72.54240837794353,1014.0221831989663,16.985579529521257,25.648052636810593,60.010242585115286
85.76825284801804,997.0415914214304,18.36449464840171,52.91744531818495,51.2175659628242
50.43360060060499,984.7186856694719,16.47753814133683,96.04797515609775,54.28819810239048
82.0489480740262,985.0014497452173,8.19086387027578,8.963454482082778,57.08309948823611
97.15813231206494,1030.7773060841876,7.335224920332757,68.30498980295634,53.09837488876158
36.30131673021513,1017.910362667421,4.111790506097438,96.2264078035172,57.9152616603573
61.866370495579304,986.9906437573907,25.47212624710476,30.057710805402216,56.08265528484671
42.971036646766045,999.6197743119899,18.494380756237334,86.14479214043482,52.51555178125536
83.42835352270714,1012.5865646645879,5.595330375121793,93.36575454082717,53.520712938446415
66.2074692704926,1025.9564437799856,5.316281394637185,74.7086209394825,55.05563226950833
70.76659340402429,982.4013510792155,26.1910680457841,23.132831230695828,55.90312060803749
83.83313276927153,993.0148222308505,22.28192591289958,33.40007188265939,51.86487706217697
51.677637812996394,1028.936194466246,19.78197239716114,3.580929441773073,64.04557569569185
93.20720547256346,980.5041052601099,12.205923226178994,83.14532342453552,53.780718894106634
62.6423093796912,991.0769506536639,7.859266928355526,84.961118651108,61.25336620332947
32.63638582682784,1032.7463296785131,29.38352289338471,63.271030996619274,51.42281834297916
75.67192945350419,1013.7371015587194,23.917187250684005,35.252785126385135,52.89659273991999
83.46090803506036,994.3919251650628,9.053376694088294,7.681102763992054,58.469450175365985
45.34093416540213,983.6845101917717,25.42694388835484,75.30576099149094,56.54602688659701
88.57434055990024,981.5505237245973,22.767958458440447,72.65261936099229,44.520607189045776
92.4914603812613,993.460979380031,8.91241649633995,91.2602521738901,48.38951859961521
42.15235899022471,1028.48172007739,12.79658562724919,73.05320210053623,61.16408398767802
98.68171781721776,1002.875250986363,5.578603361730799,82.86949422440019,52.54320671306715
31.256922243900675,1019.6183353041296,3.3315733313432805,74.59546179039995,65.42852001877255
36.1612534721992,1030.5056769458977,21.682860985190903,63.06871883123164,61.66085348487411
34.73798713904209,1002.442225388155,8.025355720615998,42.696639419100926,65.4807041603354
91.51917680062964,990.5202554070569,24.60178097238761,90.21173086422777,48.10651593384718
72.34340418599695,1008.4414861971305,29.86826134543278,65.09685719074699,51.97855422834684
32.16834265778183,1029.944602788292,2.2985944178894604,39.835532196590904,69.60533080183788
55.22587346946792,1024.2405927775735,14.191053752511008,8.346929518195722,56.75225689140668
69.22384200558416,983.6206413849735,24.06187677932409,29.07048559043821,60.25314177340895
26.677126799150663,1018.091504004267,23.668526896237005,54.37267348301648,54.841699384956556
90.5933094725871,1011.4543637352425,22.799914749929055,27.563537001619455,50.72663103019633
84.28828283532282,1029.9104746990533,10.469848059057329,22.123534791790213,58.48554937460572
60.41654188613106,986.7364779267664,13.615597670551569,52.73935140878472,59.80176897707987
97.37012922073363,1009.3719862262561,17.849050720244108,16.98203458957346,45.962733946314444
53.420878342007974,1028.3704481431541,29.218217507197714,80.04100633251035,54.32947831919922
98.72882552291982,1002.5513082707959,9.826418128154787,48.4368151342658,56.3383638778611
73.43359990429016,1006.5097204753076,27.694316631505732,57.386277396265015,55.71442183187658
70.77370186031531,983.8753372716827,8.080707545414823,14.738326759734854,58.447726209195146
33.2763916236628,995.2979002246901,29.672233964211138,32.457633562936735,58.903282228485374
90.55422066437151,997.8478657042921,20.10791060482775,41.008968326115294,51.17464202454192
54.19917503364921,1031.9817346809689,13.905344410756529,80.8212830516503,57.02933042479197
32.97867246259835,995.5467048297637,18.401712841908147,77.01595230861525,56.01788327644923
21.00860159806072,1005.3477804398309,8.175935071206204,22.297747478768137,65.56706092436836
64.7804546910706,1016.9217432960354,8.225215725343999,61.61790816070077,60.277195710073876
62.19196976981411,988.9200854824333,3.406636315304815,24.34563577719976,62.82354413264125
77.54828978953269,1006.754331292803,3.421508931161963,98.82471556902453,56.35133482774119
91.22064424142417,1020.619647171175,10.43015224406734,95.21238781308706,52.55920333367208
26.352526771442363,1027.6770367164886,22.88566433689115,56.32647205206205,64.03968440799824
78.51971922722899,1014.4442601064335,18.239135027944876,69.8902571894143,56.28345018249861
34.99295552780658,1016.7979433424322,3.077536809930624,80.1430382208645,58.016997284776174
88.65416425257311,986.9455909921513,25.56709574927733,72.09984200449038,46.457008752878444
85.52508110893248,1032.017707348549,18.04102880970199,69.98286910824208,52.64893152404711
63.26350039884355,987.2915742616465,28.82566730354339,95.8554007949528,50.059256444695244
76.81942388986492,1022.607011544999,20.105564022336225,59.64561063072833,52.573055300823796
45.14800905469987,994.5648976978075,5.25524591112543,63.630267181905566,64.34223271033842
57.69343191462517,1031.347622903569,14.213500869234668,84.92687504381811,63.19221001300666
85.73095181683773,1019.5977746653214,19.454927926416126,66.98908678584068,53.259895156361104
56.741215773857114,1021.4597542138102,0.8479410314993308,73.29326220175226,61.52478466505347
48.623861226035345,992.0482545182936,0.44730792464423685,23.416868619664243,67.95154329140522
59.53699578002399,1004.3671987149338,3.8820900179570375,37.126692411507086,56.705961418573615
86.25994019497747,1013.9797257024107,7.549933051364123,14.730134571189302,59.63971079162887
46.81664378966982,1022.348549001363,12.886473705620267,50.57654423348055,64.54081090292308
33.900927450859506,985.7177656751815,14.623214212793652,45.57274006802463,60.112486759134626
76.96112162646246,1032.930092404999,4.140828268136904,99.71628142794569,52.08084413125482
86.07825701664655,1028.9621368805006,20.201747373474923,61.120865281554245,52.74922402653064
28.050998281882666,994.8691724772572,17.884141850896043,78.64448231944233,59.64246680892273
39.189929020475574,1025.2518133667782,8.833922965234805,33.401467075765424,62.52502822848347
31.357759180879512,1008.5078157671903,0.40979650305876025,83.15453313427965,70.17032080520147
47.83531292657333,1005.399356485911,2.3294374605987223,61.50849664876834,61.101549080375456
56.02807831243301,997.2938758196273,11.750843265325182,69.69923315984384,54.51291576252163
79.90610695706451,1011.9532722647376,4.619230534970518,29.443077794945438,59.70109703247973
72.09180679053392,1020.1439014736978,11.304588184439124,54.863839169557714,60.5003127738069
69.67428539827449,1002.6013097729517,18.845478135310653,63.40369734136087,54.92148700703506
48.18999572877235,1014.607055615456,16.417122836378507,58.909467581658106,60.99552650980713
87.3158042467808,1018.4622106635417,6.935276494121827,91.51937114245665,50.97121719159808
57.70297339185316,1019.1116999358408,10.314674737762573,89.82726644925535,61.807237327485126
98.32839504121236,982.8581353972149,18.42093595345952,97.09840578768706,48.87709279208223
70.73137106365894,1027.2861293126787,25.82565084130346,66.74280060069894,56.82900746120936
30.101179325160217,1005.2039323120777,22.596403162166318,97.19141301256846,58.36404845958753
74.09420496603472,994.4328844932918,16.602000805002447,83.24780000319089,55.32751254650694
46.00832123453592,993.2970479113825,10.868789949494586,27.08321403399593,60.327621442149905
74.9061757348878,1006.5657762064172,10.951538326254163,42.74356695512971,56.39510349998092
25.57129185299246,1028.7757346707926,26.382519307931883,23.83924421890098,67.85200803105587
33.99051497407675,1000.8091169925456,1.177307281216392,0.41971608305652053,74.28510916849359
88.4589807124629,1021.2349160730948,29.639479332607827,18.80487531469086,50.225092878569896
38.17436456188119,985.325030204297,19.931262325546868,0.4060586286875667,64.42075445579941
86.9632900194352,1006.1831186183084,20.434130972171715,71.983846135049,50.04275940651453
42.34208707635283,1034.5427377216004,1.1399351191422646,42.553429772119955,64.25004387776134
71.43055280469662,1022.3740791535786,18.165878246738167,31.257472707785826,58.99283195319758
75.53204588078648,991.5790668642337,14.54334180271341,76.1720891095188,57.02664201010775
61.012380251604235,1007.5792810533851,3.17336720682201,83.2486774619645,60.05306562558468
44.4248541357385,992.8493620006711,8.337660323080772,97.52995386498799,57.20489761993973
37.01155010968769,1002.525850999438,26.709433686409536,64.20135846752412,59.28041796432553
22.655148364994098,1022.904621305423,16.49965247597859,46.15289585400517,63.62083928941005
44.31571209925791,1022.4173648409721,12.402497255217263,30.52643016074359,64.9429419542782
72.25302324250265,992.5455207846312,2.1804646752243286,22.231820921422628,65.72960260385716
95.06438547587861,1030.7222824985174,21.42364582206917,21.29259504826012,48.67843544127832
89.69635858104417,1012.5912500520654,21.085524701880978,40.91893747197987,55.896056937317454
81.28518212282421,1000.8958360029108,18.421308209176907,99.17863552879298,45.68627346238373
83.0757874602639,1007.6064569429474,15.307879386619476,0.08536974374032669,62.6940738641576
73.19879227807962,1013.2789189390759,13.013532066221181,19.72058972310008,57.80923089182921
40.82294860528024,1010.7939792515182,17.79813278963977,18.839298240357383,59.6986256898107
92.57560245646638,1006.7522769544898,7.001863551852201,71.71194855322923,55.98213661875449
73.65858495246673,1007.771304224917,28.237771925329433,35.248472759806184,55.47525381343705
64.8352504784352,989.7026550735337,17.663835875406885,45.726080459182064,53.79121251670481
28.879157537078484,1024.7003097367574,9.335773330631296,14.862413046990497,64.37420311098629
55.764443504514034,1009.7968175967559,13.490395526554718,40.49970388769477,59.852186523065015
56.8286616961541,987.2093923937587,24.17054366630677,10.319981190583604,55.48358117899026
89.16508876181359,1022.1386405870528,4.848481821908923,53.304328788858314,53.8498966318533
63.731857615023074,1031.2844188107542,8.785068673807812,9.793836538285595,64.0586863899262
50.43204391763277,1032.101879458033,20.38524068209666,79.05083811731562,54.40127646800169
98.14402628085274,1000.2959752826144,9.464676194466717,56.660171754048946,54.67087015031571
28.857647466105256,987.4534280458415,23.775050455843978,72.39678737735169,62.904415185419175
53.80387426495557,1008.5119794648186,3.913604615320825,41.85163866526839,62.497699547096
23.361974013712423,986.1935076142072,22.880585113638254,38.14912932422273,62.5618207641208
79.19232966135442,1031.369308018194,2.0505514455169873,9.82088890488636,69.1319040962609
93.44612417593206,990.096879504533,0.37777838002484354,52.38556070428226,52.73886375031068
42.40298636403915,993.902122297314,26.946705564964862,51.4502164857092,61.11664881273097
88.66733414392966,1002.3650089786734,17.440176507968957,46.81020444496053,56.902212548705855
43.37745843695182,1001.0740457707519,10.554806912604345,74.05183646824493,62.536446437197974
92.86161293151322,1023.7064590818838,6.9778391089155125,83.25044000323545,57.48976499825855
80.31695228774271,1005.0974251303029,18.506573497824483,75.07896749485082,53.36511828588239
84.39254214731508,989.3922543001835,15.270065506102146,14.386574280684384,55.199578044132
21.44052444803636,994.696544251734,29.747933265899555,62.205950928210804,62.44204358579385
97.02482856592208,1008.0012361853137,29.49647959961237,8.032310568953339,56.148147052243566
78.13367936562585,988.1099654584374,19.05073698424829,69.46222874404765,55.80062587238759
44.380087630890664,1013.6410621605307,13.286115183176715,38.18390965611267,62.64589402046215
86.35157318870776,1011.116101860313,14.734229074039863,13.24989562662866,55.59977563662612
42.521695873194396,1019.3086274010242,20.474371987105858,86.20508569761279,57.95317762481115
89.82030716529023,1031.5737538458652,3.047236327061441,61.400833903893734,59.94271833766772
29.00643123295496,1030.1740008605636,9.850562214321545,35.47249679475275,69.62861042189859
76.29487819686366,1032.0341589937857,2.258167230108116,3.0727179650499536,62.737747004267064
63.25587813159282,993.4593578363035,2.2008227855075866,53.731025900361054,61.34742351368961
27.722757615635267,987.2360918651646,5.875177256827012,92.32258784862326,57.55009377670682
39.35150626070712,996.6252185273047,14.557597637796807,59.637983270236575,63.50669503993555
20.992322902185183,1029.2296845021474,23.54322963488368,97.16506046194931,57.011400428906065
57.50143723716047,1033.4629411042918,14.564876734976176,13.645111827045852,65.33624000740454
44.10122086080003,1027.2628723088762,10.064298316826093,56.83051045948368,58.964902615099355
67.86859874382071,986.0509746620149,2.470589710102744,79.81250480064294,60.35334908263239
43.77902461668938,1032.1085398932887,16.50886569549389,52.55407311257162,62.35145120041725
43.993528920558774,1003.2846915042933,8.138057594495303,9.106635598747259,63.42523998871347
79.45545589852827,980.5120659919295,18.448025337514423,58.28860015472177,55.101139051383164
23.851426878268278,1004.3316557411506,29.31563217397255,61.173790584247165,57.60165583225688
92.23159961535897,982.5338043321507,3.339429644326505,72.87092484753526,56.05074594443312
88.18110995129452,1009.9132856638614,6.363761961658198,76.12115151654739,53.66639789597978
73.42437465811253,998.6204715090378,14.192836142981243,77.07726882106071,49.053630743325485
67.45772560859075,1006.0389213476727,29.058414460377886,66.3444393638966,49.60349052696928
91.38419985117218,1013.7243698408714,23.15429328809987,21.581118641865814,53.03503787652294
34.82641436229716,1027.78406026998,26.946875794884903,40.42357558394794,65.02136233226331
26.31753297526629,1016.404586705956,10.011445454273787,77.61299726143986,65.70008326905233
39.16081359276305,1003.8726877662999,29.761154213357838,95.34269834008133,59.08466528815801
83.56626229601522,1025.06853195187,3.084984481924722,7.8946964836622,67.02588574258793
22.773621338118666,1029.8070175665223,1.589187181383025,53.55366777971948,66.49039487044703
66.62454680667918,986.5867981537708,25.668078811620845,31.252227132430644,54.98713145237281
99.63500129530479,1009.2563137654035,27.817946106209586,22.539389431682977,50.43352490224178
88.45568750700315,995.6481577858344,2.7175607263830526,50.5810683519715,54.81716571972619
61.71565512348715,982.5883658832321,3.402822802375245,60.60893405565368,53.822281813750735
25.091272742931388,1016.7700682312692,0.9952247326732144,0.9772231419481248,71.53588462923638
86.50988115085678,1027.4523927602575,3.135226879281723,78.02065722011909,52.23945745921849
67.91828065417684,988.9596459962567,6.282594504008427,81.98821312594477,56.138422421043074
29.19463976476535,1024.6827511693145,29.10229856730003,96.5510824567933,62.955765272378265
27.508582785868498,1026.9367653445318,20.035806667190414,18.064373322469496,63.969046374313706
92.7701455549274,1030.2887243466566,23.356590765556263,59.4552562360948,52.2847809672347
73.53602103504628,994.5906798997329,23.284182110745665,42.66253734763945,57.23912068266266
86.34294394534044,1029.717418585444,16.052212493376437,33.48278515553507,57.3864530917275
90.31831202258138,997.6364515105038,23.924669331390515,56.56334514375047,51.72892887651217
65.74178816386578,1010.3785907400527,17.87422597169909,78.23830932235502,53.73904686524482
61.3957081404033,982.7779108957756,9.436382928100729,2.305278344521011,61.862608289999976
54.43419282567922,982.4134598602809,16.833303263052024,96.94001125661867,51.28785118770338
45.355727023289546,1019.6205267002712,16.005257584035405,80.98815857057107,61.039229959531106
54.76767686869694,1004.4463987887785,24.70359161277962,75.11537036455785,49.55310191904478
81.91037245841251,994.096080645307,29.45181652144977,76.03873821805036,51.94449918439054
68.15387448121052,990.4727422813701,12.331276962627916,38.90607096186526,53.989428447231305
91.4018631963877,1016.847441997257,22.90172035324079,75.16205508448137,53.11304552759338
55.47040115033502,980.0220849213937,2.992890121144006,38.67702086029576,60.9764864465593
68.56716629750032,1024.324014305827,23.304941083448657,89.8706829574793,48.97638965574828
70.5046042473591,984.3587283371461,11.142507359796964,17.722238330646967,61.33314852521989
67.33577298450604,990.5319288199465,1.1817048866906,29.234742421515147,64.67300819495541
76.2107018468413,1001.2430017414499,10.897385356865318,55.13375426990761,55.16883216751226
38.9946774699845,1006.6672306843857,18.319282527649342,31.921103588727252,64.44581033390403
60.98910220366325,999.5247313697668,3.577505030443997,42.42372452952734,54.689096220259934
28.337984224667814,997.6391690741361,27.721034772907636,49.24226893985947,55.82344005160981
50.760906211585,1033.0153806640253,2.3301723981851574,85.63533488135087,65.15033619617509
59.01336548970115,1015.2868824683867,27.900201594994986,52.31922536086928,54.92787422506825
72.17794076363779,981.2888125452064,21.214125538070594,36.24598486145605,49.635011234481915
96.04248420689628,1003.6596749644373,9.891365262426108,24.77361640351158,54.188685198329615
68.05208532386847,1028.1254784859184,11.722510431272797,40.867597879219716,56.94696948512544
79.48751329412478,996.5800902525867,22.224280941982325,51.57361044143699,52.76023235075544
60.50128475961622,985.2005989625914,18.04413302643622,74.61148572032363,53.74062617890333
70.72832251010651,1021.7111624374455,20.149287643648357,12.104877617233868,59.790281187505514
25.674577290701876,1013.3307607564844,11.6749384954044,22.16091882391509,66.78203755205207
40.35132646734776,1011.3671879304577,14.634404454227969,37.96540158686732,66.78537307172083
48.948247456411096,982.9467107784075,29.696024521136803,36.03984051195146,57.942083740593326
57.799468400521086,987.7274455387535,6.417686114991531,39.174808760521174,62.473786165463174
23.6518996401907,1014.2402167917213,12.535685595663942,79.35212646403245,66.03520358128523
31.201927804265416,991.430311280236,8.75469562721902,32.41544029621731,64.02870789877873
42.14514462330446,1007.7238543861633,22.953345313195495,50.189818040266466,55.44802838035522
97.72261527208406,1009.9684927316166,22.92037876997162,62.39070328578965,53.63990743699273
46.50776056824406,995.5928954649016,8.773363829921877,23.21785501836051,64.20430761873448
58.5632846489666,1032.163383554782,2.4417094989894874,71.86953871475389,61.560105796615396
35.68781701907143,1026.3355258759566,0.34298030016612135,54.711131973828095,64.33762308463906
68.86240568606146,1019.730542919804,12.823515997274566,44.678116303137806,56.82916656100254
42.45465724127794,984.2896626525174,12.310127830073126,80.97840267383138,60.98775076479675
36.55940627507414,985.8371510619961,29.65169635919589,24.3495259185182,62.54265633235113
61.32581027567832,1007.1029740225725,14.094062270930388,88.31759706143232,57.847794304143946
20.440463932833666,988.8392342055042,7.692551087262619,56.104873536670375,67.45485693988225
20.613122611938024,1033.8046004941211,26.736883230944024,60.91748793796582,63.40968439698015
37.52550472814862,988.7186128715075,14.732038489607355,87.50589641689427,58.63100566011911
22.93770900006569,1006.8107309505185,17.975269056317334,81.75826878493359,60.27115506817392
28.64206033045531,1000.0266581262828,2.8700613128463806,60.156206882190034,68.80571694652089
47.10885194710013,1015.1662531799753,11.487492219893221,75.31877038481741,58.521785037903996
84.20685436638503,987.0970024889184,28.326710234213603,43.33194902328968,52.414556105824644
65.76389146954406,1003.6674035423315,17.685161525262764,54.737775349974626,54.069761018085245
61.01341807651331,995.1087768043928,10.33505565427385,6.207013670851113,60.594116242910815
43.47910585664973,1028.826333856943,18.770015418947793,8.985791800004684,63.51135657347126
94.54029755462531,982.2322141674082,27.312332687343485,82.9425404186332,44.23294239799452
51.76120329897533,1030.2550121703553,8.219718014177701,5.967165568249666,68.30727271939841
26.96742134366172,1025.814677620415,15.153501554120233,16.939912563260727,62.799802755041355
69.3653212894241,996.3663894042448,28.76071961735266,79.58326589504415,51.1907050769577
29.107071478128113,1023.4109860072408,5.17188429895358,0.1145950628256287,70.66576432933253
47.61785142413537,981.7167458186311,21.589917767901348,28.24043288458643,54.036879311423654
60.592955097424706,1033.1776052661367,18.43443024608947,58.40386578266218,56.634172660325596
89.93780197481406,1008.9627218424384,20.390253934219047,59.544993146929656,52.773774256310716
59.48372642720949,996.6804564335995,10.53658892002709,77.71529082294735,58.3794727773022
76.18070128253314,999.9420766927072,9.416381204512948,50.592625449217046,56.55615091246222
99.42534711992563,983.6522944403274,20.526290117651115,50.94018695309703,52.256166837405864
30.519129591838528,1034.4142232723123,6.46629855313636,72.53105755407005,64.0516914777989
41.97852204156156,982.1610569832881,12.589642345770153,49.86244632662835,60.894216416749664
51.56608604781171,1016.0198917731323,5.64523938158754,60.849108656361686,62.38160583280738
53.74625428310651,1004.3504760238552,0.24914523369989228,89.7774068255051,62.64860093022535
52.88168602124366,1032.1903920003792,29.101720801142083,40.145100761237195,55.84117050839754
92.6088802045244,993.5299857168737,12.95108935969257,38.512507091922224,53.07062887316448
77.1226115573485,1009.2647753165907,29.08048843259476,0.35489918647713115,54.49699576080685
68.6324171272563,1006.5295914720514,4.209705593034783,61.342626152123195,58.00989145093926
44.74981742902257,1018.6576544227556,17.62100338372458,2.977190740713198,68.66911023160792
85.90323073770358,983.7405627573831,6.029220983737188,50.41484897283163,57.641820693868425
96.40484091879911,990.6584021512845,23.702223808898243,80.42337890322267,44.41291444824262
85.69586260401812,991.8010651051068,23.511089662829256,54.99210705196631,49.739181336970915
20.125208415317832,1020.5982915162929,3.378214471179354,26.9636165216676,70.921809131655
70.91210961467256,990.4026282979708,27.361933586291673,78.61684214493712,48.129934578751744
24.090830515368058,1011.5420470140037,5.838889416096738,26.971700408253884,66.05457879412617
40.60857762669775,991.8384101275525,18.38932024768081,73.30317809458987,62.155544450132496
24.761976027821735,1027.3893722546188,29.569008602631122,61.02584551902312,58.266831808412306
68.30363623595102,1031.8201999969301,26.471896042990913,16.999629674800122,60.91331862784098
74.92719307940854,1008.5171136218232,28.69691785683507,90.51338748441857,53.452274688592205
29.159011045272408,999.3769886315048,10.277963136543583,20.06436829571957,64.22620136716898
50.707110643598355,992.8731776259624,3.167269266583901,98.95870741406698,55.73045892905598
56.498920716443365,982.7379550837674,5.650406198683503,0.7310488654940772,63.53519837753029
49.52424174087333,994.7675041908623,15.014846852298415,26.348337714290302,58.23460201426479
29.682000038815445,1015.9829678969925,23.796890348199664,19.986029727419886,64.0020153803221
53.515823214998036,1009.3489312220066,4.504609325516257,1.3993410170462628,65.49152841832765
80.09424382467344,1031.922270305451,19.791945967822713,73.23679001473155,54.537564593041736
25.680613162660435,1001.7952494370435,9.707328121185355,69.34258020995962,67.43630992468803
26.414401126552278,1018.1624838280617,10.236062171764605,79.23509643549305,65.31897086867
48.38170334687874,1006.9127511111317,19.85753190473779,25.669854646456525,62.46900252074955
95.33805692951401,1008.1916918758317,14.009982585996607,44.43351670829699,48.07163691353951
73.48581173783313,994.7275873032264,24.360998790779817,65.91135216215474,53.733201807093884
74.29359653380519,1005.02229272631,4.677555289884811,43.976850388814356,64.53719835751892
48.9535992670292,1005.8931748356989,23.698448093011155,69.73257703179158,47.357901368636924
67.49286329668308,1018.8653386961913,1.927057441722626,63.397340844044216,62.145280054317865
20.81049472221947,1031.7351999552363,5.82161640736815,11.464780302217648,70.2971715395877
70.88768371276338,998.1126702615377,19.684491435094962,78.1043121076968,50.572501417088674
93.06295580609894,982.3210257719714,25.647769695332137,72.06763590925182,50.5594301151267
69.00587746758553,1007.2962319025352,7.580388832180471,65.58343876174052,62.92831304880121
89.89588747730761,1009.9453732682043,9.815748174867387,15.509360627100232,60.54443810176043
77.9178444372875,989.2642303122553,16.1136224486022,26.799644879536366,55.59693949059905
29.644673312295218,1021.8255533451837,6.34718419467907,39.31770315876004,63.86369936236803
92.19626458286734,1034.171100964282,24.33468784762517,27.992962165644343,54.64817831735197
25.31550754846199,1032.0176094354654,23.209099350172824,22.781029067613147,67.47812895934182
62.7173978038211,990.8408321353008,4.358751358973448,80.53576701617757,56.532315335100115
31.370969903476613,1028.1449781945419,13.914891954498964,63.823224636020235,61.96442370780143
20.936528858472325,1018.7471500026427,23.244832999638643,56.547213155025034,70.7404221185384
53.76274081021112,1004.9615610093801,10.119885933102443,22.595271085325386,66.03241398662108
43.6032566123325,1009.7336046878601,18.99320468153195,91.80765622686413,60.206328062313304
58.88003950380824,1026.7280096240352,1.5063936437271819,19.118303909731626,60.950194017503414
66.17599093876407,1006.4074216801105,18.260662815879538,79.4950932824677,52.28355902194214
23.499125784715787,1000.526405300782,4.57958940001821,96.6672666705293,62.84195357903973
29.84026360989965,1007.1286121164292,24.91749975343354,72.70927292242361,55.75957549736449
64.69139171603402,1011.8521392219277,10.663483907414355,99.28587751846297,59.96282752980926
47.45338825381266,990.3992709578092,8.446615881845872,65.10511169779467,64.40883661372736
78.33387900395584,1029.5499251646845,25.22666930134455,21.746034360389498,54.784929069674554
72.18333188735517,1017.0802821856288,1.5043206921543062,20.38194937165113,68.20083120137366
87.64834903919254,1014.8297904535619,11.898263980030343,32.456428425547635,56.862102703052365
75.39942613353801,985.4722924399351,11.100106217250941,0.7130020221006061,68.04508021365307
54.394486191211854,1013.2295665994925,8.544011227486525,68.16984700828345,60.214477559338725
73.8373297915546,986.652836423117,27.35262996004431,26.866778462782758,56.13159247214306
42.03049394043348,984.3283721357469,22.52785180550167,81.51832322927528,60.11484230815609
44.505079902257016,1009.0020992603316,1.9176949257581632,35.917265055930024,69.16441709858421
83.11881279366347,1002.1532043725572,21.440623483048622,47.99564934633127,54.95069463579179
55.71356131212657,1012.3845648585923,15.818973993863818,96.56889165603693,55.0346726082443
83.8704272414682,984.9072192431481,27.026036832047378,24.21721230472771,54.664236591095
85.79378989346228,1003.7040684565992,9.388368520450754,72.12540974297396,51.71341682906568
88.6049870129027,989.6132693274836,17.224859988287488,75.51177893054172,51.40302656624108
93.33081886729659,1034.2905047258264,15.02265824222958,22.099815752363515,53.52042494069811
54.4788176410637,1010.8632616839346,14.686827186828172,50.099683661219565,54.24038141135233
45.509345465691105,1017.8090273517477,13.683161985516378,35.020192531296836,62.81483366775173
66.5758997275291,997.8980054375435,6.168884265968439,77.19062434000892,60.99889791669456
49.69379387501021,985.2106403128639,22.671297674771782,62.24833190290374,59.08407948512595
68.08593334401863,1033.6728974530945,13.54008098217866,47.598305486054706,58.695404324915124
76.44686901150597,995.7442469460751,28.755488250078173,77.93632650477183,55.179930437742314
75.07240147937095,1003.3094501845466,7.824252815783289,23.515557000841703,58.32702584892334
49.96423096160971,1015.7425156936416,20.482315188811235,75.3621880584359,51.23201415623245
33.34881613590022,981.3583513727361,28.221512389173252,86.53743120928243,48.727335157885626
54.4423470769766,1024.5642521784507,19.903749690482776,87.86215968075724,52.267735006723115
31.4075315265527,1009.5118004515741,26.13818722852184,78.36735930196038,60.31528096757947
91.20776281470467,995.3019452887852,24.824428792710183,40.80141669982687,49.75628480477985
47.67019685902859,983.3884391910858,10.803531464670115,98.1808022717827,58.01253691645091
32.3567797778659,988.9374128510942,18.003718198184895,37.95936438224399,67.10515099799007
22.035820792460072,1029.226862236939,4.687840194340668,63.86253991024257,63.28244724147057
71.66579090291874,1017.731332316474,16.065776480867985,16.107417806946867,61.08984630783606
70.95218539637946,993.744594690029,6.912659154430116,98.04488986363927,56.15208921841274
47.248333326503335,983.6080420719766,22.31210444857337,70.39859218646633,53.46494423142361
25.736951107812082,1017.983842181265,15.841752656763738,75.33775452463684,65.93398527065216
52.770311591618565,1011.482424928227,12.336820878949815,6.577670341114461,63.07021024471125
44.897399605071485,1002.2485738452029,8.063912885009326,76.34178142206719,59.08075333529067
74.16965117880075,999.9986297054535,29.960954455238607,77.47234292206014,56.52131111907749
68.46233995621523,991.924785176101,2.1513156265479805,67.17727263622298,60.06392992317708
49.167498255803196,1016.8286191095634,1.3068204171726006,29.190961379034363,68.41190966045265
37.43140434039921,1033.386741528663,6.517722014815936,48.96900421608815,69.2384869636611
99.04287729244734,989.6643385210255,29.13217375883459,11.043437130871647,49.61220153841788
56.32012969568919,1012.8414141008527,29.377145049599534,47.15870664591526,59.698117606768655
75.06193886241897,1003.3301780660287,19.64783204316408,24.382385260040486,55.505685116691026
31.244237406268862,1004.5678796959565,26.40320001619214,34.909698649408206,59.46863351288234
58.84717597275183,993.9781004070298,6.418851925223862,16.26004084036986,62.210531454908455
22.202937589557237,1025.3824181613782,29.161262825298707,23.005436774689702,61.68791093488683
60.436409432835994,1006.6890582280982,4.2835455041869395,7.656864182011624,66.98513470156236
97.12139256941619,1009.8873218709045,3.033755645449748,91.99013664369214,53.51126611200111
50.736537038864014,996.7618502038529,3.366346177418187,53.04106879754033,60.701448160315415
23.119681005992927,989.9994656116822,17.19383769817694,39.67419712627397,65.68314637838665
22.47646327354748,984.7250713511552,23.42923202154157,53.50292127687839,60.05444434331938
51.03894079574956,1019.2765527508703,11.000015336238993,62.829322848155265,59.35466021766618
32.801994917055524,990.792885492832,29.336879633583795,92.18787933693491,55.14821758150883
21.868167706254873,1017.9541444803839,13.032604143549884,17.869295228631334,69.1406270360978
80.49708911601414,1001.4707045325824,4.5134565231964885,29.55524986352176,60.66102364215258
56.681840710551256,1002.8676140544309,13.9790024455841,97.57893363441147,54.221615606687116
43.139581757812365,1005.8047622851025,20.371114962673197,37.11929866485244,63.24026421619395
92.00665464131846,1000.2239679470149,24.96677341513136,2.2561650757327634,54.1185915086024
29.29111681604205,985.5340987472424,13.763048698697787,14.764349263715882,63.440832845885524
96.47350631642554,997.0297495501566,17.808204781475023,2.633870174855202,51.34333827888321
45.117337390188226,1016.5053898381666,8.020341364765601,98.99231424207284,61.91767994743826
91.0722937846945,1016.618142080788,19.37749579216542,27.887084899122307,54.965711104138215
68.23543011835693,995.7423368981997,29.579158318510313,92.3542756936226,50.4438643985886
86.136588779319,1005.3056444606729,1.4716071776338158,99.58862757597157,57.09415420814143
98.72105305683715,990.6395975406566,26.595920121155032,59.984122114311425,46.93749744887357
43.07243502549966,991.570464484141,16.868475083025682,3.3196315065561754,59.5960662888374
96.89083883260744,981.2675898623634,7.562959786868998,8.159163038692697,57.382946886436415
51.15855159219363,1029.321060244926,28.646691300277737,48.158905510787775,58.40855906127643
50.84095237895379,991.5888665791199,14.500629091766967,40.6172012911486,59.37433123160698
47.230968340360455,992.5143632315055,9.95070755020157,60.61773057817676,64.70004667863013
63.312608587806814,995.3780787954822,5.444928848125235,43.884780971136394,52.98771747076198
32.33160345427897,987.0074439432486,7.333566307699862,93.40768492714844,63.68472078219061
64.2969188286409,1015.1594585749749,24.985471247743277,53.473971541351105,57.81101593455163
63.33638499280032,984.1328624247673,18.432300279514976,69.37260614624422,56.07728551959375
80.9521450083896,987.3811334479493,27.39736858464948,89.64852726424965,38.3234946109499
86.69199695500684,1015.4616199624551,6.9590535647335745,14.687187583320737,63.551593207208924
55.23530802499393,998.6813341264793,3.6341572154670443,22.973465411852857,60.83623829258744
44.1866599481195,1018.9371304685654,0.18262592926770016,10.731866047401507,66.70220452526549
40.746791785367556,1010.6583609568578,15.235861128479813,13.963839922991228,63.876465200139705
35.569906936389756,994.0811645183833,29.949207911459645,51.258396693423315,59.062040930894014
24.61180657592199,1015.795537276913,20.84895806455917,32.1179258967464,66.07666104338638
47.395838306777065,986.3950524161085,9.251837758954382,42.31728395267549,64.32660585763304
41.61981537046266,1009.5025710694017,26.30575749078515,98.24898317940618,57.14833304039344
97.31339086931258,1004.0431457774769,23.451667979638792,15.67043477959481,54.206947036064285
64.61670610000351,994.7330470549592,0.46245498229617765,54.081207079807555,61.90247363241197
47.78216312244061,1013.2202748756725,24.505814416230674,9.887115505365095,58.1718025347072
66.43740807949568,1027.9233475787155,9.01580271715488,31.84963132638786,59.09632108536745
31.13573610765564,1034.9397584869691,4.490203937508033,52.75259236745986,69.07085222058112
55.523499936176236,1013.4269522808884,6.789925192112237,94.66317459653378,60.44964629524438
70.0987457136851,1002.2588230881044,14.05739413125417,39.122822128348304,60.10276501272326
59.11182654339611,992.3863905118911,12.746037812040331,6.490669621466982,60.57966833126921
52.14230405234594,994.1402849167312,8.666618981226803,38.81614479603169,64.40379585565921
99.50787111197586,1006.3700237982371,5.166549666210981,14.574117587397772,54.38732010414746
90.42518097191416,1000.200273570439,22.86692368926508,22.998961329144528,57.119665397969435
69.87247665275521,1030.259798744372,29.703293512047512,61.809062316499045,52.576359684792116
65.55018889458262,1000.256250721064,23.333747412590714,6.742386620368168,63.85740513089992
69.65283838596673,1000.539452512999,8.878109030146236,46.472375625003735,54.07200875889164
36.10496862579466,1001.0943981838687,7.344268842364001,60.94615860107644,68.206482872564
51.61101946114549,1026.0141115702213,6.529976281978147,42.185839236749686,62.207157346712144
23.156762631271945,1015.7933576465796,4.1008522346710885,1.912635062373036,69.84155827947954
58.04368299894613,1013.7792867675391,16.539916490769038,98.55193569028654,55.41000149990126
63.44196671661305,998.3778662311124,18.162011158600325,36.71157673405353,55.850153974976095
38.21997888825677,1024.984729725784,21.165079819894117,77.85771869332669,58.529517901446255
97.1223077732411,982.1100123745636,20.40640112801004,32.56464921874532,49.79640331368168
92.75636887497936,1027.8938444785963,8.769999338501474,47.50167569934188,54.10647396438667
77.77145883647248,1008.2012444886661,9.909330161905396,38.84636426109965,59.53794712361318
62.670930301229006,1001.9037629174877,20.445436063270137,34.25392295096077,55.119141633710214
89.5975327718148,1007.3442004394727,10.48342922350885,2.1851377207778744,56.75388707325081
30.452187505877035,1016.7078541793608,6.378695688579391,36.00209378545035,62.50727086707276
83.2407835419908,980.7020984584843,11.230084610902187,88.94899903995301,50.30673329123494
29.985665117347864,1027.9353521052037,8.16252472733933,69.03933385936837,67.99059251519346
83.53685300395243,1004.5706738921266,2.649381636557334,14.542285909543985,58.288769802880445
42.06140546010856,998.8631585835043,24.904167068299607,59.115500462273914,55.49513392470535
90.16724648145511,987.6035061098731,25.59334167471109,89.22308599488716,48.024636813352515
95.52336750603183,1004.1705955897144,6.592509005006384,70.00340409648554,52.47752981731478
31.90367755240925,1007.2977524206408,1.9431659857560524,14.868439235669673,75.51555512872062
57.01404840523148,1002.2005681971413,22.164823120535385,86.78324967344967,53.56446581906233
98.47899025301481,1017.3263051604794,6.3458587759024105,30.154401328886536,57.92804190683254
58.67259487785173,1003.1493090817575,11.803064683105807,45.40761443123418,62.57301416071533
89.08380180116362,1032.8779667815616,1.9240575671214977,52.61427596891464,61.03612552938292
67.09852177050558,1012.9602634802975,6.788087542753055,85.05066043781953,57.65242029759437
50.02639263356815,1024.411286460855,23.787068349889072,93.16074951476611,54.58948305468743
42.862684442069614,986.0145746710214,24.131893407456054,92.9652877790556,60.613069555479726
36.257847286886985,1001.8510211120248,6.212544746631313,0.795418127854064,67.71931328861899
80.94385531021578,998.5266235795934,10.077415353200687,92.18884855854571,51.5799546103821
50.92324054584223,1011.3215313475125,4.027152572812307,5.438696600157233,64.43494433592645
60.90203697606009,1027.3612436033784,2.2251789085476714,26.577365681743537,59.09625060792945
59.386038400094556,984.3086019769104,29.765151433452285,51.49878547278329,56.36809487958798
66.1823223386505,983.9916138924591,19.667818537345177,47.9925689004394,48.63175086722686
89.24617164996418,1026.7674739486679,16.262895275949564,60.470979388739195,53.7632025176508
98.45914748667435,991.7067547321096,22.964955012158985,47.94462287370058,49.70800758053329
52.606736685905354,1016.7814289947397,25.202314790631725,93.43756796404207,60.72455809881683
86.20151376850424,1009.8582972798442,24.201443041341825,24.0548848214587,48.9943995937251
81.16222357237741,1025.8091477187977,0.4961834786962982,27.402469403848585,58.83847908996026
65.88231611644586,986.8798900410022,5.604236945714955,92.07379356930562,55.41759608615507
96.48377148895464,987.1380631147437,19.647159063534932,7.673951374525623,53.89466291299327
36.037961242272225,1010.625009815307,11.272780434118888,60.956082190480984,60.6759907500731
28.74113682476971,1032.0508259347105,29.47447953183321,68.17359520656107,58.90539128598328
88.31695735643378,1002.8248767103914,19.96214377914762,50.55417234297395,49.051893546116546
55.13198533069986,997.9818155140082,28.696467261876194,69.42318788231373,54.99308161188602
87.75750833656484,1013.3679127758837,6.043394449373815,17.2754646011967,52.513748453878705
91.44721641563319,1031.1746730299767,25.918710843450693,85.26322327715398,49.15186081818733
24.996607489525715,1026.0310308064543,9.64056917445676,14.002568946988559,66.96033221666534
90.67718103888485,1034.7515985903271,29.686944247134203,40.08124443157497,55.20911499974072
55.86552442955377,981.2412720761307,4.730660162194419,7.52576013082058,69.35102957949785
60.83459912033858,986.207197959202,15.490194565149798,54.521107881740015,56.09570427223957
70.12740088745682,1013.5207269851642,23.785336015113657,66.97458074256392,57.88959627052881
94.11060853840694,1025.1317041633617,12.979274418121076,94.12216350952906,50.165736358589605
21.52928755438112,995.6884388268721,14.0425218056294,73.93361958960008,59.274444831955094
58.14747746542537,993.1566098418821,29.59067386517223,54.11029164541511,59.515361872492065
75.01776339444486,1023.2836689659661,12.7592445090346,93.26170171703338,55.590264319052615
77.81655661585827,983.1010019619278,18.122163017971907,47.843683804087654,54.306836695107826
75.40259452296864,1000.3160456170422,1.636189820254521,56.12056530988694,60.86509239167775
30.75481035264975,1007.8195072425781,25.2663024063078,59.60985276700958,60.43684001925846
43.9516470697345,1010.8191770892678,19.445041469386304,40.99797258865669,60.491263624846866
48.69724203336108,1020.0738336236027,12.120603085884406,83.84826905658241,54.78105026201827
84.3549766143604,999.5165147886862,0.48508619863559255,18.517593884505914,59.91312482749021
42.30078979316424,1013.6976389571034,17.750064617805116,55.4842190371608,62.19629968226077
36.85639710937625,1012.1956482535026,0.3797348545248658,72.2233256187194,63.71825232354446
96.5958415230477,1010.1188855359561,0.03610841727053726,90.39761718765772,56.381519997042005
20.709062809077512,1015.2265811228217,18.48295686448064,88.39183964342784,61.961582507557225
99.82566845455825,994.2697044087442,5.670512020036628,50.874028943014196,51.67497863345952
74.14570390859166,984.6556814471546,5.756626491542859,64.31614511633417,52.722407565908625
86.27754395592936,986.5599419621859,19.59814697498231,39.423773612930106,52.99579195252754
43.56955170769545,992.3520310459645,1.6109156381812284,46.81777628802003,62.4378121287836
21.145222213364796,1007.5108864537532,9.40216684423669,90.62657925730495,63.5369495033669
79.0295614849224,1026.2243512800312,4.482957064260572,93.0703993192474,53.47375564056976
86.73156776005406,1018.5711338148611,17.405291093896015,89.54140580670197,49.37229797331155
79.23809055628153,1023.3972332311126,19.852954641821874,13.837086181363823,61.139179343622445
31.428022984067088,999.3036593159351,21.634075607971305,85.00840213306363,58.49336075827311
80.27423378055752,1002.2559557906702,7.656936507556963,94.83637310214803,51.43977799320022
81.51382256861127,1001.6525037294837,2.67749254909752,36.124969457360464,59.3325814962295
72.6832412536044,990.5530251422476,2.360509708256935,51.864628942166924,63.11707080421671
81.28927462364689,983.3669161978964,12.784546453521713,77.90952558129959,53.593746859308595
87.67371517421857,1012.5003851054975,28.37533227188145,56.207813756564875,52.537352387866946
69.08832913899667,1034.4069175881323,6.531871027410738,99.34835217062495,54.175487792590786
27.088377117574325,989.1756337722644,7.70224804024648,45.57133651568284,68.01175798334198
59.01022477337687,982.56766509446,3.026664063175768,71.39427112073776,65.93727196371032
26.211946773728407,1022.8742425003163,18.16710821681791,79.25911401965442,58.726268580638
52.60344248259447,993.8922303676599,20.396186218415245,49.41004157584394,54.26764103852992
52.56851913005021,1025.630409294411,19.2879362448228,85.69838057113758,56.98871072687765
25.280787531219325,1018.7165166868983,25.833907291343436,54.61545912071964,63.75534413483284
47.905642717558344,1032.0120445377943,14.592775050782151,41.16507968016314,61.87906622061864
28.879847903305187,1002.490997966617,4.033711223011933,10.782367385194702,65.73702634847236
84.65881680073777,1016.4083411697849,8.682153921132379,39.34135763504242,57.313911550253074
95.81504207715766,1005.5670129447299,19.872899202640554,73.39364547332842,51.8049845860215
25.78531802063509,1014.6823783519699,18.393659212246796,92.12864116801073,58.529695853642785
96.40921658333612,1004.7279398304255,15.930093892288875,25.167940386031027,56.55354145502667
61.80612794693961,990.3747735533241,20.488932560660615,35.52355173305026,60.87408682700257
43.96525423630991,1007.934357880186,19.12172551119898,15.39609941044262,63.43115872643715
26.14896602209308,1009.0721310790593,26.43974668394855,69.07228942289689,59.22097720119464
60.04994144563342,1024.5832116543088,17.5804913243489,96.01884300099253,57.38723875383957
83.56124355925989,1020.4536388186469,23.358040761016696,64.09522198481756,49.74852858750562
76.56691818133585,1016.5085393167794,7.461214678994036,61.70765300062263,54.50925843459372
24.0180809171179,986.2362902553915,20.34547753767204,55.34899305004339,60.53273378943955
25.832146829432283,1019.6338959865043,27.06582355148027,8.845574068553653,62.960793637247576
52.229862610610965,1007.5167835994984,11.571969836994997,72.95038264293837,56.32714295583306
43.623239523835466,1029.1754744858388,23.3731256201594,60.20495435493508,64.4552607224199
38.59074584448383,1030.59290137718,21.74367903586306,66.1476768856287,66.22334989708145
42.48035991269709,983.0336124830982,1.7857859061546744,89.88110930274216,59.25124016489458
84.27861946375077,1025.1352858194964,17.44524928872217,78.39607870610179,53.00577674379365
94.33824429054832,982.0733564732469,3.9056804760240715,78.0915252154526,52.344927018914035
52.408215562205314,1000.1943294132262,29.019575166917736,92.71837688793477,55.7966746197885
92.48888017059977,1009.8264986591594,24.342225081019684,98.99349514629996,51.431628724337635
45.71965609983056,988.145543924492,3.2917140374136036,58.128273196105965,56.86289158089427
58.11495890750333,1021.0472596912992,3.6525599294303523,10.888161603116576,66.76848604111643
38.08231982527998,980.4595087294676,17.834215647378567,45.91299077754364,56.45397517785513
71.23808337406751,989.2729476638721,10.346675225195499,78.76011464616444,60.27254389607856
98.31848921398472,1011.9438256419412,1.0471757721932784,2.772532476184919,61.56712719306803
68.2794476834703,1019.2913159120511,16.249245234991594,5.688743835614907,58.542276053276495
48.62512672908391,1030.4153706481654,11.635352990575408,6.715778238282133,64.75278114604404
71.82539567924226,1018.8023158564043,3.0322947711522796,73.10357583283108,57.5049917481568
29.833654277231005,1016.9478598640176,24.05761176767948,50.116662856317205,62.75446911120825
91.09272642123189,1001.6887630492865,27.45230295836418,36.889794352059354,54.71512008356332
60.24671606238691,980.070643403974,22.6978180204239,10.5617045261736,55.20180558368593
55.94797936317136,986.6087592304592,24.67266930048832,73.22402502058891,59.562327640709825
66.86918307628153,1009.4004999615821,6.494717017983521,32.101981055089965,65.97087512158052
69.9827090231522,1017.1321437214431,7.90718852755803,26.53240700646672,58.462519000204914
25.742064498121042,1002.9596556143055,6.255826208975632,65.2319201553551,64.69297176826868
74.60937769787219,1020.1873456340614,22.95190294096692,55.90108925968418,59.5384499270081
39.35453442524236,1008.7024262432699,28.437512368034913,36.24106418133016,63.13500941946176
77.11621060052718,984.0796907576872,21.505116202017078,64.1487470805588,51.27734813313575
85.80278355073574,990.5608938032371,26.44400294638668,27.12215203841182,55.41426476355312
84.31668060420162,1026.1999022784169,19.160972846495177,79.48302616043267,61.24320357120544
64.20007739263113,1019.8702010643442,11.629797016763971,22.931895030765393,61.73827552258051
61.613591384860094,1029.2119092856872,12.772848447909155,15.883769538201564,60.564579234345
31.430076907152937,986.4656487016515,2.2596429650221452,78.24394094988749,63.43694795102079
82.02769203225085,1034.462239403829,0.9437158573807825,70.78920306979332,58.914926847878824
41.71275043573715,991.5173692672463,20.86426812567232,18.263897570179843,60.15299315129652
59.73563382543573,980.6478931957653,13.152866760335419,11.624575268993798,62.37226314585454
42.74192743420134,1034.8582616479455,16.566452041638886,83.83990884866921,55.371032453301844
30.706269039975453,995.4590636994812,16.72983742867249,77.6598482196688,57.82057337621527
70.36461575133893,1016.7410698881909,8.321274399999043,32.725737369966424,62.6913071716941
24.346562785832305,989.7175272796968,14.27677532488472,65.81974082133667,56.83733102175816
79.891618730096,1011.9125692709528,14.122806650031068,12.41601865478108,61.67827958241779
45.406943620889336,1029.7219242550007,11.65281663683571,50.70476590476781,56.372305898359166
20.010775440358827,997.6099642085642,24.620261502032115,1.8730292060419873,60.40390080366841
60.89033113897838,1016.8639686824398,13.534920110627876,39.16018809215554,58.52752777225378
23.74815268220825,990.334697383913,18.109335735179634,7.484282147140508,66.78568001591718
42.09356462567196,1014.3637469295298,26.86560361142478,47.51471801568825,62.71872764860131
76.5581189964573,998.5047693499631,25.987008685767673,42.16816468528943,53.759135867743645
25.015169729749267,991.6164542223373,26.712666113374954,44.4385026638056,59.93947514525496
87.1470793884802,997.2250127886999,8.10014989395042,4.5331302047994075,61.16799445735883
20.30559381268665,989.8362587679289,1.049474649241885,36.16163412818324,65.77961542484523
39.74590953615218,1029.6053859310834,7.832003996859877,75.64838490999165,62.630702692845425
79.27232449216572,1001.8452787474421,8.36122036862126,36.891437335362006,54.543003623222475
45.30161197834454,993.4903617735902,27.28080980174904,71.51719526095806,55.650566153504265
28.15139104528108,1004.6624312558763,19.47728198513912,36.94787236337332,62.74912933054002
48.81871350403423,997.6294891743572,2.4511187880668626,42.323944149018644,61.17087354808269
41.63146291076204,1020.943058959733,4.061357880333034,56.38921128292661,64.56164845867085
87.41695217284439,1033.4170951537021,4.670283766259262,95.06819368070825,54.926763503678885
45.06783340681145,1004.0918511183705,18.912652445067696,10.886044664665517,66.33081438629034
83.11459774208058,1027.3568369984732,22.062420765210092,3.291376866117368,53.03126826884657
91.34977158485879,1011.1224690457791,25.789317316961885,60.79571838100451,50.20329950129039
54.70539356612236,988.6479615801828,28.219096524187293,94.90970889284263,49.411771386704295
92.79545150835136,1017.9842508144737,6.051136721593253,98.97231325547149,54.97876924001909
50.18544431705543,1008.2388973419202,9.293174541721472,48.41642473920018,63.866867827128495
97.12627331920865,1015.7833587788657,7.2096864223449195,46.80816210850984,57.038958314212174
27.143161962045834,1028.9328076914417,10.762847023984133,64.49637707451961,62.1239163171848
74.96154132025941,1004.2239013860825,27.439953222712482,55.56347572049698,55.2760702429068
59.5051232365543,1029.5647692769546,17.253377008180845,63.40880576141181,53.28038078640688
51.011904436451765,1021.286795785491,22.14575691973497,87.39994255378943,50.465319420936666
70.61695029988807,1006.8732709232892,14.70357708380346,74.63061694876093,51.20843166539085
76.3085673307465,1013.177217461188,0.8657374000837359,49.687739168679556,59.78892568433953
20.349061572024727,997.9069622885456,1.9258645799344298,46.186445900016956,69.71303064171802
33.3562470997759,1034.0978514856326,16.137690938036574,63.9601748513116,53.28114284981627
77.0436840507455,1016.7043139677718,21.56367104460077,45.57062844202975,59.04328041022583
73.31083308625651,982.4115768873146,6.459915825861945,45.77793512656398,58.415960934498806
97.28380041029418,997.9642048161405,21.65728721976912,1.6305901786504817,50.07791206909785
80.88302322006264,1014.2822938567482,24.319973204505374,17.40641374073084,56.26917278174447
96.06181661850704,983.0983302789582,12.356924350863336,48.851363999575305,56.19489675473567
76.20324012278456,981.3136305225529,22.39257698532315,82.26534590503691,52.44101032966947
43.844176691155454,1004.7513331740291,12.120898509853797,27.872700672712412,66.6506053296693
28.429193780068516,998.2979598830968,20.3505188836506,52.2643433131149,57.300022254160424
82.54590906759485,1004.1064234418242,22.91991147958629,34.49620847592322,53.0506803241481
71.53193771807327,994.4481320434003,29.757798549243326,10.480398953958902,52.99617637882688
23.8548809914637,989.059476081864,10.361899861907883,95.82984830713006,65.88002467964058
48.80403727207827,1017.9028846339186,12.331223417238345,85.46738702503018,60.3934015086929
96.54398523874289,1008.301411394729,4.968601782305139,7.84924244669064,67.52139759553911
60.0320916568161,991.0084816187152,6.122191752054206,71.97872624682846,56.94385087821468
54.61833088157637,997.5774184443,20.801850077951332,34.75799043575002,56.555222716140776
56.61596841274352,1012.5494349214829,27.51136770463428,99.48498070617926,51.74446183650943
36.7106179204131,983.9726141549863,11.838148549837216,30.23985198289777,67.60865824631402
49.49657366918362,988.1099155096399,5.395333405066237,23.87384453625999,62.742810587714644
49.58506047897413,984.0285082259064,8.552984981489821,56.78905483054052,60.61532341909528
24.188401614997794,1024.6774532992765,13.65155114424416,83.51261633432041,62.555012905575175
81.40541028143346,1021.3825078266605,8.719509880961052,19.2518871819798,60.04295060965932
53.32035455231032,1021.4322112533591,7.007372493655987,70.94027697193313,58.47497460473175
85.77439094531387,1019.3978938911815,22.079534662712387,6.1406583141121684,56.486747579312016
88.02784008959163,1016.8161983018429,0.23534763721869578,91.89347431104973,54.517849260392246
36.95952437589264,1006.2345553457997,16.176915820094493,8.107491614729877,64.98993129422213
72.58827857361028,1015.3252989928914,23.813004210892615,91.42313763441625,54.288218564655786
57.78254433303854,982.1098855133386,7.986848589524046,49.08072494527028,64.9757277314486
90.4125390337188,1014.1805432461232,18.09874531836052,44.80911127959198,51.3746213548205
37.25925433411633,1022.7832738045282,20.067003168558532,97.33070795003765,56.34325449955789
74.22505602480354,1007.5197098211414,19.6507408921527,99.0384177698219,48.85623564928264
68.62016978021781,999.6632330634981,13.375489025961532,65.0178125961012,56.7095112029956
43.624118205746626,995.2584704140538,10.397339636273376,12.71192918570485,63.03538346924248
30.92807229209381,1015.3541127589145,25.077722190834404,50.61700856552025,61.375552934818266
72.13118083818213,1018.1040659246449,22.75337870999593,52.916310095566246,58.293716757448564
79.08779665058645,1027.9032179924397,9.637655202417376,51.44464281353097,50.15047893900898
45.250187501068,998.8283745353544,3.0905758332661826,56.94918385200097,64.31236785857944
71.5866083217851,1022.3374769062073,2.1542263633640757,1.8724713794390668,63.086592380090735
51.61047260892026,1010.8745703304136,2.828279336968081,71.12272814705024,62.67779063982564
77.05655066260942,1028.5560069872943,17.486080835761285,71.23943019529881,51.823674742285526
35.93722199152425,1009.0296659562591,1.5498652748696906,11.546977517788793,72.24816178430183
91.21720021089395,1008.4696405618882,10.107806248921152,57.02394424458007,57.3071803431656
42.99276771724638,1011.78323947925,22.59599105742688,56.83611824357746,60.531583643368066
49.42287902049223,1021.2123445328339,8.830444995461344,68.24504201904001,63.14752447128128
24.647356166427983,1033.0579763355654,22.899242315403896,8.539769213508109,63.98036211101028
28.92097698570211,984.0459844818671,22.36401114621166,62.65033072660964,57.5617923226698
61.26895221698625,982.938903131506,7.37481397899649,28.075195074634117,63.29480279444489
41.40741413823772,1031.5652685574037,21.864665402782364,50.70029904961719,58.226120918589686
86.83841805937556,1009.1431594035014,22.433299148163023,77.33235527040767,54.88195559853461
21.175471092396307,1013.8196658011815,11.923617770010805,70.56459363630132,62.77962082093791
50.32752389375489,1006.5332980877101,6.312614512245547,11.890301767799338,66.68850873954172
46.987643741527414,985.1511598934111,15.638124206756073,59.118478711607324,65.016639043655
21.54621047340808,1022.2449158130266,27.64192764000589,96.91165309407386,55.87578084177825
29.949471920040818,1021.0973554798722,19.18850197296186,15.676943733500226,65.50647769180263
53.09141399349082,997.1436826821047,5.187674928817836,85.29070877254149,61.9644092681647
59.429166755795734,996.843158487562,20.482707742005598,70.2548080553777,58.07212191283109
52.34317978038953,1026.0812759498035,12.816090818455038,77.40033129097597,57.8122789323238
62.475014272967506,983.9796491757729,17.74586392066119,28.195832714264547,56.74560991621377
67.61053399245452,1028.460783159611,22.021921050693237,28.788892937984244,57.48885173216906
20.79390569022685,994.1163929442753,15.448420545433345,90.6019455776488,64.87888238012084
57.127612756280314,1012.6141611265522,24.41951923719926,35.98320320925586,57.11457089649992
97.07993927100706,1031.4796798450977,21.664667379498834,6.3015390692810485,56.01125341018605
61.522582410363896,1017.2967375845155,18.45220020055532,60.059670357945,55.76529905028133
74.20338139671625,1002.793639685687,4.523784474970545,12.481766904184266,63.96839660123064
44.949108633350654,1017.9243814897978,25.078473327347048,79.65962414079083,56.798795814240265
81.91931025222101,998.9188799974004,28.077167559594482,64.17464425010574,47.5052937998811
81.8337185500892,995.2492128992052,4.108953714278845,87.47265052212082,51.60338792101047
61.703683812331114,1034.8175802864073,14.647233883002917,78.48372497826352,51.2008274709283
98.08110586233708,1021.2934627148883,7.766662259115135,11.211364833819616,55.807033650383765
30.044017181012272,1015.459598756,22.635699222766938,38.10706764344223,64.78612856681757
21.35581319116648,999.5409303770625,21.648889080141,77.45602499145873,64.14084258109237
81.61265694056767,982.7038456035276,4.226553617111961,41.73414732663257,59.727560182298916
84.5724429891906,981.7081281819336,26.310818137849115,97.23654847799783,48.8897268681187
29.6165783296461,1010.479969049684,5.429191919340068,73.57404498934493,63.35391228497189
41.24662663668849,1021.9117996571479,23.917770769443223,1.5499916690321025,65.91077962964124
21.404189069330315,1009.555855474412,13.709410788840145,87.99856915608363,62.56320229812586
43.46468886244517,1026.2431789566513,9.848168806744537,10.08047848685576,71.67489026422605
81.85134991349372,981.8384593201272,4.747177880226405,14.052372418008584,59.389515679753494
61.436842217006316,1000.1713642034267,5.028427684398881,73.44924006110509,62.68730636080638
47.84764745346305,993.0388715145798,19.85671664102701,86.49685594304802,58.28282235231672
49.73914359250642,1004.6000132486417,16.512911638413616,53.6349627899556,61.51043391688233
20.108290057237454,983.9807016256767,3.662562649536981,28.904973294577918,62.08047205410551
43.98404220521887,1032.477240286409,3.3809358131497556,35.131554525317554,68.83329365000382
71.71669933103445,992.2790470588149,2.1693172431837437,34.2889329596056,60.26568909840559
97.93555550530857,1030.7269276515972,22.313020421206325,32.667810380951224,52.01528436118526
87.76486615871195,1003.4241235270175,21.356462556878675,24.29096718216498,50.24110287994729
21.88759717164233,1034.203827329037,1.7529297256372545,60.88670946292331,67.75908292706741
91.88484837398715,1010.4732110903116,16.808102267909188,90.04053185650672,50.33158786247129
82.65587306389008,1031.1958075296693,2.540284657280697,30.708241308334117,56.84871510717195
82.43008988567843,980.2941943781823,27.112373118268252,18.66942974614121,49.15576611433609
56.63966072028572,1021.1531343399495,27.213522575403974,83.85776663714249,55.29803273111706
51.840423436360226,1029.6677859206384,20.946989694393903,74.17833308897033,59.85474924383953
44.23325830665541,987.6846311838425,27.785667643183498,93.08370315599105,54.0501320678475
25.255588716349262,985.2869218452684,24.343590912410715,16.551973560490964,66.66558690246947
38.258829079495925,1003.3514933952275,24.85615727781148,14.425131411659153,61.76803058844461
39.72829079824197,1031.3523398373113,17.091235517097996,54.14293943049967,61.527552116841086
58.72616557681613,1009.8312608104741,9.181775946485276,61.443365483509524,56.62232828437209
79.79555252773551,1009.0101055046953,6.5339734534926475,48.017344185958954,53.23546451011645
57.90478627183573,987.7619365064627,9.816000661167875,59.89666363238755,64.14301266517893
24.62755595577285,980.043423110127,18.85486290267186,18.037976887507135,67.74474680511986
96.62318407905632,1024.5577049910003,5.179696074971968,47.96137541640834,52.179458834310466
95.41794552752899,984.8166009642431,7.7592070991196485,65.80925609396678,53.34268567063697
82.81516345187268,1014.8617400304428,14.041825883863932,43.270644924870375,55.8999480851702
99.30623212513764,1030.3039049983356,6.991502955738467,67.94473358165979,53.310789536206244
63.55858662402103,991.4758552237137,17.65931009148185,45.11912805538396,55.87383490459939
97.02146802025649,1016.5900059930301,27.695280853689894,33.35995808422773,52.66157061742598
26.048403249340062,984.328421718913,22.442680971093793,30.360504708709236,64.88089233829974
49.254459860909705,1013.2065329110687,19.99279842446739,41.0902058988588,61.06184976636536
38.030501440541265,989.0162446524262,17.481644279513365,2.3089622682200828,63.93939139554232
35.666646730741604,1020.4774458283348,14.638437277711947,66.85251384461137,60.9896102458519
31.264235911414087,996.567721213665,5.596915789039791,84.51056409802618,64.82344233750045
69.79309132527973,1005.4865054842555,26.841313662805966,35.462709444311855,56.59348616368
82.5057484597844,1012.9686798115192,7.45608006038509,4.603313614171856,61.12866820836939
66.26387195362885,989.4200375866432,2.7392663273448226,98.67755973855577,55.950495456700395
31.757016767056776,1020.7900800239692,22.500455376860856,26.369825545106696,64.36916232691335
84.88990159467767,996.6452187350249,5.2684660299349915,12.6621121690773,58.39719196351107
70.87637657309827,1016.4304522952015,11.15687998623528,36.97525079730279,61.7431379974249
51.05325649015964,988.7055677884656,0.8485478487293918,73.85570406335566,57.54206526525029
73.93042364288505,1017.8464712563492,4.112038276213442,29.39165968905657,60.010583430343885
40.792398339426626,987.0503440045754,5.196108922797363,57.47032039194878,64.29981943355186
47.61537667953684,1003.3946072948492,1.6323038325053385,41.55599944371422,60.862273436177155
93.39886745055922,993.5963340556382,19.699708698685356,11.776399227661848,50.14795850380886
43.240360453713635,1021.16063871855,25.110233874093517,33.028701249211025,60.62974993851242
57.59906145263493,994.4119252478781,11.19946219097823,72.48705057140667,52.44841373522338
91.21129099168117,1028.4944518517468,26.237294301546022,61.20038973314457,47.10631900912404
76.6177080214022,1029.0501116273638,6.400397236803795,11.9778379883561,64.38080426913407
24.97625809317622,990.8042723372532,9.761712706837184,16.332240971430856,66.52436895227274
31.784243542317625,1013.7615269754249,4.522109790935051,64.07333593074455,68.38289107460298
20.627327261753344,984.8244702945981,18.61677586256996,81.34154143208688,56.52291941949911
70.47374321833307,1001.5345404780896,12.596087726109205,34.94744959581693,58.26364514028412
55.81387403283347,1019.23269512257,18.39850040525696,59.53107518434501,59.23386924353922
30.741988072182043,1016.2682785767454,22.850247161825507,17.064358875210527,60.45017764138256
96.63472968454164,1014.3585368173634,16.371090480988453,31.137633690532386,57.59063441802246
62.37277791564959,995.5397475014344,18.828910647053636,2.02702056730526,62.12832055506021
39.351463529031136,1000.7913722188921,28.05750943182999,76.82759477995226,51.140489158985034
60.0482856923766,985.6620379585157,8.971929288265294,40.10098197729668,59.85495239560828
74.36962661880862,1019.546255123848,10.774918159018593,81.61255736539539,56.56154229192224
26.099137437885158,1007.7138838235201,21.531100851280108,70.83729960227262,58.57375553567202
41.97630520383136,1018.982109779011,18.3391655116616,82.8744265728477,53.80849839031608
84.55723927071949,993.691893863828,5.355987136191445,28.56586695828828,59.2752000915765
56.7731896322129,997.8441025749287,11.284419300314706,18.510873042784525,68.72953984051146
63.72617136258359,998.3818435493063,14.035140393741449,97.19056826516706,52.931365180462905
54.62528017675754,981.4158325360969,12.58169513905168,71.73277870408695,61.8865187376945
23.51199541144041,998.7576330056843,5.3482442496612235,83.40422679266703,61.15724033739824
33.259982385612474,1024.1817515434918,27.732902753527867,1.3133373709933727,64.58661693086621
55.64333109935127,1029.3514172662356,22.869562850819275,35.446162029588656,61.589040943303175
36.73483723263423,1008.502007359976,14.440674963235567,74.28166905773317,60.25191144616227
23.998322292774297,1005.0525932370571,20.401830849205098,7.7982832989983315,64.98482806270131
87.4919731241459,981.6953540284653,26.918480164065656,56.733992956893566,52.05406127899995
98.49540233312926,1028.356238567196,4.085224270847137,42.907276745500326,62.580416331174305
83.45142991973916,980.715561738423,7.51119152120933,1.7616507141107296,60.593938818062256
88.30279373637336,1031.9612544115616,16.281037417699352,23.59755771194514,55.526786615034965
39.35817042536363,1006.906893677845,23.970311140570757,28.47919890667142,60.53238181385381
96.85015804105598,998.8063971466099,1.0876468632458214,11.185994634632246,66.81706383006009
35.75405635627427,1030.8320139163463,29.520544505890815,63.15369097426604,58.8424620478131
96.11438482894658,981.3415046210553,13.647198086471914,24.239787625188903,52.702278833133214
99.58554351727608,1011.9783692177998,10.77693421865169,27.761949961938836,52.19090994005494
76.9378244596839,1010.1912888474635,8.781733135193155,89.82385982001475,49.007932533208674
98.49149854334576,992.062622066626,5.230701229526149,46.71230926931395,55.9548728737751
65.56318236536829,1003.5888087242615,23.747217267900837,39.21281469692723,58.19917147990934
40.763342654087225,1015.8745203269074,28.662424942382895,72.38710383147172,55.37381633295412
54.95967085324967,1019.992215828506,12.409342645361946,90.96137968829122,57.131580714656145
67.48487483030289,980.0394272288619,28.572620842603687,2.5036336237443835,53.22401483619269
25.846524962161197,1031.5269386550058,24.713928463051026,44.82388465553965,63.01849130815262
69.7874611693797,989.0488954816046,14.431533824289549,61.07813560779473,57.04418830086264
98.49422694098357,992.8469238822297,20.220785373783983,31.85630981259896,50.730548984184836
35.20861198269821,994.4910395131617,13.049525375113888,77.24077221232417,65.12806467111486
83.40760930307067,982.0801075103619,16.761702246376572,97.14770702702738,47.2985018009568
92.63190350236955,986.7678667974678,1.7413901105551144,94.34273662502832,53.443592500959184
95.49612742561766,1034.249245761929,20.887904259015993,26.598253937994187,57.24066599595479
96.81084835243578,997.3369205557507,1.5847393345241012,22.6338278437486,57.9330900077856
61.71677109771775,986.3415599686477,24.512548407589485,95.7490531021221,50.842654927337634
98.1846326393203,985.8845193646043,24.748407883816725,45.862848743146586,45.56495755693124
80.58481657075511,1019.5702982218485,7.112318626686438,20.829772308469174,64.32265248906037
32.93371489895695,1027.0012765217953,9.709883431074008,70.69969636304182,62.54686765421364
58.1520085174376,994.1323764729658,14.4393113567488,28.442032390379158,61.769399625689935
77.46649402976033,981.1500231784379,17.899887207974444,26.724697507105233,58.031240683691856
39.787225265526665,992.2699510144946,8.620609852259902,87.92490430777848,57.64867396701027
71.24921468391099,983.1083629938216,17.77459213895775,16.247915337690344,57.30088524253791
73.32803832372954,985.6867215146523,8.933612196878967,6.4392946466236385,64.68316354330753
33.01597950468527,1003.7329465916204,1.6647216321318203,26.918644017168724,64.27565601133423
65.2068249962205,992.6455103973898,0.07582649495726845,60.69454128382038,66.43403096428935
81.7301528782886,1008.3770233188983,3.034531737552858,12.308785340327056,59.09760388356944
59.91165316287535,993.9421564291455,23.767521004920546,47.15946722767937,52.5177482833685
20.968249342088594,1031.7295515606622,28.842939371500115,62.73371104253198,61.29143999690122
20.723077526343374,1029.8269182359445,12.808985978436578,84.87369925931739,69.71751745815136
48.562347517600976,1011.1743357755756,15.380518603498283,22.986959120225436,56.74563711611366
94.09552547454255,999.4933195593062,4.405445072202784,81.73463233827894,52.802224950608775
38.2941423682887,1000.9630785119105,16.53094058040471,23.49062611312386,64.71121160285169
70.74909510973498,1002.6518755729473,4.339647060209305,67.67665412396406,58.09561653709479
37.76606965546564,1020.0168627174219,18.3364299359649,43.06735714824551,63.252033014535186
45.73359917276389,1004.840144753536,27.997760027425617,11.468124237867016,58.26257672182427
87.84336716811872,1027.1201470578244,5.870956179091188,71.42634628218487,53.927288521953436
78.30891538159575,1031.92521322617,22.93691154171306,21.77626185490178,56.609074446509425
27.63194218505685,998.4770384358413,0.7050726845497213,17.662342602459148,65.8153703666327
54.296161678914686,1010.8381964756624,11.26491723964863,35.83229285893832,61.472231664241505
22.333581091621156,985.2281095257911,3.3224552349152714,65.32902447594834,63.83591556946928
58.47121172824072,991.0257976271497,10.574263247870983,23.39964787906278,59.94467694809251
72.99472093608544,1002.7406171690589,5.206107589166505,18.366153878188573,62.35111657659874
29.480209887852126,991.3411493745979,11.199149703686622,0.9953625713364334,61.89021958057962
43.11079511273326,1028.2108269933794,12.525684183225911,47.16430971017236,62.069977680055466
51.826930040172556,988.7057440832504,9.01773368342755,42.86455693151827,68.04265357877037
93.56248197248398,1005.06134518542,19.698658484193874,23.38677436373763,51.11414588241984
99.46040123383712,1013.3134582252932,27.56556153776729,5.365216400969075,57.149371936870054
23.592903919649267,1018.0525149488465,12.017861223158171,42.92558745958369,65.90862107018835
80.88063387963136,1001.0688153349579,5.770294694250643,78.82051110716313,53.35356954267364
49.73792531218746,1027.80044877986,8.1216827458795,71.5282131327177,56.93672643868956
51.396654898358406,1011.2575533092859,25.62002470489107,86.07948898601703,54.868484498369234
80.34119786776182,1004.1729279246154,17.14919169810444,0.9582687713155624,63.11196932803301
93.4741145716327,983.698234872862,13.650330969208719,96.64193168045985,48.01524149684032
96.07428756020387,1005.557920764484,4.489101645267802,34.14122526274483,56.71471599000193
66.16980688306566,1025.1404712448652,13.491819249713458,99.03977960919647,57.81512318674168
48.569692744040225,1013.7997560021723,8.3547601007216,25.261946060177465,65.17950299252512
83.00392686870234,1025.7689349551015,28.294893835600476,47.15363875782448,48.0173264691989
40.08011066098402,1007.1706418829618,26.52210328247194,35.392767657530364,60.109523490516004
65.12592230668142,986.5153937801965,2.51707625484594,35.57607149943026,65.75307735353654
48.68627692198985,980.7501915209734,15.499604677837286,84.22820987482157,56.20308460369291
72.5304858966301,996.6770750695225,6.751750365440162,74.64189397373387,48.10375272059551
39.23191303148055,1018.3894759323786,12.323312685728718,99.21514352300481,59.99739740407372
35.32743565878606,1023.4642947167931,26.305439947543693,61.35146827175125,58.55960967259569
93.45912693403497,996.2664059041181,15.825435596656344,46.32566043945027,47.68209221997572
28.14429463596295,1007.2609656485786,10.026458801122795,9.007386294689113,62.80396455653153
60.47663261879453,1003.1615397438745,6.236650623149912,99.65614195138568,59.448634114903896
37.668222637040714,1002.5787531393286,24.009745782194678,55.15306529322829,56.84108682422487
23.114397066053396,992.7241792260082,18.735540460930416,70.04774696901418,58.23161359417061
22.881505463314113,987.5004107766202,14.041963812786936,40.67423871913114,64.19644487804545
34.01774176846619,990.8178707027167,6.524530615889342,54.77157081792359,61.5845862484727
89.34162836048002,983.043281293984,10.02739122471394,94.25777318928871,51.17316321969901
42.598299518162136,990.8971908002967,28.795302802155554,16.641943793160273,59.10780141198583
96.03673364602366,980.5060493693959,15.60269812817503,29.23725843302546,49.975089980905565
66.52978343913549,1014.4992120349788,12.020978437297588,15.205972777803234,59.84518513829601
54.92913518150129,997.4006474063226,15.642661270449716,79.22159038047747,57.73652303490441
66.40710677355636,1033.52295912848,23.36965517698826,6.204526042182956,60.16683059219991
61.33587081810142,990.6544377926964,10.203268095086063,8.16316498513383,61.97609921923493
80.70210030058601,999.0205713670276,5.361183627978265,29.84941127873687,64.93941172383784
42.59968527782818,999.6812637252843,17.548083550171434,51.41881809210113,62.2898839985828
48.24403132802419,980.4648322834354,19.956123104432017,40.62748005595866,61.30008320601312
91.52754420266005,1026.1564374171703,21.381540088756488,4.481631067080727,56.11530513534745
95.71652105203243,981.7596953079378,26.45962772298389,95.74915578709515,46.29850583185289
91.40465819891796,1031.7098909101082,11.135223620673392,95.28695203580837,50.857634869956534
53.55583951658509,1029.064089310149,2.2606468868667537,27.93563232407599,67.66182463384781
82.42924024055054,1009.453705384728,28.750457508928267,73.15256152685815,49.642743167628694
58.1068586640879,1009.8977566201211,13.050357823124255,57.857541138322375,59.45582196513649
59.80318817168818,1015.9577857625886,18.69772529019394,23.747669500562406,60.57542222862235
36.374408724582715,1001.2877506564188,19.98915969384877,26.217155174161544,62.446185735957876
67.29042426068132,1015.597225586882,16.395411261036106,49.11531743104505,66.31681137609775
34.89087182026783,982.4622613778668,6.157725892088103,41.923694149736015,62.17167484458943
46.5251759253755,982.972619504235,22.654291503484245,29.122932823126423,57.319586299165834
88.40241612959481,1005.1476730790749,24.11255922912245,80.75115963051489,51.53960216643725
36.56606473686842,1010.2292265608319,16.589267580523195,48.14629176373849,60.1397321184476
25.692662813874627,1028.82997021847,14.656834817545247,65.48480623891278,62.522087099111594
25.520607409025303,985.7563348649343,3.4181454938395595,18.927350016787546,64.97420504837382
95.26276164024863,1025.2456359956639,2.5185498449935153,53.35076625164867,58.29738619061675
60.55363503694677,991.5526035510638,10.186945366905862,31.79760494466215,62.00128588265355
52.752965745361465,1001.6746006680518,9.325384665521797,52.64136103948782,59.66580793560804
84.87028648063347,997.4131339155077,28.609693528898138,78.08258334109281,50.911402400453554
86.86607423284129,1002.0085400075969,23.50868227330289,76.89132100912617,44.447579175121085
46.575282649248365,988.2772523939922,19.797728857771798,35.422067803427595,57.64103985511225
75.48944459790363,1007.6963540921955,15.529442670528152,69.42771170796391,54.03792231110034
81.68982526815093,1024.0903424407252,5.02102592179954,94.12899503942769,51.407716333093404
72.37205494927636,1004.2843705708393,29.353700165528515,62.56693299249064,46.725647787404576
32.12760598400795,1006.983746674401,11.251220947206301,14.841012338263715,65.53643485039683
90.07064668136456,1026.6822171904723,3.207768073417344,67.97086292790951,58.399140894009335
63.12756421888069,1018.8331963050917,14.813966871472383,10.490438634931131,65.58779158498851
42.597794109600294,1006.9749924685882,26.219940348392498,87.21104087930271,53.715598575245025
54.01825483501551,994.1732606504049,26.618730053319883,51.66604958019403,58.07587323388315
23.00568723191259,1028.670971076473,0.3289774816934177,38.514073631157956,71.44224161158304
30.229344097793405,1011.7361220929807,26.58887234254199,5.700659464969238,67.48759694922066
81.24374004126886,992.1631185560882,8.144526524995756,38.078373459210965,56.36698913700537
20.000930780429293,994.8015863950906,1.1691709190526922,90.32066679157894,58.87847628009571
53.32526627858337,1024.1723198914935,25.43370811088623,2.098299628630318,61.65236941312848
61.800814486847074,982.42800591481,25.916002679646247,47.464815778180494,51.70943090849018
24.370753600077784,1034.565070286585,17.8869323952705,93.11580911106223,58.63547661656312
97.84625303778662,987.1693423843135,17.233012718890752,39.48409997650211,51.43919712970214
38.09002649997375,1023.7837688968316,24.39360817864258,42.81756874621504,59.697256342471924
44.33589757090247,1001.7126424224425,23.589286581308393,57.85600551991199,58.31699677502966
44.31540098040219,1007.0718900808107,26.703164203281123,46.293733357718345,60.36574468599321
38.43333296938799,1028.435781760552,16.582423427901105,16.86016912375524,63.774805188310275
20.11790576690491,1002.7101154274068,29.02941278198426,1.8555539069860405,65.8720137638296
78.34758352703972,1009.5621564520279,29.884404928000155,60.98116579787016,51.32520226298703
97.34763998394283,982.7114814325043,3.4963382999589774,92.08065870078121,54.27225917629185
37.94347866280361,980.12911106271,25.486312786623664,10.636413302716562,60.72537582889566
73.0437753442738,993.463993015095,14.994667732457671,21.095271925275338,58.10892470450261
79.3517061566972,1017.4320701105322,11.626990148994963,37.02294858249735,56.80274211307147
87.87403032724198,986.6695691347525,18.39216929648145,80.87422290211197,49.73095244013899
53.81033576108873,986.2569077342503,1.6789667178602108,26.92603164709776,61.4544373489362
44.23447245123434,1002.6028334419747,15.193833563012397,88.20544042787685,54.96625698658005
46.02361072184249,1015.6310371234524,26.1267171008,5.495787465006641,64.07765376010937
77.00970664788102,1019.1639595736361,6.403845484169064,94.09566212589348,51.836882995095735
85.34235732045089,989.8147870754107,12.791696843082754,56.07470778737649,53.14998278209427
34.52911742052821,984.3773481054624,28.184426631446264,65.87776784877045,59.925426584189054
49.67528065262122,1031.7218368670049,12.856915134170919,36.76895225363531,61.60373402794265
92.155215739932,994.3366510409156,10.75102896997195,78.19942855110604,54.492693515122085
84.53548157557914,1026.93405736848,13.216099443701347,16.656625008440606,56.98734803462121
98.78867222099807,1027.492029775455,15.58358299552669,4.891182527848703,53.84069918770834
80.33986077456646,1022.48874254694,18.959740323944064,39.551694310755714,51.1600223951437
51.45561608223378,989.2858483658913,24.020784027501932,85.36957139810394,57.956502011394775
67.25102671957103,1025.199080258981,13.563066172929428,75.49268366376947,53.07951442118643
72.88114033978562,1022.3087807582873,24.52442805270421,51.7155970488958,56.933385172651214
26.276465305369918,1012.8197644558419,16.011619840562417,57.21377471653535,59.991472764584614
63.55975672830921,998.5461119342924,10.15441531103933,12.989282629875543,65.7822862837949
76.74566627780877,994.4379732346599,19.738524843582425,84.06815086175821,58.22593388172412
33.38570432008483,986.7039066644197,21.53166764230474,78.6959682964197,52.72211606520331
82.45053739404457,1008.0366386795479,16.741469268884625,65.64703938869427,50.262485167282094
66.70182244112894,1012.1893481530416,1.6984491940417024,46.61910363289385,63.64755556222006
96.17774285580757,999.7636444783683,5.096486254824747,96.44592682795124,53.11321741091876
23.393783856551337,1006.1447487224477,8.558931626706846,87.90319718764711,64.8954992530073
41.22609100443736,999.9932951553096,8.478768178544794,64.44304935146185,59.81941551158052
68.12431034398593,1015.2553331526385,20.20262400740612,37.18009977172879,63.32910527398792
43.724792976474454,1029.569256428811,0.5504598502089775,61.802227868151235,64.89640651874625
77.15393312569938,989.015614412582,22.670453311485595,57.544092653066535,49.065506137001094
80.72042260175448,1000.9774845446718,7.960274244207995,39.42419878349164,57.027586027663546
28.201277125317958,987.7477732172973,9.300655386483072,30.667397168807607,61.89046305108233
61.108357136541414,1014.3719073724308,15.837294838317728,40.701079223732236,63.966036752600324
60.71124444728447,1020.0878780218727,6.477768028168725,57.391140603339785,58.505101410072534
49.54246161724328,1031.25520029286,26.534139407265826,42.81348447110944,60.237675613856574
94.63398900557377,995.3379559443531,2.561063379796958,26.357448820138384,56.45753870143121
86.2005055898577,1032.2616163225987,13.331470869031946,76.09633177608087,52.0936526257933
75.77675055277095,983.4794469501371,25.4826680836467,53.14674959574129,46.61949576267571
77.14613085879981,1013.1657624850524,18.475316832637073,6.767516322559997,60.58900416558976
56.93729150504953,983.1422995638832,8.769885475279004,36.83165056261255,64.54363860085668
93.67956168772606,1029.157580326907,12.622806233293822,88.49134572119935,49.13145699980251
75.56763418026283,1009.139498138853,21.200831410275438,75.52365311999519,48.05264735135022
78.31848493246531,1016.8141592919537,29.19782230091698,32.324678394400706,56.44931191324054
88.93527230298761,1025.736565925075,26.794161551383006,93.81831520445091,43.54644214003428
41.925727147375284,988.2670842366183,10.272984251471303,7.660290835821016,68.71935377546973
84.56567230933624,982.1225359065974,29.945936378635725,96.1234703892189,43.71050349520315
35.61924823651936,1028.338463025207,0.10513990593174816,24.570509248467566,65.48884734069615
47.627356179591025,997.3213275102413,0.8288926742524527,0.9094180302419264,68.2141603258824
46.848836341587415,987.0938399359941,24.715215455135816,43.38080365183268,54.69274213523678
98.28203747113125,1005.7653680397898,5.98388060499156,35.897042968700866,53.999242268298325
88.52297789983415,1012.906834163281,1.8230780518872258,53.90890052067938,58.53129092494299
76.09358892722078,981.703383188238,7.114442197095067,79.67728605698454,47.413966543113936
78.16454092923121,995.1192612041398,12.783004619425807,84.24308021504471,58.07214947450585
64.96582355220568,981.8039930852293,21.916988113002144,40.12299996116918,55.969119562831466
95.76725336868152,1003.1184464057525,18.730065796536167,42.98457437063502,48.75946941493245
59.70070023058892,1029.2305015986435,7.128636526812613,14.817773032947368,61.19479794715793
50.441416789591564,1034.0458826321462,15.098113443017532,4.7547608881163494,67.61565268982582
33.04282695452728,1015.0376154426995,27.786423161957064,64.12149902350247,60.37191366738174
82.89645218088464,988.8900731581525,24.450233309512733,6.4437625552692275,59.65341773924933
78.75551456604731,1029.8217164499617,9.695693544953802,73.38301194214559,54.03674859706856
50.74840308193079,1008.3936302760034,29.467936840670887,53.90901450222475,56.93353088985722
22.01547311673835,988.4562121656605,21.25861201305393,19.85829782260834,65.61231442539456
87.11978621744086,1030.6949668198413,1.8734806700034534,53.95229435126496,60.46107952533218
20.91343867632589,1021.6607977897706,1.0548213986591604,18.299771660209885,74.38357239795658
76.29598237032408,1020.2437899997733,5.0522384703009,43.8737207510412,57.440605249250765
97.62056877808456,1019.0049387086923,21.835676041504403,79.95603162422289,48.91919988803963
55.01290625185628,991.0186901603043,5.512167775272837,46.19192934106374,59.48496614079
38.79787239967622,991.6053680439139,15.344603076265006,14.869931829754822,63.66095292628937
76.38968080347054,1017.856114913499,2.797803605424952,72.38286818229452,59.86101046626851
85.37025136124682,992.0847512560719,27.626584734905855,18.676841627000883,48.514952331387214
63.71442528622779,1004.1269433241677,10.318818407507028,73.85498743701095,60.44792505157277
97.36282202049169,1023.0101004076668,27.243961696818925,47.93522892158333,47.25262560251027
24.13349773263689,1023.1173884953812,28.34626925731633,45.37417590943016,60.66605853374452
60.38364786436225,1004.9293974889223,0.18385941941042372,85.14350378574747,63.01400933708854
77.476315785804,1023.5704466051385,13.924055615961962,70.86035243406687,56.155557551569316
89.01123769193431,1026.1241987908932,0.7396816712067866,3.291079695493926,63.26366534919534
34.340448952623206,1016.0126663206344,27.260782989087176,29.617431460160237,57.76297090996195
84.00027854109452,992.5634218769632,15.552226342037276,87.09206608498987,48.11481541413432
64.21656605748362,995.0706479212051,2.2483203809549046,1.832616854519864,67.2854207546321
51.724294559197055,997.3162635474805,3.308301848297006,54.52534462619704,60.17747268939648
30.537202286327485,986.4242259253674,11.505270734782172,72.78256691739439,59.692730037078924
89.223660712713,995.023779120347,28.207025786186684,62.18560854845758,52.28265068064779
32.581856654377226,991.5235573371892,20.787274547042426,76.05322021044364,55.3428469056263
44.78302873672794,1005.0430812394732,26.02856598567397,72.56918489147458,56.97929804999205
43.20364255699495,1029.9640651329746,10.993699390199389,69.20306951531133,61.562067791498066
89.71312273526834,985.7464174214676,1.2964109864999496,82.15398609256522,54.068409474948524
73.81623953671183,1019.6147358171067,29.229529116132422,64.56906684495384,50.683938979915574
83.73451177530978,1017.800565242722,0.5151897198710864,40.241849425698206,58.06413491499881
40.03743190339992,985.2664809264846,28.42954959243267,47.19091099145876,54.287291682739934
69.98992796855991,1030.741482269819,11.06032271547434,71.67247826814506,58.6802862333125
65.7396786514999,1011.2659711186251,0.30271215065644563,87.63060296667939,56.49911319747136
86.62643014306168,1000.0049036624627,20.67471695173525,27.221880083977567,57.566035843889
92.48696483850084,1021.6096220922418,29.416209120940625,34.207679597107074,51.227008385138866
20.972541718190946,994.1551002120899,28.968771685127777,93.07393963624126,53.7568631903106
73.92159352470341,1018.1430410375476,4.8281103360725535,57.85117924094454,58.08891904305743
24.146863929578323,982.1841164164736,5.437434181984649,17.896181713500102,66.64171038723661
63.908693206188474,1026.16744206851,16.966167438589803,66.36951389123827,59.936600966049774
43.010618323494256,1004.6493965861725,19.11914479284973,99.07621555393796,54.921499104640695
44.5421279617713,1015.0181102896868,22.182537409975968,82.34535644704,55.95751120546361
48.23668027618852,992.1680800893675,5.431510814164425,74.57411365514027,64.3620544826714
69.70339592396881,1017.2390541962146,28.770212602933036,20.804665426626922,57.9019283587799
46.72399725350154,1022.4732151741302,19.162177688677136,87.61397846840072,62.078784367309126
78.61592404722244,1006.026725278642,25.411407566116644,52.57888435355464,56.666652776440486
52.36219084590957,1013.9749808233987,16.201971458525154,88.92900220719557,53.87836979975402
25.468256024796688,1005.0979258102319,12.428305427696477,32.98278294248793,68.60783219956694
82.70078739872858,1029.1750253091816,29.31548719784988,6.205105263543276,60.51251255823583
42.86066596741648,1007.3828049282876,17.463641124595082,47.59759686597461,65.29093366856254
54.62135036794101,1026.299478996585,26.006207483975366,26.983760481787765,62.162811845865455
74.83551065775212,1024.0743632048636,28.598771890988697,71.52292897762982,54.768689623301704
46.59649257189696,1002.5777651741596,20.260638810259778,95.71065528560324,54.483641464741986
24.52685249173725,992.6546470521612,16.468160355560247,69.0974151151564,58.87017845717457
49.913683761025084,1002.3345172907874,0.10532552731951861,88.69339297092034,59.427873351281846
95.55588661554427,1025.441955667637,1.2005892221701797,45.30240136012063,52.76558881572336
71.33875178388465,992.5197894700666,6.02553648153349,77.16407371953017,60.3488547395393
73.71833189337656,1008.8439990221763,5.580252955679858,84.30434366717034,55.30672056633384
70.58257229101119,1024.3353211378412,7.64276385599536,71.08756275835424,61.66232320438968
35.919371116754945,999.4412611320608,9.148039130929824,50.777728606956465,59.54601797481543
53.46670912818241,1015.3215300351484,10.801964806521848,62.586610961536806,63.13330951663181
80.07518386906546,993.5097365726848,12.616130702066297,70.05069956788803,52.486381267062
28.10983180425273,986.0103694952488,2.96599015368044,25.30844032214269,63.604659020053006
42.22822208717698,1023.6911323801071,1.2708579585834612,80.95792609149848,67.70041756164126
42.10552867726829,985.4432742874789,20.218333472190704,95.03245389672733,58.76665699814537
54.56151420756048,994.9259767293771,16.120044745292333,46.5239315179936,59.496263490835794
98.42949927537481,1027.0310182098592,13.32432606660359,70.10671831098773,52.47901051096312
25.400203734705755,999.0558107893266,19.03319823505057,73.7025905790354,61.81622512273908
61.496079550447604,1033.5174942232788,24.830382216106216,66.22475475214803,56.194597635917845
34.349174560976834,1033.8853884125622,12.830787273486138,54.71151083286355,61.241593804840946
97.65412363277953,994.7551811249456,19.233583951559382,88.16479545748106,47.044352266237794
29.064280378197136,982.253802223744,28.60716671505476,44.892670926889444,65.06945817542145
52.288080188927296,1018.7784806312959,25.188734875846823,6.110295648660358,69.13839005394225
79.03079878676849,1004.8042576456589,12.780024315072284,84.45563757121603,58.07409891903777
76.36435424219562,985.5414064177767,19.34150513444229,67.39812723165507,54.17444847872662
53.818290951514584,1018.9137550437923,5.312127657478193,84.92586264996466,58.548458534551976
47.721933436217455,981.7146200011557,16.815665546852696,13.85474424446943,59.40344117665199
51.808990284229644,1027.8608179770733,29.439848734153284,3.075294050971633,58.54025123754183
41.142101052691146,987.6258891012317,15.549453456075668,93.43745403825014,55.3115577430064
36.42663509654398,987.0021533310698,27.82914897570442,14.772830585057427,67.3304693023078
58.6431758047112,989.6619763882721,12.22004761509782,80.96523320704519,61.676619013633925
41.482700485408586,1032.8146497170637,29.965344815538934,82.32099421806357,58.252000344347614
42.99693319178001,1018.1243148139615,17.376601056826736,70.8705200549003,56.37980121595426
72.54048507796456,1024.0754344505,1.2680698270780366,13.126221109287094,66.39399725094597
97.48298653599137,1001.8699242153015,17.602643900741644,66.73986245608076,49.99664793100967
68.29097604475001,998.4972000127725,8.237180870387899,88.90865833268656,49.065225393654124
26.158357365197304,992.8966203730744,0.9744396610768413,42.55316448008833,68.00555004867087
26.04668910832536,1006.4356415571825,24.6255991408399,41.351685437859885,59.36014855329758
96.11385766764528,1010.3505803443793,8.271889109422677,44.285830957941904,52.961945522367245
43.78326322458669,1014.7476164009015,23.896456621394954,8.227189067620644,61.63890191088565
27.365358886598035,994.1415177199282,8.646527488676009,89.20255690299734,59.8680515325714
67.92356697203053,1032.1759744496644,5.829790616213229,86.91828639805104,57.584822908972576
69.89190226322128,989.3367174013924,29.218067223132824,99.79093217902863,48.554900326415385
71.88038560949505,1033.1109246121528,10.849359832650586,58.518314149841345,52.521146774369
41.392162228603304,980.8170867379127,18.041286343294814,75.11916364513857,62.06483842443973
21.208854737158003,1006.4619130499265,18.299444784434147,20.267190630730468,62.930781696010335
97.20122955635775,998.335231096411,16.814204465205055,66.75288182241695,47.952247992916746
40.0714436552882,1004.7017877661638,27.44087230563644,64.97328487573907,56.13361434051419
74.08210304420379,1011.3865518439434,20.233232141006056,90.12087358416125,51.750164153034866
76.53038959029676,1003.957403690699,12.111990123147905,83.07927228390741,58.38133784607939
68.80059336635885,1002.8165767665877,25.87141153572822,93.84664626177631,51.625259837000236
45.03259153709186,1020.2997878477319,5.431886973478932,86.88334727016075,62.4478597106915
41.68770030112526,1017.7231951297556,16.327102728312525,86.8693894898852,59.24805448150233
67.81346261621624,1025.8299205119715,28.516511158312692,6.372332668871827,58.91664777245484
89.28765068893532,993.7477439681722,18.761928896412382,84.59619526959558,50.82777281897688
95.73869831387165,1013.5240680364735,24.509053514246286,60.747839450311815,44.394865012084864
28.472464352300612,1012.1857131966069,19.606821766355786,38.04444517659612,62.52154236478397
32.38628900781759,1000.3355795979979,25.18112590613671,5.651462438806232,66.89486469282208
95.57890070264637,1006.7331648046475,28.334636395357307,67.76737747680467,60.254435222225304
78.92281826678341,997.2580178818151,8.187651825982105,32.820175053761744,54.7664442168401
90.63950598638185,987.8014418689341,5.089832437701566,46.777626498603475,57.170703428459476
36.210610730827455,991.7590665864503,14.519722509976198,68.17284370551343,58.44187319627576
67.00686968875215,985.8032505520661,21.055872804726476,91.17745470241428,57.96589070308561
76.0911675533979,1017.5688266354568,6.815737595466484,82.54369156049984,51.92029992632753
74.40895083575782,1016.3400066210033,0.12304351290501225,45.059712910359984,62.731538199369055
52.65213526933585,1032.283350436893,10.28805347510116,38.778315744637894,58.49760180021645
21.231591335304678,1020.1323127505983,29.065780064033653,23.977973884404747,62.480170878784925
66.63408454434105,982.8625211315872,20.8490238181754,37.242675117596825,56.02477820741131
40.2481231343687,1028.6334845660924,12.039763318236718,11.10463872918983,69.41888402981286
56.020339691431225,1027.447133962015,5.77728292040521,97.11055083647545,55.250169129271
96.60648120670538,1004.3826176424984,10.68269021264241,57.391744395957886,55.412469566399054
51.922825411394776,1012.2224677790357,5.095182999037439,12.780584279521289,65.46056557749499
87.18412853315414,1033.6843082859884,3.1891746393885425,35.28060092659058,60.46839147634998
35.083248459940094,1009.2767400116492,27.202271177176616,54.703914362065596,61.806699532270976
73.7968398420023,1029.792700560685,29.929510151264207,53.288563664086965,49.52904933616818
98.16055635511547,984.5671316795602,4.923433187873709,3.5503368718632355,60.575501486643375
28.15144806983494,990.5078527789775,1.6356767663483918,95.08410342291114,60.6752348759956
20.66559537817536,1004.2415218892725,9.89193321438637,27.53756814749446,70.68145317837892
54.686623410609144,1012.1616244585517,13.849775422842459,1.6184668931891188,64.69522316319859
27.410038644109378,1024.892531852454,6.144637412275634,7.644400895028247,69.10789890825943
79.8707479740985,1034.3544163328752,9.042747353956754,58.019490324797694,55.72124048545476
93.16389310788472,1001.3868323060764,6.0261220707497305,13.778552067509686,60.94195962603814
54.721677816700705,982.6078599877046,23.22781705297354,4.172479285350327,63.73816517737445
40.69693137243527,1024.0644326812428,21.377338297417822,37.962646641271135,59.87813667314771
54.75226552052878,1013.2409395495545,19.048545472829453,62.27611923401886,54.17355214962979
77.87582542800008,990.9198572377511,11.616535712376143,11.183980484161237,61.23920123731877
20.72433292642968,1007.2155651141782,27.271228239427078,31.332783215131556,58.509950122434276
67.15631915877577,1020.8270635043548,29.0859762460506,41.776067162454225,51.229517919099926
69.06333479099033,1022.3726482887754,5.20917937876236,15.946009778676718,59.76932925933404
71.01505975167484,1007.4790126599319,6.690379242356341,50.60738984667101,57.67936409620704
39.36176639847018,996.7867991570872,15.76893084001109,8.52140869017709,60.33426593364969
77.12421787025013,1033.5558420121172,2.7375170784673584,4.651849634506866,57.900674031425055
27.311318906542112,1016.4849436026071,13.093451964693385,51.98353671551348,60.72432139669717
35.94162691734407,1002.4530635640464,17.453737943331305,24.789697275087562,65.28769157683827
90.19760373235856,995.4254773312559,15.662207134119994,9.537380789802752,52.79420407030193
79.09785205812531,1020.2106640651959,9.927257492340782,42.39125874876323,57.04982464704028
21.099644320907622,993.3200895076573,16.273374182316203,91.51407395173948,66.01848285754862
39.87010082958402,989.4440493935529,28.764028627765434,72.41924466541549,55.465177731048634
37.15251863945316,1009.1408638929139,6.1805221287412815,81.56159153470276,62.75029187402581
41.664506242957806,995.9493065954279,19.64494075182011,87.19139887586364,53.86362917459466
39.80478162239091,1014.5897829707989,1.3019008246815555,97.26277413964189,67.99680149923199
25.00210365942766,986.4866271180829,1.992492134443048,76.3246573514173,62.48117044666972
56.71524132774563,1016.0217607512027,16.554846726707552,60.84079219394797,57.443295120338995
78.61867798289322,995.5813090398736,3.148175409838484,36.54258803022472,63.271175803185464
68.53853797739491,980.0133613938982,0.67040365280572,18.164323655771607,61.753804218922674
73.82973348784638,986.9814831720797,5.1453899294406655,68.66598739832943,56.768839177505356
26.49193428289913,1031.34884578093,16.945475129987233,99.49499861219418,59.2391300549626
96.11925681414297,1027.7045051513446,21.100228635567973,46.735868461891904,51.85186791391732
87.07934670744199,992.848496761993,6.0743569242414,72.36793680928076,55.455519721044894
84.40722547965302,1022.810454750002,20.047783116245235,49.50924499931561,55.93747855663989
85.8387044033414,1013.4714376245686,5.47428993297688,43.19334233634766,55.9092666806918
94.6168406506209,1033.3997591297427,18.403722798937714,41.030561355991516,51.96184729094203
63.54031728909582,1000.5483112743733,12.358790396873966,50.46246829316976,56.53678152836579
36.022561429410075,1017.4803336884444,19.613985280008503,36.689566186537505,58.25340547560184
69.34268862820329,983.4944647333156,29.851582574377417,74.87733218218078,45.71400230137542
79.43051949343513,1001.7936040749023,28.13450895697686,87.42720265915166,50.020864228679194
79.03339146832204,1033.0099713653499,0.12845273508310884,88.28853066451842,60.18598190695878
61.71592193335041,1009.6439480947566,26.563162930869172,22.769871342582594,60.279125073099465
25.476697546686246,995.8333726834164,1.9947238552429958,89.59091387314908,56.199902382261065
49.68903507441023,986.6149029720734,28.59139758479535,34.155123185510504,56.39578634555195
93.66132867706858,1018.6940587099841,8.454770372990541,30.930766548529764,53.80413326293139
66.75591278059409,1015.4670823886349,11.461044912338128,72.6756057398236,57.35719900464842
63.066555460457074,1000.5666292482076,2.7491461552718355,30.469634008628944,61.18435403492333
41.508281150575485,1032.301774352621,3.368182749867288,5.296640560971011,70.57578758790778
49.47591359332631,981.2211547143318,21.80221695687959,37.3617772310308,58.33050346066794
91.62768713225354,996.7048118397504,28.32996707244875,72.1465600358349,42.58181714801933
73.31704380214686,1030.6588217464769,18.322454848629285,32.695842027017655,55.131257606819695
82.99096214018662,997.6514491075692,21.47550046580433,62.95590559951465,52.06942142334248
56.34763384541241,993.8739058620343,22.859092337914603,66.01194442631304,55.57741380677908
70.41977755649263,1009.3821225462186,7.884428236588251,73.37360117263562,52.75429269230493
39.8706886994566,1025.3090962456297,1.3568889276064477,89.71304663109365,57.90611547187922
76.4368664226789,985.6730718483099,0.05618231757505754,43.256449926843146,59.65556734970888
54.20810669626698,1031.8661390305156,10.51947848862056,16.643207666245708,59.9711014031742
55.403641185179644,1023.7290084649641,7.243926845976483,31.892571543188943,58.27033844637002
71.94578596615054,989.9687640553353,1.8695317514755694,43.216725517398594,58.546740150136024
94.90244971751413,1019.160437865899,5.385848774810002,71.38914693281131,53.00811783466548
25.120507728689674,1001.1727297450657,3.734966948038434,1.3122125561633502,67.60491285697859
85.97945898776061,1002.1262072941976,27.44635141852111,31.578538343987894,50.689047651279616
43.39064883297545,1023.0809550841376,4.208016403775067,77.98425810193169,62.16540329898808
55.51355636051022,1032.9531644389403,16.129453919630375,67.08577033306953,56.43137930588846
21.75306630200072,986.9660730065957,17.793178653364937,73.17399735856051,61.12555958793217
44.083686226745044,1003.134663028335,16.30468373125901,81.18107694391948,56.80077089044134
60.210499410410435,1006.4517884446367,2.971693026479639,78.32357188779623,59.720638084740266
24.49408618779512,1000.6971499325249,9.563950852516536,68.21831661527781,66.13993672309032
59.28765835065321,999.9754018043924,1.538109973894598,43.96615323705906,64.72179110331113
94.16885030867418,982.8747767158878,11.870097422889481,98.35983288781539,53.21798394878503
28.431457448624418,1017.7046241309442,5.65796793814776,56.90731955900738,67.99082948937807
81.15525824604035,1003.9917929416025,16.848975998531394,20.27692093688391,57.867657900799905
52.773684270079414,990.7136591454159,20.784251815473016,29.28128551047844,57.87363301767776
72.41389716194703,1024.8818426266137,15.963595806141194,69.35624559704699,54.43050776302476
40.81892783881835,1024.1408411483396,13.027100898341873,92.47395651994636,56.55477080462222
32.75938100330866,1006.7515395448892,11.620002625700772,17.872012920589754,66.03498061438158
32.83700914169812,996.4147863631268,25.250753042910112,8.234649574578635,65.05174229271235
25.639355651451574,1015.0950999188049,6.5810419519581025,88.15310480420061,60.883388968059826
34.85173639209944,995.8483674677572,22.026550185866064,91.52779789128344,56.66565928613485
73.13755079911746,992.9804361678042,22.72446974220357,27.63793453158995,53.82434594260115
90.53524894748064,1020.178305971448,12.576000218122035,37.72857243712399,56.692622037798245
85.13005484729294,982.2178881846523,8.91901797676918,66.01879974978584,52.35979867426715
74.81074478995873,985.2122659069026,14.116244581379258,32.99300208424748,54.79984589181553
28.834549072888215,980.3733495712975,2.796417776780955,87.71587082700529,60.13347742676692
43.13499570367598,988.4118752561484,1.3779009668726994,10.757870271386272,68.37110711280216
44.784550025797515,983.7944504790753,3.3480959835567536,3.798222096019521,66.20296553573156
39.9965557118097,1034.7691302278956,5.614350943866785,20.84862067427895,66.03453927243527
61.20045277677785,995.884548347475,15.12530461014129,28.6087778204969,60.36949914684888
62.8443051903738,988.2097406968086,25.474099084833664,11.292659128887506,56.58625769539391
48.550878013688816,993.2547941897755,7.06926995999061,6.569042934064672,68.53427282187197
48.30313269891488,1031.4869064347074,28.054860322403343,75.56077135017982,53.03383110285608
86.2844478324865,1008.6088122663417,28.6472372680501,16.427656590225737,53.36474893309826
83.14342786557485,1000.0649952969321,28.767138145356157,91.3922199066304,43.81362783817059
44.62366653445965,1028.036530185007,25.126882040289715,36.7999661448096,59.16157024990385
93.10307550986074,1001.7244648801968,10.914751223931617,67.06058097213455,47.971076491855214
96.22520136020049,998.4254713476732,2.1805173300786915,22.540211476880025,60.39384196688416
46.139403362403264,991.4005387402354,17.064561952994847,24.032276849186683,63.84589971008202
48.353995903444385,1000.7788253150177,16.760443318117012,57.47092028675753,61.342779695787634
60.45073227375671,997.4176395809309,25.499273013287866,56.06429251459861,55.05575152820728
95.28966500269388,1017.2517177613978,29.879731528383154,76.87292280120813,45.13724103972911
90.10555465138492,995.92704875689,15.244719196804427,75.7813305694266,49.046540611704785
28.205437006687184,1011.7459860532409,10.356120931193528,67.0687764663661,67.87500770668046
51.4184594617133,983.6240690767585,5.57705134668801,44.9130565893491,65.95191779139282
64.26969517998174,990.5209036183082,0.14399474452112204,89.06403862806171,58.18692556221217
60.2505978041232,1002.4072899386242,15.273410774666376,62.257849022129875,55.712819209248515
35.50904543495142,1031.5322089649783,16.66556000107787,99.01984904623572,62.95282388748361
88.70534169345237,1000.7488592143633,24.748154394521922,81.93698179343586,46.89864648829689
74.15526263974698,1016.5240766659908,15.137309036784018,4.430981123832622,61.08541554586268
87.03266998814429,994.0297972331769,27.494050459981697,32.05939070803178,56.32389943566284
88.70114234795777,986.9868466785277,18.842504297143066,57.18757164709517,49.37965520990018
79.86846829325918,983.2195130044028,25.210087146632496,72.14695378714872,52.76190294346855
55.136848099977385,996.7977424198514,4.449052044232413,55.033649776194146,62.64810987617543
68.84374040123396,988.67135647383,25.660083909069442,78.61304224621819,51.39767921510861
32.829232489579454,989.5705746408868,20.25431563331545,28.26556527573446,59.35331318441159
73.89163339799262,1021.8417619612823,5.106990973149916,18.391205123282507,59.86856203529248
34.340260459142456,980.871093901968,5.692906744380326,5.391668378977011,68.0975977493461
75.51596724081254,1010.6795569154489,27.79501857132664,57.33137445715221,48.294512206448076
38.36785286031749,1000.8703759326405,0.9664608135111863,68.85995206754953,63.921457316531
29.404104012017598,1007.8602499949701,13.876048298871183,32.61497171193616,66.44873753850847
33.222759211436596,1010.9556630468031,9.404258698023046,61.35841848558766,66.15073500523116
20.15937081752562,997.2352231951503,19.952323199952843,5.2157230853329235,62.265093434981665
77.49916942828241,996.2309873101357,25.188881627069758,9.929334629680364,60.08153879250502
78.59208392467033,1020.3371017134198,10.811343646697086,70.17547722584983,60.79388787263379
61.194667993060754,1027.9202343466636,12.807062619685116,36.80697052172987,62.02174058138854
32.9090240844307,990.5919897852191,29.457533535042426,67.13340311030056,53.838124601885525
26.68434700085518,985.3690318294332,23.517495290376083,83.1721120279918,56.894638573134955
21.53031731498296,1029.3787693515615,26.91612392795374,85.26224374761169,59.252800959662125
33.25985415721766,999.2442505006069,13.162866619548891,17.216764546445095,66.12412460403047
91.26844279865173,1010.3224564864548,7.022286119523456,48.62855723513465,56.14272038889961
39.32294733613454,999.7748729486002,12.355903961593551,73.39267236324865,60.9756584667494
48.341706177377255,986.9191284990328,21.482757534945407,77.39805962669104,55.390734787465725
28.427638758506653,1012.413240472125,3.2829121450793797,78.46759807288775,64.92956920654487
37.78890437985362,1008.8827468473296,8.114073168495265,22.816733438058446,64.4515469862627
61.53796566241641,991.1646457555158,1.3990770138477115,19.253481772377334,62.51128303465866
68.6202146476522,1004.8527974558752,12.970432150143946,59.00124682736959,55.21029640593162
39.62818513329688,1023.8321127208606,24.8233720793884,74.10857977382197,63.626305940599245
24.618572738009377,1012.473435670934,0.739910648940324,31.913951553419327,73.45976008815029
51.28262953019189,985.3304529886847,20.25970580421498,10.470515686242155,62.48413855410634
38.73626967410673,1010.1411823476025,27.97487623541219,71.67463829100775,60.843443712457635
37.56431385838415,1018.6506064609273,7.107835845335469,29.96978313800045,68.33221958423921
96.78902421707642,1023.5986873179413,20.809045221829443,16.636272431172184,55.436244238747214
69.30403887405792,1014.6014668248847,29.25305703300601,14.772352839713164,52.1766863333991
64.55027545376767,988.3961990497431,28.868341804573895,31.49095475267163,54.330453052191956
53.262008281865754,1019.0595296624589,7.047875790874299,59.26780659137455,60.2645727931349
54.31554667441154,1017.2538015344834,3.009931596362061,35.84022386938166,60.523893732300095
63.27240030704647,981.3434785617349,4.448476136877479,2.066185159343159,59.02697842562575
75.71438456288858,1002.6461217174634,21.061070054464263,9.690843467781107,59.186310232927774
76.17168769454636,998.3122635829305,21.772766263598267,29.05032471986191,56.71303281275919
33.73551261643597,1016.8176635339504,20.22709684884597,65.9704482147092,56.77577863930156
60.009020166130156,991.8874696771006,10.082351632267143,9.851507346853383,60.12780174704088
52.956647602728154,1012.4979557635842,5.093308192743664,56.065685350068186,65.28150603340525
89.64215730155074,1030.2263278997796,17.422832758567594,11.988587082400425,54.81484482397495
70.5135136974701,1023.8791304714734,14.510413372735995,21.16153273493815,60.57000891406078
62.600325313278546,1030.6801754919093,21.865024413669104,17.218852755576275,59.42405900011727
29.23157137431339,1033.817828181298,13.240802360568644,6.722863557081049,69.63903815958246
68.45103114587292,980.586856985339,10.159190840594052,67.13298173865903,53.47706040032209
29.376312454418674,1014.2507702007613,8.804357320770432,46.34035473860345,65.52551666320709
46.976526045260165,1002.7061668767399,6.344109601492396,83.10534408973382,60.33348057276639
31.427357185146548,1027.2919969684317,7.9723912855998424,9.889083998231696,69.28389417839445
75.36589176194951,993.8498086105022,2.8449131653230406,14.473293333807224,61.81723839598016
36.50016910689221,1033.956621901329,10.405710327866686,30.64577313504506,66.8639780390314
51.34874985504208,1013.7539383249061,1.097094370888746,76.58659869388082,68.02195456265973
91.65398220950229,1023.6445571225858,5.592415414989804,30.57588231556988,66.03740384479836
36.34531067191762,984.7079754052522,22.403113338582873,40.84187074986926,58.15074599842702
60.62440511670233,990.0901836617376,9.76406966029868,30.160356629716457,53.70137169245468
53.54173289328176,1021.7122020168812,20.047110509320316,8.022429180102996,63.970142087110595
21.44992328365838,981.2092587121628,21.50652526791832,93.94336228961873,58.69753893549247
83.42064908582502,1024.928289224158,17.435560281963404,54.853899207118886,57.919957776582955
25.52367250516798,980.7671960280551,28.760932240961953,78.78331881854967,57.763896098768505
57.94040167815629,1016.14153614837,0.6431959986933977,65.8357092185296,61.702757275632806
64.854263595116,1000.0801656127493,22.159579517644264,51.425427906197505,59.007857760967376
70.27411652916697,1013.6322168995559,28.76359931821224,8.967825665938012,60.902187079020614
75.09053034463005,1018.2817273844013,25.86815188058818,64.27335452703043,48.69910303502907
40.2617906818172,998.8361370552467,5.036780754150399,15.537035593683212,63.96220028248628
20.79830213267595,985.937934646096,9.804609187551963,41.43831693562766,65.2347755363382
77.87549298839295,983.8305227261546,5.173555196293962,62.911314348043035,56.64091588564406
62.85252794780629,1012.3914812409402,18.039250914441123,78.22290004721233,54.62218571502265
86.8894162565799,1008.6360444553761,21.36563945938477,68.50451757086195,52.79287960279857
85.71106903205555,1020.8210555016623,9.512213080891746,67.15335290546288,58.21417473054949
87.46609342303066,1008.0354530502166,16.185197219528863,14.90422091752075,62.130996262432376
58.80757279836321,1003.2345184516984,20.72761710213585,34.61285400715879,60.094051293525496
46.69027166694925,1001.8947948029927,12.64019449833145,4.2912272660194155,62.01190320085359
83.3246562073096,981.4545796428717,25.62046591366378,71.94768931764645,49.15642445519731
56.1035290423404,998.4556460933161,23.146498058634513,95.2585981317419,52.88932739840493
34.67537571227476,1033.6811086638472,1.9399663155171198,26.411039017907576,70.09198400934427
88.39792156491795,1028.04555669249,18.63375897272487,8.769670916230933,58.666624716784035
90.60479014178779,998.115793686882,7.059766528792489,47.55700767536536,61.915600933314295
57.304780491213606,1012.3287472786504,16.72554794001826,85.66982231275688,54.47792064167414
26.055978184782997,1026.601321004452,28.706653278988988,55.19741952717797,61.71745083183956
51.0260871933545,1004.2700885212538,26.371860136567506,4.67771501901133,67.61384241941646
84.28301275700827,980.9876825062584,12.135492093453951,97.4272240527946,49.01338374840123
92.14192228369829,984.0980754000252,8.745415750330602,82.86499099626006,52.16252754467387
36.27781939980767,1008.0715996741789,7.03217233224777,13.159407705151017,64.23575387414994
25.357888962021722,1033.3191656621734,15.975446092695602,92.17977565035089,61.407100405864
90.18803625062709,1018.1265248220377,3.42745359774169,45.06882886051886,55.39383440259758
51.152395118310025,983.9003905291213,16.47825024384746,37.18979905749412,62.728812578331
63.34087714140506,990.4148481685525,0.04000918472376047,46.10533305271882,61.85898999222709
97.44526496406071,1022.4227728769267,9.715488922375345,83.45719568709472,49.36848150495967
25.325178233137827,1026.2791867975934,6.598029414917438,65.94796782867857,67.84874905028443
71.86544059616764,1013.9732022403725,29.136563698823462,5.924845239972754,57.55998157290083
25.928433805989364,1015.44327432964,21.817269587099368,95.7604371116171,61.47176986825336
50.03751427732003,981.5585597710862,10.489601413867131,14.778413347831776,59.50905394410887
84.30516361547573,1025.569164276983,2.7853525959186154,74.55679517353511,57.82258350264148
54.67777862045075,1023.3551364493957,15.50401784071872,63.6136530428131,61.08746704523762
99.77458831223603,994.2469329256841,6.403436439781269,18.752804794656086,55.43247310596695
64.72474279572818,1018.9772195981029,16.092886376950734,17.073207611304962,56.884290980518365
45.69297221087628,991.8170033533748,25.060870625366775,87.03275937046921,54.46607341041313
37.60890607238025,982.2181588578333,18.47377656304156,41.969492349959715,64.3557327960419
48.04164274289295,991.0625098424707,19.013652586350066,65.45765141741386,60.82401971418643
49.802661900764065,989.8245882214865,16.230908671884343,50.40710038566733,57.74700374065365
25.497094217916878,998.5761398204166,27.817968978942275,72.73535170759595,54.49590476965656
49.56593595414185,1003.0147223446502,27.9570805326181,47.92423750393306,55.56895020614684
57.139081579137994,1007.969639032374,15.381696032206566,28.73799152555684,59.19802704213233
77.81902017910437,1006.221463152958,9.172784614305133,36.33833709964964,59.71508272761874
72.53835877772863,994.8871033280909,13.787610176383318,85.90776944503426,53.28020170805341
76.70125241833233,981.6043867715741,5.596737365868471,46.8034692922727,55.35573308805276
20.669094550148568,1013.2805892230433,19.09032945954268,21.344933224460927,69.26347156533892
37.41339196644289,1001.7659656416045,15.002770073466996,93.46053880772533,58.65237181004748
72.93474307198852,996.4269686563152,3.0990143343983965,79.6600456498377,58.07555700806054
58.719149454379775,1027.6817573556782,5.929433433588461,5.566614605619913,60.196754046829646
20.425078053467676,1021.0708819288988,14.388958685985804,99.89429619805178,53.917495589703336
84.35957139454578,1027.1771051604844,26.62766972156575,69.49266964401023,46.904180150992026
81.82476586322699,1007.2240537091853,16.99172161893292,16.026659904058693,56.04355379500512
63.87353303948501,987.2012188669728,20.446050006254126,23.716768129859645,59.62723289964528
25.31706606210177,1018.29217898667,10.170856492317291,69.24454812415469,56.82510866591794
81.32120396260677,991.3340578965447,17.142341791327027,77.9761055279122,56.71006402452199
66.69708701850911,1004.2676318000445,13.421394679142022,23.903594314980616,60.41020408455183
82.55679817263673,983.5750433921888,19.77389737869482,25.696885389927083,59.0411418127739
80.13975939166724,1025.391962133264,1.517266982370311,30.712069487206083,58.50052202458903
84.24016575662696,986.9267352576126,14.799006487168775,59.80183648366367,54.86872580884264
61.44064531236999,1029.6703628877121,8.879778754319009,17.181617830127692,63.63183139357538
31.225961455481198,1027.5326831243856,9.785551838337277,10.42431988847775,70.59013849515438
73.6925978703751,1005.5520520441586,28.827522946741844,67.88640890855136,50.82902484904135
69.63790280415765,1020.9402512367195,5.480844381341483,77.90979397931702,59.20857564218717
79.38025497592697,1014.0694790599985,9.337357577357908,50.09294044165055,60.62055224265297
33.59048048405882,1024.169160328576,15.296777271926153,36.383271026838536,62.23980945873028
35.598015992023136,1003.7492805432252,25.89080844448871,43.20427135264764,60.6079577010605
91.23276137754628,1023.2194666334392,12.500102496191113,38.84078338719519,50.347989452015184
79.99822387616567,1005.4351249385832,22.315958426645132,95.99849082376753,52.06631160074586
92.65827909602584,1031.7531183313536,25.69122294644407,76.80899052191403,55.6678455208736
80.69722569311367,1006.7504655453831,9.300490674655467,20.808721485011027,55.442306237137444
67.77242447922416,1005.4440599563551,11.782505506161298,38.41891520539801,58.75861535211458
72.33061896222989,1023.1789523859932,10.696686710650688,54.40122913631098,60.69273914528004
91.13023391520079,1025.1867730468462,24.98567425853763,61.298586206368846,51.28188279384946
66.30454036095524,1010.4969012876644,1.3304058586080347,46.81838960287671,61.89142101896082
70.59130594627099,989.8888797422292,9.2526326648604,81.01266350119592,54.039689726866825
32.518137280288045,1005.7267027026669,20.382256727853896,76.76060194582317,57.830478419170404
57.91369760928822,1033.2439876600324,16.96330498696028,50.51579186281667,59.10053280848652
77.31176895664791,1021.4142406171552,13.08868077881083,85.44293867817304,54.277213258650534
41.67541586530923,1024.6139432133523,16.198446816641532,75.10895304423859,56.130593616306314
36.18033444196279,981.8054024350582,5.9275375748495485,77.85818487206433,60.93656078979229
45.106144657953244,1005.7322704448788,12.921498648240311,95.64007794334167,62.28739003770274
39.32005023942668,1015.5641623511656,15.051089525290472,26.646694120920266,62.572649666369664
37.19301096291167,1025.6517975995441,27.03567365863805,26.76481623668492,57.83525159732683
53.98806742944696,982.7100509470524,7.82505488411929,88.89522556906401,56.68806195295083
92.62708111068272,1026.884138710303,26.034855064947976,77.22263733856795,47.35094019211439
60.564771739097466,1010.1620515208051,19.32724202477946,92.65455414356273,50.06256598632188
35.03363046522584,990.8522683816833,0.6102249320280295,6.313016032445306,69.13895403507868
26.157733550469928,997.4490369047335,21.738940106981808,62.77570772615966,58.38666368732739
75.69249161103401,995.5061253463358,1.0665563264716527,14.462833812344744,60.16856298503301
50.623901154911024,1009.1972468858662,29.92143380441439,50.38971982925826,56.7230508059099
85.74647572682875,982.8427123951122,26.179100630735935,15.574693185344424,49.06146273818164
72.76086149126161,988.7194887174958,8.92031242620137,12.807850898487928,55.15523519582784
83.69931604330948,1024.698117385668,7.722336905901162,1.2168345382033152,63.41771288290454
41.7556831534759,987.2932194910746,11.443232463168266,63.023881238290436,54.533156889594046
75.38871379688464,992.8367948201969,10.68500895943329,35.90226166900861,54.93169846397411
41.124958775497504,1004.9353833082287,11.170134551561432,10.518828487897169,59.99511299291707
95.12547835602332,1008.4416488462332,9.548296383584413,32.283777773130986,54.640658482152745
70.90994252266995,1021.9985763787787,18.634002205449942,16.894409145158495,60.51757463672899
45.96094401402737,1004.6032834666403,4.927909911618719,94.16948315016595,59.861467452840685
41.56094898338181,1023.4425541569547,25.379438773380397,32.00048857613481,67.97428120770688
35.274126805731484,1014.0090468875002,24.37207452093946,33.39535232893899,64.7653428914573
75.57127671149823,986.2204856683103,14.294496235658112,83.98580033995856,50.02716628342666
37.49724903983419,988.5982291116061,25.58189895835643,64.77557612860042,53.750655964132754
67.62426127419913,1004.0368548997374,7.414352100908799,71.01716074030013,65.60293794333492
41.170802154028586,1001.8289166198972,0.5269636711190084,63.60018039889606,66.86549700920025
72.95751558350949,1020.8949348300512,18.57623775089469,94.61962839485653,54.446649168172144
85.19517828324314,1011.9405426888544,13.737282208941462,20.700083155804517,57.83257319701483
82.24201945157225,1001.3473194551237,17.01493638887612,98.90392417557958,51.372106531628766
80.86810647446254,989.3918155897712,26.980182270552092,83.09561775565132,44.606541837884066
35.01779245538017,992.4760406279022,29.097767206978304,58.897258887634216,57.93126775464406
27.0707957587615,1011.6525560157983,19.03359419266809,66.2371624396249,61.56180552585773
75.91590627899085,1003.2891342694886,22.921667695573152,64.88258765006141,50.11073896372828
49.4677771035481,1008.321012987337,2.514253004614928,5.8396224059153905,65.20136154962887
54.58769811226779,989.3872589416228,4.821467546745168,21.80164985319386,67.98336594621361
22.491927423471285,1016.4598438789511,21.9961441485893,96.14708845247492,58.718276767407446
40.766115942003935,1026.8896307470782,12.940963691640059,53.43644288593793,68.66402539239682
22.69411230995712,994.1866728732796,13.378958112132171,37.8353603261912,59.76974340484712
90.33486180809982,1007.0332824207504,9.258230449063099,76.2038463389075,51.75384614755943
39.471734657482436,1033.6540030961496,18.220691504332315,52.451894265580954,57.0322398541533
64.58697356584065,998.32829573029,5.554951362486078,1.316277143189759,60.12277842058331
23.118345652890433,1012.7275489708069,18.807488379416867,73.62375967151179,58.964960125345655
73.34779130445264,984.9607635110134,5.21396571405719,73.22175600528612,57.180958816147225
45.84218766032751,1013.3308251363694,1.914781041291408,16.51487121099744,67.65749841244416
91.83353495661326,984.929747531754,9.910730660971831,95.66600884242133,48.45332532625869
91.04945511472286,1032.7579489428101,6.93421026029543,22.390813154111434,52.44468340109146
46.023249468939824,1019.3614458639771,26.66974915668997,45.77493673821993,62.97461680508448
92.07687165523743,1023.3487883474638,1.648603616058798,11.473596126091469,59.93508804340185
99.69261387990231,1018.72573984244,5.298410777223685,60.32823194505884,51.295405750898205
86.03325312991585,1012.4350969842056,16.461588167491485,37.54511200572125,56.29820225076054
87.58970782041831,1004.7452029597027,14.43201572542421,35.31734622097055,56.231295827861196
39.920698888727195,1027.2105358868585,1.3755605512410463,82.69768772209473,62.172582051587526
66.1361919086205,1032.6259617148685,0.21757284045433423,0.9561712850478243,66.69931581630875
25.38047311738943,1007.4469895097245,29.642038258834496,79.79467708924226,54.23163535970852
27.593434945733577,1031.2344277035395,19.765041010765145,57.14485657480787,64.87725161713509
99.91140896266324,1012.0833100493685,10.962183927046706,98.6098513480199,46.876685683701375
46.13113995407288,1009.6111302793038,14.112967429897239,58.9443220604249,58.404277629842625
79.8547129639077,1004.9965503125446,7.996503613628608,5.537913414795792,62.72590153977954
84.53320424214532,991.5108268841566,10.346213510796293,5.064532644372632,62.600613344826286
88.64186168057833,980.2045813449932,19.47133401804642,88.31529863718319,53.736170310365736
99.81026379217252,993.2828424770834,26.48435396602112,84.12141455110532,49.57636719006347
39.319718820549426,1008.0347744381961,5.5239006924355465,34.589007558202326,64.30312082527503
23.228066148775977,1000.8977973742864,25.21084516155956,61.80324841811372,55.681631601514674
52.89532143956688,1004.6666875401448,3.646698885548072,48.95913570556003,66.63913046464764
30.406453586315756,1033.9356520760227,6.449766707651737,96.71640551360522,66.55879189380711
21.79407113296441,999.264980386813,1.1152586414893795,94.99609008768915,61.8070582180799
48.83414617131889,1004.8700616648059,4.2243558627899835,98.38390085407745,61.706446620344394
82.69906008601892,987.343355324405,27.519094363921518,86.64487806342642,47.28097798222665
65.29445529800567,982.6376752840343,13.783162398551358,90.95515907751013,58.29296604135707
45.022239136828325,1022.6475233025872,2.3299758533506063,21.72787787671364,65.28724688089315
72.34736043941757,1011.3875746289589,28.79180514116884,83.10067889897745,56.693347184680825
38.561454424704856,1021.8387643324143,26.369769232759502,70.88571132042748,60.1843948385615
21.150515685766802,988.2424539387604,22.64047562604424,96.27865088280701,63.38734436160774
81.14827091491419,1011.450582415048,28.004183758426734,57.12618284426194,50.32325028326752
69.89944678912073,993.9503360887757,6.603882625072925,8.516716671055635,63.155877248562824
80.9842099600768,992.5433999295011,25.09107879030259,59.7398891187153,48.59430608106256
23.11504133501325,980.6339307729141,20.699735890629185,68.65809280212878,62.622487390194564
86.96957022645218,987.168739796299,26.092777487030652,22.03210287124283,55.85267605493842
69.56209600290427,997.0097461324832,23.907346972278894,39.41133835127284,62.507403388295685
65.07162805701121,986.4283318325016,10.39485189530475,59.850341405167995,58.755768170167705
69.96912384916253,1034.2222142226015,23.231956110517668,37.41057373165055,59.2449676728865
89.15465974946913,996.9747956688173,7.873689089546709,37.49477172386639,55.12529772452499
66.95492052471256,987.1678170686281,9.857764890841645,13.30866391727974,62.538478385851164
66.47603039105434,990.9495272055377,3.2371715166892843,94.0746723077666,55.19163623970696
99.25433256526127,1012.3236775587812,28.052298479414063,75.04943844950965,47.935349798273776
80.53841336548544,983.5223938125633,8.730100902008447,0.1243438866102009,60.59120799588617
55.383504436090824,1027.4338771577636,15.618673955143555,76.56132840221652,56.7033400398862
76.59176000263422,1032.882482358043,11.73998509398578,73.97949926578588,56.16201436879326
51.138437735343075,993.5711081367059,28.797843617505045,0.9730960155522994,58.668884570406064
38.31003699867992,1004.7552397724972,10.051475128154472,36.96042976137646,62.83480750304764
67.74815015102075,981.2173948066223,23.35637464268067,60.674769032553066,56.623392040844195
94.25456784911611,1015.2390623599972,25.6624846389354,45.275065185803584,51.959991867913565
94.33116160123701,1002.7659331928924,13.068194924428978,77.79861187205073,52.51122422325967
47.352422248439225,994.8532156355856,11.345154433587938,42.5458332634434,57.07939571172848
62.214197297735595,991.3760410839135,22.432374627978838,15.386296945383704,59.75428963156195
36.9308718855889,1015.9712692712318,27.386879409187024,97.64156242738285,57.03244553344927
99.65048875991067,1002.8919367067773,22.647951992167147,24.20399927760466,51.37478034596808
98.48943262943486,989.8812608966451,6.813790967755969,71.76923105413323,58.631938343963
71.96071437659579,1017.9009994817753,26.64923242313116,14.315631166407194,50.24669243113409
84.35312477419787,1011.0789755670181,11.627450023104993,32.901261378393265,59.60432829781498
77.208012902696,1027.2269630211222,17.28688235333803,44.20276084304238,58.78834954452717
67.45265752315746,986.4611744382071,24.943068578781332,19.22320045270639,58.19167396414107
24.267839759111816,1023.2116631069451,5.651843022014766,44.99595763686095,67.80429131087435
56.38114740421288,1017.0434232749492,23.535304070326593,15.716282299174999,61.735474186725504
73.98290417339284,986.3256015255454,17.884883937320325,55.90065389858901,57.016841577463374
74.20252911069477,1018.2151401429446,26.80024925482825,66.3713252520194,50.41079515374897
49.849809473790685,1004.2851008883906,5.159112055306289,6.243428402801077,66.80226719495661
95.33535893264245,1031.9741632055714,12.620467111227853,87.11321210821681,51.304538415792265
33.388562578942484,987.7886242839845,24.98529278600512,18.514088504203553,58.494505107003924
60.02875569724485,1015.3558364948656,0.5769511037028052,22.53624253203238,66.81429285055947
75.27071812406582,1001.008902500462,3.3660410029692853,66.13498400830629,55.92435813594968
75.77086447134474,1032.6248068824982,29.71695638270204,46.875106043441406,49.26653900110899
71.89111654150524,998.1486192409652,8.411825357710516,49.93955991710657,56.42682417351173
42.02305707614882,1032.920225022049,29.2662958117186,12.815498456313268,59.27483991574554
32.496525494929756,1029.5817218105412,5.4759465302602175,80.57358218764082,66.5793538681762
70.87522614613687,994.8710779420861,10.83283329022007,61.705424610421,56.978496326048464
67.94416929115502,1024.1947977254536,22.58608333510712,13.538204330945602,63.19373757216229
34.348480823139276,1034.758231099193,19.733352217145356,37.3999367025596,61.31305543630659
76.41113164564507,993.8964651194206,17.433671997871667,81.04099327350302,55.0750010122714
56.413759338692515,1004.0227443127826,15.896975274150227,56.83550459866207,66.69663042970063
73.42084732825224,1008.6099405111718,25.30321330994221,10.864877913293046,58.20437436204146
86.98936638161206,996.2212124692126,7.048456885001782,37.27770457892867,59.641059540931415
33.57827428615386,980.8395661805316,13.274127809805552,24.26943984557346,66.01730735687714
21.531589439746934,992.107108430864,4.663568764693719,51.746555365372636,61.88270331859179
82.32820691166295,995.5065286387967,17.878247871921133,84.33611288719895,53.01203100224858
68.77579401220927,1004.3979835725003,7.516332728139606,43.62671348044198,60.40969894254706
75.97116556976974,989.4106363127371,10.015261930301575,43.33420303683231,56.43095674132713
87.0523979990914,1028.028989618042,14.137521498705844,90.5350902327037,49.63400316895058
84.22487478596004,1018.7701123002234,0.8031175710938354,57.61854125072724,60.3887603022644
96.87361175430597,984.6860262657814,2.7581380776251296,56.61910873974069,51.72012485006796
62.874806308169454,1015.7550848126962,20.57787662124659,26.19098918753894,65.36017097001336
59.07965061279243,1015.9511062023091,12.869099421525217,60.77227478371263,59.03954706855958
52.150975991258406,1032.5921645503995,25.943706659996863,57.59104674173964,53.71790863562933
32.29528342753636,980.1661479245888,20.840160109325982,39.6851470341864,59.43551277780167
65.8085786305618,993.6362847393194,0.24302824941967338,99.06955658991805,56.053439990570695
42.1610019460783,1031.0285313656423,18.501369923014046,88.18909649480867,65.47365072414726
93.70460097703804,1031.2673653469055,2.8117459817914927,74.95862900768155,52.84161081082963
66.65526434216781,1019.632253065385,23.427995393714827,53.73455884130005,55.28258512580335
67.42721444064881,1022.1169826576147,29.74523064835506,46.20598018946303,53.02432595336639
48.3939728701608,985.0315626861305,15.935963827245345,18.489739522319937,63.17677191506917
24.1591481582166,1008.2631709128028,20.483385005823912,30.57374740146237,62.57425832809153
22.53950122983909,992.7370645208949,7.119424826842547,77.39607998232103,59.93984479264449
53.8668115322558,989.966992398749,13.127932312613806,45.374895393755146,59.02079951706913
26.76523024777903,1024.5666814517833,25.68285996709151,88.22695165695013,57.59083006657885
68.54775644321113,987.4270975174301,5.022688432387536,14.791113634552877,59.999226102482396
90.4778404511726,1005.7758400348011,7.966068168412863,50.83470960136365,53.9846326468125
90.63318532149778,1031.6218031772319,13.363010258580905,64.69656840213088,57.70750368569192
72.7236328105786,990.2207630560938,21.367466755320418,51.684845630792594,53.26441061856094
36.89854651783448,1033.789638305603,11.276518643870215,88.92268915849871,57.481475773466215
89.03974650870977,1034.6858392168583,27.831968393490115,98.95632818291398,46.77062534796265
90.88747482505666,1010.5589435075321,2.833711538061575,11.583465834136975,60.31713834369261
35.73228679623669,989.3578507097437,11.124125926345425,12.9954904076921,61.38499138509846
78.99408686165418,997.3857688367492,21.268623702852658,13.032411356012108,61.5645027700469
42.92156391416984,1003.3471057972095,6.779602969844774,68.11770960705276,64.15407056625632
84.21122498823438,997.0128323397023,19.692394026890188,37.26760954958379,58.634840505520025
99.77903199228821,995.4349568932083,4.926508746820378,73.33146612659061,53.92878337651581
22.402080426351425,1033.4726340068996,1.6794085458505914,40.54714728869787,63.033877026374505
91.78926926327455,988.435065507866,3.630471502459466,62.76067213320636,59.44654173446763
69.81044268789265,1020.3330349794275,27.89954349402404,76.98580056788936,49.61729999792636
97.8706095331857,980.0225659191547,16.55252648818654,54.82159106549206,48.64989206749604
57.20076140211421,1012.7900468171307,23.89037326438947,53.95035904500061,57.11184105453702
87.7910344457099,1030.3768652174729,9.979635027151536,8.823432528563446,63.980325622779915
24.991525487862177,995.836375175127,17.7797594365634,41.07817429094348,66.51339378326662
46.822324006263656,990.2039286391746,14.848564011149747,54.57771532249376,62.22529367656856
25.361323020096798,1015.8423887183135,28.37213878206882,46.198082566641,60.105134636245864
98.02745067832564,1019.1930774014116,22.42723908162331,90.07820001884255,47.26771714411806
85.35791258174694,1017.841678542359,21.91627894489737,90.65306321194893,51.216496465192265
88.20379369967765,997.5624284011756,1.390598083028386,82.19173805887617,54.358726991777594
95.03721851471154,993.8711321187632,16.490090070110732,37.529807537311996,56.042309109019214
26.80827888958283,1032.5755339979123,14.009743617054445,71.72991516875344,65.53130340220088
50.84780740106667,1030.781472954846,27.835267998185834,39.52884610696098,60.256987083448635
25.68279112352017,1005.1524135441051,7.720259645685967,23.259359897575905,59.98498032470047
36.86344812400229,1026.5406626384906,8.095003598732829,34.29026435508816,66.14910232988082
38.34926216301379,1004.8777912698863,12.340387466445012,7.096463328553549,65.46334675124974
57.528576883806295,1003.341395993988,7.301091402191281,33.17775090046472,62.528953189882166
41.48497339629141,988.6219621179612,3.875517534262485,46.07422172611716,61.40434143798053
28.078248545420887,1003.4523331070585,25.722445399524023,95.548089478083,52.87753980314388
33.399287127528616,1009.5579316229894,16.748295732117477,31.341058621962492,65.06748101292904
31.782045084167272,981.2377380085777,25.840881568697004,90.24535392055206,54.73345009870343
97.84614383298387,1004.4262152846474,24.934042962110876,22.885827582349705,54.15982907044542
80.7434005534779,1022.974592011736,8.461270643690133,19.096889775924943,58.15166162139691
97.42091722156496,1017.4025331005848,16.43212332972822,51.89954564321649,57.0707011783773
55.179238920632685,1014.9336343875165,2.4965310822021136,67.2511369297406,64.31943034018826
42.26947853301253,1030.0255485640462,27.45755652092275,4.4332250802281425,63.532034351598675
83.86345577673494,980.9917605403876,12.127881451954593,22.10658650472167,56.21978953158104
46.10031344329174,1010.6376172405729,11.81028551667064,45.568366650131644,64.46964359534556
43.95066989642786,1023.3041866625339,9.082661118538596,33.10043359831815,65.59851046024932
38.600479376626495,1009.7734460485697,13.819912341321114,71.26210793483219,61.16067177912377
30.37431825793883,997.8142553919208,7.552781596363442,51.11605960413168,67.50753853824345
40.51704488134128,987.4937810800587,11.245568183904137,16.035910560390022,68.60753808341383
48.42557987791102,1028.8159689498905,23.998411457546457,89.44653793150906,51.97624232394499
73.91953665165843,1005.8919315813182,25.027665107555155,29.290567548335954,52.396432762698886
25.005187377556126,1028.2963358342136,9.125474328855484,73.11311089644235,61.90987569636948
36.840555173227436,1012.2218667338243,14.070432916583638,77.99157791054098,55.69858313844902
84.72189122333411,1017.0805664138251,26.214593288401566,96.31577002561022,48.52778347219623
31.75375388670166,1024.2343634908148,1.580199954890914,49.85074665241014,68.62355110144532
47.41161172180172,1016.2535549530074,26.67434885987356,61.58355154644322,56.8788742163092
89.1727137486512,1001.8930162373416,6.57553036956995,33.48762934795337,55.77455572212855
32.39402489147541,1008.2498361160758,20.356177326431276,67.81792934120665,63.33578430340483
26.61894684945519,1024.1675038571734,17.476550891538007,46.33834858663197,64.31932172667385
58.763039606400866,1000.5507663005142,16.588222445677562,43.765236472442226,59.58824908394462
44.19356090228291,1001.3466801222673,25.78080674258464,85.54675291161054,58.59859556567253
65.07266915870832,985.26295638319,3.047164309339838,5.016884349868866,63.11675023964348
84.30439123867801,1030.3021439371962,10.410840759769082,88.19624278318685,60.088659676962976
30.971879052219453,985.0069973219993,16.14758239034297,85.2069837828557,57.55759872321755
66.45592676434279,1015.6515047596706,24.338665618381192,50.63662535617891,61.51591935618449
60.44070083118911,1002.7256963341539,6.493292502350146,49.02028542056283,57.57377122371797
31.526302881055965,1002.3090664640494,24.08789524122829,36.18073680354902,62.99943918045392
69.9198788423186,1017.3753510114976,11.989154474818072,99.41737916817344,52.328756755535004
41.89123342886173,983.6901552946433,5.667415693010862,11.116933275384122,69.1164109631163
59.026745483521,1012.6538180623289,22.76959321330448,59.0215235628607,54.80332288803474
26.58178594216495,1022.4617482284796,2.7269670442364347,68.1681590112417,66.64862112778825
56.766724577089846,1025.5517016837628,15.443021222263289,93.43300082169445,54.22003802136095
44.51707744342563,989.3791714166576,1.9162735158566524,78.02034968567615,63.98858440733405
85.79049689482835,1029.3580477542996,10.692535654733627,64.38472028115469,53.514582057854525
24.558298159789462,1016.0880350516093,18.03230397019178,11.681231681212267,71.56744668527902
53.4885819934664,1028.5020140451375,16.683466244616394,37.37335168314674,57.96806724609553
56.67451393051504,1006.6904394410609,12.139662537139996,13.884164254798526,58.58390795841186
78.00048610392949,1009.8118339803461,12.87143981916347,88.12127324655137,56.279494863346706
65.94300600721688,1030.547105236577,6.803086600522996,74.9621155563643,56.85776149295009
73.37698697553449,1029.4950248845068,13.676477652723086,75.75367867972292,55.67212730114288
82.1639428521405,1004.6488480352951,28.597645671625028,65.22565177735441,49.527175471988954
88.9762378926551,995.0926947399626,25.51358753351371,50.70435369367097,47.084702125370065
45.11003973779764,1001.6243739010346,4.356986072290314,14.99710594634972,65.77847300917615
63.04181642911224,1001.3270380691363,0.893423619627628,32.96948867050518,66.5306417447682
87.20864627513599,995.7776781240536,28.005729381498917,13.691579247689056,56.66246250841859
99.15609047720451,994.7718782383132,15.80249249642243,72.49131428523432,50.862911578905276
91.16154488350105,1027.3584615063846,16.13513469447923,16.022877602200502,60.4412977250397
49.717381009950145,983.8424056376564,23.42153987119567,70.21135501716856,52.245239950758794
35.613321377492035,1017.2686150154777,9.440669216139796,69.22553895959047,61.474172986478095
59.151402992527096,989.5051028301049,14.457227065080065,45.93044789912889,59.60616588831544
79.33131614688338,998.9478241366735,29.05988739440213,13.52286541180523,54.32016998143814
59.405525660263805,983.384866877416,20.164460607972213,31.48008261340367,57.12457407356206
58.65446906509348,994.8485500270505,4.612350959873578,32.00931090755515,58.68000783178191
87.05843368654405,1022.2631589114483,3.996802439530599,70.03851331432934,49.9854554625192
48.91230232537491,1028.6758428500991,6.1279427499901615,11.374301941372433,68.8218577972393
88.78357398493165,992.1839933546302,23.001350232621526,82.90686462160907,49.71660162831803
52.54438407613789,1005.4951311592407,8.861310115218481,76.1007290185914,61.7407569192873
46.25864845426715,1005.8678226365464,0.6416654002523936,18.63069181742739,65.33333611538936
56.31919289597592,1028.0466418167853,28.325230905169857,71.91643817788894,52.701030303268666
80.99575669398948,1021.9539479081693,5.09140249184732,66.85131814678218,57.127482237433846
30.080162229119544,1008.2192470102427,0.28674558444205744,74.81208001109263,67.3226916948823
35.71353726976139,1016.8910960259475,7.113948071499689,18.892855544869448,66.33434114414625
96.11558605304735,1026.6045279650152,7.050863613544011,15.759032215646862,61.028760282991215
34.03933019050859,980.524642471405,12.660157525371691,23.64839859227542,61.03925088477569
65.41818543448437,1002.1589517077526,27.611694945001105,36.58717031489756,54.95939149218576
66.34515733295503,1029.8983742002392,26.375547533372938,79.36649810358011,53.09061220420258
59.16995696401958,1020.7172166964174,13.706836649472837,73.792393747885,61.302264292820496
71.57961988614548,1009.8562755883742,12.326997149754195,92.54515922785332,54.794828208994055
38.386138063809476,1009.1304489869324,16.65027259424554,5.862955909861545,70.21392518343815
64.21298142213985,999.127355368244,7.303620359152973,1.1556281014185599,59.3717372636646
49.77386041975177,1008.6286293502833,1.565549758990885,69.91388297007991,62.2843247469283
72.93338077033512,1016.0460759704899,28.1767240851362,27.928749579416568,55.96154905317329
31.297883469851957,1003.0099671135836,5.6009695463151825,33.40788955338175,68.21312220597682
65.67019334715809,1019.2784230515696,5.952021877371491,54.68020259145122,57.618106433983435
34.821628430665896,1027.3677724993213,14.173809865618429,10.24131231267985,71.56204820218649
42.29144504920291,988.5076666501674,14.748400345209921,64.26944165480496,59.40682631435465
37.496784025886654,1004.8350862549584,0.5530262910222583,32.51474462311502,63.56824716490581
34.62702238950537,1002.4411050206795,4.438642163219121,63.271512430099165,63.684134335947796
86.05687612485336,1017.810564222735,11.344644556822253,83.40069130733858,52.35619013774841
42.856605412871225,993.7427105891861,20.511920805316173,17.111133333742966,70.17405217035028
94.16990254915595,1015.2138003223752,6.852553704958075,93.08730929145203,55.47277425954098
97.59412202761527,1028.261908295232,12.69043338725288,53.068814106244375,54.22222861947887
65.7008375949678,1002.9972379886492,16.720351941494005,92.29277651739683,53.36550371793794
31.440089813258112,1030.1058634988572,26.65777483869876,20.773008220177815,66.01510728812104
49.9638594703665,1034.6240056413412,9.782115069813699,60.456266460423755,64.60493770179599
83.81858106785712,985.8350627471374,4.0067479759045055,40.38871173236047,48.893181659180016
49.39125829576564,992.8179253391672,14.678166776928247,77.42221911560132,59.36968850992168
26.961377464223098,1032.2708863315152,22.401648050521864,60.590894321329635,61.88284490722618
64.54279287425504,1032.7080227564763,3.2957927115820027,49.45154569583185,57.91339868019783
87.60966811968278,985.3739001462717,12.740504750908812,91.29854064310086,53.42513876759571
83.67411097148019,980.8249175207425,0.5335542378745028,37.711706417168024,65.2701190229404
34.00985121042826,988.8605012791032,1.006775449417534,21.99802048981815,69.1117947085434
73.82116915299733,1034.7807030860235,14.488600896499968,60.81011868520917,60.13237835832021
37.64034107485177,989.8999789135878,8.945918944527882,62.40284371728138,67.13359803769447
37.45660276417378,1007.6401183697112,25.353218970162363,43.90946215718754,57.34526615288662
89.92574186441482,1026.662974953678,18.064629183793627,48.66100436893823,48.59590573752068
39.97351621921841,981.1220885878513,13.617988852289711,95.95534142999,59.138529773088166
41.0597877214409,1013.2468940242153,12.23806113162889,73.26856913968012,59.70707217934649
20.052271260903964,995.2363996878294,14.917364405686898,11.0601751482577,63.064939827980616
89.65352273004142,1027.4284204041853,1.2131649363798402,21.213007087061097,60.414266797193974
83.40758505673078,995.5903632095244,26.7838006926198,97.5576634435559,49.99455564260381
70.18631480725423,1017.771564615505,29.94909467201875,72.64655537935313,51.43700227088604
80.02126111510738,1017.0820797846068,5.44461374576096,91.50451261446531,52.638096686315585
32.16388539395935,992.1821451872802,3.611488943238592,30.386146398872206,65.85841786978834
56.66588756700604,981.9139559927593,4.307323903457857,74.18668600865924,58.70647985219822
48.09755098790247,1002.5087265581968,19.830811747031014,71.40027085235114,51.42754502131841
27.50212210056132,995.9056233581229,19.843225153523242,29.46899854393751,62.964255587832824
58.890438817193925,1024.493776228754,25.43772486835233,55.08163254507053,52.34720198944268
93.65917202741083,1024.020030365044,22.5547916527876,62.741511127029526,53.23098446319416
23.20472952405556,1005.1363173705944,13.490690201080191,48.1131810827465,59.819888502565334
43.31687307950351,1013.3581723927771,18.385660846959563,82.71787066580127,60.86102768243436
36.60327489645628,1013.2342733792809,20.648540111040237,83.28690417979895,56.986297130916995
39.051732293255704,1025.4936981635192,15.382094108556755,85.06005483015568,57.88273304868473
92.67476415035003,1003.3751327767759,14.2695295335491,80.34235690981629,52.12238354425187
57.44552433874321,995.149567388478,19.352923369279598,48.80834771971446,54.84815204916041
57.3039530351855,994.5769204977302,16.724236469269613,38.14382981490072,59.79115562451212
80.84605139642258,1009.4905753605212,19.31826916007731,83.13762837143706,49.57581142115806
32.35937632039406,1004.7031511502717,18.385643218900917,49.02014585562669,60.145993587802096
58.981228328004065,1004.2066424041715,21.57589681540964,24.637139862798186,60.172198562077384
54.39881712968478,985.0125536499339,19.284105263486282,50.73435323222163,53.94516280089219
67.75285524373248,1019.5232057379608,15.592274593118018,14.184982191924211,56.79212081403804
99.96461626003509,991.755517839005,20.453904338531597,69.16294905987989,49.77369278736268
81.55591152656376,990.8324496614797,13.484458955562841,33.59212816239064,56.260726708124515
51.82925624139418,1002.7017076152566,7.250136779178032,26.06587984474543,63.941953520455165
86.20424418192376,992.5278087889791,0.042546604017463796,95.65087462347451,55.09068681355254
33.65666906499841,1012.1122047019409,16.798924414375296,77.68809957583076,60.193335420088545
22.43709490471681,1000.430483663396,17.71965679825923,78.70695027239316,62.749462761373266
36.35586979714184,1004.6901447426035,29.16146894327143,62.372196927918345,57.746391191017516
47.23292448914077,1009.5443126882216,10.844350022828266,83.91728105102972,52.850452145342395
60.84646059676479,991.1944537364992,11.823997284849352,75.91624811633812,51.2478561054403
69.21033124329598,988.5663392576041,6.053987440265707,59.87737041336165,63.64126493140066
92.84845737715374,1028.4232046580482,2.116028857119657,96.11244018517174,53.991872751831814
60.78832076403661,1003.8548036557281,23.184134785852216,19.159494968442303,61.5578756928365
60.10205157005835,1002.6651485297897,7.490431930179751,94.33797189947511,55.63454075429866
24.01944078583857,981.9586682650063,18.26714583090114,40.143816199886494,62.723093575826475
22.792924212497905,1007.3886966423066,20.633191066364446,52.839898340148665,61.13102563720205
64.09279695330977,1010.479334688605,14.13710061874943,12.273931954430894,68.68684612788999
55.05428905986756,1010.7362479025066,26.29056339081575,54.01074389217909,57.037533465134295
87.13443159842389,1018.8867143127586,13.313845229391863,61.12067518581934,52.862614794014654
32.854366776947614,989.7615009245056,8.547258691252953,99.7701541808524,54.58925887286607
21.997732969363966,993.8722723826841,26.88046568884867,97.51924110715265,62.85477556732594
55.92310143441007,1024.5901755876728,25.846928527498694,96.63972918742873,52.91239618579152
38.9982845401806,1032.0943839263866,4.92119841229239,34.83880601020574,68.64931595082362
23.969149867106996,987.4763011052027,0.7788305506176285,99.12664987450435,65.34683180744693
77.96786294781032,1007.370725497787,2.699566690488621,45.54781515951108,57.89244112206579
28.9274399965798,991.7796939006773,8.596421956614511,85.18362587619005,63.38563452344977
68.66556000062174,983.304024259524,29.16779405225132,21.6319969018972,53.19740384481824
42.48398001335113,997.9026835969374,16.75548459482475,50.583317965660235,57.336694669797566
33.87968402840176,987.9028193851317,11.197851960878065,96.60120961276054,62.39999448944129
50.380121833545395,1019.0463190388836,26.66148283838239,94.70313969234276,53.48864446207392
84.11566209783629,1009.3548977519295,13.59408994435499,68.37348778214267,55.44398358754954
51.367486152365814,987.9108959044671,9.457158852030634,79.78143225530599,59.29727160153699
80.06157193688446,980.5082873623032,28.236585862369722,17.64266966024014,55.654331545713674
30.038903743932053,1024.4486376963316,25.48552998578034,72.16585494841574,54.65784825134025
81.82171357320632,989.6906923390336,25.31005126258323,61.80508083353723,49.28657978130251
38.95466599253189,1013.3419153221421,15.368542291506394,9.155173575124609,64.14250178263006
74.19145039110983,998.530705219221,23.683151964463647,11.315900658967626,54.492014587564576
65.26252438727971,1012.2017266073269,5.380600777936556,10.844361775126188,64.77301181375606
94.33157737693499,997.3609494840279,17.19668872668731,72.43569348298357,54.211352945298046
50.98580143802512,984.781675838074,29.51537768542637,14.171520824757245,62.266384696520916
25.293215106755234,992.2622504706765,8.72875291553885,46.77322711144705,63.954847059383646
21.532438844100234,990.3432211563492,23.830569877430257,35.698180587775774,63.44626369063303
86.14868487782024,1003.5410643841805,14.714352216242016,55.050414077021784,55.47364917694224
61.978851012914575,1016.2056080884387,1.1941704966626199,70.64764872194029,62.26481043229007
82.01952414679594,994.5093341220497,22.89058193447002,68.4722537221332,48.6426137422565
38.75404800092117,980.663846441534,5.057074331763384,51.55199159143766,68.48675955206224
47.6066996410587,1008.5415550345616,18.944207013982506,46.43348736103855,62.529487065884275
22.408309776905515,1013.3167719147434,2.569925821409187,39.781559512225876,71.20436622480088
96.91938596592897,1032.9578771700994,28.406021924878946,86.19099483043794,51.39400229496105
73.42943253606506,1012.4208941701286,8.751716615410828,33.085180487264495,61.25008512035946
94.6564070207445,1005.9144907657978,6.793940750321847,25.936582116749484,54.18276655144691
41.23971259432579,1011.5370894243737,3.8740921219900293,74.33154936552712,61.94356151342107
68.91708889805287,1031.0345346424115,28.380065800171433,35.976346169672645,50.97753372218611
74.27999746341102,1025.5607980080906,21.357112273239157,84.69985997572684,54.010382963541296
45.403976020607075,997.7638303350094,22.24982666154266,32.788871863714476,59.406749421329856
87.8487388012504,993.0489900011426,14.982136841407337,70.19448245745882,52.0619888223288
95.77291703201982,994.4448486801341,14.241833558114504,4.5109006285336095,60.10252934284804
90.78840941568035,1007.7431571843367,3.3006372897442993,38.556288011032,56.410820396033415
79.1253580751498,1020.9227198175718,16.795232867519754,34.32301749675515,56.26708598849382
42.19717437799632,1007.6770563950629,7.407494853263713,81.66787392759234,60.6581223594694
42.529283368450535,983.7288017705462,29.314359984012174,96.70554032283101,47.384749595483825
97.06882563568303,1019.7969385241989,23.89742820045442,46.08812766929614,50.771955464672196
20.822759674855362,1024.3283570769024,12.389761805786627,82.4836277153758,55.69620492631252
77.28399785937157,995.9223825815845,4.540237760745991,69.96947009573651,54.755113890825015
76.49969300442098,1016.5269156605842,23.559950734163518,96.73859876636932,53.12261425108829
69.81516327598379,1003.4625545579917,3.6616130124394797,81.11085143428247,58.60375599782283
99.20870768694927,1028.9015645650093,5.680012604912115,7.747806596373053,57.45046781925788
44.95035486109802,1026.4874056988406,6.345615532326823,71.32817223822362,62.14667999132077
47.197749103459856,1008.8987599070304,16.706719148192832,53.549971542237365,56.59064181894381
26.315152235724444,1018.0328050197477,23.61169961971099,1.6436057932327164,65.73259578759631
55.423850923498996,1028.5842335562156,9.429446361740766,25.131295872544367,72.25288729996257
40.88388209878785,1007.2644355543051,2.5400944282586826,92.1755245026893,66.68633350119
47.47093617421154,997.2287907268852,13.936153905732576,92.60613727867529,57.03384813426829
86.76574322045022,1021.451637585027,22.443307234798066,79.88504602006344,51.32200602477508
94.83876108219965,992.103644013158,6.649915292621649,98.17796032779894,48.00292000491339
34.85864576041485,1001.3692131403324,6.597736441181227,80.65452246242049,59.31880843040897
49.80071452427727,1027.6149980408736,28.416810820401324,1.0204187285245192,62.535209505925145
94.29044496923153,1019.8432287148123,28.62461181357534,28.783434030151177,50.61665703049238
24.94467685513781,1002.2096052886125,29.713971961847292,3.0624182237762865,66.38564501946465
27.38884224891028,991.8109476324596,24.229788047243403,9.410796873755945,68.46285784918379
33.023279136498346,999.5782614957731,5.645525075038367,21.884081695077604,67.86539313933349
67.61702673014997,995.6257282075088,6.359445623977841,50.355854632552244,59.369356959699
32.037781680479796,989.684910836912,10.20675724567176,84.75320034620178,55.40744496755846
97.44611051605868,1020.8833102461111,9.543975940004724,86.1966756157108,54.17951853399375
55.73716218068163,993.8638437767594,28.69583247234027,61.620185855729645,50.85939253280752
60.12143682801331,1004.979210859227,23.672219486450807,92.8175939066235,51.58346314012424
39.73268926443252,1001.222269575986,21.720263764846617,50.00623265902081,62.537150516596654
57.67682019477868,1034.0142558249597,5.578896721743955,88.90360441332015,62.29130916320709
72.95309061096091,1001.5100734281522,27.28576678086989,45.40652563320121,52.26395301755803
80.09417095632342,984.3990365538215,24.836111385185216,27.722500742188227,52.70826130827302
80.30944661679304,984.9404163914646,4.9092552398377105,91.64129181004277,51.694625888606765
66.23128901552707,1012.4914546744186,26.135109958829176,38.793507567886934,52.33414550353171
92.34878199950857,1012.9649953456046,8.167426091114137,50.340410884446165,53.69280667405094
85.39262778448875,1003.031744476546,2.426092374963181,32.88606325306772,54.23557740065825
80.56384917589003,1003.7514030771616,19.704669195426302,66.28376002907298,54.885798390045345
24.448441734436848,982.9662920562479,19.614139781529918,99.50312250060355,58.971171492139256
20.550236977571945,1008.4100580714094,2.8479602869685428,2.551354886476964,73.01935616817183
36.995782175637835,1007.7606711459193,9.565554268097472,89.98480060071014,57.3076747526845
73.08188751307618,988.225212520632,29.78443386766616,0.3926056989265403,52.50399676048801
52.89579911060366,985.711166236101,20.352800010262108,36.422788114621106,58.65259655405895
52.19250074394494,986.7964869829719,21.902254998099874,16.860680628951428,60.01087386273674
90.7669510583691,985.5565535570192,6.38751856812917,75.73417806725513,52.709796113573866
91.6450278505471,1013.5339507545218,2.36346213011743,5.061084075717348,59.93040178644851
92.73402112428685,990.8065458821605,8.30705069222813,55.34849535843279,59.3498436979949
45.11024612120218,993.8286583703104,7.466951555795759,29.492613384531264,65.0385374922996
75.28446501914094,989.5464679283292,7.036323022441593,13.367024886470213,66.37278139213349
41.73065450194957,1032.6809417446677,5.782629656611187,77.18182121026408,66.23433145981525
35.24878664595598,1027.0039604733508,17.24267071966213,21.74168342552567,69.85265084613508
34.77059658778954,992.6772160543336,9.843104275254653,22.36752120549389,62.01793308968374
47.36860966908752,998.0161461657169,24.610350451425912,27.5076785137923,61.241665475299776
54.396609582385736,991.5441063267748,5.51842253542152,58.67667638280274,59.13323660425341
86.47593368440548,1007.0531777703453,13.938812126056334,65.96659316907483,48.55854643903432
29.59128747781697,981.0785792860839,0.4097350927823995,1.7602523701344963,74.04920559563102
78.79406779159154,1016.9252404893238,14.45046967365576,24.18696361137903,57.429247366393064
62.516393135144426,1008.7736982399703,1.6751466262942316,43.09708425052828,58.94163067191127
43.0356274140794,1029.4251410565607,29.33170535617931,33.197695216123314,58.48922798406976
59.42556676262597,989.0415976380627,23.717763859512385,88.41706585108861,50.25635028984197
43.99536558216181,1024.2260085333623,14.703344299093661,78.77087308864188,57.31113567929546
67.68655641906449,1023.5578557956694,2.5976207453805076,62.58902155388275,59.46799368776341
54.707513828419536,986.9949654069288,17.77336322371243,33.80424159970398,64.31843698724403
33.1524423263103,1001.920757327927,22.762912521056325,70.06723448461598,56.80890540550331
29.326645964455736,989.3583952629484,5.7215175901423585,84.36380128457944,66.97366740820522
63.73565456577041,994.0096275251652,17.046250223624725,59.48303773589867,58.72634172930154
92.19304266288827,994.4785396156799,24.42632695148604,78.44614668933791,49.75672640293367
47.51661492461484,1010.5930016714175,23.04743332938949,74.91049613997478,58.785889901374745
78.64000857780985,1002.6276012468256,24.089760536014587,57.17373111603222,52.7537311314277
72.69290839518135,1032.1253042203468,26.379702746091596,31.218321682151096,60.146834800031954
94.52439314475848,986.9503578070853,28.130463064784106,74.57821580012718,49.00142310016474
85.67848138393127,1033.553067416761,12.165634656106079,20.679636635760644,53.80057293911685
65.32842071243704,992.6851252117846,17.06307307568632,77.94883464715338,55.29522265658188
72.56243985872858,1022.508066501002,23.719785781368326,80.4546692142533,55.00155612772629
91.87091732672279,998.6433459395051,20.914194418373494,82.2144879570373,48.49238494161179
51.96150276695478,987.8694767479523,29.865606847931364,47.29159709784576,55.84959179320618
46.143576468622186,1027.1839051885431,0.4103295331393242,19.248076777042165,65.68481722777697
20.86488669081571,996.9873494580055,10.65399645947372,9.972360006606873,64.1555960911102
86.12408593531714,1016.2370472324764,8.430837788106073,74.33612504879243,50.02513893527786
84.07845603226919,1011.1544026797644,7.869475504966038,88.62613845298132,49.16574378866359
28.35636144801211,1005.9465970164981,6.675893474966573,65.08383588369067,66.1158636514328
66.14859049061602,1007.2700709956697,21.273715224456872,14.41600603883696,51.42595985188422
57.11853585335099,1020.2730852750758,2.5427841982596555,93.4896448517574,57.12883561440443
29.496727640728917,984.8275102767892,22.24826501830015,98.91020145393196,54.196749038336506
98.44545816485788,1016.7499364076848,20.802775260488204,43.33786099349219,51.388977429014886
37.17567099706844,1029.2696655769219,7.524123975026892,59.48252892737712,58.385508015761104
25.37873440724489,983.1783508360925,7.585013494954838,77.72285200016577,63.617906622826844
67.58779036015277,987.7359336578517,18.865817560335067,73.63897900500447,49.94421189932732
79.10933417064261,1019.4147565186117,22.865133164510336,96.77871919334493,53.84882593068071
22.595475683774957,1004.050490653454,26.294568392620967,11.48830910787889,62.41469438401986
72.69741109816178,1002.1951741447529,25.564186915634274,58.07248661428057,52.85951057277907
62.58335007611635,987.533164899933,28.946489824915595,69.19314196730922,52.353071840631856
28.261200710003873,1007.8723522394783,17.441546860095336,89.00984241876701,60.327263033135075
33.80191015570897,986.9599921158008,27.259666840210787,87.41096277181506,55.7113625619662
65.43794378528645,1006.2141250970798,24.255398197812323,97.799979356129,50.26369389194893
43.708609081063074,1021.9988414428911,26.840028729420407,51.207845393767904,59.54617307378179
95.06525829210528,994.204539683794,0.348798038560999,83.07608668132266,55.17354779087478
85.49921835872406,1006.443239249885,28.97708975597433,42.72817081273277,49.47491671084572
98.68537652109305,1034.560878316826,14.20590488539435,42.231387785603225,55.92874486723291
40.77366711603312,1017.7657732844721,23.94548968724529,25.334836447285902,65.15658243358482
97.57789062383816,1026.2746224217858,3.816123580133426,81.82372870192299,56.03205470042217
54.498709583324626,1002.81661836083,11.878232874419222,98.58151058135157,58.87890495676314
47.801503625100366,1022.232350771922,8.143819890629727,25.63417283472579,65.14814223439868
24.02796215754826,982.2280045117727,8.749763115028111,5.6131588021072325,65.23998103568843
24.221220628768208,986.7601150398235,3.6976685985264526,81.55424374190073,60.9595314791831
75.36090047573238,991.1688826106034,24.17291497629021,62.02300525347562,53.29721497227691
56.63431955472223,1002.107355853837,0.2772694374323448,95.96988005510045,61.67052971263596
38.121730082888455,1026.5159683079169,9.375163709556075,25.223921907695225,74.33841028186094
69.11762450601861,999.0446327933362,5.232316296492451,7.1027658001281075,65.6633071310131
40.228649460008896,1016.0041656433505,17.671168218250216,49.24422608665016,57.737231792745604
66.2105403475538,1019.0122862141916,7.627572078436316,8.546602296514749,60.93647147602439
48.73669975861523,1012.2400294748588,7.76995363584299,26.179000110270746,70.97783974528767
85.88417812894552,999.6483082493575,14.650144319859562,12.597786081916828,56.7897798481839
85.65569286134235,1011.7379337942449,19.58067118022777,22.41321796600787,56.07548209451474
58.188031849792104,998.824607603436,3.6391411369549087,10.614465282139186,61.58458625863108
48.06552874680125,984.6130556203607,5.265343573964884,95.39059994272854,62.92241924060746
49.00478372472756,1034.6042188002307,7.415242337835528,27.85627134497355,66.4521385232052
84.45716205345744,986.9950349497881,29.212446423538815,44.389758599256545,48.63313075249175
46.25435862380896,983.9791611109831,11.91457499828761,89.86118076342223,54.271998573650485
36.72474989654768,1028.3191912063935,17.969702718930794,67.73215879614743,61.63466861804271
26.775067350024546,996.6009063491092,7.246284381479336,61.80374805617743,64.22452373623803
57.33544967075267,1015.766333574043,14.713785754724638,70.55631903608372,60.20371458244436
58.570567913587354,998.0953151314228,2.2235752315787414,82.88222571053818,60.59266097286265
87.27269683223257,1001.5299848936959,1.0422643776698082,87.7669267851761,53.89493358737555
37.69909571568512,994.4162134609238,14.062005804643805,64.26396706650264,58.83376057821891
50.47930189347199,998.8674203186156,11.959778625552362,89.00072746940577,56.79297222988678
84.67245911149527,1002.5885220322599,4.10640959075483,53.539752742547684,55.440846857503296
85.88988885991787,1019.6228838000789,20.62804286762201,27.72908562684234,55.1355078575483
50.768886078301456,1008.1344906829136,29.787104726977933,88.00767088838444,53.27197964861423
56.729921862934475,1031.8960869436337,11.869404635901374,54.147282741308715,57.77342873988496
44.262871267942636,982.3034216611327,18.736759077521835,90.61375875672343,57.61145529262922
94.60439027354496,1007.6687577447616,28.88927827093457,4.016781395058122,52.46114654601142
29.491501259326427,1012.1323633857445,24.94604917340626,39.75157515412355,59.119277989993336
94.6999538401176,1030.6108342340851,13.906566699080573,94.78050183624683,49.90553618683027
74.70931614682746,982.7037187991785,22.12468453379758,24.965009275830276,56.30015392428806
62.5257722149385,1011.5424771714369,3.8440512075157205,94.15362460384927,57.838645083869736
22.61272486275967,1026.9496460690377,15.363115663913977,95.390246112925,62.48043285304845
58.047695345760665,993.306025046558,8.371808315398097,88.2142314225861,59.57003448256839
52.61984840021859,1028.1960791688166,4.834910636884833,56.36680450932987,66.43161449877637
32.897504958009804,981.0473875100861,12.788427187636046,64.69394490806386,61.79110585521201
72.51276828005255,1020.2850046023551,3.9304366330084326,86.96169984498692,53.786732634528775
97.69207258946287,1031.321227164276,20.969553245234568,77.58970823891845,49.34214082013858
64.97510488516201,1016.1458713902034,13.687201321600066,63.00938494554116,54.42406284364151
77.18026211551566,1004.1466084189246,15.934338976939914,98.22594078707027,56.83772723336588
25.476036205281343,982.4684559059995,4.391278160044711,68.56766363336942,69.85630282234854
53.41335966535958,1030.6062597327445,4.193149832804835,97.54819924477611,61.31103663421157
29.30867881315967,1005.8662922480366,17.502463057803723,5.738847460709073,68.57900283455695
69.02366684292083,981.5948209384771,29.55029243488339,13.896037074221246,56.163816316152385
95.07857265713237,1017.9401589230819,2.8875174971317685,45.14588460004906,58.22043806244893
72.94221859773108,1006.5010489466943,8.571942856973438,38.487946088431514,54.304325111902855
26.144243865153722,986.8389924593326,26.083773496136626,78.27348413570277,57.54730391793914
48.37329639880663,991.7849495120643,2.168160367657108,16.061402646920374,62.944992029954896
64.05307035526812,983.5469874250715,26.276571641008537,97.60951791114886,51.20008421318371
52.256620490660175,1011.5861446839715,15.728579501242535,31.5065875260914,60.99345130019628
86.69152083801379,1014.2116213588605,12.248003217792775,42.892370774015944,61.91181214932123
85.17368037679914,1007.8158264095495,9.290416930543676,27.474503244002292,60.76589957387452
68.94648160825771,1024.9406173151438,8.913514743835258,57.93636173265473,59.64590077436085
49.87663561061642,1027.3554851719407,9.174077473484363,5.862870042258395,65.04935603211452
40.42690990105953,1013.8593418175719,26.54409242880587,14.967750557044878,66.68495841205869
28.469945457050343,980.7016063839087,21.713856905243567,74.57977034187242,58.47286264475853
48.39181467892432,1018.2376310661255,20.091690234934518,18.650058340480392,62.95082769974015
53.053801376617564,1002.9899569306193,23.962474468560025,23.551445155666283,59.413542654419345
74.06583400832588,1011.1056615774513,7.7134398901243495,79.29822357248378,54.84967178639741
72.65278594380588,1015.6994331110386,18.54128436245267,9.33011783572536,59.45784758255602
25.608651171300558,999.2630137879892,13.80198716873853,43.74738227708409,58.29303494943817
51.620745234492624,1030.4404177844488,23.473249056005802,2.3063386997226987,57.778566362501216
34.54230937738895,987.368617671238,9.277683314198566,34.680739931790384,65.26840990215719
32.54501642534446,1016.9331494004571,19.29535850609687,69.89814026107545,65.08448173638881
86.18417197897968,980.2397768976119,26.466372354519404,9.01032797172283,54.989209265122355
23.353217337300602,1030.855810797285,12.064514285847862,88.83346267787601,60.44733768091431
53.534630072169705,986.187727328095,1.9986626210238434,90.9499042940716,54.31309532131464
33.45629246132145,985.2186326581166,15.481524670253783,10.49903751251351,67.03357904998882
90.34641725427792,998.3154198178735,10.379174634210779,99.07324363757766,49.15841560196903
64.56324106200282,1000.5461457321494,20.166761416415248,29.75295533954889,59.84513914437551
38.51045091014784,991.7865039777583,28.530987742458183,8.410167113160604,62.25892769211791
60.19418297331011,1012.1816913509919,14.56824953990541,0.5067114497262271,64.21044208385278
78.51890877624926,1004.360275392308,13.985706904666015,40.852289576386255,56.7327699290382
96.6494407135547,981.8796573972598,19.63754400574381,62.98099857061177,50.98083745668122
37.63568033963352,997.5808634240416,3.1049251078070306,33.217924990331326,65.46585400606935
90.89454177034762,1024.5738102465243,7.6051856677504395,83.67173654746227,51.847816200469616
94.74432913339922,1017.9335844174028,27.569379765011956,71.660627556505,45.99000167936469
93.3136435625653,1019.8678969468934,20.09827840091299,35.016153196803266,46.8167810936055
70.83314854895278,1018.3964308245938,0.4033213195024876,73.43096666086046,58.59224860068285
70.38565235477662,997.1035161760668,6.138764176770596,94.04877369692498,59.825834402735396
52.25685065470582,985.4815157142227,20.48511798086697,9.309599854301709,62.90492582441495
80.19183058430303,994.9856951218203,22.931976076877227,30.610396015761687,55.271954872175
62.50352146807455,1025.7481915101837,25.195787180221256,46.33259391166933,54.446830149339846
74.19504569826356,1033.925893878069,8.765304101461346,49.79901277547686,62.04454953025698
54.27663230790364,1007.1615858107858,27.93085788832688,54.21956448860736,55.4667610196665
78.51971712345113,980.5335195207673,16.58840680733677,30.062690653864856,60.61606919953681
85.95772140836392,987.7024646673826,20.89617067163679,66.72596459823491,48.10905874978869
31.71490052822529,997.7144316423946,17.902165883397238,64.50845035298298,58.26521610345607
86.63437724593824,1011.8221941726123,3.6822016402386137,57.782150627161386,54.392798887122304
63.22372254322458,984.1301505192922,28.893439781546395,11.376172171087662,52.301838808912336
87.57327272721794,1031.8846514290435,3.6862673968245794,47.69678910959445,55.59095111453006
54.50413650728117,1000.079602030642,7.646458692335508,35.622688748937556,62.37578261143238
50.3232388306428,1030.1921319858652,24.408836406689403,49.10384698381226,56.49207951990897
93.2048586013778,1022.9286991516362,18.557908845033044,92.1866435515026,38.35288449275852
40.0935414038721,1021.549049988357,25.144474961290708,48.05313431584083,62.940381195623885
87.53698602289145,1013.3695768880227,15.472085651221347,1.3980791839511841,53.37208623652356
58.72164580075233,1014.4731099378514,11.309797060999045,43.88367380841309,62.20021921213831
61.12763540410078,1015.0901779368936,27.655364986433547,82.06481800493822,53.04907888886589
44.67746251915872,1014.579676286407,1.0875695254438456,78.00609232181682,68.7213063557372
65.84337604952125,1010.4550527269099,25.683906610591375,51.3390073528181,58.00447090534277
46.0168957020969,1034.2527710165589,6.924533555633449,24.97690128593153,64.22447720711001
23.141553139332185,1020.2759812084133,25.462089832619032,46.50886629145451,60.147383828899656
41.75988842754848,1022.7320513615887,4.175898402506569,56.37022194181917,68.59988947675697
20.510323472527254,1027.985454829602,17.406568910716214,99.98714382741338,56.26464264712863
98.26838296454854,991.8601869499217,26.643237570344162,64.41780901693774,48.692555727129665
97.2597767855798,984.6092287502283,14.206189406966715,69.42649300626135,50.296374450180565
51.6124237977844,1006.559194012923,22.397000214101787,49.1454143568052,56.959942782665365
78.26966834717169,1008.27443825906,24.140148535666754,35.448955078252986,55.780115691455
47.664487872834,1025.6049978972455,22.094826261503375,81.29529836472061,57.41587588193725
73.68745256687808,1004.4080968605284,27.75989210623795,49.493232433923616,54.595976596491276
84.43440344367832,1011.3969164049372,13.40502691559786,99.4690129964525,51.898865328119925
95.74049957537926,1008.9889016182402,5.1937631749546735,45.71205742680441,57.29611995559144
52.01698206797376,982.1011531066565,1.4343319110743935,6.800028364757738,65.85900914591576
82.66383863648382,1013.8368193128302,7.3937960891251535,68.25781370900827,53.866542196389744
41.274276050569505,1025.542380717584,4.295925116407263,4.664145092581107,68.39544471531941
99.22658430349186,988.6625301441692,16.738462243034416,25.05015968847033,51.3307255452947
22.06156790114809,1012.6882453659628,5.54836011635196,35.373825277990335,65.64016876394652
68.28230452008967,1012.6485799445528,1.1680112186811353,73.94835856213277,58.047276021974504
72.76047853210616,989.0301730230997,1.0796948660600358,49.423592640761285,59.06505453112463
75.04364456593031,986.7904965551904,24.947084950945847,2.864593131025661,56.854810408142995
29.631006303127123,1033.9028568637066,17.743497943290745,61.68498512759222,65.28992651513913
95.08238267785043,1001.6545543309171,10.742559056801346,41.143623742666236,53.33130286032295
34.494662324006626,992.5081950797941,26.826841282207408,92.18345099671072,56.03529783372653
69.82027225918728,989.4228499449906,2.1058983422314084,49.95623111402354,59.93498322607327
37.814086329846795,1016.7180942470779,29.409662181834776,70.89751459393389,55.14650924503448
44.57731336170167,1013.5194913530004,18.48875370763383,21.886849232954685,62.70226864293958
63.71668333824995,1015.3953667643079,5.503927619065454,76.09735645316532,61.60270599434719
53.37547348516612,984.8403315131299,20.372072969309055,72.09553104836723,56.08615016220383
32.818048078120505,1029.144402092414,22.90143779350688,90.40817085413082,58.964807542353235
33.674912193667865,1001.4096518244977,12.880283501123234,3.3821641719199214,64.39852024206732
53.451583053023974,997.2353173536696,25.84897818736642,44.75006976174512,62.73600166202661
80.58263826204006,1005.4298795986257,4.521972218894109,67.91554027396302,54.62099405703095
91.83717174782308,1001.4536336161195,8.36512750732825,9.516390008021503,53.426626123355106
26.73021298075063,1027.496735172653,2.804770847519693,41.06040671489124,70.68486457137651
51.44831260475208,1031.109353635884,6.3263352182205645,94.21466030661954,59.063919506692564
28.01964509783013,996.6899269047284,7.161864357334351,43.59344908911282,64.47758283221077
21.32739845060783,1027.5164694102975,27.528995727651303,98.54047834806315,56.499400467828266
72.93749461151653,1022.9837721243186,2.3432906625346863,5.6839061079819615,69.55333541192056
68.19595535732702,1031.1944219789618,12.822453605631283,71.78297761408913,58.13390280083852
33.0415291051909,993.5162671702238,15.971960616807388,58.10162362482695,62.79255494177757
38.70502664744513,1011.7327532566538,26.960791614064824,50.05396771321254,59.40688768332298
21.89662029156147,995.0999521607245,29.930886559836406,97.08474014850094,57.08015303119117
86.7957764555523,1025.3251969766407,22.601643447595073,12.965040049112863,60.50190117658322
97.97524768388412,980.2928304814085,29.123729717070887,89.59989516809134,44.313938040275616
30.836762943575266,1011.0650539587518,23.613033976076213,69.12404111366102,55.013093297139655
38.51801710122385,998.6561887199555,28.896079229142497,25.89960732996327,62.476720552615284
89.47276191575472,997.7476038892801,21.218121778333654,90.16691456322934,50.461211095293415
94.11710383649479,1015.4698478125704,2.392902763532132,42.92949178610132,57.79258274191259
53.57019062454483,1026.8316447122697,12.057605609780296,81.42273280730709,59.921776892422784
24.049797781525932,1013.505746526633,19.39791851407411,38.88365170474,62.86035576805619
23.151346695425552,1026.9245138255696,10.52155528362753,85.0930827433241,63.22852085689891
65.91598928552084,994.5528411534566,8.201517543413358,63.66291184450487,57.356202158316684
51.431608711454324,1008.572602012074,17.32197801399273,14.104663358372715,60.39483043038407
22.29219420621236,1004.7795096486892,28.005056301073047,64.96631634695275,63.21630022130623
66.66019138500454,980.6404694726702,1.0494562054846068,19.13447627018726,58.1966920359166
20.904202927121798,1010.6246678727407,23.07693610624313,41.19226278941627,70.30738774156617
82.98975665194183,1016.3838378280396,21.681818341338815,17.029558425203373,59.05615738359877
44.51462581626973,1012.5552922430488,28.918602761648614,2.2016115667118585,56.08531159742533
23.220640240738568,1020.4953944330882,27.921336669976306,21.18865394499575,62.988794269646206
67.06817767865226,1011.4236740649193,22.866976861325785,53.637202372412574,54.883362157963816
51.81475315464438,983.6712640167916,15.61226294047796,48.156096777734604,59.99474399696309
97.90403306857196,986.4045038246592,6.128026597005595,50.14970955360637,51.2584569669415
63.53589300029618,1012.8061017649173,16.35707154976723,24.768687844660132,60.007173235642306
42.019134482960666,995.1238555585502,22.960559817589616,68.51612006141862,56.91729629621908
76.75510917071799,984.3804820969121,26.870076379136794,70.42632868203458,48.29747243120151
41.719360203416905,1003.6281508896701,23.691360276316473,35.79678255596656,57.470382637104144
92.3394633126052,1010.4877428946011,5.858008055731619,88.11700884741744,55.81114143727403
49.97775764059011,998.0810293592284,17.990589426841783,64.40232166355479,52.68699681835801
63.98948502209642,1019.6238536224178,9.96520378594071,71.30392752586317,59.424553051316174
24.045848305938307,1015.4073834455685,0.2761700217192897,27.733991793893942,72.11418716362503
54.08969903617846,998.305009860042,6.006628073659982,0.06116351555870425,64.65652042429998
86.5890831728796,1021.5179890899708,3.396619498003478,86.53756121021095,55.25731583552414
84.45190442906735,1015.6782273393169,25.281573706184055,82.24243845798085,53.55003992512024
37.9454847082821,1015.0594958294846,7.755187564434359,12.319188804283021,64.87167059931366
38.086325680845015,1010.4385235432887,8.540939066626665,37.410513495630646,62.771558956630315
85.38442497705894,980.6264317448704,28.798097153966527,66.13393083885826,47.44070372433775
94.43187361354605,1018.3078950912289,11.372601691465565,65.21108572187282,57.00347427867088
27.628873701840284,1000.6822985110036,0.28756920433183675,86.03503348085565,67.80514714626682
56.00469115409802,1031.8435340587262,8.515384450384095,14.026816163542854,60.43437558016404
46.996342317138314,1024.9891624092463,3.5789874180543735,42.99397477851188,67.63457255393948
89.65507643659515,1012.3231958242221,3.084256852075619,9.722441792642478,62.95253173009117
26.6819931744015,993.8700090000598,2.3246187040724853,38.959524843862816,71.71536915166452
36.89007540464299,991.2044566302717,17.797784105261318,1.5107445587704382,65.69968545987659
80.19746700691954,998.7211660722652,5.6804317088957585,89.8273065110127,54.180153782911994
24.103507918497247,1006.211236896901,10.837283821230313,52.70439968286811,68.1429004178794
59.40283045714314,996.2836030521421,25.860531483900502,84.98022608023537,54.774079970625564
55.3685627743776,1008.3211222465866,12.73014419388827,5.990470100336376,70.10048205965403
46.752094319099896,989.0953734032253,27.470740501549127,22.745811047292065,61.73977431397887
51.565785225513906,1033.7742047054026,14.938141601868187,25.937999522118062,63.26716897142426
62.39524695441864,985.9358505230747,11.965098445192673,38.6691494638788,55.4710272682232
32.90938867107065,1031.2569276809904,22.511667812721047,80.28663723975461,57.520269342636034
65.75967026268742,1030.2467906271481,2.195252963040063,38.655787373149266,58.396779920986816
84.4345863439989,1008.8948265000724,2.6843514894725216,20.4653529646327,59.73710289068172
80.81287438321272,1019.8700649509847,19.55921141768882,6.499026033876842,61.04134928312367
32.311992375501895,1003.9826563884924,14.608221397177449,7.949174835268746,66.013504797657
31.939957579317912,1014.6519017648341,23.712457509576307,76.00472059609774,61.851766214894
41.453949419593066,998.7316765581616,27.48812512030594,44.4802991036633,59.313440641334985
48.88597810728298,996.5637460881995,11.651006330146426,72.61811220000153,57.59817569963678
52.67644651267861,1011.8026382393233,17.892300797539388,68.22871217636975,57.90214184468661
74.37577734666762,1007.3971320801189,15.020898833859297,13.536246176025779,60.717684351823024
24.534434573266832,1011.874500303249,29.448319669272987,14.28879341922672,63.70730163067441
22.77381633808531,995.7663319707863,24.932532220697855,75.53420154341339,59.590764336026865
51.35284503551272,1000.1826807499348,27.352131248320607,72.12682934854172,52.38905099194689
75.77309537103844,984.61438783459,7.630202627328125,37.80307668743104,56.78788562017468
35.47482743651861,982.8752004749713,23.17579269487783,7.742226333284008,69.35584001160282
71.32035850050013,993.9401421320159,7.964196749929467,1.20980216984522,65.65711802040626
40.786251035223955,984.08357726318,6.262276002851697,28.815694946174485,59.95305814840757
90.8868887050813,985.7076089749107,28.327984789666523,0.9222273587226937,46.5385897946007
91.65519554132932,1024.7110622966666,0.5791325015359994,23.00726211037034,60.4833763307998
43.78297634250612,982.1380533359179,28.96166110990289,41.95007402113385,59.80207316617234
38.39950031705924,1016.2418536664109,4.477856909664187,12.141576531195419,66.23913323691923
52.9043177652985,994.9906761848471,24.583142453798043,10.427775783154624,62.94894789109104
39.242526814411896,1027.935012438947,8.277676592043093,89.64374357187366,61.16906653665667
73.79070746333629,1006.6745756517624,10.521069822921822,58.547002902288924,56.39516537947556
86.08517476386284,996.8067052630304,6.502731339659549,93.44556867627814,55.12650919545019
73.84737047289735,1008.470141462919,17.56542127443239,34.58261637856792,55.50810807998182
85.94803577994796,1001.0076910474897,10.442866425236222,67.71449373291631,53.260107204554075
51.75937297659793,1011.0365585568406,19.721791184839898,20.469167462179037,63.12007698899103
32.50535765670887,986.2993077579491,0.46941953826197924,61.83403172799412,64.41790342780854
79.03607579180738,1034.8344776546903,1.9312465054511885,12.958573000998442,68.74479909110704
48.83796041132431,1003.4055732733194,2.989834581937459,0.2080639176285759,69.12790134890753
73.7016660183306,999.1526851839053,12.569810559306932,93.1531801409579,55.20259193850154
41.65151535854125,1019.0615416573946,24.44388517979928,55.489437617520935,58.81609411996789
26.49837078453381,1000.0144673572432,26.64533731135148,92.69406627820395,59.5732274766443
99.40654363902107,1025.8300867765818,7.344322201827023,33.383152370207206,55.64766586673184
32.49612063444794,1004.9848898398234,17.23109172717042,32.778606916175676,64.24204926693764
99.07367951707849,1019.5757127295989,23.050949780778016,40.06550017730317,49.20511998122974
98.18239460531578,985.9099269043038,8.66488289758826,70.60409839581683,55.012813466004154
83.50544831264317,1026.5365552055312,12.270232102088197,56.58086341861742,56.81343195409871
72.7538369665598,1020.4644892727961,15.719226080571417,92.5354907099118,59.520397440085716
66.22456402008677,991.6444228154081,4.046245392241431,2.5440901132439353,70.69389890349271
89.28812363022678,987.9907305360183,0.7794688117734094,70.81959379725365,57.55593432448252
43.15516172955903,997.3960791799093,4.584174279548497,33.03276893665543,64.83917975656668
57.41449699879016,1033.6838822317548,18.805608637606003,18.023365181846117,58.75371582912577
69.55119754932015,994.1257366011882,2.2085478460104504,51.039562252009894,62.41129729976258
52.895238069559284,1005.0869964920648,5.690890945503849,50.5063784179996,62.43681483111846
54.19891632722144,981.6511124144535,10.135616570859112,13.70110286884284,64.1203191927361
46.422773400166754,1001.8475141261428,2.33610192919099,20.189605613288986,71.10065278602855
65.13854533476288,1011.4226008488206,5.750978134849033,40.81646649015549,58.50979051482364
88.04596224120928,1032.421853687938,27.338093669505334,40.88114123923153,50.212052589377265
36.12227024050503,1008.4204824717035,0.5789739668095428,31.75581396196847,66.52399233902048
94.75464310027532,1025.0509029397729,19.602957725230866,14.854515150998093,58.163342458417524
75.12701229985836,1010.0920203412895,11.532267927455548,0.4373679100979522,62.88117427464458
85.86185701440242,982.2431757389535,20.179462182971132,97.02350624280206,45.91663689714352
64.49525541040093,997.3254551354376,17.660751610902135,94.3499229703927,55.525206855607856
82.36133611392508,1011.6552229307107,6.704962630639328,48.36503791761352,53.962926352390966
21.296031787157375,1032.2826681262118,25.416284627201655,99.50517532750057,56.269191750927824
85.47043398236282,1027.2521697863178,14.7582114782807,67.36543307822433,53.84436222670259
23.211108726829323,992.5595587798366,24.676080567404153,6.885753760754154,62.84054186153204
91.193070109029,992.106040651054,12.180376085646575,11.771819908262737,59.688019961567946
99.35701977909146,991.0645131912645,29.54056661745717,91.61108438696377,45.884134604468755
43.525396974142225,1030.7374392966376,23.11468075503889,63.00522021496284,64.1782837526692
36.82548450286349,1026.8966384205946,28.978506153377204,84.31836266573511,55.82039121372791
81.22906910864326,1022.6185887739122,15.429794367295765,89.82696496338443,52.310170942643076
40.242107273620256,1001.6004312823325,14.210733968721014,44.79420112823861,65.52262940499621
89.24499065377628,1007.7409387364322,22.663614279757734,4.852595157669304,55.59601535946649
28.227407372598137,1005.5382459637334,26.408737890402907,18.828034889732205,67.36100721200296
30.076415710348662,993.9368959157655,28.92437387596674,6.65719473024351,64.10482906382062
98.33212440804925,1007.7765425381822,9.736557180974991,18.873984569850734,49.55882556983202
73.90711186160037,981.6773101319015,23.96113721527917,41.05329264558768,57.43918915301759
87.75097795431623,987.2495705423603,6.319367929066101,11.819681051498543,61.54010010152
45.94635018812144,1028.7624277892921,16.367230402363358,16.673324780534326,66.68686881865152
74.11869996164836,1021.3423871867283,5.395444452275974,44.58217820716792,54.08751998794369
67.53934618468777,1003.2577624982498,10.421920852510166,34.01709503884896,57.68359087217823
68.25200960983577,1008.4432699256132,27.94075101619378,46.765812418804096,52.607362107326075
74.60259676301773,1000.3499387277988,4.382720993192582,42.917202775906205,56.77118746160747
66.02873385032788,1020.742892693837,18.972026854055894,64.44780259798834,61.25234230453307
54.324989544213274,1023.1302948577644,17.7886281878221,93.71895488758545,55.79648641124532
42.07381555044375,1021.9806854611737,3.622150581269594,10.786433844424248,67.69001990512155
81.48650647305615,1019.7436448658947,9.779371313064365,9.926014930919491,61.98387073188505
38.101794400254896,991.2477386281038,16.889445135457972,85.2806111090902,59.597735216162356
75.38834449235313,998.5883488582264,5.615358269654708,50.63967046524591,48.175590943965254
38.66662581194613,1005.8414989241021,24.018709692384462,76.64050235684422,55.358675862080425
70.02641359635632,998.193614528521,29.164695286042495,21.542190360728142,51.17086775794468
79.76626137032231,1021.521711008708,6.442781998874162,82.88625731675518,56.85525142920548
37.497111112523136,998.1144438337475,5.607358943717278,92.38466241926959,59.6407211139984
24.795464068904664,987.6027647731936,13.64805215392334,63.54830155464882,62.33507651124311
30.477899439533928,1001.9472248626568,22.432958314200963,10.587902147380223,57.81537308156396
68.47975738168203,1033.8952938030309,8.448018307057541,89.52948141563388,55.87992838078235
87.95571249805884,992.4234777113467,0.596397260918412,79.24877273700713,58.35997185505331
23.59974569883395,1013.6687262418776,16.236618840986818,75.08777765144899,66.16895872179389
78.7321007233317,1003.8135177411839,28.69801703301923,3.672818890591556,58.03098609026756
47.305491676004166,983.906351220713,11.738305662208367,79.89625252569712,53.92775779947567
58.2822695935618,1006.8332133298933,12.604036625493013,13.7951010468357,66.05457626301772
94.30876398764525,1018.6190380756572,29.067051513421138,22.23861761968884,54.72460140194915
46.557720378867636,1008.22709867053,20.83822834880185,57.71348348692575,58.16722302164291
57.22695471515888,1027.965833506062,21.575157685263754,26.498077291688304,53.945845584788415
21.09459318085449,995.8915359161671,16.88106016113203,66.13482063119197,65.0212066207277
26.52789760038707,984.7437044217181,29.238276325897246,60.80704476990816,56.45993188379357
40.68732729078272,1031.5111086411903,20.665994532766682,10.814959801326262,65.16414729789679
22.228179265685952,1000.8007992240521,26.850982548155084,65.60145795915064,59.94212438724836
70.51002608386008,1011.7023053299498,20.981365971996635,92.395490982493,56.869792482335214
54.111868544129806,1023.5601719371608,22.05347474521188,16.110990518583314,60.6472777100848
63.85161621824176,997.837251513157,8.712327664267395,59.70620209428874,58.335828773922216
33.971774871706366,1019.3890495997687,9.10436094041457,34.18653719366941,70.40462871407351
43.67456235492929,987.4480367399806,23.489539487280876,45.961167177360394,56.42279213910022
73.10595798821801,996.0211560963028,8.901188675096988,28.700017907896992,61.79662249843673
97.22421789043199,987.9590849875086,16.883102124045948,35.41306363476953,52.285062925507106
24.033341888176736,1024.6176807120746,7.480569327201058,2.891182326655728,67.27064314130895
91.23074566842129,992.2457079374732,24.50950142427208,98.15517379172206,47.028910167992564
66.15049610489667,1019.4571955472866,3.3150405368307,62.479992207274826,62.10366923619126
65.1135653404499,1031.8814118485109,24.883399192849932,50.07055904938853,60.34285667063894
60.02228281662083,1009.0274714987883,18.081894015228055,38.37153495003267,63.19164209368583
25.55152687233467,1009.7016055743378,5.6072860448123185,53.937455882402766,64.95422498765141
27.19014813889285,1005.3568462453796,16.261061565183546,38.010599871580396,61.067890551862305
68.07296045272689,997.9239578866503,8.474965105420214,35.99079274936733,58.7517928525201
47.27668571484466,1006.1610267008705,9.704020041914898,46.394654172201314,58.47276860656284
93.38144532621445,1013.1544142746718,10.54584124790641,27.59830336711908,56.02247659245906
52.52724298875778,1034.2295364693862,1.8995774091696283,18.004989996678546,65.54980560757582
31.46251669621129,1031.5770507625023,29.578850532042523,55.66058981802935,61.878615320085714
77.17750668016288,1027.4184127061217,0.9460388439367229,84.2765436150301,50.92367176629071
43.46827371528079,1028.9021794637672,19.874906195528354,15.28281777258923,61.24367031230942
62.03762458847145,1005.7317050810624,11.136829432722916,3.273434060421865,60.70098751863155
75.8266228404136,1016.1594379947605,19.38030872840097,24.681174515403615,61.01419470761992
92.02112889616564,1029.2286697614918,10.687447592627514,97.97206434538109,48.51481727804441
83.37529558413408,1001.6122920745245,20.212519387765763,82.87580737433393,51.5549749874197
74.10888542981793,1032.8969363090007,21.877065284050826,59.58660535285966,54.578964645386506
74.37065459161148,1002.8682334138051,20.716579211989345,92.9248915243136,54.475122603377216
95.67397152256692,1013.0595465966269,3.4188594407445683,44.52791168372446,58.54183393412759
43.66592779972288,1019.0392592299804,19.706797039640538,98.3280602575174,56.782468314190396
20.08896753569499,1032.2825607191767,8.399626483622919,29.630204511928405,67.14363369278861
41.7563647518559,993.4538950728746,0.8640411170800055,24.03057495159391,60.779217305409475
37.43131037013952,1021.0372038031253,12.44492015666862,63.8048201147011,62.75243291532304
72.94676680911985,1008.6448572379245,13.00629308411403,37.81539679503604,59.71844364910724
70.69692798124233,994.7706427341352,14.015224000573395,62.636554197625784,50.9469533388017
67.4769106163779,1022.7133761888015,21.144724961721487,30.49955183026858,54.35977057525786
21.299475456756298,1010.3722254095616,9.265314274273774,61.791825683799104,65.71728299471168
78.3022443560518,1016.3535601357322,9.458415393117678,27.574626058503636,60.35565687768542
45.88243299883932,997.7595587717846,1.8165676872378178,5.097206881888994,64.19415699840873
73.2044791205305,1006.4700673505183,20.604636479768878,91.21359019231834,50.10769034990936
64.52627428017226,1013.9544838043437,17.03478274198752,88.32052018734622,49.04543439395204
47.418474034232574,1002.2700947848414,10.482753380813643,97.0798149272672,61.722750858313695
30.76610136832862,990.9104896916235,21.15566936752064,71.65271762214047,55.100746408658885
27.553511812838476,1032.8902270773417,16.120732476806314,68.2721177735303,64.31740794382954
86.52146664897788,1008.130714702344,14.07734837611619,55.90030700748307,54.25076484765924
93.47180336652464,1020.3656203658236,15.339736309833793,12.594241635252267,60.820161760249896
71.98304374114397,1002.6075956455832,19.090443758011695,18.923531094927004,55.64359155923038
28.27472918883867,999.5322470214144,19.800078137237985,28.94696886725362,63.65806158986217
52.162177351059256,1002.3940364156919,8.668734574221515,89.01563625733944,52.8877195821142
78.31513600841258,1002.5058154082108,4.222300901734597,17.296952460307512,55.09805028198904
82.38567072080545,1009.9299063768075,4.699025435715562,92.28731744878907,56.27060464371589
29.457489783287087,1009.890842848975,19.18172657709005,52.27857330514172,56.64421522057298
20.002457507630595,1007.3434598735579,26.18619857301378,71.55696354730722,59.337610438456124
76.9709636704484,987.4132181704591,12.284888350366554,11.024448668056653,62.0315925391337
48.52769407889645,1007.2841513175292,5.085604809883871,26.90335487759109,66.82859691647249
40.35850652946082,989.3007145231359,22.698074948815638,95.85186081814263,53.181828535005195
21.031797583162035,986.937468246267,24.974684232583456,26.614994692973138,58.18434904956814
63.223952540919974,1031.2955144537643,26.417473293628998,29.65217203911461,59.32017019544274
88.09205883407854,1013.2722507231238,18.204942867411997,19.75973848410795,60.21183675681207
96.61053170180703,1016.2719531968521,25.82185678164254,12.907366530682951,51.684530618740894
65.25959604906313,1002.098651868335,0.46244875345223035,23.325764145399795,60.90339477215754
61.156906219191534,1029.9939490553174,3.217074053085706,64.23268919507984,59.50863249184918
26.80451083913929,1015.0861769268816,2.7772820115629626,45.536773350356356,68.96033421270646
63.90982412340798,1022.3043428237974,21.37814052764199,55.37558363378986,60.21667109107175
50.39832631723157,1000.2709357965242,2.0874535063073707,12.236482876602429,62.23148604342962
68.57082247068615,1032.800653445052,14.89093117398921,80.21164471629001,51.3918929684247
51.09810783012374,1025.1253709587074,14.181206959088673,78.4094700579848,65.54222828521613
39.22392987602934,1026.9671654658,9.321105706747229,2.158991114267539,67.16013305772928
27.59722201827012,989.4706847084165,26.112155098262996,38.351509451030495,61.601762942018865
45.19347556711166,994.9029764329171,5.11299605639988,6.877060197114782,64.11289137052786
27.73158674302018,995.7094629825967,10.573883531977195,79.21057794149581,63.158210317895026
34.15175606591872,994.900007278578,23.225145000687874,73.72696831257043,60.84897579018227
98.98689268636367,1027.047448915736,0.9126694317985273,90.1988094293156,54.6891804560988
55.52828455252949,981.7536637364726,20.18851200739106,23.64039589531146,64.2251184241501
62.549741320401324,984.1854993939426,24.49193179084712,45.62958831277989,54.23137499514005
89.88948229897723,995.0653178846447,27.968035165145018,18.448787716439774,52.06263114283164
99.64551203925502,990.9930136057194,26.288899214744546,37.123493447411946,50.84500851269368
66.61715594757453,992.7522787635567,9.581523505010555,52.2243251566884,59.539075806136665
84.99790568353373,1023.8868754089315,17.590924239688576,5.333078983858897,59.065253571384176
46.155281946934025,1010.9719626640626,2.3188047945139756,71.48704106773852,58.36367664960955
44.459516595783285,980.3173863711132,7.736100106440258,54.329336037107524,62.200941554485055
52.21629767956482,1003.6127521137307,2.8266713624252215,82.89590172106733,58.85120469991251
73.80058101389193,1002.4336709767697,9.455618704618916,27.178050119119725,57.74617995907876
74.5753351404079,986.2669898194499,26.25561640376187,90.33211052692545,49.57135254288203
45.21915477195606,1017.1877983730801,10.41500519022878,99.86942530304434,55.42676533534141
30.656793930930295,1018.615345360872,16.85694309004279,91.92984383776745,56.17129747364355
70.59170051724068,1019.6491270478654,13.001425443448225,77.78924758331542,47.87730695678969
30.266068975101163,1020.0659020057226,13.767495728962059,81.23688028737807,66.56361336426265
66.2794006583464,980.0029054812763,29.08716155509675,57.374424254458646,54.06365574867723
75.47377024450472,1032.4656442115697,8.884634047915739,19.01538629126105,60.884878452588346
76.04891971155612,1024.7814821880065,18.81973408569514,67.70406851477173,52.460992617521384
80.27776885276774,1029.7189933124107,12.601880087383412,71.27530020599315,46.66650352011671
89.82875372525316,980.8603812419088,1.8343854314305863,98.53851402679057,50.23283808222303
59.996719357183075,1031.3622337682157,14.679924948727079,54.13013162563218,61.40218869141105
78.4199351623657,1024.5383690778458,24.400299871353248,27.13690150250564,58.77404031150182
69.53381882926693,1026.0470528627284,2.962589060450651,68.36725217395067,61.328657831900294
34.93119518381461,985.1308061597083,2.087755421889269,97.93758196664545,61.2837834232696
22.055171589552653,1020.6327915905229,4.608945611798,17.7213908269094,73.85871069387991
42.7633108541547,1032.795417930315,22.93200334167918,32.59979185356027,60.57072423911915
55.44269650700955,1017.3201037779988,21.71986152434214,54.188095377268105,60.86695341220461
69.3684755542925,1011.3808772543533,16.950533067183315,17.02146348820048,58.29686608001777
87.99674644025643,1032.009632276195,14.046792122778971,2.2220639519938357,56.747986251521795
35.69965733649325,1004.361541695394,26.649774441078662,33.69831224412506,57.44406553627454
30.04398319187817,1012.9611461470763,23.000934715004476,86.53708015010581,55.14515901282289
97.0783957979462,1006.1986061421901,24.358267539054157,4.346839932371482,56.226074883049876
28.643564750112567,1031.3065421748165,24.397869040519627,42.89290590169175,60.19659052891929
58.27928560857514,984.1846599721028,19.28151464236674,76.22007729260825,51.608422178492674
66.84509830346414,1007.5615835453941,13.740438729478376,95.31825969108853,56.35633379762354
63.30995367259506,1017.7823842761991,25.94033257756951,98.54753990044323,52.829827155147576
26.882572562635456,1023.554859613223,27.78022252809752,42.19693806087417,64.4767737717767
24.56215312028955,1012.0660256094275,0.7141812977502904,95.03842943791176,65.55449691068154
28.438674196882854,1029.99047592668,1.546646197987539,3.541897328086374,69.00446983119905
66.847014709809,1031.809529578613,28.76229890725312,74.59169379985563,53.31572599527719
63.54759101074569,983.5375572756471,8.314818415325844,64.27460346336129,57.96408973082271
38.69926336293954,1002.1303796747756,26.20108318948256,24.95218575861523,57.97640404906822
71.02193134764732,981.2902461946635,11.663853568842079,50.73185006796489,53.309933825709756
85.60540016445195,998.1179161555943,3.5730017282806683,12.955373776049562,58.112061460048736
23.3263167877275,1009.5277519883831,2.413296006280028,87.1597150951561,70.41580842220996
59.85039548384339,1030.0937211780472,4.695236972413694,35.78980855456479,61.95096331441213
75.14483296821523,1026.5604877355972,7.496795846020942,62.60444704657166,61.60674021312077
40.184954165574965,987.0124849669592,14.655550617924787,15.877628628726226,62.11267680062344
44.621672423451926,985.1166706107492,21.044937016973506,20.61648446312071,63.46737940823912
69.0910322391507,1012.4097036316167,29.591957294559,99.19563708031521,52.50656798600065
91.83482347549895,1009.266488485233,13.245202298675132,75.30863944413294,55.117215811741204
84.79395362423195,994.6507702786513,15.545548270293295,96.19718697740709,51.64825776777225
66.65041752796668,1029.469919650461,15.654471041497668,29.585116521204412,64.03290681109613
78.41773742057994,1031.0051525203855,16.183030664638082,16.45628766198204,60.25034671666854
49.185797616623894,1002.143629108709,15.532219713133868,50.306846347883095,64.9408620737615
71.27724224790062,1028.9666406412437,0.2632426518575348,49.466828222734335,56.58416295811622
57.294527290204556,1001.1171891844635,0.051744663295221205,17.494651375798785,66.08285894096062
35.19489091660488,1020.5249257506335,2.9299895437836874,73.32195695814102,64.79348022754442
76.13906191018057,1006.1768219651249,3.046698102875365,36.17775344387341,57.360759253432725
64.51717098790576,986.742073607895,21.146907268643883,18.63652309305173,59.75321129681603
48.68972655628731,1031.0363810680362,6.1474809754799935,33.19833945432884,60.27501083233219
92.90713520629046,1004.9753126357646,26.841423142668386,56.36586996350152,48.08076386445881
21.67472942613866,1020.3967872177323,27.858189887310584,72.64709321804432,53.791083706823876
45.26185209995968,1000.194559793721,29.27680013687696,48.18908860574845,61.720057004964225
24.550511822211725,981.038448321693,28.172439146610603,52.55949898283735,58.61644297242043
81.32218529773017,985.529169728051,8.15664965755574,13.89459359427484,65.57276119698052
76.16859632910341,1007.2920713719459,15.293305341105373,91.46909247082321,55.134389452128616
46.50817749890536,1017.9480396419499,5.263649105908231,92.87241979920444,61.340283740481844
74.05303217656584,998.4104429618603,24.186289655172995,68.34265904180037,50.55579467200926
51.67497809567599,1018.2518652547708,26.65295115432288,1.7631408934024706,58.035488728724246
80.50030331379475,1018.4249574187576,25.538665178925445,53.70742159033261,54.54960749941396
56.334693018936484,1018.7164749030306,13.001008460905046,62.92189720886135,58.79990912352664
52.98237822653324,1007.088701971128,22.76021654060343,99.465422295811,49.6710924795935
94.77839323906407,1030.3187382566828,2.927375087288083,99.60669551947969,48.745035881502346
40.07032799125602,1006.9058084889339,1.2073431185775207,85.76112353255574,59.22684629118937
29.635787199725236,1004.7645856423151,22.597092429262826,6.383099202611353,70.04819597800788
66.76344906075666,990.9659450455845,12.76065822986051,95.32763907787299,60.447578513048825
97.5457449827343,996.9210298045986,29.866477942187075,61.26612471519991,48.49203742393777
50.227137098174936,982.3283970885067,2.9176264756659718,80.08867704791794,60.069392924787955
24.96294109030252,1014.8444411488894,25.66883044605701,40.719284968585356,61.16562495792055
47.144421384765394,993.6694659159901,14.399491965869752,31.96694712345898,58.71443062265213
60.474532345564675,996.7285389967005,24.81450586511631,46.3244145483808,60.013919250705506
32.9538405305771,1022.3947986915376,24.513818465104347,14.687451296882692,69.26999432973965
72.64817744451936,997.99716507388,27.47976004086232,35.7066138753306,51.6159336085174
99.81995112081604,993.3207740607228,8.935500338583083,85.76174997682786,50.416508076240696
56.13915807851551,989.2981762023538,28.49398060386009,3.795048626088149,57.37435539313426
48.37828453841701,1022.6172121200076,4.550008810728609,15.087804682460447,65.04270200216384
52.05633334675733,987.1338441894515,2.459063327804716,12.511615964948552,68.61893342270699
29.21169427161609,1004.9564568137695,12.948465521170474,40.307554270022806,60.41889877381557
90.6618881140979,1007.8811563842457,24.84968905925528,99.69869008908617,48.92705463912335
53.186052441708156,1017.8064451977143,14.202633919003368,17.33579302113827,64.98154234212804
50.98195291398731,1014.8305915283147,24.87860032591542,14.548264959926016,60.1359659249561
72.77522183443794,1024.5896370119847,21.890604173829157,91.50557297761544,54.953408804607484
55.36267367448988,982.4613288659431,6.282851584168006,88.20505169659657,57.80989059330687
71.85867750462768,996.3042398628669,28.466448746983914,3.224036999655444,60.35022258557044
24.915703210463,995.4073765326459,1.8234350588821024,75.1705960179315,60.04281721880377
85.0978674977782,988.0309298075659,26.94839122631385,65.54657014764295,48.72940786622541
95.2403162303522,995.9048039621043,9.13330346971122,76.7740809852709,51.909452949128756
71.90123089275087,997.0370922778596,15.004442494931979,49.45024547959221,48.372546641687336
96.36527430870485,1008.7036454060113,12.670556181022034,99.13792184482956,46.53682367635725
32.11458514959706,1016.5037463409441,5.155036707507485,4.384701871096319,66.76262899155728
58.1932951584283,1000.9605282486498,10.744405992050794,23.437158640380574,64.59297065140865
68.14453871563578,1019.5708627222359,5.788033088783858,39.65459869736151,58.82124749461539
66.53893179369493,998.4890936218769,6.116594263815715,44.97779415657032,57.37711491542336
52.11694232712346,995.9656022523118,5.611705080791411,92.13674026995187,60.699674591198516
47.04675274930091,1009.7653430721364,14.670521410397829,56.000436407725886,55.33220360790261
30.145921804033506,981.3043998168184,23.937941025339466,4.511099552039388,57.17118229923898
51.33939604498225,984.38840179987,17.06910101283723,40.78629634256619,58.05967080442483
33.01286520843881,1002.988324897259,26.79619765652526,41.64904123690699,55.793510197305594
78.74925411937747,1031.8601991265466,19.096334657301725,96.54909384377848,47.73497079134857
36.7064748395672,1019.6831478913883,20.680203468978135,59.919709102110815,62.038028469371
24.68522442276271,984.8469613225307,20.028216891810093,63.56510711589388,63.226753511000524
64.18929102537874,1026.5474907029482,13.483775795512235,71.32530312512708,59.72313042297927
67.61837861755212,1020.27654238345,20.680164666002483,77.00393156821232,57.66427919166928
89.75304490244044,1013.6020589136459,2.091232394068835,63.50510702024892,60.201311921087054
66.15852899341455,1025.1161128335048,25.795544157469894,23.71943511339355,51.34865368940825
47.63846829787566,1002.2260416258626,23.33436430331752,87.40459143411641,56.46854890958286
84.24095052210563,992.1825577969619,7.356898746950364,73.21198004106301,52.766152044831315
63.22231145499369,1008.1612864009818,23.04097362762247,74.18704850969559,51.905624712137644
26.34242277049534,1010.1862965576411,0.3792780420005548,99.65567392347492,65.07005891897933
65.26804482505973,1009.6079504605451,6.517397174426413,80.2526534863316,52.35366328246247
92.64148363373299,1011.0790585314057,1.954117160126878,82.91514031551532,49.171873463306376
51.70501003985764,1032.178770503155,23.40680749853684,95.14055157101583,56.96917154607724
43.70606415198401,1029.6235092702927,22.676224535351615,15.113399984889387,64.21426066791776
31.477556561441602,1028.1644370107417,24.40908071405492,49.772737647806785,61.73105277348969
32.11564175482859,1024.0779245999745,0.13445079976586505,58.05670235907876,63.82788161793751
54.62171874734551,1031.8885458995908,15.03698180035224,32.927572922245766,63.92032164376047
67.65438593292237,985.4172052923672,21.145085925520096,83.94033438945056,54.30794076540169
26.44923241356814,994.5817793795156,4.662033862170464,76.24196216457234,63.806934419579356
95.16548712201326,1007.2280770110021,19.493721825378742,72.08830745081241,46.841841835919105
80.41068939561568,1026.5593971217872,2.5233029792905715,99.71494397581668,54.117006175452644
66.92991346269301,1007.7841141337503,5.439775683129396,25.938137340839052,64.35038367046992
86.27509367511927,1021.1419106637874,14.273904449838032,73.54572516754213,57.4338519178261
26.414940544969063,987.6427947886904,19.60695458043306,55.14044749059006,60.25088645531779
58.14711021864995,993.8827597137108,4.376073808616883,31.298918249387608,61.686293040220924
70.40745014893307,1020.247685227072,5.556699924928137,16.058687072312583,62.089852615650706
86.29223248946315,989.0603704888248,6.13339101196989,89.58838370675471,53.74284052333359
82.67756480394141,999.3245764060209,7.161024140969355,59.54554827078453,54.274246538564455
42.16553997707197,994.5676441797465,6.7966154557887375,82.49338376407947,51.476695032840766
95.27041356473634,999.2423931822364,11.854473254929102,54.53449840015448,56.93106251177565
29.947667314469626,1018.9578226992884,19.613689525101687,21.997708065401955,69.98699062578117
90.01068948969217,1000.231594962854,13.14095349403409,33.75488131003252,53.68483191793209
97.67521996836949,1010.5394827434367,23.279217262496644,38.153884247354654,48.69822115231319
34.17228185781005,985.4962532379925,21.578055178458445,97.29348125037023,55.70471398903331
77.76528513630282,1024.2759731279045,3.7958074214722703,0.56332783813825,62.749716421065315
23.222841502239877,1000.3438744106469,1.465248699622318,98.5666023024507,66.26524412347715
52.433826011132396,1015.6693787468338,26.338246919988183,98.04616351098306,53.49736476226291
61.302663935813925,1019.8964280914008,2.3949319968862026,99.61507905301366,55.654649718707745
66.45161807277073,991.5313507161435,4.450175421591393,47.658817891963466,55.813033679301064
94.87497985988476,1028.6571241724344,0.6639982667435418,96.38089696209995,56.6354692187198
73.78005498353558,1013.8923338383825,18.850090958959612,39.559918184982735,58.40990263495919
58.50223609753896,1003.5798827963315,17.471116894750455,2.629444066838671,64.97140478246317
84.77400290127115,990.0284350968021,29.60710999305767,22.434718637176452,49.783921727279605
96.04262567635271,1031.8265515845665,26.60797188951516,94.52962449373847,53.167615978636874
21.765291894583267,1021.5287512272394,12.325295324427291,1.376469333539998,64.17383136594034
98.6017017804831,991.4413509503287,11.14757522737605,54.599413542297505,54.841354944917306
26.890571125094425,998.5740926098324,8.905561028399552,7.560158889467905,62.3494267657811
85.15094234150091,1024.532084194844,4.572207601136441,28.63965784275785,57.40342334376848
42.426780204113,1018.2622714768437,4.142509698060271,8.809285071188667,72.30917238959051
30.574372620309738,1022.1181360993648,3.968511240288163,85.95286211130563,65.92430553537962
55.18845117710679,1004.2660606217113,3.4234427156033567,59.10707096477058,59.66928714575841
71.51652635580908,1019.4061944453192,7.215361272166108,90.21064657183129,54.47156565218832
50.476147601878,1001.2571547575153,9.200058909393492,68.83531995402284,59.97389005885505
24.365232662615917,991.6194604316008,28.847369131167476,97.10291312450997,57.572341157401134
67.95689117269733,1014.7972369162748,17.354197530056574,50.98776547604066,60.7355233281971
92.19226208885398,1033.6807659079336,29.62787323539843,63.871058176287455,48.63303634621116
50.65722927578014,997.0830534267432,11.174008434770197,57.63088198890566,55.045409887436094
37.30662221046616,1005.3533275716896,13.728798977683232,48.426042944661276,62.78276247245023
55.40618767462523,1017.070075408842,9.737359774958374,84.59593654230126,56.797567485511024
23.869016883902468,1009.7828455167369,5.48662952689658,64.45251356703602,61.38120170675173
85.63900675842198,1026.3885287639978,4.294941233327375,80.13122648554727,56.61846345555937
86.10726487601494,1021.8958488558234,28.352375934234956,78.63639366024132,48.94139748417429
67.04003707437028,983.2063462124296,29.60432045396267,19.10451606552953,56.262343508018
48.24823111507116,1034.9131678658075,1.3472848952619465,65.01635325176437,60.93782996285344
83.98266915566268,1021.3821349545707,4.510376241952995,19.96480191813341,61.993238401871004
64.37496198306937,1027.5146823961763,12.705722769030679,58.332047824377085,54.65005388991388
86.0745846840013,1015.815874165244,5.59000429033222,67.74346844463005,53.42127454676636
70.51670340664165,1027.095682042572,10.9164118088065,99.72350715875868,54.070595552542486
82.75243785702378,986.181063621079,3.872890495789001,3.054197814973836,66.04727366202358
67.88503945742079,999.1255809557623,13.695352701653707,9.124239411372093,62.98296609693966
53.1312854572533,1028.2031518982471,8.150838485077777,7.702669637123149,68.73608757790598
96.635668794091,991.091036619679,10.557151672759824,39.836128626674004,58.573344037379066
63.289105990307576,984.3033154219013,2.8293795438824274,82.15883614858137,68.40721134790542
68.40716148324307,1023.3465416969871,12.84384152130425,84.40563327871357,55.83414360544518
37.639011153179936,1025.9517385603813,29.497728328847096,73.69795957211517,61.38315179084685
70.05206315418212,988.9458720004445,9.86499140643571,89.68782418299477,57.446657383847764
65.72861195863551,1026.9890290530493,26.29287824527305,32.28599441694525,60.05226776357535
34.78707183576199,1017.7722287578443,25.295974248710554,8.815464425229912,68.786316512874
24.7669677882515,1008.6045475769121,28.561752548916317,5.8153027989850115,62.765535280737446
68.34874557718169,1025.6637606029763,23.703285368012835,85.21327196193863,51.53530041677436
81.09538154802564,1003.0587087125431,19.78790481176445,73.04362943536913,53.12687109897282
61.87210967376066,990.6696675922868,25.697533326823727,69.8615306011121,52.78456515706682
38.14181002557166,995.6668972135838,2.269340419720489,33.967633854566884,66.77616113040665
73.32175813544279,1007.7840210061323,13.884919715964234,37.99051886182262,62.490872037151036
26.40845812876818,1009.2231935970246,29.677687158451764,95.81135288993192,54.888888835639435
55.34669638415637,1024.3069454542679,23.088004538841968,6.380474409793502,60.47379738527211
33.06934067187362,1023.5243998008784,28.862261341116692,77.37317369377926,58.09808867105232
34.75672408479067,1011.9751606462517,23.38903068400437,30.963332370839314,61.256218274387734
36.18351593265629,1022.9432015851012,26.246459023264325,3.9054618412556086,57.87413148634861
50.93656456351823,990.5475402061519,21.19588896909573,74.25701107424561,54.00150086740794
24.09201644963181,982.7535489901312,22.815060132517193,33.09118856783746,64.4073991003167
51.823475274327855,1028.0498602449086,15.695340295185021,72.21475187427966,62.960098147706475
60.936595769176066,984.1554971569524,27.727131024423986,70.765438311812,49.168856997237555
58.663542797306015,993.5678636359198,24.75116731870085,53.47868754331151,51.99924909500823
50.622728032243245,1018.2425422293411,25.316548969968967,77.73731292105488,55.678871616312534
87.1317286456602,1002.519636569502,20.19027302889157,58.103832417124345,46.1083661207047
31.62613539364033,1028.197268345353,9.13739841261747,28.66368528482607,65.47161538986623
60.455739502509914,996.3888887064248,1.0688938617041799,73.4115301064419,54.43892257028493
24.963313356524345,980.6529240668148,28.069653882286335,58.913981587772355,62.85827186112796
25.69245431023278,996.5360602308409,17.583610464164906,1.2727281689920544,64.20185993008691
65.9092679741677,1011.7941277051657,8.944289134444208,90.16441777703093,61.09465176532503
65.28147399102568,1000.6766106471812,4.474053235426134,54.56436183243134,63.091745132157364
90.24268102755656,1009.4180015667315,24.88569496502264,86.86272654795317,46.73092415035161
64.62989405280585,1028.2128965359261,25.095605833427367,88.27368389822446,49.88235667276314
96.78328163238801,1030.1866779826703,24.435239043915946,44.49666567350885,51.44079461208615
23.89558787199438,994.6285735559761,19.352480759003587,50.765999645123095,61.98746472730453
27.840614782459284,1005.4177260298445,10.980461627756277,41.57543876756019,66.00790714733822
23.525268925630513,1010.2029208382799,9.122108543407709,44.94367753080455,63.673675287779794
34.8221480266832,1032.2011851288537,0.25664310354510556,89.51471589717278,66.07857177405818
63.301608875334246,1034.923952554041,25.00822676064721,78.8144013967911,55.14049213395611
71.64577451419424,992.9473986862839,2.6229809248092737,12.652567631557798,61.28189365844769
23.646812635893504,1019.9838929240199,18.92264994122303,61.03077815400959,60.50308711769618
95.67767118764795,1000.7917084228258,15.122248405202651,99.59066403863423,48.377547485078374
87.37323013203049,980.4459508287417,15.800680767790535,59.555070123248576,49.94657395605487
43.72899857256745,980.5088887339747,27.8013853592332,78.58716255931056,54.599002503571484
26.175002418117437,1005.331130415924,0.9484503381372633,76.9061473381171,65.15370653799538
33.59096585752458,1006.8584202152384,23.20176673886317,35.03175258723286,62.41783188871544
30.155553100397814,981.2413333115394,1.5615719510192139,37.18493027039589,71.659860187031
29.86270234391575,1017.7810079225867,1.144608178061316,72.40764217904032,64.75573738737883
61.48493509325871,996.1701863727225,12.894530944241458,49.99835316048351,61.414359803394504
39.66779539947203,1010.7941205844772,1.8922552302890017,57.0570709130388,65.13272822377004
48.651177322331556,996.550549024098,23.67431853878736,71.29057903648376,55.227786499303285
99.16042667074579,989.192387317812,15.886892809450115,77.75750270390502,49.143830263571985
74.74513991402759,1002.3945556229381,0.8711634797932333,27.151657773307136,61.31760851849636
95.91845336376011,992.7750350634775,1.2150205944575854,14.679375943696293,59.684431297049635
31.404524402649248,1009.4140537305542,18.38005589218438,29.179464672372525,60.85855004633197
50.57115798660554,990.9355691657564,24.183354529752147,50.753832509207555,52.549582685129884
64.37854426258835,1007.9623287154545,13.133985938243207,34.21413172970391,61.603976666715646
26.14064495109904,988.6558183177877,16.63742014606873,56.83627588475938,64.6132503804925
20.33499549023663,1016.9036090217181,23.994883621497046,5.346572412562844,68.43635583736237
73.6347467037534,1021.4665726442784,18.315185221254573,50.97504116137672,56.62156735765376
71.34556134411483,986.0716828837463,6.742807129764584,36.79849069377079,61.41312595814969
52.86310479996894,1005.7291326620536,18.391560776084358,53.46667548928824,60.56476243137409
59.17152608256261,983.897943536018,18.848383771956406,42.253335488497676,59.750714123852276
53.23544004736717,1012.9000345048102,22.0232094264338,28.422585063754248,57.17245374735219
21.92040358759111,994.5422363861305,18.626225626704038,90.41079054576358,56.31335387550557
46.82972849739699,1009.0193451261289,29.077263913741138,18.47649884213569,58.42317090437265
34.16658043178319,1008.460355516136,5.918649261512055,68.13655755805597,63.23068790722751
27.8739351281095,1030.839489040659,28.532720387012287,92.4644712582414,56.796388113600685
96.53763471114799,1010.1995772412797,16.15018471050049,53.86699596854331,46.95036103385677
67.94877800337325,1012.0649163845073,20.158684214847362,87.6408488579482,58.40441882893204
78.29250273892822,1002.0909219170409,2.983847923565696,12.485147843328438,60.7728496908275
45.2290994612894,1032.199378175055,11.41727824134321,49.37887702564081,63.21709373515259
51.45177035952122,1022.7452250191785,23.081374393895178,45.70252804809394,62.499144576806835
38.95391951173788,995.6972909666563,21.20733045296971,0.8118807036994857,56.58310383380357
27.75725367723398,1026.4315272176927,1.2041816449623055,44.325734135933445,66.51148727927222
34.3225309953267,1003.7817998101799,16.39782790491734,36.90297563825978,61.78984549507866
83.80112362371887,1025.5766928943476,2.648345789052283,66.97987277746154,56.42349276640415
74.20366441470208,1025.2588437561426,29.875692875344868,93.83297785765185,49.38378286845018
63.75431007883815,990.387860271957,26.91889765599884,8.579108826203651,61.9777191742911
58.00718982934144,1018.5627622260968,0.6324198128561087,32.74763867146231,66.2838925948933
93.79474269248996,995.9853633118593,25.759487367078926,44.40647373942519,53.651919193563614
25.818795822293474,996.3620968495968,27.58288801675223,45.51853780343833,60.585820287609494
42.448065059033276,996.2991442284319,10.606446676903653,77.48097208422537,55.43654743588185
47.99502828565713,1019.9062536157971,21.585049651432975,44.33956658334408,53.41447705681953
82.59406497702302,992.6404322985895,13.263112386233368,2.7161301453653364,54.19521586750767
99.4011696129577,980.0498209385349,19.656974537290324,71.01040945928312,49.77603811703057
39.253641180572245,1019.3380269415449,10.209522128945745,88.48296951456717,60.34976594526705
89.94458673096645,989.415160910932,9.67677709899805,51.39047125496729,53.92399550897739
86.4498208345433,985.7465317419309,12.733016665727371,58.11085216985054,52.524535084255454
37.97259181134133,993.0633866326733,4.367032759575035,16.29364389690461,72.66656171828785
51.94660641593781,1000.8945287277487,24.93416893306148,22.064594467895702,56.77636962309283
52.77382954340153,1006.174848011026,10.460936860849099,23.517023912461177,65.61778172906983
98.25765348212467,982.4513522391946,12.004486617175354,43.07419748812953,53.118087421967864
34.47135211031187,1033.3815332945048,26.82163838106434,92.8145220895642,56.851168617444195
83.93263768838256,1019.3834679380757,14.898714421895141,52.1784766714886,58.816398970923004
46.73541713384879,997.7756735928385,16.32761728052589,19.209764520135263,66.66962003996827
78.46962766209283,997.5283491506968,28.694943743312955,26.608773586894962,53.109603623279604
53.60088034365303,1004.6698402152653,26.601791494349676,38.401502972718426,59.82170160338419
66.2687810493232,1014.4434652519668,5.0840012666531855,62.325897569279945,60.47202341692468
86.60894186609049,988.0505186623932,14.196450897543151,44.00331530040054,54.48361293459407
84.33324519871073,990.3911397570723,29.138886822856364,39.24448441769249,52.15414317931787
89.31385468317602,1027.2689020558453,11.170988946858081,56.47286003989947,53.31907539531642
24.769386027572722,994.094020813899,11.147193255486002,24.183499495446547,65.40857647491957
75.36404424317959,1000.9107248886347,5.850906953674631,7.8903272584582185,59.89596360071502
31.198990137741028,1027.9199518022565,3.4296934235737564,2.4414314822222116,73.08834182624464
53.265485441472876,1016.4731306169903,22.209143722679453,25.125916346712707,59.82113982342862
63.88707320437508,998.7941533637928,23.100914061045493,9.159203414446871,54.96759829163321
52.21915877974646,1017.6034750148541,29.07038890509,33.63406385207668,55.742631179704304
61.5689340642406,981.0825768459778,23.20254632716089,77.29335403597555,43.426064123898215
99.72210470388953,1020.4603463006251,7.300574821007961,71.62943304868384,51.82112199164843
30.817385097028378,1006.7858822283931,1.2034973486554634,61.09276227880288,65.57346740040481
74.03648362691405,1024.7250181006455,29.563121531089806,85.25002438794787,50.26433829957952
51.680077310849214,1032.5050708603558,10.213520866308173,28.20676245442767,69.67873307944978
30.6407839125863,1030.9183702222012,9.359146272972623,88.50537530299657,63.94511875226233
32.698941069944766,1030.0095773900437,27.178656292481474,39.923916966917915,62.89832006390369
95.94184849964935,1008.1693475763637,17.552996956349585,40.08933182666266,48.410293739175906
90.36811973694097,999.8078162776416,6.446135215474037,40.53516136255215,55.48882181534044
92.56335683320175,1005.576942860187,26.672887281487185,9.809436624098144,52.42560901715648
99.32262206619092,1017.9442801822348,29.800825651642302,97.54904983310557,43.20700390137771
36.66523120068143,1028.6198777279153,2.6003568345249217,13.85067778251592,66.48722500124187
48.43514698912494,991.3842466650066,25.867548849074616,34.088572446918455,52.77175594838452
73.53752239398933,1030.5006237153937,11.715470930531819,31.930032032675715,55.87856668022635
58.70420318885178,1024.834912758344,15.722173395201132,7.467943281670964,65.28206742896688
53.47116267026668,1033.837080834803,27.444479272949422,15.226013011187668,59.82486389774021
48.62489994684744,1028.4138475304928,29.201375873253518,4.485833618538582,59.664400996573136
67.50245055547617,995.3965531330549,7.864917312263982,29.240449356051347,60.36879526149255
66.04747429120656,985.8275751239227,6.385523128797414,86.66569240289064,59.49851772294877
32.91662672513921,986.1732589595374,2.4154967577453554,33.94422057373845,66.20265607690257
57.73918700147512,996.0172825218052,16.85393557986414,12.369183206737922,62.59791709193898
64.27774209678799,1013.7801048191496,0.40813186352004815,64.5693868383918,58.10214443813166
65.62295509851124,1024.2376179353446,12.356948928298097,99.66009120549106,53.20812707188312
36.80857543298814,1029.458766883986,2.2015204995602566,23.232378953192757,69.31002457445676
79.38171138018294,1014.3064361403078,12.15677348788002,27.957100537056945,64.06720044866165
22.01592758568557,980.3097222011429,1.197965677968278,97.18470542807886,67.12505647499913
48.38654844345301,990.2474227085194,25.056517818263067,17.877628755048715,61.406059095221565
82.41701188285069,985.4849412119353,6.292169818156976,51.12140674591639,56.84839215231942
65.11143368443219,999.9828461562955,9.84926131073736,23.965213301609488,65.0562744686554
40.89299460086882,1007.574304649856,26.101439898191757,93.23518979012438,57.568882807241394
75.59624954744382,982.3868448218209,22.38798183996615,98.1521014576294,42.625886717042384
65.39127553248588,999.166288668761,6.5711508492617545,81.46978461200153,53.83579719203634
83.69948875651097,989.8548821043927,2.1569825597248817,31.478381581281056,59.99617678033915
78.80201489518586,1015.5888591442381,21.470213305660184,40.3487475280505,49.846896306179644
68.80863376289878,1005.5349803128387,11.72107652064328,24.230568366642135,57.338622534315945
59.05421402486512,1007.242470581365,22.982399973546638,89.07579670089915,51.460458159092305
30.654570053401873,1003.5230483418403,13.358843171256312,91.45582776881581,59.11806169260648
40.9066414308307,1032.5810840767613,10.380072389168292,41.887066224604716,63.35897312850679
53.52795783336682,991.810431881686,13.536162246371896,65.65330699030018,57.139557197944946
67.9439429605111,1008.4165342914131,22.4567695701203,16.555317977469386,60.68237464857319
61.09662841722439,1020.4809552600934,27.066608596211225,43.493590036340905,55.6129329995084
43.05476207676236,1010.626442722401,1.493015897657266,63.149910667349765,62.3877061733657
20.517148623176844,1031.096148714424,15.723346236808654,38.54031185180196,62.10469583532357
59.69913775206511,1000.7882595602706,0.985062872516328,35.75995256864599,66.04263640193777
42.85007908497945,1005.5021693175248,14.052286350730762,0.09989922669426665,63.25701884229339
78.76866405684281,984.86872733681,26.558484872907012,80.42934637771141,46.24438957249849
21.915701221638678,1013.4949511078561,10.84770799260929,88.93376120214482,63.06508669135145
66.78622490446327,995.8516582646458,27.973512632419297,96.94635295458322,47.76622241329568
95.31793900048524,988.8169971733563,18.918254149518283,71.92713850692155,48.19339619954529
33.95274136891996,1009.9492211097479,28.02466031379019,54.87923123698846,59.68393458460251
57.73195926004763,1009.277064485895,22.71499876237559,26.92845198087094,57.898814970026415
27.313759345371054,984.1729402673226,3.1030549994628687,99.92994759634985,68.43452227721544
70.05455298090821,1018.401849942196,6.9345410268803125,58.97528545321056,58.55174732761709
64.04253444769805,1014.3074704857969,11.825113637505186,68.11540723304462,59.41392232089497
52.589241937026586,990.3959505510574,5.103206460362281,68.24061619553177,54.16731867827637
61.7101617178993,1005.8189174184724,14.847348143299815,84.52517957571814,52.92043364142741
91.72597267752082,1019.6177604063208,14.141044671044718,0.967253884691921,55.152431951338045
35.70354418488536,1009.1189657297703,28.68777594082144,22.02469404313718,58.212168322893795
21.80516093642778,1001.7518991900963,13.011836486879332,66.5534000170014,64.46868468557074
88.93319077592808,997.7286151944519,23.568804128639933,89.51457368245677,51.62249426796457
66.16936659103251,1013.571662665423,28.257316345544396,68.53387819213562,54.10431369010863
91.2526764369474,1031.6509784070631,26.309664929219565,41.34912914936801,52.01285723578715
67.75561787305381,1016.9459662262616,6.260028735347754,36.15554958702616,59.164479701156104
84.8128871967762,984.1110246999973,14.880896827606328,73.79480082833204,55.35949888887484
54.373869068411835,1005.3376735415173,10.432193468877772,74.12376971371934,64.73324299954652
79.9887945030615,1028.9953272330845,11.995760854116465,60.70579925056904,56.71125687464058
93.04331735118848,985.1954334190598,10.824204787372537,29.146702409733706,58.231621536677004
65.7698370977765,1034.3881641675648,24.790776305250123,92.51548183905436,53.94122942798567
34.462812044990365,1032.1988166504982,13.564171653673423,55.18799421186391,65.57896312830067
41.50380920241585,984.3050964401432,15.710829967340645,79.04923562483306,54.40134580109118
35.89156615179246,1031.3377326247255,29.47342071141224,21.430826216183164,60.32254426664607
39.74856220765864,999.9722924642704,1.7993781657454933,34.40407886147278,67.02084483720458
44.51323594808291,1026.4590041891724,14.638729193722464,87.45795163873424,62.36252917807105
64.41070294025508,1003.0110835742299,23.221851208383484,5.010702993996841,56.79811619540229
67.03933035710662,1004.2470311986384,4.534858745646796,51.23153112566621,53.78184718479417
54.11997977934889,1014.8833700037649,18.345947838443216,48.170547984400905,57.542413755561654
69.23366238566683,1022.596258060179,7.183943386034003,75.12301889080821,60.743365749828726
26.525994048909276,981.8584033021536,26.022123396737026,28.18937705993324,56.7830692375073
27.023058964652797,1012.6235797539924,9.812989962002378,21.906682185959948,63.714942603689636
33.746356828612676,990.2703146753554,9.871884507027286,92.61328387732337,60.13958098393296
61.44619984322758,999.0272234824762,17.945816355536806,57.17096519584648,56.3361138999786
37.119574295865085,999.1382766385369,5.506887243597261,10.46895682836545,68.96675600865284
42.662752279406185,1005.7983187121635,8.546659167091832,19.303616221432108,61.465385535751345
52.025026893839524,998.3775026531895,12.498955503582344,99.88260595142484,55.041062937536076
84.94928992083038,985.9048615147867,10.60913589420331,19.560899625219243,61.06220123610784
21.10897087302881,988.0095806188998,15.746316540167472,61.047551135367875,58.95496578702003
71.95030561892979,981.8390892058603,17.98920432206899,42.01280789956181,60.05342890184356
73.51012248325483,1005.8636996930815,17.000023612504936,88.55990948498354,49.670979995644046
83.89246242853092,1032.4946232169143,19.625049359757966,75.51685922953277,55.31644921822766
94.62023512482506,986.3621373006464,9.232485498234608,59.69513962618158,52.058842148009546
21.611027915943186,1032.0445471151695,3.7927868146508414,1.0738981797982494,68.57129436625178
32.30269644105729,1020.3348833102651,22.824226242932312,87.97952074934597,56.732875504113466
90.89370352447945,1015.062434161379,25.523411478920462,44.466747083871624,53.66503676588039
56.68148497496123,1015.490276542796,7.710186966672968,93.15776530185765,57.716658364946326
65.16725111467707,1025.4700206617956,12.212758684740592,49.553901285420125,62.581619619581545
73.0421762978518,985.8805925408901,14.957076508906658,69.42244891827255,58.49305239907401
74.325328359651,1007.7614877961048,15.999805282588092,6.929264946664215,56.05827574556283
94.53923226532066,1018.3400126043417,19.784705132629554,74.51516535267858,46.87651871827286
99.75595339293358,1012.275124479046,1.2480970006596404,33.79960313119229,53.597238148698985
77.61259687447522,1025.8028489062813,21.64431248202051,35.135901433178084,53.470685901776534
42.977696736412064,983.9749439956244,1.859130209382308,11.865584470938995,69.8109575018017
90.38019218354749,1017.9885571724541,14.048657030186035,14.685714864020227,59.15657786469812
23.93767316326093,1009.3715251711594,24.830134067075825,18.575905620621015,62.4555213471713
38.4864682299597,1000.8538475188969,13.536459398351887,32.82061685714224,63.218111696234075
91.79085739709718,998.7151240228717,4.472692463047433,89.19699127756054,57.138960448881406
40.495321155148396,1014.1457948025807,29.55101535017879,36.82602382300805,64.88173042838298
37.65208476973988,1029.0047456054347,26.6785638622279,72.43627065632184,58.8259874910221
31.05002345121978,1007.2896759355614,23.13940899675042,8.27475038898714,56.2094076872907
88.72894061175332,1025.3597740242305,12.345348086976312,59.10987992719926,55.78178373756613
60.00466073528693,1002.1186010014183,5.5153718066789335,48.189123127043956,63.65431651655448
73.99145624433238,985.6316954536247,28.242335442555035,97.79579469545045,49.11619889278856
39.125310726002375,983.3828155052252,15.97053379551417,84.62077698789629,59.88376515960277
80.64323368089731,982.8233904228023,25.570663811624552,45.48297724386497,53.25634255574331
80.80044359696788,1000.9082578076718,10.262850172782773,77.51427640453387,50.4454728647577
45.00784199266401,998.5480762959713,10.058649512384118,19.303874129377753,61.473059144402605
52.85461064082263,1019.4865362992414,29.566214420221172,56.23363273917781,54.99756907026628
36.77522219441607,1020.8551825871676,15.654991454845494,7.461905556870818,69.00346800077831
98.12488186583235,982.7969682858557,4.220862715822388,34.80890322516831,53.45556630962845
71.64820616467293,992.1617794588958,6.590240339841222,22.58621816221703,61.85249061522017
94.76351045724124,995.0844017587394,14.458328381781623,71.8909815325211,52.134066665479885
44.270843490330655,1010.1186591278545,1.2741273146523402,49.00906912143614,69.283454278424
82.55127303975118,987.9483373148822,13.876019561349015,75.10704788480105,52.53263448112304
81.26869151077936,987.3667670670001,12.568225262403828,51.52954376314456,49.7756718845818
75.33245214932333,1031.9083889064377,23.38008795958461,8.648444215163853,60.380181601440086
97.25111802134404,1024.2311599013779,10.648258934677253,73.53676497325267,59.250738396226
51.48442688850524,989.9360196150144,29.47646284618798,83.32292639878057,54.97697696247471
30.457385887180585,1002.361229434802,5.423097579027094,90.35312259127926,59.578832316824645
73.73670873952486,999.5592099591661,17.729600549044047,57.199194530670816,51.66768875018634
78.3447840381765,1023.5052240735974,2.690978910247639,75.3585358999495,54.62815725713734
66.00484587670518,1008.0617104062967,22.01591951981946,75.20443368826271,59.911342600876345
36.5454314506717,987.0317355346407,29.842610641859146,15.574975979894434,59.310821643364214
60.35647533354843,1020.6445634735934,24.574159132548967,16.422068745957073,57.32707577461358
44.97517892553035,1001.8288388023706,16.671106221609037,7.088550580912612,63.11670617900832
54.19732225333512,994.4608336197681,14.542240721990762,31.991363514030148,59.50324459935325
71.61748606757311,1000.6524242111396,25.05089883800541,47.350858774106456,58.93563172624226
79.61717941526676,1007.3766109983793,28.07922254132173,99.78978527542169,45.30606659723208
38.57797527210745,998.8713534029355,29.67619577394279,43.099334206816955,61.84309186025158
52.42602885175627,993.3048174925467,11.896176826934523,72.62425885073709,58.45057974649909
41.53292567933033,1001.9176115842189,29.72752424383537,69.33970262725346,59.488787880613145
35.89052910894953,981.0545100912444,4.6777875652149445,20.44819502505796,70.80115567520113
82.67097759966707,1022.4873815352972,7.606493277957275,5.850715144943641,61.38356099211631
92.74021555495939,989.4019691462172,2.670483742016886,54.60067515335874,54.68418065603436
49.61857485476614,982.414753749685,8.15215549453445,70.03055923144761,59.41185680521838
80.10231394990134,1015.9534281097793,23.038126548540333,99.8251790186256,49.59293205726545
91.75962314915289,1022.566487085302,25.58773074535349,35.861105228117076,47.90199553923522
87.68993684241852,1024.7606022376065,23.366779353077153,89.63645620810968,54.48176334957864
34.625071083138074,1007.143005046333,18.931973345030887,38.19324558691864,63.04086160831497
96.50335052106891,991.2952501579492,15.418995375679367,68.94117084305128,47.31696736164052
50.134115234357,1020.5475222487405,21.261128676409395,59.825293051705195,51.99790803096208
47.13925289390691,1018.4842192434885,11.725006478016654,5.297879330259692,58.33060117093751
24.994506182222427,993.5448903756745,25.239250544991055,7.83884269702585,66.36714094574629
58.89389232839064,1029.6874265724537,20.315702819303564,2.0764089724460977,60.2514420857967
28.721089251274297,985.7404301945556,20.934140954832255,37.083408459398946,60.556543900315724
39.88318567419408,1034.047853177523,16.07807979387214,74.58010487660107,61.857970730992164
45.35540974138251,1027.3136296037605,26.556869526335177,17.275539399072272,59.71982872112814
84.70610587933473,1017.8344255013492,7.560442010371574,60.58529683838958,57.910100136650236
90.03909203167171,1031.6312438553907,11.434429600831521,28.882778003107788,57.87594850213851
44.19730539691757,1019.7271142578039,23.329277090330674,79.6992623979072,56.69883974691157
88.69584969956591,990.4751348366525,14.782466883880131,79.8396149002991,46.513590808462794
88.57847498958328,1004.3185875962047,26.676420402725725,77.54145149664235,46.554356965681286
81.17207603078988,983.93266633824,10.39197959288557,52.48335138013768,57.19243833703931
31.735609121214523,1001.4311582258464,11.079905064589342,28.456671007985168,63.20432956947338
75.22582775205832,1020.7881660855464,26.66207368159876,80.94440438786346,55.02269037653781
95.6019251664455,1001.2543843011949,13.93110960546123,18.61005619392415,62.77750867218193
74.60323830137256,998.1661796507474,15.483737526074602,28.975960202865604,59.516306145600076
46.52934792862672,1012.7445647380672,9.982911460070381,18.39477061606216,69.04156656002158
60.0463453944665,1027.9712490949391,8.300098265372458,67.42101603876478,61.805374020071504
71.65800346808429,982.6170755900362,19.678461325151762,68.6236028115818,51.54369287915775
60.84563269828028,1001.2008739084854,3.595219846236116,65.25099927867531,60.402760142166585
29.596235338477584,988.7032407998395,26.378179235487277,41.56014668646678,66.2293006257251
44.96512357216165,1018.2444837902528,23.376094102953235,10.017100720143324,60.76895800455374
84.1916824442906,985.8148508237124,5.722447911174084,91.11695845150211,49.965891115756996
88.91344368764139,1016.5644267219135,20.82059837473696,50.77309640122382,49.65597994060237
30.98400261724562,995.7399478938848,18.078987638569046,40.69721949110915,61.75388490273691
96.19094019189797,990.9404247555474,5.536051522099323,58.88248932482932,51.10394766899684
46.30580942788875,1031.4993906803743,8.196105181506974,19.27904358191058,70.74481271341378
72.9850990984576,981.0188517210275,12.26959511201503,13.254877910487439,59.814269797003575
80.1460116765345,1004.0777499539263,20.977282057364217,40.552522145794356,57.56786488995379
84.95569877103067,981.1894845853986,19.16170226451018,22.722069409991054,54.00003727709542
95.65997617807442,1006.5976176457381,15.967045430300939,24.429029453716456,51.548232971977455
45.03356384230581,1007.557605778693,23.052316293421026,89.25114877785293,51.71591684291853
88.68051636412436,997.691435926711,22.738132188184977,53.07591771858249,48.95099829138258
30.53495227489656,987.2688977638763,18.535774621867677,48.34690643233511,62.451393381346975
76.40327250828742,1000.7013145753962,23.609702501544756,68.94795937285974,53.708948126861614
79.35821836111887,1016.9744616962911,10.027901243376276,95.15481136767396,55.465473712601884
74.21785929610564,1023.0317694754452,26.43748584967817,11.219856447056408,52.81561385507234
40.18517889081224,1009.1912831313479,18.44730257405822,83.35345671092573,58.05854475354867
89.84345176121627,1012.4408916941866,24.670905414372918,58.40191798678459,48.10305261837185
33.5086770696316,991.0339004118559,16.38837314370852,14.616535381183727,65.55303624236126
24.290783321666467,995.8031683275207,6.553147349660411,29.714931868899164,68.61025901441617
77.39719924895297,988.9042585528797,16.272303860349258,48.23614164647395,51.5031040168877
58.0380572186187,993.7112442502536,11.133349913297643,69.1177144577423,60.63407537386259
87.92784159669408,992.3687729124042,20.924971081112837,24.260701695345222,61.34994459567096
50.671771284660714,1008.5696832515181,14.273813752042074,53.487881546758985,62.399044888364365
33.462287080617024,1010.9478815684902,25.083384147830632,68.46716274158618,58.18185102570917
86.91537539758957,1031.9721081451828,20.3421753696575,44.87407508475062,53.61647105734522
63.91277053120574,990.7563855905838,20.53633299093972,86.30259611201758,52.377856962228634
35.13566339122839,1015.2921640588822,6.514660004731949,86.94591028404044,59.47479768943378
77.63071988691566,1024.9492597943138,29.52749299473871,47.069121764044574,53.96315403888311
60.88909107916004,1010.8132805080679,25.25025627814466,97.29257104088997,48.78781003217844
68.34503857922559,994.0252008875592,23.670146536820837,7.558509240544731,52.317941515376056
56.871867056526554,994.4402626511,9.906456754800823,0.3362378322936621,64.40212227772199
86.29671870544051,982.158917918905,16.068949585416956,38.0668263803919,54.342964601482
86.36501725464399,996.7994324601665,4.113095642229859,60.10970613725093,54.366664259360945
76.7511057459509,1020.9532023451859,16.15427929988118,62.920015744966086,51.40520127951611
28.43211019171698,982.6134766463911,4.376677394498618,47.64457362938286,66.00321937886491
87.1083089523255,992.0612405377657,16.591135319688036,12.488331324064617,53.49882782710327
73.68103844263278,1018.842787419248,19.46165640464717,17.049752178789422,58.05532840231406
75.76193328034395,1023.0458359552582,11.70587901749707,85.21479838520092,60.10880538334772
49.03862723230973,1005.042512553406,14.956346349938798,86.79111317392612,59.11710008461715
90.34236449256053,1018.3940886163257,26.269601630237577,67.38985378607202,46.1184221731787
78.0297280187886,1001.3373692760191,3.2568943410842808,66.42179722788823,53.396513491683436
29.007237322335556,988.795228476327,23.751986789989587,59.76821280278075,59.936727097214174
52.622242752493015,1001.8982221437599,5.1226365298858925,20.292588570198824,60.152564208612006
90.91042895681133,1011.8982301111729,1.1012394841388518,42.82507002599032,52.13287294410842
23.775736135790318,1032.142930501909,5.567238082351434,69.58946514633787,67.3575061013031
96.91332957136396,983.7813023648772,22.95129569911469,53.72522720033387,50.74121782104772
74.33300546556502,1007.9066751614728,12.1537822001058,1.858033405509918,62.33102295799431
70.51007821147013,998.0905878015899,26.17561550538546,95.35568067200984,50.96385899568964
41.64474051903931,1007.9571431852182,15.741226235467975,84.48160525721434,58.181807535091494
39.90334309913416,981.3186496057092,0.6675105577899287,26.054501410973785,64.02944112400289
95.36465755908763,997.216394508587,21.501408288057803,61.64589351662961,51.82533849139934
43.86179633872982,1025.0927481139852,3.306987261636981,92.32393837281877,65.80142905373064
82.04042373751994,1010.4667953620051,23.68138900385773,9.601101211365137,54.92048588364821
51.44974385656633,1004.7820371048865,5.0430764941554,50.30294807967006,59.126594305173164
31.14032566277632,995.7038789443437,10.363391574165403,45.62430258462945,60.51095594981187
20.857223815628714,996.3923387535245,22.83814288876081,41.02050052835323,60.13574351333707
63.540586961220065,1001.0705788474821,28.62694072429265,83.5588608892925,52.278086630927945
98.06230548391461,1025.9563890480508,11.14301851940197,38.06461466974574,49.07910324524401
49.53089550473636,1033.1967263744548,24.882006605968073,6.36633332410076,63.48593768514465
48.575386719443586,1004.1260459742706,5.7237679642751615,6.58377421643025,67.85282893355955
47.527329427955365,1001.6344061311269,24.215393106074732,4.274460652460899,56.14623662250757
61.64350698438867,1026.5602926700924,19.72482177768753,40.914542187403725,55.67397553089841
55.253190673943486,1003.4797926349967,5.7823052163710535,71.84062776983599,59.897429518164934
90.39317013816115,1010.3609994762608,9.075118810542348,20.372246193051545,57.52649586933335
60.44166333787922,992.7017915529309,3.9531266579110804,64.64685204315495,61.040704738310964
60.62062705508551,1020.8926394678491,11.4890103319294,68.70884721037042,57.950240696090056
31.069727577644528,1009.259357504893,6.109459233698322,25.520212401559796,70.93524194332457
98.61916327283087,1024.4969002632188,19.319938608914207,60.05576560606293,50.58904742175948
39.99783126950638,1022.9403001515768,29.83515312661676,68.48683400268473,54.031103353608884
25.86912539676821,991.8252622548516,0.3602748925279242,46.66136228021257,63.779338376344576
73.05169991801671,1019.3599552806769,16.227594398618958,33.67165972800951,60.272417373474156
67.6293096125498,1024.0029924373255,17.20999792647029,61.915155157432736,56.64887478726911
53.211652319419656,999.0358982430317,27.426263690424356,97.7847087328057,54.20149316275336
53.77537871045425,989.4935012096252,15.180160043008126,42.684140936897805,61.143029453800565
82.8051136837145,980.1447685568774,16.311042589347522,39.17350962851211,48.51383271380855
35.65701120797193,1004.7997009201232,14.149584039851659,46.426690242611336,59.17165732316698
85.62026551559117,999.3838002346363,8.067129136844443,7.621839344504822,56.44390762876382
71.89976911160144,1010.5200408603974,1.6808739974674103,55.316327967139,57.342118965462426
53.517581902361954,990.3422600923832,12.259730466295084,32.869738721726364,59.63047542429957
56.64228932670949,1027.2816051216562,1.577744137220356,12.142212233126248,69.2265565767562
40.531776574887665,994.176536859546,16.514774083977535,46.62567411173734,64.42399459536702
80.16914661575798,992.4536282798208,9.218809297268795,0.33839865739774266,59.462326431311126
61.029979384421424,1006.4392731066396,16.008072045762834,40.17852451627589,58.13293145988535
45.668363419987486,1007.4368063059351,4.0289089318556,10.57352679264505,64.47780719069192
67.68400926087602,991.8296875831801,27.97889897218079,2.429270339978029,57.599082835667986
99.65875616410584,994.9523399699253,26.835637306498047,82.4475046244502,47.15213312580242
54.820982372524306,989.3337881535384,5.699895276068535,91.62488032826349,60.014666589991464
93.65531206228957,1019.5153098077742,10.303328498820296,20.767464835910665,59.890402449337266
47.60134719396529,1022.3548967189745,18.404783155559386,53.929826383426125,52.93205773689309
24.37861655399887,1005.4280673602606,2.870586219177188,27.79581571309849,68.16138355655704
36.33936850947431,1019.2747862476759,10.637034633484525,49.35774386721822,67.86450809840761
53.49561146621474,1020.4764465565595,7.5333686045701835,43.663132089416024,61.1039786421196
37.57079428756552,987.6051540222795,27.4655018615009,26.905105508048564,63.26752856682711
20.01816305746044,1033.1397913658996,25.575319088676157,70.03935796352977,60.40653338673192
93.20012301980218,1025.1567570903037,17.394982238005912,12.649095932025423,57.1903489989042
87.51035289847432,991.2465903657703,15.610390106147225,5.307278217136712,53.78545881875447
79.38337851895577,990.2390769660338,27.921773836361915,76.76754330372792,46.282463704709734
33.42516765168229,986.9113630068771,27.97283348936446,66.59300312206798,59.318505467205235
29.629086096798886,987.6108209398055,29.07990376054981,49.85261241463979,61.44733983036574
25.40837995779065,1021.1488989465782,3.7613665232456297,46.77897704725416,67.43132588820427
77.9223351018337,1005.8309841323393,4.8167343228951065,49.74113794914262,54.678841755448154
94.30463685503082,1023.0613795006927,20.302100960396597,43.70240760986729,53.336455472706206
54.44286567304296,1021.0440191892613,16.243034298295346,39.289229583117915,64.24313885741358
29.531253759683853,1013.2536992427872,0.5539771467970789,49.969060288612035,72.19304020612596
60.991425658568524,1017.7501633618274,1.859251079685581,52.851517115976044,60.918234749510596
47.90655259669041,981.0095648408528,26.642411467764155,69.1902314083621,49.87897477374718
49.985993947999816,997.1477705742763,26.066123866181588,71.12071607340226,57.70291427701783
69.70644993245658,1015.0802198592676,10.718127659881354,37.762908014014464,58.61878745904571
77.49744906097618,980.5139724417435,26.73151850791604,41.354052274348874,55.433859654279516
28.848287909852868,981.8137319025426,17.810252231937053,37.3697169736223,63.34638234880259
22.84721846451811,1026.853839035871,24.177169410567057,53.653577362571035,59.660159932824136
99.54642421485718,1017.6213673930639,12.822932134806429,45.33535379141953,54.11506280845696
38.618267913244146,994.5953353216189,3.4019498203472622,88.95964631361936,64.94882916686475
24.306441992676724,1017.837956206529,13.011811879380486,69.63612669164726,62.796246877281014
35.1900263276736,1023.5851168026595,13.718993939906937,89.86563837544456,56.94148567760691
23.116627707877136,996.8736855710556,16.52832581521809,70.91369915594255,56.83634337459076
51.34487156937374,981.9820557624553,3.16748138713284,97.09921485238141,55.70124989952447
84.19214275610594,1031.3028518578253,29.74205589148834,63.57367782552691,49.87147567666994
47.29955598061765,998.9848911062596,7.324104624207191,96.35501381630547,60.785032393553294
55.53467255026932,985.8564969806589,5.956572106112787,15.816989040942609,59.98700904344749
74.0469418853951,1007.0521279266231,15.804087565678097,5.247768082940385,64.46545615338981
60.71152560559042,1022.2657287615274,16.11624538184666,57.91251852038592,54.11038085000642
88.91565488170593,992.1906023039658,13.194622134997328,98.34932057997749,57.17813295742572
89.28285400366052,994.821952757335,23.156764389757633,41.76052473023968,57.44697260414915
20.79285563929229,993.3493242739221,15.49963202185808,21.20433621929596,66.46728847021882
82.24370451865593,1034.5420179057423,18.290863654349526,52.154144919351396,50.35699692698704
56.85868801933391,990.8572053551799,21.712391562233567,64.87986245788886,55.32072593817035
99.10724330429305,1011.6536119331369,0.7507530469159984,31.517869551588895,56.7304172818659
58.65856607003481,1030.889555291133,17.119325476351342,71.47693584992595,53.61594939490542
98.95167563106381,988.0793112882778,26.525834136851078,97.51145070457258,46.1210753980353
80.36554889645893,1033.3969808827235,0.5216622877630173,89.69631217106169,54.50399696564747
39.88839076906451,1032.1112478917594,12.155463114028834,29.158537351219525,62.78492499255719
63.07159834295661,1028.6514592882045,27.786823506174898,32.67236831445983,56.51378737466711
99.37085115828663,991.8006086731501,10.594632068476134,37.15412244495886,52.420682374350164
88.6024486201539,1014.8730280806041,13.761864726007225,39.455277839364534,61.9421352728802
27.789351503297688,1021.8490310128682,29.44624179132938,10.031949919327943,61.93429817464284
76.50975974479968,1034.2315360508037,5.979715768517214,76.19628388892893,58.624808861252006
47.646366869665044,989.9233102144754,1.9576556737501782,36.533926361070044,64.4744168274372
20.55858095042785,1022.1314244735613,25.78267772583913,87.98199767054523,60.3754912670515
52.27847752215997,998.6340643459912,26.053960236371054,92.69406231201087,54.46184111229481
38.7803537379977,989.6594556062402,14.162335040400396,2.443130930768811,67.67737538880671
85.50954164163772,1003.175731766762,15.426215234318587,98.85030699282062,51.335357883275464
46.98644870766124,1023.6609751681739,25.07419108853508,71.00227315001845,57.624429461101485
86.20189551630537,1005.5667392037228,22.156784943473856,52.03922259929623,52.76548240229536
20.047835106783623,1009.5637705111677,7.95447006651032,38.952760837255326,66.85528361380123
44.62553200208953,1034.7337675610067,0.5068006521455537,51.85181326097129,62.68528203323071
39.293217144620954,1001.9510114756584,14.391004876006372,32.462472397844444,62.80670374424344
38.68538888548888,1013.8470415090082,25.767369782869242,62.268781369654825,59.0515304980439
25.454929581237018,1000.0884310888455,26.875040300704864,9.298027644479124,64.9291891893521
34.96994163284014,1001.6032105480788,28.686785912284616,62.11226029118102,58.2188141946022
64.44396559084959,1018.2602414394975,26.386897128383435,27.53448501384441,56.56546669540345
43.30888582701956,1031.5837836852186,17.40130665894295,1.7634829052346368,65.10437346661362
53.391582586331836,1009.8297422770777,13.338167977083026,55.270576616287755,57.96732472590718
50.14935042777508,1022.2619960921829,23.24549539602297,57.84477558526964,58.86879335671344
90.07239399999156,984.9063607349331,22.194649030967895,42.656900471153605,51.260796350221966
92.42391992084124,991.613692058756,16.14430290244363,7.228623255031685,56.728276922803026
59.436557732468806,1007.6172402505742,2.6198211767540736,89.33429528041916,61.58991616367824
46.41247602524835,981.1006447995826,27.782440403607563,61.14308072278889,53.31702110054379
28.544056320189092,993.9070238319407,13.668076125049865,11.571329956896959,67.92203322016648
96.2722303505676,1008.4570709403731,10.90001345748793,51.09305765941477,54.18463084756075
24.818155592023796,980.8228659040965,18.88702185506315,49.725431594847144,67.87398210474899
43.81202220546243,994.5500457424323,20.215138835009306,6.040186879292698,62.02429785439166
43.84529609360033,1008.2716950711729,6.320637510909043,60.685970360294746,64.40453013170922
45.632102891217194,1011.5232086389685,25.108165344298683,80.83263989215645,55.9185207396969
33.142947461792744,1030.9163431180418,8.698112809871336,74.90080542484782,58.93370544405661
82.65291447389578,1015.4940092787834,5.600517777429501,20.296941416418335,58.63587115583869
29.79982895727914,1002.8104691391496,12.191995585634922,86.22925295542115,63.33751860541688
70.79253273225302,1031.1693147423186,21.916802426923958,34.25421656593509,56.11027136602418
29.907682136465397,1023.1685640863287,28.963745353194103,94.65083782919413,49.96681793383045
25.642851007436526,991.0004906612011,24.278437931142996,7.174796422571372,64.05578972796758
92.75436029487012,987.196329874185,28.21045133010575,48.62086885198427,46.35540791619868
35.21030130549646,1017.1696399658504,4.218174122295803,59.712437717754916,64.96915505260537
85.70001236477634,1010.7935741067341,2.1353039659103032,24.765009847460473,64.71515557447256
63.57046968857087,1023.4320487586016,16.731142857200137,77.13801887202277,58.3562562054053
26.228521568701566,1020.6342777543277,8.708924491321032,62.689567981071704,69.3086637997718
96.4358553150454,1014.3866343621634,24.841649189078186,1.8109437287955554,53.07026321732306
39.7568933593514,1034.251019439589,20.159636142069782,60.836859069623586,60.07015001168694
88.77162762820852,1009.3474351560725,29.12184491957383,49.14782344184464,47.71255756634726
33.50480046276513,986.2208166075945,7.6437706719391265,19.602920170350767,63.89180597815587
88.31543057134823,1025.5550460648794,14.573523430656971,99.57482270595295,48.38486608589393
21.05830503242352,993.851934929014,15.037214322760597,89.71621948276149,56.73856159535009
60.942436525558456,1022.7516181479155,7.175303845721286,29.250769502906348,66.73238160141405
81.55540635372455,1032.6408902800028,17.70280198464023,54.10709207986163,49.04217591051318
94.78364139942266,1018.3237532680388,13.298579582377187,31.650213991029077,59.76915862034521
92.73617089651896,1012.781658852239,13.401646679696208,77.54957516360781,55.784639811359746
85.56998956381159,1005.3212396621273,10.882099439174509,93.0331433196455,53.713552852985075
91.05530797290433,1000.0425426297472,0.5078805727660518,35.88286069143835,55.002284706465446
35.937574866966116,999.415261303451,15.662857107443669,80.55842491436275,54.47906061775356
42.7347436569383,1015.0004988140274,10.057435071009934,49.840754271320485,61.04297825077154
43.11748199368468,1021.320021431576,0.039596069529890254,39.65785613115773,68.07801241935503
50.16431448013591,1017.3184388216428,9.23831122985796,93.84218520987699,58.360328668912686
51.4656536308151,990.9125555656459,8.35884999269271,51.040468871903144,57.613205684793876
63.56442597237404,1007.169294907892,11.803444596709074,46.74105002574649,62.50657710319206
32.79038106931531,1023.5402039700684,3.9555596893019085,67.2434401962343,69.70783584492582
75.29973310287915,1006.1637243003981,15.230514739052532,26.123420101828444,57.37428922163086
33.40532314436052,1009.5142803854521,20.7732105755439,32.479287078831575,62.90613784436354
44.8246785683638,1022.4124826493952,18.905567071637172,93.20458362386226,52.46349301201448
60.26761044849232,1016.36959184458,24.11264842707572,67.85298454369423,53.91508108791777
83.71524492187818,1002.5139706485315,13.560248639612434,82.66371477710057,54.07143267959136
79.15753865909818,1029.247699115682,15.572751910191847,27.111176193542963,59.2987647135045
71.64274851284178,988.9411887764913,24.312058225769498,54.379018992987206,51.85989565062291
32.461860846413614,1034.753404672468,12.831035124577156,97.13962669894983,59.71919761744705
63.76362764924622,986.536891816193,21.047980496987908,31.87038990282176,55.743672999154406
26.995720143990837,980.8222484107331,13.038071061539755,16.047647631704187,64.80480819775427
50.189054143732065,1028.9510395631821,12.532085835346878,51.088600822466404,62.679278343887816
53.08132242319673,993.4724429601276,22.80616873587481,38.78210887248762,52.06997720505051
23.184915155660306,1020.1334795095696,5.245107463986335,15.957723278671354,69.51665863431968
41.91904795759775,1024.6058456212638,10.157579158247207,88.8551382703368,61.09849738689922
96.45195738131915,1027.2442515067664,6.725168302407053,99.07239105537778,50.303439036117574
96.29060862637516,1034.537682961529,10.773298289027913,56.858218068999776,53.25793487483328
48.18616434020314,996.1721840521999,6.911244670980721,77.4676768373454,58.34255407387837
23.448008715865925,1019.0633838059993,17.38216893259964,85.90383695462995,59.5903349347283
34.327595146254524,986.3469922054455,23.945124078535358,70.09820060218269,57.72825468202231
51.37742347468321,1002.3745110246267,23.598391836537054,4.415604911173121,61.52252884179582
95.82237583753839,1026.6384431321924,10.935028936463773,15.76342317168178,51.39580731310506
31.295925082974794,1000.2211925332509,29.662812176827853,7.098919115138647,64.28948347988263
81.08126749345698,1012.5102459294587,17.815630941174025,0.987960664205656,57.935278471688974
28.694603149975364,1007.7075394048549,11.982009053348843,30.599640875723654,71.35952709670839
98.50060619130215,1015.5273342111625,25.066178377242764,39.235596048155976,47.865664544891885
50.5293199287308,1033.5091914163231,21.896220379279224,24.10297323359257,58.756733187573104
82.01876311192449,983.0654539575771,22.478260104723134,6.460464808632094,55.27467454489328
47.407286624890546,1011.5678834625896,5.884180492016148,52.98630908366776,63.88134884413066
70.2135101727047,1027.4665828587656,14.049729221056653,27.331931995714164,54.015347941409125
35.36128677920294,1006.4760491461635,25.854843924738084,79.60371548635624,54.63554057252477
31.681681543757,984.3189952267865,15.121140228862718,0.8052621625281198,67.5497620290115
95.0451311654505,1010.8296643829224,20.50358230263151,84.25270512876104,46.46593307524293
93.41178223235468,998.2640639953102,17.638011991027938,95.47536789459569,52.98134192476325
90.99751521703058,988.5217981935865,25.270703631551463,71.61350631535696,47.482837435525234
70.03467601332747,1026.696898230591,8.53682519284808,73.36440652625666,54.86119610288627
84.66145689730226,1008.6879732145117,17.264258336590945,93.35623116027332,52.69447009038409
25.52295495290999,1031.3302026808487,3.6970400402941195,20.907128530034914,74.65078673229448
46.78312335125433,1024.3309077531687,20.706323300984035,99.45655682085767,57.071851212755675
45.096249980572495,1018.1134486575517,21.95903515058136,77.34812033785418,61.06378023221228
70.85162575620906,980.2764026850922,1.2851196356699524,72.65707083277937,62.47937269034338
48.47662187765124,1003.5302901151038,20.27372890883955,36.109057899529276,57.14698542400149
31.880542531494463,990.8617454908617,12.440704624973591,54.57774854056105,65.19116640260079
67.7173660330835,1030.0938851076878,3.7229062832904702,65.3917788273347,55.31367009442496
85.15071365352652,989.6021191571998,12.597226430954029,62.03428613172159,54.97413581534193
50.56987955679786,995.7333028412608,5.826987890867451,70.49846384775807,59.93327242804879
30.581497207878535,1008.4260222253974,12.466785963699497,8.238173907841063,70.70291651340814
35.73505578502584,994.4849990448944,11.530170838755831,35.56484328316968,67.20816596065389
38.99866441355072,991.5425572503517,22.151749108081724,43.40000165954771,61.51131526980041
43.9918074395629,1012.9504628806513,23.226466744990763,26.062929787496646,61.92288002849265
71.42360564050473,984.8911237515263,18.2108596315364,17.262727026922377,59.2734770641133
68.07563876301752,983.1992267296508,0.6806052654734263,13.892747991286281,63.02036471319179
75.68638892536313,1000.473491235234,27.93066837212982,36.63833922565851,53.56865985619604
49.00015876252105,1019.6365449979324,20.586998402893432,49.34417005625659,63.66888929707258
85.91981215039826,1010.5143717050671,1.025863497635665,6.297644014666071,66.46099510909528
36.32701289246082,1003.2582057656729,24.564986976423533,94.64580945905496,55.5433872028209
57.52325980145231,1011.116336032352,6.007984641539884,76.52433228607583,59.90513093683742
84.07509772331443,1000.0998316559301,17.376635687133202,73.08517731854666,52.44672117479133
34.41269181860954,1031.4880484487662,13.999031098505615,17.286052498872696,61.37988086481142
28.789049099262634,983.0197690000925,12.595163470652299,60.3800768012189,61.0139296505177
90.69471741503918,1017.0365313466409,26.691411603731925,52.972494680866745,55.965713769351744
47.43437302073567,1029.0205465655263,13.12083874687844,98.24688457866938,55.656377831402104
74.70960999272256,1024.213658980439,2.2603235271945223,74.76717700801579,64.55928020477319
22.02788834111508,990.1222569151796,28.399161816448576,57.57618837162312,63.11120043036608
75.20375107275598,996.2759491939158,27.616056937188826,85.08126664701223,51.064454192423675
45.28810492375764,1019.4376366288908,20.532980687447964,15.509427086070948,64.29282024577358
24.45926828699534,984.6348807549421,14.036775843960749,1.5216529690977199,64.3339586996253
68.78502092384936,1024.652393490792,2.785784188305638,69.02333334145231,58.654343629987586
39.26430528585386,1019.5398819532635,23.722443557324286,9.831146023723747,67.49904424498878
50.9445793641504,1020.1283657079439,2.2643374327208687,11.54336399835092,64.8303062281263
26.446464982921086,985.5132753647175,2.0580295468543697,74.46807264245305,67.16500333988712
31.773060087595624,1019.4768299648927,16.121515273181043,27.05348441339891,60.68733604577801
43.8381788396675,1017.3899968870984,4.803847205539206,62.86312155688929,59.29538628617283
27.180760044812573,1025.7007369952019,0.23190802021046952,91.74069260927484,70.25783705605052
92.86610117490522,982.2877775941058,12.693402929873587,31.647453163785833,54.62093750323621
20.48376345471827,981.2710867657286,4.116516948301978,21.714415783991882,66.79649679164355
58.708817509144914,1000.5153904933209,4.815462458420737,10.656288374105172,68.2461467898244
29.859796650604117,988.1833556117034,2.3073191620600397,13.046236141972612,72.1653007098952
44.61432715823588,1010.7111462663622,6.152812611708298,6.222269537884273,69.46257575673302
94.08476478546123,1030.454189582871,21.464525393231682,8.764237882974014,54.32848872831351
32.93556426191895,1001.5313851683709,24.26781921653374,43.20045888091539,59.7371765250273
97.26658557746661,1026.4722707499932,13.576009320879018,32.08650450239697,56.44286677414241
36.46355015915374,980.0132480984827,15.19661447644253,70.6560814322998,61.36255529281335
79.32528867734636,989.2683053902551,0.9796510378260781,87.02416582470019,53.93964216652011
63.73418119178494,981.6732946809747,2.079487841139506,78.47732031423843,58.42095835490939
90.75829820774074,998.0480949283287,7.7270317694855075,53.06372566656522,55.93349697266767
64.31946044025048,1029.9504277633077,16.316952621394424,10.244211623265343,65.51163222841068
62.7647375325047,985.3323667979444,22.18653446204979,70.97672839415536,56.03720964180255
35.63664002947199,1013.352537720909,18.15009184014099,36.28287247268736,58.22804781205946
33.2983489641327,1004.8322766515694,11.763835649603648,8.565039391541019,65.93148573226252
93.31913208924114,1031.6157516801197,3.549722190094146,84.24664072126257,51.85324833864383
46.227055908002725,986.7385528395401,23.423197046615684,33.82165171825056,60.67821459010224
49.766580397031674,991.6615317776226,10.913581547971713,21.824883251157136,65.4965482159798
80.78589267427107,981.6248082736321,22.08162043448369,87.14520646188431,49.95975476106369
47.105878593824585,1003.8664387297256,15.389365257430255,90.2133868447005,56.219982406298186
96.16499573112021,995.280809476056,22.159861606854758,33.89708371915599,52.34226029923599
79.03422151990402,1027.8448263639677,27.218686843577157,35.48014192813734,55.242334581861094
67.7943394058736,1013.2717447258765,27.63088548161406,57.96285275831441,51.89667033193464
90.4716128435802,1013.7749905886636,16.053203400018102,73.34414938106582,48.44329159421162
23.968472667958622,1009.2550883284716,15.345250942969162,6.314920190686346,61.2830091542818
40.565015375136696,985.051768547606,7.970353965085117,59.334365718847174,65.37952708207133
57.2029067376728,1004.4760276048945,28.07399494587874,95.28200617835816,53.44664459371142
38.158283157721684,1034.9727854339685,13.737575015988627,26.209389717995368,66.23155704629622
79.51241498417215,1025.9376109965308,3.827737178621314,90.88272140969337,59.67868684866347
93.53664248429801,1029.1402479791914,12.981147438796498,95.01683407630937,47.52207593164184
53.90160959447387,1025.2774497585574,3.8115975071401187,26.915364097108974,59.61283541905243
47.37060800895159,985.667293138704,15.075950527712251,75.42018658853506,58.67119371475182
96.9240585710053,992.509653973564,16.838265445686364,23.877500831956,54.92182507164399
55.58819462620327,980.1716908246025,10.13267284480756,73.76111617321327,52.2406605049764
59.123872035942654,996.6930568682961,2.1495184269445398,79.74199712888259,60.160965278715125
48.13198978735243,985.9734071290571,28.305106068997173,24.720570371064944,56.96454681292622
92.76387784097108,1006.0036339915871,23.20059340450289,71.5869543583235,47.37719480451348
65.51643866254807,1017.2420118715646,25.16643241515363,81.21045388640898,52.07349913593201
80.97396697453158,1028.0977912270941,11.006051828586882,35.857887210691175,51.033086956146605
84.9445374680709,1021.2069440799994,22.824930900583517,16.770277598972694,54.284619539749826
47.34792335338065,1031.6222077678178,14.561186855075828,9.196456731751358,62.67380284694394
54.6955465056304,982.9644059716584,6.0325046521813785,57.53817036099419,61.67437181190531
87.87774195250117,980.6698909479098,3.7327013072163986,97.80981193157132,51.81248365417876
49.06042813406482,1016.3735962609917,10.351526079661706,82.29503200222162,61.04100217127343
83.5148106761481,995.9143825622235,4.1265633442541905,43.58396389345528,50.14237771931671
95.27938580595497,993.9425558858176,29.94806928612206,53.66209028549586,46.16851515245612
69.85682984544056,998.1987898231587,1.4756697069606617,27.952788541181896,63.512277760789864
79.33018299615111,994.8387831840801,13.234307981072297,16.306586736006356,57.354326052072494
84.4077849632908,1008.1290023465873,13.562805671711525,48.208115823227324,57.95302326450691
87.60317191173141,1004.2081645973273,9.018957857450266,46.35015661671852,50.65129007526566
51.604267028543674,1008.1835703257161,17.14054697120836,52.19299528037602,61.31945891258334
24.101076734079854,1016.999248632524,4.499310724546341,95.28045855639408,61.40012641618575
52.15010169893916,1001.2921779934131,23.51737141761701,60.389530014477224,54.3100753561852
73.90049838272718,993.8219227928187,9.973431547429149,60.577183662237374,59.301410715249744
56.028030862463424,989.141029524481,17.740277693959253,12.802476286107678,64.18787241510081
79.91705206883188,999.2210765742944,21.46917708200878,99.64888661768204,52.74617914099209
48.55859435749311,1020.7993561385395,26.671263530704834,77.28449442346685,61.813535430508864
70.77953128832236,1021.6187700561309,25.073623093566002,87.72033440940048,55.76219940818334
34.913584388317965,1016.6797962676316,18.24927084310679,41.430041183099405,60.16712343583602
79.94955493159655,992.8715496418781,11.651795411516607,50.21280957856249,56.21736951117845
63.655677505042064,1012.3447435220083,15.096140102248919,52.20838091622765,56.91413889080879
36.325151083728045,1011.3879313867267,23.062043801364077,19.409453928960517,68.7757469080992
43.35289387982458,1006.6346408960349,26.326366276784192,68.94891563269572,59.97955659815214
79.88869668654658,1010.2488442511126,3.113457845300156,90.29767236174567,54.85783060665746
58.60809885292166,1007.0484847943018,11.545687874791605,16.370581813841902,64.92838544328757
37.28251523144578,1011.100100134076,23.283497952405018,8.63182734861645,59.643610645716294
97.38169522962382,1019.3528275041621,12.94955287781883,73.82189055403423,52.77450456488189
77.21000158535104,986.0295506921892,9.966832921988516,27.320183167298207,55.36859142819467
96.57078660318369,1021.2294163681963,12.339680904698088,62.386254161732936,48.221961503254924
54.168403628827456,987.4737382570177,18.085342403590523,69.57583379921807,58.639895393711015
58.00802725533764,983.6645399125706,29.994154324014044,32.19107635818218,58.297326104106745
91.83641729480154,1033.6843827421808,14.789772873135954,81.51445974257844,53.7249506264127
62.003947219630774,1032.6345472878743,6.254834248627816,54.99889821142169,60.49226826780017
76.58231295245338,983.324009971731,4.885397258372842,86.89994079518027,50.87319291325437
40.173830199642396,1004.3789392811229,1.2704924242924287,76.32935525589475,59.24107090260211
55.738117496211245,990.2434716064876,16.764517047549646,86.85756320374539,52.20144698242437
29.87598926482841,1006.693969342393,16.337162744665026,2.016138211789409,65.83975876568728
36.478402870156934,1025.6597483649773,6.157017803409275,24.350626073859473,70.29586116812922
20.075473221410487,1032.283647610859,20.85988219357701,9.000794044593864,70.526203482497
23.14120413189282,1014.8838959398346,22.233211248890424,44.20830171893492,58.08350546923344
98.18270585415435,999.4648116966499,7.772946161463338,88.99601216153182,49.10856906630362
39.388295610940986,1013.1829061104529,10.322992920892096,46.75402622668692,61.137518515703476
73.06485676032015,997.1600718359648,29.7141501704177,84.97130445803941,42.10568307463925
87.12797590396892,1030.0403002457633,11.227934035522026,32.717823801931786,59.40636905204987
64.05283673892514,1027.872025470821,22.824050152683053,33.95700728052524,57.345902914425714
32.251560006716495,1010.7027462653814,13.581762798898199,89.55617303268775,59.69101369737528
78.24931498689331,997.8639403459198,23.80034483582928,42.58171465117015,57.858150159878775
68.02011280796664,996.1364321570638,23.070697163479437,78.97654877946664,52.821569211713445
78.50004714779001,981.8379897087783,20.03268075595607,23.664354788190135,54.30500254924035
81.57972982856697,1024.8701468063912,25.64335038886738,94.88008296776354,51.472835026347504
98.03282941477961,1004.7710767171454,28.176554846330554,57.45782465305711,52.02176951236835
65.8850624021368,997.8823110620145,17.39949961356252,75.93235685784019,55.49747232828989
47.331289015248146,1005.9110695248764,7.124067216682372,8.95156997948855,67.7071758222726
71.87716455201897,1025.0305894750059,11.95886884932225,49.26642258305287,57.85191492799394
25.475256739410092,986.8537814239137,22.749171405398798,90.10384977340232,57.51168867374416
91.7917854657269,1027.1710793533005,19.526504553716084,87.70386290433045,50.75920231439402
29.550480907055743,1029.3629859309594,5.333950156957462,4.681395723422755,67.77458525276884
46.22742703086546,1032.0689353268638,1.5371862343927412,30.369846912894673,64.83057420370618
85.25963045008967,1001.8618395832445,20.488847806261948,44.33200064790801,57.75039593787363
67.78499026645694,991.942722222072,7.53237072088036,17.226481435578822,67.27261744143492
