humidity,pressure,wind_speed,cloud_cover,temperature
62.046677024453025,983.2899583825839,8.250969341061692,96.91482565592469,54.825547542061116
46.03536776368273,991.2160187600375,10.103890702427194,34.64022512680025,64.01618731140321
89.82195677159362,984.3718471527993,27.43252035932423,62.02840233040517,49.28939973214681
52.223685736962096,1007.9496624879306,19.048739449859404,38.01264126433137,60.654352995628535
49.973045457938106,1014.213499703724,0.5086241227936106,1.1833027704200139,68.2956805547815
71.30966811502151,1000.9245460744721,9.822210312238722,9.163849476705611,61.49814045328494
93.62653261593348,1009.1584826515724,17.956296895025073,23.231633186193225,54.680281212951215
60.64143349765633,984.6989191690633,4.440195667098558,81.21681867134421,58.65031449940569
77.81525308435444,1022.3477132586684,2.948732992427716,44.206485152594134,60.69271453715483
56.55064199168067,981.8030126092345,1.7815459725945548,58.862366427539634,60.370292872333025
37.504612080547005,1014.8934070961193,18.91739216254745,94.3856572602534,57.33755807091198
29.916186100670565,1003.8340597927693,9.617922771825455,14.70237116975518,66.51530537089002
30.906114919950333,990.109206054632,11.21035967293422,86.18193696255506,60.92534767078238
21.706057268841263,1008.7680728898114,1.8012111382531693,37.92360079629707,68.79969938283203
64.23218216704882,1022.952152593214,22.140564737532976,33.74800023629234,58.278407711865974
30.488478349920356,1002.7437328068872,23.002703617565846,62.55282909356904,59.49317511817036
89.25586727528754,1000.2239964082274,24.8830666612778,89.86385505538821,49.3769419368647
98.63180197344096,987.8353212495549,19.54990039684849,34.853591242389705,50.85175451936395
59.66949814248602,1012.701679209568,23.198657186930436,76.14082411877006,55.29242243759464
55.97391567601062,1025.5407542693724,17.316792326043856,1.9242084525597947,63.92794783969782
47.84579803257383,1010.873785265395,14.749111819376633,62.3101612367986,59.33205005035325
71.04215564074825,989.0798159211464,7.7943762298777965,63.055866949391024,55.753922116522496
68.64216736117737,1016.3675306625482,1.6013258831925115,55.6060520273184,60.815570789056544
47.470569674180325,981.6577970589602,8.75465899884978,93.78226242614252,58.4116722800892
47.45333213892025,1026.092967158073,20.508786395715617,93.85912799711235,57.70737355676769
71.58430666532797,1030.6822350941568,27.80504760030129,34.20608768072933,56.32758187905105
64.36369457843014,1012.8370069422546,7.6864117840119315,45.63642523156438,59.79542549303193
77.48443421906946,1028.4979000437638,20.09547441038737,79.2375550378639,53.70902222881557
95.31138796033284,984.64780685037,14.347339399819747,84.39114008682628,50.15150227524416
82.36732487997338,992.5589471774492,18.826452538820597,41.79688048369085,54.554380303413645
44.34765664269662,997.4493350345296,0.04865528711323286,34.90265929433144,64.73373945604273
80.72979470805419,1022.5241689031982,3.6795935129501145,82.06165297611285,56.785439878316254
56.001962184977,1006.633191476876,6.510633714724959,37.68694883953222,62.59834199907832
82.21251125501544,999.1591104048939,26.803535813918376,40.52321926026241,54.63387761300378
90.92570164403801,988.693833453809,1.2158295982644007,13.553043110555073,59.59069989534766
39.99514793039218,1024.5853646877888,17.08901588043232,54.29491375419353,62.7245918450221
39.09160092239652,981.1287881312878,27.859179504978396,32.6448065451616,59.918076852016284
54.60999266193163,998.5498756049627,19.562097536138506,59.06067294228793,57.175071550620856
24.12270989184134,993.352658291719,14.532123670296619,44.820906746415645,64.88675282616347
74.85487514215254,987.0955690629984,11.57975338569205,74.81364627635777,53.74885230074423
79.97608636586888,989.4622823731723,18.72585545470672,27.77728722071735,55.52469211481712
47.63440042415127,1007.1588380874852,14.411554517051405,17.199955880727693,62.733685252687906
57.22282024773807,1003.4331072126738,21.16235828588804,70.2959760774412,55.51360692429341
67.2285269700183,1008.5103061658215,18.533237409921643,38.412720288018285,55.94637642528062
25.887827681240037,1020.0191203625047,17.02226035451875,56.36035750358989,64.59270042096412
76.90380270923673,1029.0780820028504,28.70431134075688,94.1068735901135,49.67931999379189
62.136133659923594,986.5154139571189,25.070757786375353,48.40936949781862,55.6293175184426
69.94098257781779,984.5472822036597,18.26573822605206,15.239212924667667,58.30143378874713
77.90644646807065,997.619506025256,16.159506851142265,42.670351319046716,55.54800651816851
74.04469926185244,1010.0465632727512,21.71831238119233,47.853097583229484,54.015615893906556
27.625727094850554,985.4938042712255,24.117466229119632,76.59784108779331,57.38745426844637
82.60736608926356,1019.3784481332615,8.85711259608075,19.51882554966371,59.41971185744487
68.8037265466989,1010.5851819862722,20.008415487462646,34.6901767343339,56.945817259027585
77.19046736056403,1021.1653717517954,4.054633221844986,5.0028319564352275,62.075132010251046
40.92013800096707,999.6852591335912,12.913539719417088,70.19779314082054,59.45550709222731
37.71417753474061,1002.0603112541635,28.15309555997348,74.39323438996529,56.8044796394334
86.0873822288629,1024.4164361112648,9.788980685273946,45.71913688027571,57.66028444900355
51.231134792228815,994.6855201090918,4.6270502653886645,53.826865866432584,60.70666061802385
66.02773779240626,1000.9779310327266,4.38437572182302,74.98138382317276,57.33627702116109
64.12763778929734,980.7421150656448,11.811857103607096,26.830143047393705,59.68318198323549
66.8133457962415,1010.5426425179343,6.755289463769703,60.696528589041165,58.72439250185636
25.560514197319534,1026.830509009131,12.807624119568118,96.39193476849505,61.03288458552886
44.19789164932685,981.5340207794123,21.566571116583077,65.79678184122032,57.71421075660736
25.31844315891341,1013.758433669131,26.644792960001105,7.811013672136391,64.61434207879013
58.41287802149233,1026.4996693035564,3.3049959433387857,29.026006939623926,62.85120234274184
92.16789443255912,1007.1662536572491,23.052247482925985,51.9126605763323,50.90579785124368
51.13409466514233,997.2161902590426,3.104408536295634,7.26707666846258,64.53219833897836
82.59598031445124,1034.8121097281376,11.383028168920209,67.65698118812816,55.60142353942594
42.97970871480241,983.5657174078189,29.896442167720558,65.4212199272917,54.12537091237598
88.50126176294445,991.5732913887546,2.060332126653366,87.63236906269641,52.45318471033045
53.560248709957136,1028.688453803303,0.6864309968569482,49.999278815421,62.29775408234395
48.417393252071776,996.3518778764167,10.009460003126444,69.21385497664846,61.139514560367765
75.79836836302367,1025.0915663668015,28.533624874279322,18.201820865306008,54.952062297829805
61.0205825804626,998.3260711678,0.6011518363114476,0.28696926893532204,65.35418387593481
46.98560357881458,1024.6589525511758,6.681345396807519,17.22539943602561,65.93773252798091
24.64737835819813,1017.7150820523927,18.09487173969609,6.221459830701659,67.08529710198164
33.331145905327986,1005.7687340198631,7.012600332055627,42.771802485928355,65.55289692510495
81.78589737012692,1008.7619929930319,1.614228414439538,46.83033372636122,58.891805018807304
93.65853660496056,989.7712751549271,1.5733411249459839,64.44726975097004,54.630073820769695
33.50706278202623,986.3736171738352,16.77478030340789,14.077186642191064,64.28480971182947
65.55529772065645,1019.4318534679516,16.856817289979567,21.471609749618914,60.179590992976
22.733895515140283,1026.6715249669019,21.194214512478233,79.83261625576152,61.012180725981004
43.267476579982294,1019.7083942678692,3.9522339478709068,57.652249477918815,64.21068858276914
55.90303672163613,1030.2075588241546,14.995550788227055,2.9363593684488487,63.33846066739595
78.87022938390476,1028.954312780713,18.02847504462582,84.84046723239204,52.872644568287136
23.52862827758548,1022.8003003222758,6.671275751124799,62.98055982244036,64.6157987371757
82.49845208022529,1029.3969806042744,16.42028015290589,18.663910643648553,58.00698173428363
36.21182114442553,989.1972982094012,21.247150258392292,25.206574125692182,61.29728621802167
80.76254168359367,1020.2248587053908,29.725218874919616,55.35474138252427,52.67921628704888
70.03766494287838,1021.4522131914119,17.89268114942636,56.08011815260024,55.222893927893075
47.16606695394418,988.468711632343,25.835723907747695,80.5188663940378,54.183216749399676
77.90011846329392,1030.0270799582295,25.010182484357248,35.85826381733387,54.97552030858323
38.905806705113804,980.4831879132009,28.208006929329294,54.930314655252545,57.4736751469502
37.57823672127033,1003.9032747953162,21.69166790965675,58.253797849822455,58.415072670341004
24.93958065396127,981.1813477301778,6.393012401733006,55.867641772666275,64.44162915460039
51.44617390592807,1008.7846815196563,8.94273382980464,7.290584537773248,64.87845366472418
27.816530488214582,1002.6685884563251,23.540548907837753,41.12528744338819,62.49804659258061
53.56007242877165,1014.2684065413546,15.624682414687053,33.888412128928756,60.23556642466979
20.784286086164858,1022.1544264937302,7.5392594086979585,99.27777182392671,61.895576047727296
32.406667772622214,1022.2716375993277,19.700110192549758,46.568856348764356,62.759367959257936
94.58975525537598,1019.7221880187786,27.19607704151141,43.522787569054614,50.20373001855241
83.64494529363296,985.6032592977571,10.730695762910083,48.36875664225595,54.90702283995951
38.89308725884359,1002.9591189379469,17.887345919923305,91.92825819693627,57.26740912770033
77.46336056570789,1024.8772773935875,17.445015926445034,61.14538546344244,55.615297678887984
73.47854328603493,1015.9865099816196,3.8092401040023005,38.914338748805264,59.318816406258144
34.15404912350442,1017.4565347710251,2.707349673269425,91.25773965506846,62.36080748560097
49.68468216085994,992.4809317605268,26.68280308767683,92.98429415670627,53.157924889355684
93.09645940493095,997.8782923517455,28.006106743590045,26.43127338652622,51.14580890815564
79.09743065645202,1032.569616598451,27.127253644508375,39.339609215398376,54.22309307365297
80.82793570451939,1026.5808891492072,11.899643833230943,96.64586700483476,53.943704092878214
65.11088269877033,989.0706955191228,8.62860275200507,54.104868886221944,57.90499479330273
73.24318389880848,1009.9581189042125,28.26516832213491,43.17450776906499,53.60043486481887
60.69907810146444,1006.9778997030451,26.48407105422131,19.54045352755338,58.698487639973315
79.27150426689869,1004.401292256551,24.594520222830997,38.44388397446181,53.88669668152098
78.61821163373565,1005.8837464255693,10.02555003577681,63.12347247209462,56.95702522759203
22.486655005779753,1015.3588680429883,19.162278338420723,3.8701147390475588,65.83046795866186
70.54195141118109,1033.1932179282344,22.512608272666533,8.330628677966,59.23312495137965
70.38509309793444,1028.142893659344,17.284628889618148,0.5376405023760356,61.824816056676895
25.38559724797053,1028.131952198199,18.0601299989843,21.892733452358048,65.47551428092677
52.83050121389144,1018.685720318856,22.700633486393013,18.29927988660186,60.49625083202001
91.90312988898638,980.9673198838847,23.0048394477983,85.08076809625169,48.90619878376308
96.27510597626514,1004.2253293116306,7.198459961825807,18.52380226118042,56.82647852122423
82.57687581705747,1008.1119429345955,11.720241575567682,66.11810258636206,55.10451550656868
32.117695117668,1026.3370217764116,23.435532649162234,11.835913400537624,65.02739217188989
49.97759654304438,1030.7563133630147,7.843425234334264,59.35597702689782,62.08558717906944
34.60426793736715,1004.8350236633997,27.467818979433467,43.56201517038281,59.682854944652945
72.17089089284921,996.5252798382187,25.166798248500662,40.86681157269886,53.65440041678887
81.851556105014,998.5545086373269,26.863686178137307,85.65618926846153,49.68086013732673
90.70125748996814,1011.8264240705181,8.918997563963737,16.771946679903515,57.29289531373249
88.85187803746963,995.1234576256355,3.15351031216633,59.521815827277756,56.24002448966031
27.93679421287287,1030.0906299124408,3.0177189112646827,82.18640558900577,64.26904265762722
30.053920558323426,1003.0258589497147,16.677226192174754,71.38968224944412,60.416670527037894
92.77374503536551,1034.4535292656346,9.16771322123126,98.3345821144994,52.1423687459208
87.50275455343461,986.0233386036801,7.905650505082945,0.2105876469276069,59.721858348251466
56.83025320395519,990.3333578850114,6.672161819089376,88.43593145170206,58.59543530984135
54.40416734217226,1008.1374877107218,16.862928314633006,61.34513562538228,58.130599138168556
64.22397399064961,1027.7567955284633,16.442856952333244,0.24845306541273482,61.770061544605134
67.73086799052984,999.467421045806,12.669380384753046,46.54938213735075,56.776127574769994
40.33732483474438,1026.0607330842925,4.1532010570211675,76.7437377139007,63.74198775686175
52.29934107818019,1003.3998922562981,27.86384420517854,18.254669511078415,59.005058975126346
69.57543713111343,1026.9145619267665,12.838078867740899,67.84771815123953,56.817638942530074
36.50139088552898,995.2587286706373,3.709268848352645,13.966842033211668,67.33728822719833
99.90665901065688,1005.9540461207217,1.1123681746513137,80.34524387896455,54.159782152660185
42.63515618336299,995.3302223818915,4.577798951731882,56.84633683212377,62.39772162834795
64.19322224175998,991.8372939029441,8.913786952927094,3.38866526654793,62.012158104733516
64.33276749859657,1003.1630146163691,18.90280568465369,9.087570749193663,58.97594961080042
56.11881827112831,998.408871372292,29.12807010993719,86.38650496690433,51.46221840327617
39.32347653417154,1023.2930825985854,8.162030280177602,3.300141705578441,67.45287701565283
65.22824578684155,1021.1201206346209,23.694128154943783,29.854259889425972,58.608434830875034
27.281153228008854,999.7204371743322,27.341590138918868,56.691188757509536,59.11916511275108
50.9540890668427,1034.575067865381,11.747177251574424,21.343978037563883,64.30404982574838
37.9401756012803,1033.561079818422,7.5982078177433,22.42321657352231,67.85762271236085
29.934221917515707,1030.4808412722791,14.732006986774065,77.60340116507591,62.1432374650236
94.0386344704926,1012.25793961492,26.90136294621928,29.099458431204905,53.91018833506681
75.99543319546186,1002.6770908011681,0.32945604418404995,3.8582949476325012,63.370941468872196
33.506310587290656,997.2162621863322,14.598944308263142,72.11218000062736,60.31840867242767
95.9516688479613,980.826763791409,22.727857857154085,95.43659583748519,46.2180797022665
37.279368651820604,1014.7493702504219,18.033912874775584,83.1933976609196,60.42797958890817
38.849061103779086,1010.423905044969,14.920181505135247,54.856202947506496,62.44661502810803
30.66163004360492,1014.6429333560252,16.608396042601083,42.488375304087576,62.26780865881463
78.22825083451863,1011.6775201839743,18.57694973903515,92.51651708878457,53.37537507795744
65.67003461079167,987.5743767814122,20.462254632762704,76.62254383182044,53.80548707372215
24.660090593189654,1018.2458664546692,10.685567590887459,57.06572412350033,64.89740776408031
22.023995953197037,999.8239676096168,15.521236408133142,87.9822318913478,61.185092295076075
62.612759022058455,1008.3962158232558,8.207106404387176,60.171236347777146,58.31142899246221
72.12249535381495,1000.1109575554851,29.5197015742422,97.35046676021065,49.17561663510738
85.82988932126933,981.2099928622612,5.618642015322522,85.82904782951024,52.855973533214325
58.261833932443146,1028.2104601722863,4.519716782124763,55.044523069550586,61.56737730239848
74.12243830072457,988.1803393811853,8.064668272247873,92.28362096151493,54.77708411118132
78.69245287656712,1012.019518452452,27.601627515230874,34.2438953684085,53.82541962318375
69.04421543824847,1028.5722057487221,19.76568174254314,70.09270213570987,55.31713121753397
48.17730018939411,992.1731087292997,13.677825770503505,17.127560280475663,62.932859712331755
30.551638642211447,1002.660810294588,27.761862227093516,89.53649150583347,57.17518701605924
71.80308356236014,1000.775259004587,27.004415775080705,24.805014988861895,56.53946248979315
81.49570654499198,984.9071264236395,12.04777517805853,94.90325116266806,51.57958371780409
35.186169492316935,1003.2934498938318,16.90922889369577,1.6991457347478534,65.18795423126453
59.589337526518506,1006.3713167372863,27.16121945875729,68.18368967363999,55.59448834966542
51.779630782956346,981.4628532648015,9.581959871841478,15.005616970155632,60.831373370917035
36.456246042025306,1006.8479066569452,12.226116941908233,77.0811472185411,61.27636961509486
39.62505198894695,985.1606570148099,23.79043784564568,49.19059302935537,58.46456929090397
39.01393186621409,1029.0854462646,20.95916536069874,90.96502525641687,58.250738798953606
53.51447635946919,1015.7586761408178,1.4595117599004792,71.50692097144771,61.55041096384998
51.23695346654192,983.1034812922189,3.521293096138928,76.82659886484969,60.6373323499876
64.33429857814178,1025.487365993988,25.387916344146298,12.04793691801893,59.39383521103179
27.456855189010867,999.8879697169293,0.8921621299770188,9.656121033732056,68.74470150493687
66.50002687234095,992.4089426564726,27.597876166708144,85.05577051866997,49.8446496311617
21.74768706318499,993.9656668868099,8.152582570061174,22.577384358251994,67.48010076788997
40.59001026722568,1012.8745223050754,17.95137547197356,86.69418260791785,58.48920616985204
60.17104111835656,984.4854114058409,16.93742652876517,14.253813747764422,61.02486489625198
74.95490427077257,983.2309824941806,11.887612684732972,30.845128065380955,57.110962100733175
81.70124988916777,1014.5132175616498,0.9431077082765837,92.87387292602213,53.89054777853538
22.844905301310447,1034.0050208171756,5.774137823863036,83.9717833081473,65.11705270469506
62.99895103735952,1006.588562785925,18.449204575007812,5.424264390551503,60.80134746332356
48.354927401809945,1002.7305829863028,13.391183181272465,44.80975102851637,61.03799187512965
75.59271362306092,1032.0958736510265,12.415111380567698,90.98678421436107,53.68124134885224
42.70238096893073,993.2544819599266,2.931087023689458,1.4757842125113996,68.42822234561568
79.49789037019603,993.2297568224205,10.413822757385374,10.731948676815573,58.68944527407983
68.17895262693273,1029.7813862183366,15.792916561778057,64.51958850455534,57.10105907586091
83.17379069740804,1015.5812148779429,2.330782048272341,10.498348290230975,61.9451705214902
98.75151664570632,982.9581083613209,2.000872578659054,44.88382511404103,55.854578847193146
92.68687817313335,1017.0687574356244,14.746601496566234,50.78227819168705,53.43480162607931
67.46321558769739,1025.101734769108,16.837565215225837,86.02540635070385,54.05447227747268
91.50097419263797,995.067432475808,7.729245138768136,95.73908202870169,52.16856047474428
32.247185028384344,1001.0591080854834,9.772990408969227,51.22309479474788,64.10629922634298
23.442812553755886,990.8722139840531,23.906112736159137,51.036032170498224,61.32711003722428
62.65065999228915,1014.8340448215014,26.077080719973956,72.67953384895708,54.762735200023734
97.94958209110885,1016.5307178056775,9.756860599809643,19.250661664810853,57.26288126521851
76.77891579535259,983.7694707279885,10.671436928491865,94.08585406397818,52.34318040276389
44.4113922866905,1017.2737558005505,24.909796718428645,0.11989244531699361,63.20659232529761
73.5017082245688,1016.2150021283339,29.215035042333277,0.17938700722879286,57.665609466080284
23.192617048376132,981.9323952132661,9.617795858911377,62.566636180334726,63.76906740942652
57.64956965283879,1010.545354187418,23.661797136604108,34.14846922807683,57.420600612520985
38.98045467306632,1013.7666138472116,14.390771066243708,39.81152402980567,62.137728398600224
23.935852124978496,1003.658561145001,7.911841369344374,22.14371758573336,68.51063466135449
39.992830456494836,1029.5724446577506,20.453555896691917,40.780239741526046,61.68944445971131
77.79683450622146,998.0603125668416,13.876511305068043,82.79831434226898,51.60533629894323
64.09510258134085,983.6948104601015,8.044873184970209,69.92494481902861,56.03122567873018
21.874791862996403,1016.951914723386,3.2168893168242074,9.465375584306713,69.78058488052086
52.77902025231968,1013.2871138788826,26.00863241444658,5.6679838647157865,61.51289450378515
80.17368836268734,1034.3982180820628,26.360034102858723,50.619279747685816,53.671622915922676
96.3683754850681,992.7219554536944,2.2488526774137685,73.0160963366371,53.87840525582275
89.94860566872275,1001.7521912527595,19.901861118247318,66.44890690964182,51.00381920032823
20.1215800983978,1005.3648888328357,4.877322918448477,86.41146937065861,63.21709359504601
37.49615976214563,1027.3829337952582,19.389602405088024,13.3264617858727,65.16521387566523
36.61895073935085,1002.8012395451005,27.228515806811068,60.575263687778005,58.48791884600796
53.0475704022194,1022.4681578488733,7.806440706664758,76.60145473300027,59.2982584274722
71.66036516338727,988.6318499586691,10.437876983303893,93.78407880301229,54.80566889285554
32.245524870501015,1002.538141655987,23.853898775348195,10.088303738469417,64.09010113548158
93.2542955204365,988.5237596573782,22.06121378229975,23.964185072178623,52.43729980939063
82.16935318571508,1032.232337571756,12.259658533662423,35.45914321628617,57.83239752842917
53.546554986211454,989.776651739715,25.456442378328383,54.07504250520415,55.57460088222917
66.71947810193535,1003.049000345274,27.617564334938937,40.86121944063839,55.19066436833937
63.34416042259518,984.5243397627992,13.579309154027525,86.11172840151745,53.45267707468488
66.57840445416616,1030.6760937098945,1.1835480781168506,95.0526937882045,57.77614376902652
88.80922029996547,1014.310032208969,15.28319934141383,7.007865627221266,58.505107161481455
36.009571156053866,1032.9350944419575,22.190473786135204,69.96806323076503,58.501417052769554
74.69711749406824,982.3249399371977,6.601072274331975,11.427331874880942,60.3657782476672
28.562624010998896,989.6238179924807,2.9829096181974957,89.79551539368731,61.39017561172405
56.733117983123506,1000.90268546555,8.556439306710493,14.209854344521023,63.9808039806524
70.8671095158804,1014.1747945877604,0.34760666029089116,99.15112085490017,57.19258000754496
21.000132891742744,998.123472018961,21.464151890026585,42.775021193431094,61.812717244293594
28.645301120587447,1019.1530711219115,4.382050971679341,38.1936882650754,66.48438217971862
27.301341553981786,989.0821250784917,21.709470662761458,58.628048435974655,60.36160392681193
49.975408608091584,1013.0350107218015,7.036439777608601,39.435643649234365,61.26551340349477
69.76071655027582,1001.8881397739367,29.761863263480713,23.46936066790313,54.41329809850341
99.67720243725088,1007.9532538284186,15.95386146200256,62.91438441942256,50.685755918740526
40.32631082733734,1011.3298183588986,1.2401656800455896,72.83635985600678,64.29516660531411
30.87676251932716,983.2942734143223,23.18036632489939,94.5321605202606,55.88125737142467
53.1810118710095,1030.8213343702275,12.302707353914911,40.91186075790619,62.434579105943456
31.67803461347651,1023.2350509333194,18.21963864844822,70.57729355302871,60.59825261985453
21.9635634078743,1004.3350683806848,28.536396685138406,83.36035165419347,58.67157468055893
65.11672471906527,1010.1108224135081,15.518093155364339,83.1383815868042,53.86456036791922
90.36580105807262,981.7894581665007,24.131290952303655,3.427013857978678,53.831105748747845
88.86800840965526,1007.3871033429419,9.083784518726434,35.570232003218635,56.76126398546274
28.06308582548599,1003.4473767701476,21.43563130328203,1.3418359166276095,65.60444708365782
31.79815322383096,1000.5966896805477,2.97969013083628,55.907992072563204,65.29561213783904
59.289679452669894,1024.8443673500703,26.80047164887094,86.5090426100416,53.63364619600339
49.417321611075295,990.0058405987668,5.992422220767974,81.49180335383379,59.574947806579196
76.24596342145517,989.6970637243704,9.057886041759874,81.12495727063342,54.387240060543654
59.59528001695345,1008.6922804353785,28.746356440092658,35.1835997837486,56.54635914700017
21.60945429498537,1017.7929105867465,4.656407768459888,4.632965482070961,70.12499664556144
42.765134262354614,981.2342291229766,7.632292784458659,17.241772165373558,63.25273338695219
92.11934965534363,1010.0212269634733,17.405378945883907,67.06913590081747,50.971784503935794
60.920706149945644,996.4284520800801,29.420819975408484,13.384279446704427,55.943478706239645
83.83590013625272,1021.6284834911552,20.742584236977667,12.532836775372736,57.28103152586261
52.18368794215418,1005.7879548837136,3.425702250302425,35.36752391127253,64.46941132160929
74.15709182769912,1025.874139578174,22.443514569010144,9.453482792954105,57.78595275102939
33.52025737895674,1001.8336786536163,12.786463936089879,32.978414214512554,65.0172242586031
78.92266137773467,1025.4899251825864,29.769868225816886,96.96926537247809,49.3426235820888
82.92648371334525,1019.4078896317797,18.86151180392993,1.995110878476447,58.019357187150106
27.211220729275638,1025.5541562734788,15.958676852779268,83.05428072183649,61.02696001189128
34.664859444263485,1024.6831254769168,16.717954691335407,99.36216630143716,59.55151847011795
57.031141887160224,1006.7500430165827,19.24685432368726,43.640527411765575,56.553388654414526
70.99493891261052,1000.2450274465341,21.95487833037192,94.30553687430489,52.21653334812331
70.99930676598746,1022.0829662484045,2.3496550567816588,26.114486847736284,63.273666368666355
73.45623844605676,999.8838242230617,3.920085594287299,98.22973012492159,54.667135907171975
77.15321975997597,984.9168113712332,9.014331765613791,86.15513109431835,53.6034123242264
60.461331017669906,1027.2364556073785,14.33862974316028,88.46975700428652,57.65944608605185
65.98843914010929,1001.8459030273709,9.332021923044598,13.039835881478368,60.75147045852923
20.672490704663797,987.2932172919687,6.415143871911434,87.00624178454376,62.680937405273305
33.3280564273789,1015.5562246979473,27.750891251498693,94.18229906707293,56.66852047509808
59.88512336759341,1028.9375286307218,0.9780160297318008,81.90479790999954,60.54560985242631
79.64744464562848,1027.3531036551556,28.160945119898415,9.136402324708747,56.41750340672177
84.71399200187192,1010.494575139912,27.217269433996623,8.477663240547429,56.683568349340405
78.31549536644415,984.8439114359512,20.513452497206355,35.760599362658496,53.77067534846975
58.91221786281677,1018.313169502229,0.9760374578905617,70.492566730886,60.161593983214686
42.50220382774938,1013.485578508447,6.7606668474861955,1.2452828167165864,65.363873356074
55.57729281932086,991.5581586416579,29.37301871026492,95.0645746196961,50.514379630757865
20.743591847204375,1029.5297140976854,27.178510952613507,52.544926611343335,61.53936400943076
67.83675648894602,984.7667255479654,28.93715882973008,35.837244268355995,54.369775557447106
25.965352328796918,1000.5171042205125,29.883694794717663,56.12289291905449,59.93292713664283
31.63120758989697,985.1993179219661,1.9166239888477876,71.57861966738137,62.68670876609057
70.07812963618103,1030.1569671145594,17.12587609427314,27.327908773252318,59.11271832861
21.067893787659948,981.9461271010209,25.024128336607703,29.11236472278631,63.64938070774051
65.88442666355445,1003.4170627253178,9.59126897353157,46.81768499123523,58.96078919734354
71.07040698562238,1027.397827767055,13.066761667608075,66.99307265601878,57.224176628904836
83.0620010813503,993.8260286506223,8.512159459664455,70.63703349217948,55.411438008247366
25.442442237081792,985.7756748808987,1.142164073981905,32.40566394236403,66.99275793032622
20.23453307172148,986.9852382369937,2.1814002711505873,32.24915594482006,67.41227278964995
81.34863151438857,1002.2714301815582,0.6432530887639054,48.71087461730789,60.127706230049455
43.2043103359327,1003.5720022611213,15.817333468083426,54.192170059942214,60.835897320968165
90.97641772188643,1019.4942315547778,18.552692496541027,64.94141349392717,51.238240974360615
34.79748752998113,993.0860765235661,9.231050475209875,61.77096816998916,61.40905127514787
66.84046042789953,1018.6011823776963,24.78445611425893,37.251788400668985,56.38142450510883
28.75277314833184,1034.9436788478913,26.64040053903091,29.688679026649854,64.16455417939702
52.215211872352654,1027.5337980112208,4.192449157029287,30.79211911312806,65.5429750711697
90.56515159751443,1014.9565887383777,1.557733882258332,64.5401057703474,57.31450046714282
68.66780067283511,1031.6951875579205,9.581418390859849,43.31475543813502,59.75796237255746
75.16936286131894,1034.5110044851426,21.389625973389126,13.434936229674454,58.6767067981382
38.077626432331975,1011.3650640248608,15.222716739329007,0.5923059126252683,65.25121440186422
93.82007362944248,995.049656914961,14.642699920491854,2.9677364065667455,56.49835616647058
69.87859522782583,1030.324079277894,4.572311953498183,86.7516347099061,56.749717296760195
28.47083873758585,1026.430712657319,10.543623553151422,45.782721138047165,64.79055436816823
21.24417982692701,984.6536193827137,28.766737750011103,65.74272039930776,58.167494658641026
21.273801321109048,1031.5006085980228,10.216813170555602,92.9037496128832,62.96637071752006
24.09694337726829,1000.1420910462859,17.742972376502756,12.627985407635379,66.28171907464107
92.92926898172911,997.7147249865025,1.7504669724578326,44.76158953822436,58.28368505431454
48.67029837358369,998.8798146440275,1.9156277357289597,53.90673968786479,62.57080080623575
43.858602203626134,997.6010073234559,12.72761977448576,84.15349072337763,58.881412367505774
53.32365786761342,1008.3813848731157,18.12337069364073,99.37184246216286,54.71274069894788
52.76572641578832,1011.8875546974332,11.170231299620292,71.16784866578242,59.84495751637044
39.07946205516615,1003.4099490583452,5.370407276406482,64.18341029935551,61.792959763464594
27.34624076679607,1002.6918426460277,22.078719454973662,92.03125293738945,57.695099085140406
28.690127410032105,1020.5522587044043,4.20131450794633,83.7380912950113,64.29947266064046
67.93509585817301,980.1665146052858,20.040502340563453,86.50441645445748,52.55117436322179
51.746804131181236,1032.0787553854864,28.702034648305315,0.27057246703674487,61.8039325808784
92.19643103329746,1019.2938510874908,14.116105750502943,51.44320915365168,55.42519990217766
57.09893683901395,1018.898889072088,6.013010358366168,78.27285673853216,58.03906005625962
60.27932605674788,1003.2079851414721,25.259453950619587,18.145712247569957,57.31634397581279
94.25959850370043,1033.1182751901056,15.164285904237863,75.14522916030558,52.83210571669023
60.13125915921563,980.0177777424448,27.696660455022673,0.91601516523796,58.834305648842445
60.15855820434486,984.2064775563815,21.617582261196237,57.516669112474396,55.8628205703585
49.05303842346407,1024.2235366728044,12.918288175788767,85.13281199933412,60.73774324292978
76.83294883067305,1020.6285484624095,18.52152843172317,43.13483582253463,55.48633144933024
51.37821345213275,994.9245522890403,5.098932604115292,73.9452527715971,60.19526244372412
67.06577363199125,1012.7117934070777,11.616912202468455,53.03986699108694,58.244476306809666
55.79162749824627,1009.2629068151618,17.816138209517614,64.72909784202842,57.86651500296175
62.29958887727089,1008.9913109284475,17.701255507543987,51.66679158755233,57.75671581065794
86.16218393293649,1012.755871741269,17.61646100406054,47.58367432659001,53.96101591650126
53.098641707415915,1034.655441335698,22.30608229738637,84.16265796132119,56.42212947499465
38.40622448157268,1034.3039718758823,3.169601546723917,9.274318558907947,69.14365451349872
65.62563403584019,1033.992493182923,2.20971264132194,58.465128535103105,61.38877268781081
95.00070548333045,1010.177641502087,4.440621600410914,11.48104877978019,60.03538566182405
75.45696166632145,997.4951641096284,23.77182930873521,56.280791164510156,55.1203870488434
44.669059510675595,1010.8060521139697,1.9456124035949474,96.35960426817225,59.00567957859922
97.03950654613571,1014.2478671340689,6.757064353210989,5.70978910112987,59.89901260668549
47.417352093313205,997.1290937804855,7.643280165749601,42.200680319639304,62.999665662317604
98.66032190551576,1014.8026753232806,19.41754867089188,80.19712002760802,48.929562644955325
35.35917829251708,1014.2096850446651,12.048885785462808,36.969156837030894,64.00469292613538
99.97196274724261,1029.6909276782396,5.969796702653661,52.03147674640011,56.24252564857894
26.072451992688002,993.0682000814973,13.486153673206617,11.47078068814482,66.56308787464343
77.05919053805215,1018.3685404186389,20.563540668744412,22.30732752393918,57.211194590468345
79.23532688366497,1004.7918755201774,23.581556100149147,68.64252054507757,51.370261605301906
74.36597495718347,987.1453621078643,3.716495619968226,82.85875540145933,55.1658185481708
82.20854141170165,997.3900470322358,21.44146795082008,64.64563496658862,51.25974641241913
57.74663533180604,983.1502368945866,0.1356797477307048,83.69208794785624,58.52679644886519
24.3291157260726,997.5633057518783,21.72971003706766,60.56574671741976,60.872664193949205
48.620263418759045,983.7957506002066,19.83011595952653,81.02082089353827,55.90316169263014
71.38515977601188,1030.899478074379,14.059997355474906,98.28868009369462,53.49167942790313
71.69976378407064,985.5960276173855,4.106198389086247,8.282473413794122,62.584142759310545
35.61550658506561,1024.9537748254972,22.936470116167268,47.96496301297098,60.35817613907443
40.2404165047904,1029.8369525703233,2.152592662571169,18.98926663527225,68.71524226528405
58.93585103059582,1005.7218806897158,26.867058412582043,46.52285476146202,55.25709611387452
78.28884181697757,982.9659418800853,23.20381100884683,49.9586744831855,54.39133255967401
88.22384824019649,1012.7682125884173,22.228904836372823,62.1921276205751,52.26321101894351
26.91878784327382,992.9122611066047,22.63182720609586,43.92979869831915,62.179153009048186
94.04959325377699,989.7162122019579,2.02719717624658,32.47124277622013,57.23910920896393
94.21853300367799,1011.1720139417877,29.698472532894186,4.316829539245592,54.02982770498459
20.634699367837808,999.6010317160816,25.757988597333533,3.479353370297933,64.1692643600044
60.51276605402417,1020.1708217265565,15.238002919371695,17.500835179598127,60.739507976402365
66.9715411233063,1012.5188080430821,21.582009326093402,44.898640972169304,56.22174750332843
64.29707432987527,1025.6137700546767,22.177714850331373,41.75160362579643,58.70974838375699
69.26173260225549,983.211222501851,24.89355853147095,19.06954939723017,56.99549200147271
60.26810254903517,992.920547459884,7.6612225027544065,82.23395717796923,55.39335311733126
43.50455310133407,1011.1844326214194,11.161581741581996,68.34932116618194,59.87450074047076
27.656350892857198,1028.4235527845005,23.99055906406832,34.31649815841116,63.17609759532842
36.670352847092296,1024.7387420047269,23.069516558295284,79.69675520109652,59.35094076444276
79.22040910303821,1017.3742236414596,15.678459699676496,98.92459055414965,52.1736766328106
39.28508149055808,1011.5739619456009,11.886160342346024,24.504242377830675,62.608411823024774
86.37682685021838,1014.7302580351345,29.053277127209153,36.25899058370542,51.53052408704195
52.27906936036203,991.7484263663713,12.450641719585025,99.28982521122116,56.34828534203101
53.15806839184998,1012.7356253135564,22.91957158771229,13.788257130542735,60.866039150515114
89.47989929455451,1007.1568874103178,12.379270945551543,7.718776332617172,58.259906638845955
37.14310626211159,1001.1438964570116,9.295084910824094,52.09911603079171,63.872170217117265
35.16953893598653,1028.825178439897,19.22990260100164,46.84291028176325,62.0457314382935
98.83251244222653,1025.6178648610894,24.228476250443435,7.828874697913502,55.07544979017323
63.24835522064552,984.2204612863225,29.441325231017046,29.00360230212816,56.514421323017615
35.241656324612485,1034.215119286697,4.467122754597884,41.893666325447356,66.79363389065551
33.264386403587,992.6491311634928,26.28343411906933,82.22096215636364,55.85226967309467
88.93319754608046,991.8436663038046,15.724257999999905,70.7842354153918,51.3987573986466
67.98767737099772,1031.9098935474199,3.232274330573918,91.45266384595229,57.231374489390674
29.203060342541278,1004.4641335382768,23.83135857495163,33.24999369680527,60.38745585110372
90.95264708450081,1024.2950586976538,9.946332692381963,30.93784225005004,56.73485566409789
55.51240045444967,995.8511253463158,26.047494214405287,46.31817007777869,56.79826062163409
99.14858177043132,1028.0244113830688,4.734056176411288,0.7528136907123506,60.0124677067416
42.54082621487101,1025.7767620954298,21.332750529033255,20.73200880819398,63.74529591695952
62.30537851585648,1008.5713269389141,9.02388780720692,21.14711102161071,62.16444439024985
33.84802245861046,1018.778077791901,7.720462058471114,6.109003310945504,68.96197550881412
55.1764782951991,1033.0215488554627,1.5078048974518965,45.51306897236813,62.61865829247258
34.12300392074684,1004.8624991960105,14.457260313519004,90.55202053067453,58.866670007869274
44.578486921514525,1007.1812681068649,11.745072609497177,0.40304165344867693,65.41680445970663
41.5892590255975,1019.7542063695599,1.850710711269019,62.841466671225696,63.40142777933242
42.64751458057536,1001.2534608361027,6.7992675105956195,87.93327178468235,61.13913057548904
97.5861049113065,1032.8676348574395,14.618155410844215,10.752110261991021,55.61813696011166
23.075718863054647,982.2239673437527,24.248142124969508,91.72582831278852,57.336394949290714
59.74892202987277,1002.185784268507,27.883436505872147,81.85216434647636,53.51206933164575
70.33966434114626,1019.2618086872089,15.459965188449122,21.45713449138701,60.248646843579564
72.86090995552041,1003.615934420186,12.099202139278475,90.5343575594159,53.64410375516303
80.36365505063881,994.2586735117029,28.642632784538815,80.40157862488417,48.40299842302152
80.87723265811036,1002.7399786656783,28.885871837641094,11.13890929354666,55.73823439970445
96.44023859487682,1028.4834238682586,5.712370179848768,83.05994473553174,53.183530917787984
80.45343636829676,1010.0853988897422,15.943659146295621,54.218293869937774,54.3476078836828
85.89513993385293,998.4310606055583,24.62730242814646,81.59599085012465,50.168531401928895
62.58523322020964,1016.9337641296929,24.667769907394426,61.76649968664013,55.427205899374066
72.61386750586591,1013.651478350823,20.54935849184337,39.18570084814574,56.100166603476126
58.24994534617554,1010.8245748466259,14.144067504389833,60.11404695324961,58.610524242813774
42.113363744354686,1001.513649890985,12.109694817456036,63.61807406635489,60.98277774904955
45.07064642368533,983.9710169191632,24.19236508492338,76.62061475869146,55.3775056711877
48.842619467614966,1014.1402322311925,6.771695273973385,83.0681758537759,60.02381931612083
47.25146783084347,1003.0883819876049,12.852896661565177,66.32106688780472,57.786763546018506
62.652885006952715,1003.5820248539708,17.005940938839892,98.9648209068017,53.49219692336858
39.81053802452817,992.8744239046481,24.95351760341519,77.85509388472289,55.76492807088589
61.331369082540334,993.7181000227558,11.215503784876242,91.07649988387524,54.8195524273418
93.2993048928658,1023.3103717881168,16.459672909072992,31.94943333646497,54.71890360662807
52.47710630896311,1006.3650637489876,8.374915113065645,31.622743211258975,62.362176783892416
37.81168515692235,986.0113850064206,25.10738026305831,36.233507621636804,59.35546247273028
47.748471650925595,982.5218030691351,23.566237118249973,43.97162893397191,57.86216671459235
90.15098356035116,992.3593507003363,24.602947673809744,96.14001350270543,46.74296457268229
95.33583387364038,1006.8092982183183,1.7242885341373526,7.353121934231776,60.36714393780847
90.93495145347157,1013.9487551521261,14.606944023891542,49.844357969361184,54.86711474012065
42.98780890836987,987.9023323899797,4.075284580955102,16.11605216268247,66.34030235048276
51.02764109369923,1003.862247552552,20.212813253375888,81.08933654192047,56.70810083254275
97.994705962702,983.9903700524904,9.341727870233466,3.114426801096304,56.621137488216384
45.90818485341414,982.0749238412407,23.237286989243206,45.514425716555394,57.72973455364862
31.028790767579217,1027.4841366617466,1.9550071439448335,39.47410229262515,67.99564681436722
42.56753634488547,1016.2083820800372,15.397816634548903,9.218099000079183,64.33634417846304
97.11820203519491,1022.9601581981893,3.7099547293507085,37.671895026165636,56.48263976261786
53.27003603871845,990.0032584526278,16.73697304136638,80.90304980256465,55.55124983980284
94.7105551944004,997.7186725771049,18.22054426283574,13.747465337430354,56.35498306452968
28.326577154523918,1004.4085216766662,13.864305700435708,98.35057563020331,58.998702073228664
81.28444577710141,1016.1918889625472,8.389398494264253,5.84543451302153,60.255027983615754
27.4674717824921,1009.4164072269351,0.969835760054486,28.91027731573377,68.26371771364751
35.79965797570283,1010.3301486345762,19.863423782423283,77.48991141977307,59.3237433396397
69.28817930760928,988.6318566828742,26.11325688656071,35.75212828444925,55.04197361547889
54.75825295194707,1006.1132858782855,22.00943310321224,48.03534894045873,58.25059796925138
73.33394022750664,1025.3089058435428,26.790540341462183,18.665851143025204,58.84738743903478
97.87250336373356,1008.0203468811706,27.88502709743,71.5495882156277,48.601556480299706
24.21709813787941,990.9857994949393,13.48639395799384,17.954161291048177,66.91853776776948
35.3301337563585,1002.7368454371858,20.939740988010954,84.87310970845371,60.07289204716541
71.21791380311778,1021.514474920508,11.92136247528984,53.94995452960429,58.27320335079132
91.72211601523185,987.4245830757158,27.586281300516355,54.81568289756119,49.14332979024659
83.81183280350791,1011.9254861781016,16.88918575318688,93.35115922420599,50.97256173293516
57.24659884400536,1033.0923095039198,22.573500262496214,77.29995812545661,56.75476880736837
79.637974006755,1000.9166050384355,0.435546893246721,74.31394864679241,56.035538713586995
36.64780488265145,982.4002683740808,17.266476786120524,85.80401662109294,56.06062542250496
21.098447325943344,1014.8207202210855,22.25973300365085,9.181728380510702,65.47173803483324
65.60133202603319,982.5906933436478,7.710185272141585,72.60443629471418,57.38341317864084
85.05957367941782,990.5383115396835,0.43121907866073506,23.320791310247692,60.363309334554906
54.67548315042607,982.6618501883978,22.308982967591106,28.094634072877234,58.152340996402465
65.53990163590029,989.3857837059467,10.14257460457323,1.5146137231442425,62.94298422379255
53.77449557123677,1027.021271955506,12.863688227446508,89.37210632455795,58.13562254759794
61.123031989762744,1020.4168224727209,16.8615724184808,73.91129321080172,56.79510155980168
90.74770110279334,998.8018951344876,3.307534976129741,13.928713113551328,59.384923460456136
58.25120874421786,1029.3425801851204,3.1065799768004663,32.79232033157788,64.75307277351128
20.598046917485576,1016.5850218654045,28.826413482303405,47.993286706366746,62.13187500706697
83.98789138697207,1004.6260627627896,10.166895192464104,49.391078224269016,55.87540396344593
69.41738731220047,983.7583084678636,7.665745383091775,59.565394074363645,57.90678537391431
78.43146695484765,1020.1896752680321,1.432143593689621,47.218370972853805,59.38438530383021
92.08697650725149,1000.6539369046582,5.2178615230108765,64.86453156687459,54.907386279426845
42.89713889843766,996.6555952334505,12.926852571714315,88.38707959794344,58.4492969339227
60.24559370135725,995.855015736144,10.262199703015643,39.80725552206501,59.77921446762913
68.19868394767029,980.4240074269435,12.73745241801461,87.67109193908584,53.8963920974756
47.631293159654575,1020.8454861540961,21.117291337040108,21.961021600197828,62.139353469612416
87.68537218830568,987.9920685359504,19.253684768568217,12.138132506227063,54.71645856634098
75.80529439198867,1008.6354661375342,14.794592029997634,23.940129661156007,58.50796461595065
78.6726067050441,980.8844771102322,24.444644856853532,20.65926550283169,56.44238696232305
84.64058147012742,1014.5335808358919,25.719736529088852,98.50790834495737,47.913621500397454
40.64673450492666,1000.3220791809617,17.724380223316018,38.105372644490345,62.26032384393289
79.6513431731982,1014.6911098250871,3.5271307025301333,65.14732689346843,57.46985617109001
81.90454876402404,984.9442220858864,12.18537634203454,69.60526529884028,54.44371449614855
87.3914037320827,994.648361528797,19.033904405822753,44.52086227312777,52.77832547019349
59.083026440135285,986.0668736135102,1.8855303304907478,22.35717347882472,63.32511801464477
60.33516923949988,1015.5338927855807,0.5971959663127546,43.80980134887149,64.68570097962325
27.85425760809364,985.9704422732796,28.450032304252318,47.376088630643885,59.21952113297932
88.16967670545839,1013.9406216343457,21.90193984390934,95.4007689920549,49.73136271682454
62.67905509701321,987.4079759040559,4.5932349006323925,56.86237050361089,59.872782370400074
67.55477773153747,1031.884503307081,13.353794111167305,96.98726053410515,53.42190300965671
29.715252518889805,1002.9009372572622,5.806718057255779,57.67126490246148,64.95035159451135
68.14580255250678,986.9624543766844,0.3085620430503666,14.499801560758996,62.029478913096064
23.359068007608474,982.2995747718282,11.750793897050977,38.43766382250049,65.28173309745297
93.85670133125204,998.1182404618785,19.451542091051124,79.23133259374322,49.73900382858273
89.08299776020777,1029.0262533355594,28.623864660121423,42.162226787505766,51.377546225565126
35.54539389049797,987.9098339067389,23.09504156897664,9.973384484161784,61.660590808471
67.50405328453056,1023.4957637145836,6.90414591849443,9.607616058807778,63.261370934521295
68.21592964022906,1002.9554505699027,10.086356623786376,23.70647560580953,62.45254348937797
84.27459317615782,1024.1610317906304,15.617415362792016,56.4771783655421,56.201379761971026
80.55362902018436,1028.0860241866847,5.738187452598151,83.01549770996778,56.25224454700022
99.45945724614553,1034.879965668404,24.988374714510392,53.371274883693395,51.37173885629439
48.067254170765366,983.7508612148487,5.038947385346707,74.60803866727954,60.39286439967448
29.97059614541815,1023.796569339912,8.69919134848576,64.55931035555189,63.689170465448555
65.87773759613842,983.832888606151,17.32801997786167,52.40991851430827,55.392759619624655
81.1193339253372,997.3135991478448,3.696720944005084,21.480792729199514,60.762855669790945
42.863468184451236,1015.5427740052648,18.738448242678682,88.31685396886422,56.960871713323826
38.896509348639114,1004.600863925652,28.326756065546068,27.57153971469528,61.21458778658931
84.19636762237472,1011.08912813978,20.746076111591623,25.281992995543344,54.522406040295515
80.29778333801782,1033.14056665096,24.383537750398226,25.779762450423448,55.40142442487397
36.27135741897493,1025.0261217018808,13.154831744956926,9.568544835794457,67.63868082300381
89.54164831962656,1000.0018256449439,10.959517493520854,49.86540409046294,54.61023209671474
30.778353380732728,1012.9969549139057,9.858080720242043,32.75302877095124,65.72028404150107
28.73918602174342,982.66656654204,19.813955256035428,52.19419810615609,61.38310555326088
48.08857891667989,1004.9094030427556,15.556070378838516,45.31153811392697,61.396166447704175
90.92260743669068,1013.4618094466334,14.169582552243355,51.9791805816684,54.68717399017814
75.63521349273682,1019.309442113698,3.022382769284029,29.76533518877297,61.52008407780871
51.57748660409879,1029.583450882908,20.201194621762596,81.51381130260954,57.51584855997802
32.580073876149775,995.5682028440006,21.76148755959395,53.41930009163555,60.54911742879836
77.07812101781155,1029.6193738409816,5.8859487183188,20.843466895894526,62.35218434152393
67.93177755906501,1016.3835183835903,22.791161185313936,90.18037002508481,54.838876832725035
99.01463288553047,984.270514725424,26.38182121136901,10.945510083365583,52.45179793602785
81.2447569451636,1000.9183086162303,5.238713041078401,73.3434480901633,54.984989439516305
28.16991651267771,1006.2127315306175,13.561250434873923,67.84484047707735,63.03611892853064
78.2572047528505,999.3867996168141,26.285555478143806,7.285892257024395,55.96563864037559
40.59576364131602,986.3766818566802,14.618941252757931,90.15076153454497,57.76862230600624
96.95165591803342,1010.3371509533239,24.4576111697719,31.631242178177356,52.51916874158476
21.54188939793686,987.2464386275125,6.472586991699407,74.08950156146018,63.24796666544538
39.068047225437155,1030.3264963532433,1.917937238780154,27.700158585084257,67.36071047063415
59.91987012094599,1027.5889183444378,1.78400545865659,52.56917431475462,60.6173558980229
26.325472036308753,1006.1368612280708,29.17069130124227,97.2333613812085,56.144167759523825
47.525026747535875,983.7261755354715,4.941534386971732,61.07764098681804,61.54733847045827
59.77879785695387,1010.3712975323563,25.946735752681356,29.632276146048596,57.60247376252014
55.754660216536074,1012.5730191026754,9.471857894104469,45.83771464077431,60.73672095141405
56.84681800539206,1028.863253973419,1.2026565298023706,67.60411510814896,62.220198911759944
90.32184415514831,983.7134634366669,7.2293184904199865,44.51888955160575,54.677413274144165
60.42326988522544,1018.0657625046105,15.164775102237835,91.07485623653704,54.735587358517
95.28374806607177,1010.954269032643,3.2031548207547464,86.74607363964898,53.82580362216784
31.818534461126298,989.6125993521692,27.664900578243778,14.681017696052356,62.18573350276499
42.42048700048275,986.6953396222755,26.996551252481925,78.49408940633941,55.48491738931022
72.52126201551471,1018.167295679355,4.474424227154436,94.24149119587709,55.950154247753396
42.64980655218252,998.6901483069935,22.113251167989674,31.690822437498966,61.36143085333661
47.78208555312412,1034.9966832825146,13.821249478699983,23.82197139544917,62.97248159335403
92.08225584060729,1029.170173773381,29.463813302427635,0.9588746306879448,54.674201235703066
63.08473398440265,1011.1144610318212,1.6621287314833766,11.565743554470709,65.23932428305304
46.772860476745365,1015.2952372158666,14.13103782793691,96.0913070958255,58.0634899539832
82.13694223127303,988.7387609450891,8.564191888233156,39.11216277375373,56.34108102309653
25.653180324016258,1029.1702585351,21.791351424084635,38.734153945864925,65.4863400392125
65.093008816497,1005.2413575889539,3.3340277110689587,26.66789179947717,62.37435515792804
27.973577771725786,1008.6744699794467,18.84326059705423,16.40589106840905,65.19791191212369
34.14806416394928,1028.0220997367448,28.441780462881816,50.879019094826326,60.600404572286905
24.995636343160264,980.3437681216435,13.616412784014589,72.31876565842441,62.51634942565378
92.13464230262404,1007.1890630373614,13.626919705600223,55.079533360117125,53.70350147426795
23.85635670142692,1014.4721659110372,14.871069326372753,3.545023695187921,68.93767649250844
61.313315835214965,988.7620502502419,12.471246547916234,80.34696409636672,55.44298548822251
37.99819215872791,983.7565221939815,13.424278090522261,93.1594151694292,59.17645466714027
50.68709069577821,1009.4213775185921,13.897160366969615,44.03767408074209,60.80736608165945
59.492494774386444,1010.114098164114,29.941977681698408,36.64645527996606,56.3150242783643
56.004811302702024,998.163777828708,3.493080545403272,22.98540105559985,63.53630759136116
79.84697518974174,1028.522720236803,8.559642380946157,30.187029983727985,59.78177953963069
92.95066610049007,996.5596522564773,6.323619927271407,64.44475075898467,53.59902138477215
44.02177712677591,1008.406371106067,16.325640013348625,77.01461278628744,58.440448643315065
21.963239772484712,990.2693271442015,0.08426806152562749,33.22157363473396,68.65119486172357
91.5156348591866,980.613816801474,27.632959133931838,33.967262337795326,50.02684613654468
98.30272525595153,1003.4315319533309,15.933627017930505,45.11013197023897,52.34269258033784
54.668093949829164,1008.9821605295859,26.882316112010628,17.02027765196945,57.39709798778386
56.463110187938234,1022.0573920978791,10.348956439393637,92.72081881770711,56.415389935334225
31.532488838901997,1004.6824613363842,4.497897664590295,70.54560684534515,63.67805446517577
58.04187600767881,995.3302698865622,5.768776572055845,43.35834282744509,61.96365895992415
44.267938878477906,1013.2330169494231,14.121971582564989,12.227251188894417,64.09485695739711
99.55040540289089,1000.9646344132545,1.2080671199830217,84.88255482246679,52.98895056616876
34.78783713653151,992.8383598075349,23.454123225200618,48.3714344976804,60.691468134691384
50.28693856099664,1030.069139251498,23.719097551037947,79.68828840523462,57.02146807410381
69.3201585598883,1009.5179936229966,21.058650854797587,3.3394087250848914,60.10587638189815
47.60988414579188,991.0262499050828,26.890194467826085,27.36540962819548,58.68316013947174
57.95388312416218,1016.9001233850705,16.48431779723984,62.20953766914042,57.49298010230605
97.8786906592701,1024.169268766309,14.379584368775207,48.792332122766894,54.103293773849316
60.64571008406386,1021.7193565512587,15.875272879767628,29.50719779766309,61.468539505710275
92.8256350779054,1012.9745576072165,5.45861013024333,20.11302374758185,60.067401572971
23.446629499622354,1008.5791898881898,15.368737842841384,30.18133291504825,67.49427040133382
29.585467512146863,1022.7528025684957,16.25271058980349,74.23394008768031,62.69415758540421
95.56092758024937,1018.9467212261527,22.937695606199245,18.37073505013055,54.25460063413375
30.298488935047587,1011.4312415031495,10.43758368924754,59.381320764220746,62.590634090200794
78.92409563128302,1016.1746310616402,2.766812583052034,42.36808334326603,60.20881254952027
55.680288332171955,989.2744214457764,17.923875159240627,76.30379038607417,56.51093116925183
52.53986633599642,981.0963446014379,23.638748621072867,20.161852261891966,56.79758160750586
72.7376211420863,1031.2124856517507,29.08679143616024,27.008957623680065,54.722156894184934
78.20806602070623,1031.4406582355969,2.707636985660673,39.86875319088483,60.29454401284922
94.55754242285649,1023.3383929539358,22.390534354307142,16.657560870606368,54.204549130932584
40.55083911001556,1000.4767311378034,17.875201897991055,46.11947721447442,59.49083912688442
75.84643021291332,988.2912882964825,0.4601154552768649,41.605080815015796,60.01529022075918
47.382865413812624,999.6532666581537,21.547248144199635,99.00855442807112,55.56415603417679
77.4087795906382,1019.9428406716231,0.7860376161488991,59.38637092780872,59.08825219214552
31.36929007363017,998.4359980843749,23.557684791702755,6.946202510714716,62.4588577805179
56.60340397844236,1023.7752118690393,21.639665767765194,45.99416475170336,58.53607647490439
34.69037821410588,1017.0157317480677,20.637602694337957,87.85015307431553,57.40168520508898
46.91569838181418,1014.6488786387112,3.599885074947262,86.6767587389204,59.90759210231895
77.25035259699777,1031.1630265662084,27.57098871671929,96.18052198709154,50.8395692822091
38.66798795807724,1029.137895960295,26.96739263357804,89.42308668532412,57.429797104529555
74.79071230535902,1019.1416006774423,27.007829702073394,17.629970151435547,56.15326808314053
59.675215523798954,990.9586143343096,10.810871676396514,0.35702744930703467,63.54066857040943
27.362924564529045,1031.6408323596618,14.765188991705555,61.625268923611834,62.68046983375346
50.93557481729072,992.4917348361813,3.446860091368217,70.24443668399498,61.001331049701065
89.53649623682013,1000.4920735422962,1.5328607295882846,13.121215000107611,59.84919672227699
99.14327183650778,1025.4729646452818,1.7633240833788288,16.683529919818696,58.31145826338092
49.51368778542067,991.476140927453,17.063088292521357,96.30765633887007,54.53589606374016
24.389978497495825,1015.1231782066118,9.642094619035484,94.38332547452586,62.31328574976334
30.415021944488636,1005.1810009182266,17.38666851679888,15.6971548699678,63.858065331338
83.05187311555514,1014.32183199131,17.779930573061467,24.700840426667746,56.46870434408228
72.46296585517428,1032.6927924043268,27.211871131239846,89.2113662021926,52.353110583867476
42.8009599377473,1024.4600353396168,26.468497441537735,43.49933306333682,59.066925829776515
51.3038850165931,996.2702449838044,21.557504364504307,79.80726258613223,54.14825909295366
84.89201849964574,983.1500846735137,24.55510072041256,39.59860307593009,52.06393856324136
53.04879575662945,1033.1874383084548,0.09478919085525894,73.63829153080952,62.99753975896826
80.46185694688754,1012.1844834556122,0.4660540955867454,39.682580305342064,59.088842145926314
43.61645611068526,989.5207826675885,13.757619366109557,89.91790949245622,58.35517577066053
77.98494388759816,1014.490977123718,19.610811345185926,32.557267903863206,56.98527898411657
57.311795448434744,982.3219050363572,23.82252620883163,52.31181319941288,55.83562374240233
63.62834253283239,990.3137098973831,13.418009405526911,52.17559077272106,58.00161431285114
67.89864898802959,1014.79467312158,28.205019571961312,64.88713786172771,53.266499830744976
56.045975559976455,1002.1362522199107,24.44955784257767,30.670004456317436,58.379982244904895
57.29084957577557,997.8800449942229,3.0826688756150924,64.26605072649832,60.46679077097759
41.25668965540992,1016.0522057451692,13.205349916245337,14.10358195444308,65.73029870848697
98.86115024884536,1027.6521934236293,29.846346752048742,89.36135233121308,47.70072267246825
92.4652044839031,1017.3225104601788,12.298255330598362,14.417348756113114,56.93850467757627
62.19062620950283,1005.4892242333727,11.58809382558264,84.02949347783525,55.71012637441483
22.770353004519166,1016.2375107093235,8.822410721969213,69.31480693838076,64.17013969061003
33.47423766839907,1018.2608718657773,14.594670073689006,34.106707251747224,63.84507246716253
88.31481691488881,1022.6277841127704,21.895713435444872,32.74332379284801,55.471547835007826
94.4649658463811,996.8876611029245,1.4241574476978525,96.60450740822316,51.421670596827084
32.903368365955465,986.2938534597638,25.07152859388072,19.498386222368826,62.12265993982994
78.76149250854368,1017.5034033116913,27.527388290718193,72.29587654330322,52.329755200122726
69.84186476608238,986.6596626249537,23.432776702030697,18.368230025637246,56.19946396151348
44.2707975960898,1005.4108042163195,27.469046359370616,90.53975206205351,55.643021019735215
54.88731229013809,992.6885898183973,2.847134334040624,74.19390049014282,60.75301846319158
74.18155419004182,998.2639073753126,13.503228487558621,93.2704688513937,52.68648812661621
28.103673104223297,1005.8843534194095,2.1312736947948663,87.9107712617902,64.10917802968962
35.12341215407982,1029.289714799299,25.105078778783398,54.94988836328507,59.569522210597015
22.66519778152734,1017.4233034159327,28.576402832480053,15.222910928787826,63.05383015963983
92.1761380330648,989.4400182031507,8.932536319148145,22.145951403983922,56.375338971428604
65.91169516283371,1028.369608756123,16.061839372612834,20.181787385250495,61.69827516673267
61.87419486469784,1007.5298652655887,8.930264675233282,22.06394427248217,61.65573873866731
76.49925124932052,991.2339692273694,11.366175464886105,47.641414508095906,56.55495455942947
99.06801789483738,1009.0090993499728,14.296728725202316,86.77934744794119,49.18013047054175
33.7789830749755,990.5009120126782,23.72407476639798,2.3114605071679173,64.13057526773241
30.64848140245396,1000.2028806199417,4.40992452946395,23.848040659418135,68.06568658072788
43.58326919279718,1024.303811936174,4.711629093971257,59.68029810996618,62.918891397594145
92.31553278160317,1016.22385486536,6.055861980168152,86.53234812577664,51.511429368926365
52.91684891526891,1006.2868070505363,1.5945648771495768,29.748038682394316,64.24607841303808
83.47974065097677,992.4541637720041,19.303947662124656,38.252715918680735,54.6440269001678
36.23425278940191,995.5193176377344,5.695928605639622,37.34254097145053,64.96369320840331
59.48843538880983,1033.8030025197388,13.126139693284836,29.369366292991593,61.86215513280141
30.197643131716816,998.8615219653659,20.567709983621917,69.87626275086946,59.97240807685236
53.03187200245833,1013.8870152859558,13.468399608149845,65.58147224506595,58.578317334974585
40.98255734893953,1007.4861503183907,27.180512846521626,84.32750100100903,54.6064750903836
63.95452766769631,981.2707248192863,23.075044526969947,91.75773801692073,52.13947362583374
82.43249704601544,1031.9571137472815,8.190665558126302,90.04757980921805,53.95401786266032
95.06962970784225,984.8361094043782,3.912295685238576,54.01608378787153,53.872345228075936
42.707422501191125,1016.2289259250185,26.833133939726228,18.569746242451536,61.44923225656452
79.45053565674726,1024.6063340850121,11.907229997919927,22.216204953896078,58.42791783662409
90.84738698256258,1021.1804081077247,11.475354809600764,59.0253798460929,53.974689540054335
29.988150164026397,1024.5087674656468,24.300122272617227,91.83981849842745,59.32437457665642
66.87457824841725,1020.6846011275376,0.2806436761276976,53.043143556470376,62.75343558202988
68.9477046878776,1004.506469182636,13.533368560961339,93.57285447667795,54.92194556525192
41.79080818421105,1029.2951025622633,21.42960198255829,26.225001791893554,63.05527522056389
21.80116476873536,1030.184259884443,25.460593910506507,8.634677775506727,66.80639137002449
40.53623571869673,1004.0325182834032,26.55626561787364,79.62904060840555,57.641559207290996
66.77876857930069,1006.6626992306311,13.970405065292988,87.93835819395946,55.59732810135674
35.71541699307743,1006.7105518323074,25.431226709645593,44.80812565864915,60.169675509964236
42.987614368650675,995.3396550616346,1.0728528204533383,10.244421767796464,67.97603629426793
76.63379680730249,986.3215143371043,9.162766662625629,4.232729452869544,59.95652785034518
51.86524732566053,994.4088737599044,0.31494907572721,6.255791559583113,66.53442378646507
25.234030953381748,1026.4257094652817,4.9657612009565,43.911445958314346,67.67020323873716
51.93327073761373,1009.8680925328564,21.741938145893734,23.481499093858517,60.18026210554197
99.98151718978886,1026.7608981796257,0.132724786443148,46.1923236506758,57.092766338801624
40.88412310667267,1020.9839065619823,15.691664851309923,48.84895024693544,62.90619495304504
41.22052227601465,999.1737983028646,12.419584530858138,45.80928520753766,61.25185263604821
33.59091317275218,990.192187524396,3.6861237194369725,61.992240699064475,63.806359221733985
41.730990616096115,1011.1970896771483,20.56902851652411,67.94037852756041,57.57928442707062
65.98026427316105,1031.4721188095161,20.79371594542519,39.594539578963804,56.38968050788222
97.16817056143407,1026.1678363725775,21.79045624507265,33.70317121680766,54.28376775081561
68.61562178180385,1022.0109520928337,22.9592265072811,36.84012844368808,57.929773563257186
52.78780738222147,1022.0295744985037,9.449757507960287,7.018153006372064,64.65079466807506
51.17069032590217,1009.0264312470567,29.82387866894429,32.16307528946637,57.69694393038929
21.93807076891101,989.3239502818052,2.1886121874942868,19.99126461765347,68.90435832125567
20.20338417599202,995.7049508258962,19.430861029059713,29.08401720636167,64.38265811645645
83.77548375836247,1011.7841061330743,29.123252920001967,71.4397100707578,49.51862738141991
59.212853001180214,997.3994383720913,6.729313846295691,98.85384346760928,56.791475050983806
22.65675304265305,1022.9861717464792,8.343747852523212,92.35529670092873,62.74164487392552
42.8821635832291,1000.5269218627379,17.27932314957582,82.16253145274301,58.02792930471415
48.53455071009588,986.2643063830711,23.43772790678229,73.71970667271741,56.74754851816915
82.66311119871048,1023.03993941683,9.868409487138942,94.49376492010593,53.80717274646595
54.75093625595204,1018.3971600800096,25.103254909453366,75.20418458033919,55.33093708667617
83.14401398609559,993.9236269400415,7.231313590310129,47.09546704643331,56.252690554366644
70.6987240695036,1033.9613376338625,26.231000560254664,60.13619257170014,54.37348905665452
22.650896513287968,1002.1754237983116,7.588593724058391,30.578497109037983,66.00959242862635
97.49509632557212,1017.4253370427533,18.52305467013845,0.3308337786972815,57.64725713225573
34.51464293402621,1030.0746642145743,10.733736394193397,35.36128943316634,64.74700839320182
42.04956493664734,988.5798123572849,9.654783370565365,40.48298516019796,61.04854007853868
84.743522281706,1028.3461984868861,10.619867082209492,73.30921575882824,54.81897592538474
35.18718912699679,1018.715207544692,14.976042433684555,85.92205040229379,60.13613176642064
52.08702269658246,989.215952567567,25.351457598413425,96.26547178694157,53.776087084442366
89.19929745226385,1016.548170013379,22.779547080924385,35.17917533562542,53.96864353113166
70.98178209613388,1028.1016589759665,13.48022658782915,95.73969363651116,55.18795774093424
44.16644795890757,1023.9458474391272,8.464808680573295,79.93855566935719,61.56544594697515
71.52397772206227,1021.8333834883698,25.629029429170924,3.084437773572002,59.156309801039434
85.00995804300004,988.8734881583293,26.105550355906892,59.52608470368021,49.60806014009937
52.31114260782833,990.4843260789158,13.610289018829606,36.56417997750937,60.85374616011364
65.73397475809173,1010.1244050241761,20.87537574874846,3.4011209254917074,58.945915633183006
99.03421478816485,1011.9080309158252,11.07790691719261,53.15030828643044,55.195202867691975
97.16502744431975,1031.8993234990194,4.472930415701071,58.48170808863692,56.462568998976046
60.72298495498222,1005.7774734061105,9.644487085402403,25.22307548315975,61.19384748026422
27.69130052086398,996.6376433993754,20.462529557266485,93.98797509579124,58.377823875724545
76.0545671050803,990.4925101176842,23.08228990615887,61.045423716970326,51.748858212927225
41.48966296641588,982.9794025731751,25.549661792088216,17.59636533705432,59.05685308028549
73.55799425137542,983.7759465936957,0.5313810023089338,72.12568590350435,58.11586329421092
48.14044785745573,1011.5791809507907,14.592183876733374,49.91395536342292,59.81625453713471
77.50067507855718,989.6944076945546,8.217663309565605,47.32340454203948,56.977575278616364
49.385804662709106,1026.8389402470457,20.51878541904057,83.45332627840524,57.02416514454128
95.29562219036424,1012.8059500885278,7.35994006347397,13.81797984582429,58.12653516964694
30.93382979662252,1027.5687606818735,16.98840619998658,49.09867381721712,62.465251976510785
25.472386969777823,1003.5104007742726,21.358879573830215,78.07630546162802,59.78229684722096
82.4959277799961,1012.7677347250955,23.101947589252617,66.038843885921,52.196145803572904
52.10607681003329,1008.898556672833,8.084048707583738,0.541365745253275,66.1727565283626
57.24604719917029,1034.267221231483,2.6349643933602893,78.74505921442761,62.78134767553286
94.7053808175273,1023.8250941283803,6.561401024494665,94.46719148357704,50.968415413965126
67.19365743559078,1012.7470045207353,17.97394241213978,70.46688348417696,54.66117836786944
72.81365186184387,1013.3622294120285,1.2134755689059484,87.59009248945573,57.480218702260295
21.557274112589695,993.6840941961565,4.76585804314068,36.08117189611731,68.24442961809255
73.64115256955759,1020.4114118880871,29.864241829424746,35.06031457915222,54.77646672758174
51.06823487458356,1034.0558074632931,11.469943098468372,32.086453005382474,64.16598917562645
56.81715700190199,987.1187218050562,14.89578823082205,73.49694269510022,55.17461714688555
84.64400952006363,1015.0493658883005,0.33021487784710923,94.20659566545672,55.03215965021186
61.903487414546305,1008.4834726836162,17.757233750868924,88.5400771312808,55.70058392179524
98.94966476411658,1026.7726155980088,9.758960532966142,15.021390072313368,56.898803844302684
83.74489030448696,980.0025778385384,15.90579688423046,62.6107734984534,50.333830072335495
78.2873238600474,987.5121688071987,15.783550302564667,99.59582795273279,50.190417280499965
67.09493257312297,982.039003236539,29.02372347705717,29.536841744585928,54.94829948930226
52.99173774916387,988.9613297603477,8.047709955723729,63.47847930149039,59.4628423850913
24.229786691661836,1018.9364954180812,17.112987615060806,90.66238302153232,59.56385516389599
21.479672594443162,987.6819283410275,11.44657789269019,89.9548140110827,60.65007459690818
23.740701321771887,1014.2282078268344,12.659994299218958,32.14752822265887,65.20675734268272
96.70691071289274,1027.7513166746128,1.6667718773083562,9.392491493193567,59.465513848007575
45.8569691889673,981.9042956864465,20.653590381156747,64.60089590708924,56.36296138438285
76.04875858668491,981.473252873407,5.858562237987668,94.69674980767965,53.895621839436934
67.54516834490965,1034.4416550869296,14.054667309291363,50.798372785912825,56.75793438447364
65.73341675501892,1017.030101105463,13.02808903645001,45.77073946350565,59.99510161154867
66.33932511128737,987.7382371958325,14.044233493301435,86.39484072972976,54.053175476454825
44.18366586964561,996.8680594452911,11.266379878866887,42.4596679074246,61.14847701084364
90.92260363985939,1034.1752834300162,7.27156244119504,68.09287043329337,54.684471876542986
93.53649814002937,992.4969115729665,13.461421588073815,38.864235773823744,53.68711854446044
71.56206282054097,1021.4054610820458,1.3865857489668276,37.71374928732564,61.76315980454308
89.11593767890602,993.2650142430092,7.269676575408804,18.780756534149802,58.16440359397012
24.798481353567627,1001.9157196766166,23.54545114666333,8.845167030280866,64.60781185013057
28.03130006053297,1028.438733846066,25.28461164533295,88.51606759140293,57.926084804258046
64.7252979674974,981.5641417682959,21.459280144789687,18.121982423608387,57.73042215197348
87.72056326386893,996.8979337663808,18.97692093110073,6.2218402186168476,54.81666472318626
45.23435209446547,1006.7955989620355,24.337972779483188,58.2308108953288,56.771427395630404
63.84447329268252,1014.4022105804763,3.8349277379511326,54.59967483081921,60.1317428518147
20.796842518726464,981.5532910228847,15.757624141119337,56.775670330589165,61.5873631689582
98.93040097021328,1002.5869031541263,3.489469494493751,46.81048881004888,55.47173733405073
81.35846946497892,998.9357950047782,23.335982253269595,14.193635221813484,54.7137261290087
48.91353172140128,981.477663105511,15.616691562145938,2.0914833099567764,64.22101144066208
98.64102645248926,999.5452240922057,24.30074655565922,4.641392722443005,52.573063294451785
27.39423914382977,1031.2428559014083,23.97190275221587,94.31471458353586,59.81141678931548
57.13406122965008,995.1045643503365,13.986371305279645,53.18542587261903,56.878462298953366
24.70810280013895,1012.2075213634655,14.906228843485605,39.97209354833002,66.46184794904528
46.79720171935295,996.3952639053107,0.8480248558977133,41.0831816156799,64.80476776177024
37.549134386464196,985.8666366346889,15.70539871131545,65.21953481916019,60.29165478721625
45.32406825449014,995.9347914022153,20.323943282113056,37.66627775941818,58.85224281039738
95.79274528365596,1005.8917526400514,7.0096709266970265,79.64590664844106,52.48453067697284
54.174959738150974,996.2914618815541,29.595815115024077,25.994291726869466,57.04096279544087
45.988864900829256,1014.3293126634734,29.244866216442336,36.72591294815536,58.34494007646023
71.26179040412462,1032.1998797090073,8.484917844107901,93.49968156907507,57.01560486266505
74.66953528532976,983.8099360209401,21.38919769390816,26.02836741979576,56.27545278044659
98.70150930510438,1019.4352398370883,0.9000500448576088,66.15858973776734,55.3219063990398
63.684621783442964,980.0691023901873,19.972581322956447,36.456727612318,57.539667703806195
80.2050915052975,980.05618244778,18.720494626847252,47.119711405159336,54.668297622431474
50.57320154073999,987.3105645090685,24.664789785877446,4.51882860481212,59.9243810919212
33.68261169949595,1006.3961777306507,9.130952426332046,16.723389000681145,66.10504968725373
54.38683435549677,982.6402219203159,26.34030458445436,10.191278415858662,60.47656150591257
53.502067095320776,1019.7183472268771,25.739250813737204,84.47151477310042,54.379011726115294
53.64907933544772,981.6104849817507,20.088088807997025,96.16912582224873,52.98712854696301
75.63366079266368,1007.2487476099603,14.170046068657946,6.797461431296348,59.73498622144302
52.475384901884475,1017.1854250709531,18.552037244329547,7.684577019424744,63.422903513656756
96.33301835082213,993.0652833296123,21.898763068796203,55.21689419865595,50.955320951740084
98.61997459074159,1011.861397541539,29.257541692400583,50.40349247756386,49.2343288519704
61.868914353262134,994.397977823124,3.6518457371084203,65.05721327794468,59.86731450367711
64.67552073706543,991.7753493377287,9.392183427298685,73.68058354965477,56.92742079322328
52.61010973946991,1025.0114177893895,23.421489395303855,79.7219465689426,55.762039242610584
48.44748653413938,998.3102337704352,12.275400672101387,14.908338024503998,63.16374618891442
98.82612287642118,1024.7688761832173,20.174399143909785,3.783572923748413,55.93898366085763
23.252549494856886,991.9300176478204,3.993539230419066,88.9158872664231,62.74473902975071
52.80689861915734,999.5726063784729,21.27484811065715,46.9540893713781,58.0433403292017
32.10723097460976,985.6462347512845,20.221914561084933,97.12443265209896,56.7447033891677
78.10242146634045,1007.3075213561843,17.574602004108343,53.276948520233645,53.76064200964198
35.55565413190578,1000.9876860817191,22.957138956500387,51.002737550073874,59.463226382479206
90.77165827179508,980.3276140812355,26.403366974938585,62.2979358912807,48.80595975604005
49.9582381057082,1005.5670320232135,24.87907820555781,17.014398154237874,61.635796097340176
93.37189863173107,984.0928050046265,3.8272228638346286,25.40405050386362,57.24078006636312
98.92500240681991,1026.0325825173634,22.331801118524773,90.5806459723717,48.591743427275325
81.69371310929418,1007.1531245879864,13.492933233760425,21.232774998883684,59.68127082497917
69.85264393242647,1017.9527883087975,10.016454555024,23.297083198334555,59.60895057795847
31.992133176173176,1025.1624797591328,26.389487574101764,50.998416268084334,59.3029123648794
94.64482688905277,982.8147848162639,16.788397039957555,64.11513535561527,50.16689680848313
82.1493325521449,998.5458762969013,15.037041960979947,0.09038666147412888,58.58648819704909
43.04366229860919,981.3814804818168,23.537980577482845,45.6781190591003,58.074274540099815
57.480154748996696,982.7294622283363,16.59925637852645,39.901312556074146,57.93653726891339
25.413200472632518,982.0807848180383,25.74022755977266,86.56191925432218,56.12430728705102
72.72002579271185,1006.2848597660989,3.0870286067461383,83.96974670366248,57.633244196046405
30.02117349618315,1004.7872926161094,23.28399193283746,90.59234520086369,57.25671033983817
72.12250279153554,983.3682245373137,4.915037698934279,84.2050610486965,56.49865735653666
73.72429290806664,994.4302656493376,6.756940361347809,78.67113636571794,54.922012272015245
45.97032414901751,993.4470157528724,5.383545625208854,85.90049607907662,61.19215778991276
95.8930143268785,996.3138323750824,7.152640560703168,17.48065244338488,55.9493709839992
82.317000469943,1015.2419319333858,21.954920900620394,34.08490916843163,55.03501097861761
59.73869240257565,1018.3386999722966,19.659951369166677,68.36183249699444,55.590111438046854
93.48553498293059,998.6489286417557,6.893438835220255,92.31309585678325,51.84317026205164
88.46746111655457,1023.352685078488,8.105248103331922,66.69087660239568,54.51879654946717
75.37745806058078,1002.982309680381,2.9788233782877196,20.79489044110089,59.68809696694478
32.23722514893698,1008.7321479964835,12.433065666177193,94.46650638195561,59.22356286117228
59.76591404161578,988.0052280230722,11.357554893214331,76.03418039333262,57.91008453897662
89.15382980494344,992.8092494236282,4.374473737719544,71.65437561544412,53.71330880968302
68.7113237478803,1020.0155379481489,25.03875122606613,76.250661731113,53.540938139145126
63.64091558288325,1033.7373230085825,25.5778514598968,65.91446908495095,55.14029176214137
96.41793602386441,1018.7559455596435,3.2714040441925,2.2112583761142557,59.92905436973793
21.323845231107246,982.9809112202144,7.990978597714572,25.361825963934304,68.72865446959437
20.96371079468775,987.8590244260217,22.082670027752073,95.65718399596518,57.944942538583064
91.42564161109432,1004.5178198063837,26.09900073819244,28.86042800899101,52.76883217698218
23.08297720201807,1020.2915074591117,2.150189657088377,77.16264844886526,65.70718467867157
46.603497096416724,989.1262851872032,27.071109657130886,42.44839704091298,58.6708789813169
93.92203854343344,1021.2951625125883,1.8491146423364502,90.75277158512304,52.842127565579396
75.29220750522154,1010.5709648177626,19.013518781521626,55.766905457670404,56.70961209589338
71.85271246911549,1022.5998748318317,0.6622540598581783,63.18859968545918,61.12099454768873
72.55986521245171,1010.6700687762116,27.847950652334198,23.962516750207698,55.98196727270256
45.41143830792775,1013.1387747858674,10.610719481246937,5.752340644311726,66.09549383100205
62.44268728100649,993.6810886313726,19.46409226187962,75.65562934849605,54.27991325873707
70.39784512374919,1019.6104355310306,5.538665972420347,6.764328949737264,63.41899626838439
44.45722605532901,1026.4207902538765,9.637662480124456,72.17981913191235,61.54043984564553
83.62911326433009,1027.9209944300353,22.418954466468897,55.549286196182464,52.796904778552076
45.73986870124132,981.6199178939686,29.189876602162787,82.00237129568553,54.76167826803417
25.715532280042446,1014.3528790531404,29.761598718282578,20.57730894741814,62.809497909797855
36.11636590272909,1034.424608380097,24.29038548444597,54.15296219335745,60.66798216880495
52.67283347292515,1012.2803611104089,25.415791191124637,61.41713873506498,55.629616358822936
92.64447105153351,989.4197954140741,29.08211580382709,7.429779332681507,53.75100383192015
53.260935349799766,1028.2684449944486,1.2095006930676933,73.8940683875285,61.890942817408515
27.184304125923433,994.5368528167812,5.104513409558607,38.90294352144792,65.89532585986633
35.71654133075068,982.4757402758665,1.5803333555918697,12.891408937917825,66.64633364803308
63.55739890500339,1003.6784882303414,15.034834598673235,38.70649332905087,58.62907850526563
34.21248037626754,985.5149981378543,28.754677350136912,9.830148571663955,60.37787928322654
25.11636897287481,986.3383257760662,17.473085606998023,88.7995873037466,59.49050440909773
77.18627723026319,1005.4809031082353,16.662123475525295,45.67599007156424,56.44118500332907
82.74779162363954,1013.6975876641751,24.800590549857723,13.802806205380303,55.51694136646983
88.05065881683021,1029.7965633912304,27.86846645459215,25.20956777277602,54.18926709058915
87.51473290873056,1018.7889113706885,20.956656945761328,72.46491033662454,52.56409323596471
50.34076640531006,1026.3431733392606,26.861321116134782,78.60881671751591,55.36030719369131
78.75759856738895,1002.6481427996886,5.256488369852655,4.131639516716246,61.563299244356486
66.68310875869484,997.52254323306,15.102210956211904,5.988020739054556,60.64825151421325
21.869144146659714,1012.6062146750027,10.938151127804735,91.71851712224569,61.799387517363726
52.12784877662933,1018.2524762084629,9.975639095587795,33.098222788944796,62.48783147832677
24.230316738810565,1011.2537744668309,6.427508986283695,19.332386746836804,68.04713217814344
26.668484435223895,994.5486700648539,26.819897486534572,12.305763170323791,63.435824421154216
24.480195771470335,1000.3348139136122,13.511076574515316,47.5957478084115,64.09868504371673
96.87572306389258,1004.656758833075,15.907620727674288,77.10526944379392,50.98864887461592
87.53607926406136,980.7783547252417,8.289320900796099,52.111776755446336,55.676859551135216
55.12835820001441,1028.3911331982804,28.885526795228376,2.0673679623888552,59.63908673564208
39.83979742116613,1008.1275593389264,18.336300098734934,48.39049659941496,60.224423307652195
25.796066361843486,1021.3066470969734,0.020825365667143103,31.165707722893753,70.03789880549594
54.495700119544885,989.4551213930839,8.036773944056646,68.28591701719823,58.728287879187135
68.02823048460657,1010.615403028109,29.980427747216655,52.35089683929264,53.60177375643495
83.76826584894127,1030.9372144335207,29.24324471527928,96.533714993442,48.70559869264614
24.12487889421157,991.7852232060264,16.3384942978845,59.81641540368875,61.424325703984294
53.429601401333244,999.0220910451111,16.923518102524895,63.248096610656546,58.06055386376972
98.1485956506811,1001.357774413278,27.04765490067637,52.023077335858545,49.60739784410304
29.657642833009426,1001.0816986350893,21.25697821371183,31.10054872914795,61.985552542677006
52.023951582871426,1013.0342426790398,27.966491588195062,63.060315791746035,55.54918700065822
42.004425889255614,1001.6573635623337,14.373989231308867,33.29116332384875,62.421620670366835
30.72314843250477,1017.0729973071186,29.277021511278043,71.73481476344776,58.61445362042724
87.11565505927896,1006.6508180564987,16.186493546646936,23.684643730412137,57.1957898002204
75.76921682751802,988.6694259657631,19.345169077431528,36.76613683117213,55.39712027666929
52.924518738806555,1032.1712529509323,2.4770058276458498,58.364832654280654,61.715172585974315
49.52538261941605,993.1733988896042,18.348902852741194,62.84917023884552,58.26386187475397
86.21990075747735,1010.9358460358326,23.033278394958685,66.86128612581496,53.15568437622901
27.262707652139156,983.3381720694754,13.17913039016742,70.03164687135485,61.92113012710504
31.746662436106092,1030.5241924042066,15.07314629783608,31.830637722377364,64.92598303609475
92.52400064748305,1031.0397847704915,11.799822634121561,89.25764076347727,52.593253898128836
85.37653232405832,1000.0499158169384,29.071245218189052,2.9933608254474553,55.328439092885525
81.99022100569867,986.6539088616584,14.298727089618698,18.84299380183335,57.17590546936201
69.91807394430523,1022.3491264028556,3.786340326080173,7.0140819567610535,64.95049021061277
43.39600412587095,994.4238971923239,0.8661654851595035,67.15369723857042,61.77285074336834
94.78292842083346,1018.5338600579353,23.174075912092857,27.366523647522712,53.217850347143
59.34950573877373,1030.3331508416059,16.430185453099856,19.915350725387082,61.97742132672525
42.44956249315217,1012.4631058684624,0.0831151609751768,48.06674875736381,65.82362692609527
49.24596852903669,1027.3680631055486,11.475679120941654,61.90475217471359,60.4488181163414
21.34728121567477,992.3556648745105,27.421478104795693,61.9246089253789,59.32063841949651
40.41272494624366,1030.073691327859,28.43264778156604,55.745252944623715,58.03999529881277
35.03648869252509,992.4654503600977,1.606777450369845,99.19863600197273,60.50986998149535
30.844531365695556,992.4190061953576,3.7026724109576126,86.02147771551125,62.67790097564867
22.57119945441233,1028.3927885668838,0.14611035101366077,23.886020511652074,70.77261944121229
38.150035473396784,1010.5196916307242,26.060211367828597,75.87162596515795,58.151309968026446
28.281497445632375,1023.969288766372,2.1265867747655722,56.92972219797887,65.75561748768753
23.611230257121186,1024.1368810593226,3.2370045665968803,7.051904884240789,70.92462951244596
30.985780727871493,1015.5828725970568,6.828679487241979,4.958108492272184,69.46029463979788
36.19226908213582,990.3990547340013,27.517486549360044,79.96190528452412,56.18621008499969
53.27698600901595,1018.0651719265772,20.64702021859446,54.49906896759358,57.3308106316892
66.69565489925837,983.4999066720271,18.50644079302347,57.13248888545308,56.06015147070521
45.7812689946653,991.0367425392782,23.539707170194376,33.626905487276424,59.27590153075807
31.300753238307557,1015.3601507803157,20.798534929275682,93.03480711250127,59.81051322141736
95.22590633427303,1029.9295388294731,22.377804620435523,71.33477822503707,50.506379564840636
61.18829697767691,1022.4431045299891,2.2096931609389134,92.77724952392586,59.67128218258979
79.35042661565927,998.2851767143466,17.692958893229907,9.926725741591202,57.52476775656224
75.55481130150964,1025.3035979369874,22.596218617676364,58.37293493614354,54.17115287881259
42.79174057021621,1033.1628510759956,16.969758609998873,63.75272498276152,60.96031720993895
64.78895403053028,998.2572687615593,0.3538462009357235,12.599332275927766,62.75376163178293
68.17312926816344,990.2753987453054,6.333596684486379,34.62649881036805,58.416286025664576
48.14328192666303,990.8632951182425,28.88699991200972,21.4804347198167,57.93125437715134
73.66132523872213,1002.0177992564544,21.140839227634316,98.44589755824147,49.83098422474683
83.25412411512842,982.877787427588,20.655147026406887,54.34151911519908,50.51139734784945
49.13684405662495,1006.8266539461553,19.807573254549265,31.526091297902823,61.0225789912356
21.193229723391358,1020.2764196596727,3.8342400054967776,66.44966520453187,65.72465647771399
47.94687501047069,1009.1752746900696,0.12248342975831106,65.95476204252422,62.593034313099345
29.345248277328686,1033.3527635531832,13.219569542152867,34.733037594251435,65.96013763857898
32.4486311346712,1005.3935438233749,13.329732145359314,99.39228589844205,59.468247729254266
49.27595815561399,980.7292364828046,24.35416353504155,80.89615824889931,54.50386238088261
36.609687856809074,1005.8568395081425,5.44702549072137,40.03181697814371,65.34018846337516
94.79111627095291,1031.1435186011436,8.253334892975214,66.00593442969642,55.05883948337953
72.22423378699996,985.272374447146,2.3472699506810537,71.05396227289023,56.90634732644894
61.469132755537274,992.2632101093352,11.996251058638922,17.38165196630881,60.51040701067771
20.777947414111473,1019.3557596580299,7.679692454779836,87.8159172127483,61.858741265151195
28.28941945966248,996.1755377050489,7.886875324564079,82.60378099003624,62.53423467169175
83.07822773714258,1022.0882505536475,7.621592613558529,75.56749307154439,54.922543685330126
51.17950104316072,1003.0628330621574,6.945555274465303,22.267606104312765,65.5145981653443
23.63945568948589,1023.7836918652617,9.593790908738955,13.62498148074317,69.50726845888104
86.04472750340621,1010.3343114522295,16.100704943456932,18.05480837102361,57.797171093078134
44.21168105579064,984.5357748325274,13.13130831435242,9.30188092579698,64.28729338458514
50.9036497579378,1001.2374940128249,1.903408836768743,94.02908299681347,59.840324556450966
97.94952565128229,998.3286581533506,12.775795912793148,85.14944495937362,50.61560338182689
21.241019282758586,1024.5544657949147,25.388347635377567,9.077946687890659,66.17796200978701
77.70595145164079,1014.3683069104534,3.0211235240164322,67.79707060060214,57.87976609213982
95.91073410494327,1022.7570444678018,28.330847979949656,24.558735024077627,51.98310394365232
25.10876658823942,1000.4682367402958,9.257711122949623,1.7273653311937087,67.85684966319782
89.28616194921177,1018.0458792615435,0.43606888204507976,29.239213752739612,60.219024336708834
53.29933548288306,983.5878912904926,7.594667371929516,44.00300693127935,61.96293175193226
90.23972126561627,982.019790169739,2.089788616641103,2.003815862086733,59.96175446718045
44.661967431233826,995.8107332064786,16.99144038170016,32.37200308278167,61.416647473176575
98.61301763999424,1022.5534547464164,9.48975382651649,70.03526292887588,52.080881093582946
71.76395277371189,1009.3748112318157,24.20629841774012,22.842845903449238,56.36821543973642
70.16722883498856,1002.485198487932,21.97875264371256,48.48929753257987,54.217410738612166
84.47227063050468,1029.3149045641535,14.057893784603277,88.75809130364618,51.95911746199765
54.92688557136266,1007.354888202138,16.818048325239133,2.8390983208982368,62.70251041174824
40.693570568669884,1013.7364029089173,18.263088029430605,78.5637145599726,58.54848295496031
41.03441541752696,1034.220573765874,8.12114062186485,38.38928236362087,65.74235831384041
46.44830006613417,1008.731558379966,4.181291195825625,54.11498910361231,63.62045784821195
69.38821076593722,1023.0926438037445,11.2955644816307,23.08717276613986,60.1454313978781
87.07117844894614,1002.7604055541708,2.8457263834193967,57.894846066039364,55.15824938227572
59.966230274223264,981.9987234051243,9.445901262161657,73.06996495265501,56.319168228380875
52.27585842806364,1025.8959638618703,16.57806482333148,20.153792967743744,61.8691743652841
83.50781909528438,1031.9422526676196,16.203375723944017,34.32688177663501,57.39615804248195
43.17343254408574,1003.8910113412833,3.6184012331776705,56.737899770787116,63.72592815742048
75.12282152310661,1007.6999947717361,0.25017300012023513,41.67809969252239,60.60553074337717
28.464417658119608,1003.3275845332439,2.6683068582194434,29.315287788881083,68.44325835198813
29.059061299887283,1034.8298199118708,1.0845012585260305,45.16874328968764,70.19952426297057
71.52443814117491,1029.6848579462467,12.014066682218546,29.08277671805992,60.03381747102373
26.620041142048116,982.260579585833,11.692505585174844,30.187358337478365,64.77278771303618
32.40409311603151,1022.8460268607272,7.248460959137511,61.06336772932547,63.68353146130246
69.94952457282898,1013.0460209557227,6.4633337899457874,47.70652716716981,59.85209165686138
55.05629576810607,981.3827937077868,11.892597493752193,67.7072224643535,58.517057359882784
64.90371623034176,1004.4591752852217,2.5972073466824073,83.7444998970784,57.6950318154659
98.15543300711165,988.2341371240319,6.429273749856488,94.29653286288973,50.34211048969599
70.55688303455676,1028.0176265583036,12.170757145636756,15.135133078026753,60.86641540895051
67.26806434010204,980.6984316226811,2.84489742730736,62.61903451864209,57.49634373131832
50.41104651147448,1028.0208194188579,25.224410184138314,58.23995382612611,57.701242128567536
70.47020759995306,1031.7461531757615,20.280554938703187,86.69452562076813,53.829575781940896
21.039962055899252,984.0141456572381,11.493577465394333,89.58899051158326,61.130980718712514
64.58561994741001,1019.5910642900845,4.511949276866236,76.0502591515349,60.35502395601384
25.51178884084696,1010.1890705823093,5.825619356062028,59.546182901507606,65.68082705748529
37.61377975507098,1032.4852196320762,3.60268754243232,19.9262799785664,67.26944668620612
65.04968017492436,1023.8982324512015,4.802514818205996,27.663839738933703,63.29059575928284
73.4360438807456,1018.1927724618138,12.67542416910466,60.2767088802969,56.44974336405211
50.78372323205707,1030.903034636373,7.369939958439291,13.9343764293967,65.3982206219688
53.518393279151475,988.8192352129109,26.537354305836725,18.396417341056292,58.28017024581609
59.84179246511073,1000.6777993428058,28.827861901025997,91.14322696086901,51.32418418869652
80.72596861956518,1026.3618022561693,20.740951304734278,95.63120086692099,51.325788732460936
21.410221727213383,985.5872001428676,24.26283328340648,0.5234704927183254,66.79669777840832
55.76543990040231,1031.4496041993298,7.653586067373644,86.24819278530845,58.78523332280914
21.141887832546118,1020.9835503856245,19.9507192247437,93.8013574165115,60.24751257054142
45.53134885062264,1004.163311337131,1.7399595880838348,52.57394715645294,63.8833752417502
61.58788970505795,998.6296751394466,28.806482559269874,44.8900508809563,54.50404686589284
26.393542693398516,988.1183521739199,20.10620895920825,91.8799496321553,57.86760082775708
58.817082238109776,985.1520438694223,9.505535144189494,0.7533156736765245,63.94167365712849
93.96591229004075,1003.297701842859,23.191246763517196,84.04858362467178,48.10709470207456
74.82738701632613,1026.370417085707,0.47398347611967373,29.65760660430491,61.62916756277378
82.58021375014461,1009.2517795707382,11.287087061712334,64.1162206043203,56.45831111516871
66.43313745732779,1004.8131828733369,26.869732888932607,32.319802835780735,54.96035275825716
91.70871840377815,997.547338519677,7.895986892346963,52.29447410391561,55.694729518544506
31.74954336202882,988.6322451225506,20.0374293623719,80.8317162239063,58.145834295098204
55.98288265637173,1034.4554612160725,10.803110471990777,18.12689576743719,62.857658193225134
67.76265875059867,981.4152926160438,11.770930070600821,66.39186190254209,55.53670898859004
89.87802732610456,997.1498745954716,22.37811150463452,89.83368355371911,48.442556473924704
44.64081963696921,1022.3158694765729,27.306179945907395,90.1051708548984,53.85745022077312
20.09023822126112,1008.6306985934009,5.001555688962287,89.41209370088472,64.27061575180375
97.95312888345043,997.2620195447864,8.306763262666404,51.846343509547275,54.23483355308202
22.078184330629185,1034.6006618131598,14.633555478679005,76.77012532329965,62.99363011821509
32.18933817917873,1014.0543304206365,18.414481977228334,44.68577452934135,62.93403081697526
53.763706355862794,996.2335680735862,14.033613383622024,46.01633871770425,59.7583559091748
59.70958503982882,1026.6374228760897,24.16586084796429,28.385427161657272,59.83169813075281
86.7572765943348,988.2590283472099,23.04284653844246,28.522746881586514,52.61186650272495
55.825435993253116,1005.4965741150531,12.157287661067834,3.78243219650638,63.27004839392328
63.79433093206885,1026.1773837936628,1.2183561798161502,53.14716239068339,62.72247313268529
35.99998966816958,1034.101192879949,5.834891364521381,30.87609144092144,67.46830370342931
65.53269593119205,1001.0681675867919,14.60857947627736,18.76864329597411,58.217918014843065
47.87069943883605,987.5960312341653,27.825412699862003,12.171281877621498,58.057797562013896
27.898582502068187,1011.181123603351,17.027084605553842,34.69988299574538,64.23030531832565
95.71703130789147,1031.919617097971,15.911847193301101,89.90105620065529,52.061037726828594
26.53474283547102,1016.6086454920181,21.71910129909024,51.64015754536818,61.77775929375646
74.23031443053328,1013.1187746633213,4.568848444692809,55.6935973447102,59.31165393404035
92.65545223422455,997.0110587263106,4.407554044162117,5.432788012310674,59.51169427983269
34.3363723378435,1013.348690090871,10.361855234080004,51.984634152990104,64.09737299116316
38.969413290321725,1028.6572898608056,29.84557894639302,66.76117409566432,58.35517948895609
54.13654121139292,1000.6539293836132,26.278254974981998,15.071521985948921,59.885747212617424
43.56079745488777,993.312950966939,20.403417013044187,98.3553795981712,55.95633040594743
80.72265117897635,1006.452666459276,11.734647685889135,91.51144877879656,52.40317757381945
47.052270040525606,1000.6903286878378,16.640218655302252,99.31022618236406,55.74391859018515
98.86684323348811,1005.8459296424816,9.106623537271641,36.03169804885008,55.65942676485958
88.70297860079758,985.2651302031865,20.229210365581583,82.22991561214586,49.85541545085779
91.62753070274749,998.4915499678951,12.56536984672442,32.87357165715541,55.9000766910392
25.093142821397826,1025.460129379181,3.606476827266507,74.91295736618665,63.944782986238295
34.10467675432673,1002.0176610067881,6.452638622941787,94.78297826450094,61.72685814014882
33.549472553506604,1033.2342305585928,18.260783740103438,15.502061629319709,64.12893911900545
73.7571718540515,1018.9864646159583,20.836941080730288,14.0319872271352,57.763372667235856
20.952909934013384,1000.1320122599182,2.8806499390248352,10.440449375645144,70.46319876567152
84.51409599808017,993.8415028682966,24.250229312164386,79.83507642811442,49.60365318783431
63.76368147402833,1017.6952392900735,24.7304215774477,66.66336051002972,55.76256038913119
65.30504252699149,996.6345569488108,21.692457428310757,52.23151586336727,54.53136189316433
62.98691377928094,1030.9791050921776,20.507656033382723,77.39126539637215,55.18163722182712
62.82767117786178,986.3984734757315,6.95605758071806,84.99231777848662,54.91796085165335
35.83088597068402,981.5807184014387,27.588658872407287,94.95284295795902,54.50048398933502
42.654377745522524,992.156472649861,8.057206655070544,20.125104961570838,64.49732295627703
59.00939662667803,1013.3640523315667,5.475139179523746,44.16766263583114,60.78895653454786
74.2275598017957,1025.9229101139674,19.156021101118473,92.30133417659938,53.777016455393216
41.75630080147478,989.3570438469094,10.92312884836434,46.13237084975723,62.75345934378019
84.49079399980056,1012.1597572453529,27.990842539858374,48.76550240157555,51.97148938941167
84.84745342248233,987.9284204991714,13.807488253750515,94.24452306970123,51.709377969445086
41.91035257248125,1010.9748256581805,4.911556291534616,73.46762954955773,61.97319347702085
64.80517444432823,981.0000252961756,28.725859421845527,55.20481591867035,53.4923737409256
47.913828362725006,1010.6793898630463,15.463017410779953,35.72861986524,62.206537197045655
35.25485883498932,1008.6976710880839,15.556767744537883,91.53494688670133,57.99280795897211
84.47999646366787,982.3566366593639,11.574080665330849,0.8938503294808386,59.00320676996984
99.31849746452272,1017.9179290138378,25.079813250846154,32.10061980830644,52.11565092815988
65.25753425538866,1011.4740003458129,8.629308620580273,94.60731579518614,55.12514023267965
93.11573638877545,1014.2703503478529,0.4112912367085775,49.82037968748033,56.49302861995122
71.37350460358415,1009.1375670584156,14.918337807302569,62.38546330825986,56.33737444351882
65.25789612629252,1019.7096492180523,27.776607349268165,53.26155972072614,54.56909359900223
58.4115904037951,1008.8752125372702,8.198000596331248,39.73607047323061,60.1929677122958
38.857197335467085,1030.7248372909698,7.989163100803532,66.5282439453733,63.54444799346424
26.740421702594812,1031.893013313019,22.142996383321567,76.64747268552259,61.344979110107545
55.38687344134744,1019.9671520382066,23.266000021925475,36.442638183386,57.821895121436484
64.90479308390859,1030.1469098715534,13.066696130554424,59.05214487053608,58.4780763425102
60.755972337793935,1030.7735152078612,25.00929813369108,8.27581449309982,61.417895262898526
75.645650832721,994.409915505356,5.157992520110501,54.75979147588649,57.03014668262734
35.36790268540324,1034.6661322938216,11.010761200828407,74.77496315366798,63.712512828187535
48.3362383130532,994.7090255897515,12.128337459503165,58.52438399176223,59.56484059434796
53.24538170322131,981.0196564460954,9.383876796188803,87.84476300163263,56.82428743846206
34.92186444626496,1032.9223729856417,6.53212647057432,28.619318720594865,66.04030748053871
92.51713709377017,992.3044923177121,10.144485868268777,49.175606990855,53.25791122752114
74.52091659303338,1012.1266474794356,0.5400955060727308,8.747995280775378,62.947295028176526
27.348987707389433,1033.3867486611243,21.100501042802055,70.00209125620628,62.0663597354847
77.02384318937513,982.7197717425737,20.518777035909363,44.28915116050008,55.954856348246494
63.823008481639604,994.8121574510319,13.506543366309998,53.03654744836348,59.68421183137546
61.915237343452205,1013.4853184932006,9.687467515970505,12.839466314010961,62.70450384004693
99.18286200859848,1021.940693112073,13.02280607707347,99.73518258794985,49.480539328406195
69.4560656940463,1024.4051545768568,28.095624479667602,77.19200266050015,51.571133118435235
91.7382554397051,1028.6114957474274,18.106945466977027,40.06297733009594,55.54370230425482
93.08391520848991,989.2639814014967,21.940719474542373,56.995971738546245,49.98227510214022
28.113490539268014,1000.3520531965971,6.885502359338909,61.871713855519936,63.93619008124074
20.668980510365593,1019.2839837501091,2.8427391697568427,96.07660308321098,64.67176505372896
54.82135275189819,1019.3420520907174,2.495548041273504,76.83886101161988,61.140553810508436
81.54279848328181,996.9430073393219,14.160565607357533,34.96668191002218,55.82041932227516
85.93567642644255,996.7322671247555,21.50059013733098,97.77057083552766,48.70603631013146
82.99952373071211,997.6353107452297,23.22361147782164,30.179630783379142,53.76814515687747
55.78303668113595,1029.0644104284172,21.61229420970029,57.694606513851866,57.110496190875104
79.99712948292193,1030.02309194784,27.38287462944511,70.06676785452025,50.93012577147431
77.50212196209438,980.8155111571662,1.560073376765585,27.112579239169754,58.87101440815718
45.105540077184294,997.875901537376,25.660184656944914,95.63610946762986,54.37280274022769
33.497644819110306,1001.5619539949132,19.820297868119166,21.610990226372785,63.16135384273568
69.71349737775965,1034.0312016917549,5.265603360078918,44.17732239005993,60.14521356242329
74.16691137456678,1031.9292300771751,20.471422045128826,17.987330164687755,57.61298090236999
65.43765526943264,1014.5578813141807,15.352786804127138,87.49875387729166,53.93373508079244
37.054363719283714,982.5192915713249,10.771237396026047,22.16012200830617,63.787276696862826
42.13386562843646,990.5169380082807,7.438744774975932,3.474143320147438,67.0635173477002
76.67890171674716,1003.8813443050916,13.924631617341976,3.8940402530394103,59.31571155105954
97.00978912297754,1032.7469593693784,7.173979355676286,41.37533753659521,57.10099770487171
95.58684812447075,985.2087414108569,2.4854125189240026,52.27776086213014,56.515183809431846
61.57265171338342,1023.5243793670944,25.383601752599624,4.163863172413773,60.160848260605235
90.92475798123746,990.5155497140003,17.785109455685784,9.286534643481826,55.18083088878112
22.356096024426655,1007.9318109161355,10.910089751649917,9.746295449339948,68.38503796205443
88.89216972781401,1022.1833949187459,13.400399418982644,66.85012848318432,53.82072540845389
58.09206587477813,1018.087244141974,25.944821028290654,29.981502050720856,59.50705793953669
82.52218679266545,1022.6661300651218,9.595305165175738,56.25726533508772,55.24299658934961
20.446632766994544,1024.7475979889177,11.40519142365015,7.36959710746754,70.37453607498549
89.4848627495203,996.8158333628974,22.98241232345181,89.21155602807018,47.17294181185563
67.59836979046996,1000.0216827439333,6.015678327396936,30.443326842306984,61.57105714913392
39.218431860177276,1024.8658470942319,19.777876570098375,77.82007235370307,58.61434165236492
47.798644354840036,982.1253711500714,13.029714163778678,82.67030708436714,58.70485581051472
36.05328695449853,1008.2950083657645,15.004756967904262,98.79086373459111,58.808308594074404
53.95246062767065,1030.6222538426246,23.606404668624005,74.10389038657532,56.76089939764821
46.40048250244186,1028.6752196058196,29.79397068944806,44.280554809232264,57.44256066086958
62.760254164160905,1024.2367165701303,24.945357720584113,15.262781639324041,60.542299364520495
85.18275535143421,981.1851861049073,4.816318990878124,4.787222888411735,62.13499108723081
98.5820212144771,1028.8227893037608,6.736555057211654,88.62598172467037,54.200550629241626
40.11661125817376,1030.1415181587504,12.297914314172498,44.666339188769996,62.73790085531777
28.520661015425777,1016.5018533343062,21.57679559703079,74.99636801553959,59.83616716218266
51.6533799922092,996.4402644023921,15.281134959606945,49.63304806607789,58.36783274490753
31.484342092083804,1006.9460054239005,27.054020257664625,87.96644771580013,56.266751535365714
86.73921616674834,1021.9440681422334,1.460264411183504,74.96653424750589,56.73130747398878
60.089990362909106,1024.7165773334177,7.755509364389922,8.545775934710997,64.9363352887659
69.59699059269178,998.8839192014677,6.578147772924519,75.21469056415742,57.28056095084783
32.0490043421115,997.9336921166035,22.32512842528141,26.68141487415848,61.01756695375536
79.96870526692533,1020.4899668288166,13.943146445678657,77.30562115461423,54.1249725244157
97.88654495479683,1017.7495735089755,0.4503912210799721,94.85150012507842,53.74034115317973
58.59082011938112,1008.2258464801425,23.203102572865,93.01322089969727,54.05750265422506
96.99658438325147,1003.1143254766882,10.85409468308015,12.500023246398829,57.20409401310703
22.7772875073088,1016.1437858685938,7.813810753868436,5.467223920654729,70.22925394359524
22.857817105148435,981.7838326186986,5.481530462392591,77.69816399166083,63.06594023846276
96.80103286075132,984.162926669326,28.38036560176707,70.99617122642987,47.28907159545702
76.02124779448224,1011.5197715047328,28.261140829184026,17.617247702018446,57.6506226152887
35.09517816192038,991.5653307407749,2.2965866454515007,68.45673333709928,64.31319410625225
49.10998392740554,1022.613119736705,6.983020789587602,1.5487865894023845,66.96016134155953
60.62024543425382,1022.4800186032877,19.383579662485392,63.116208484252155,57.49395000693352
76.21101884549957,1019.0479144339746,20.112739751349427,83.23055559011368,52.70432308375182
87.36212481401836,1029.6981477104055,12.53015231532942,64.18390009055489,54.87314860495841
26.612512377055573,987.7459215985793,17.055295734366428,6.53964207393588,66.49131181446624
72.52592987911311,994.2582185589196,21.07891749628983,99.09723706649282,50.214771889532024
58.13691309103543,993.8764599932382,28.51527612205098,35.60914791332198,55.953401444070984
67.80978203544223,1023.0313771848688,21.753282038003427,38.047819155542065,56.17155988118065
60.68252852890418,1008.673956202913,3.3081189286765325,8.47513373080374,65.36054735177838
56.05544404075641,993.8971684554882,21.53539842518425,16.711768166193618,60.48246177506416
36.44102369437729,987.5034928001946,2.0317898561742256,27.117579351541078,66.83909697533676
57.78687298871833,1029.115898406556,15.07521711023217,79.92023695299788,57.146753140999
35.17241104334157,1018.0670975696657,15.806857227686763,69.17488078194305,60.92578942253342
23.56891896221729,1009.0688745390664,23.34794117118217,58.36488297641262,61.43876567079356
49.905959275841774,1033.1008977134156,0.3467594821569897,86.3893214548839,62.7162245498513
21.996459099960326,1026.7275022307963,26.242562013008065,99.78051900130605,59.055706381683926
65.00359704175997,989.7966756653686,19.9165418912409,38.47744582159668,55.636226910932315
25.791396267214182,1007.9471826564102,0.9357254994656339,39.122342799138764,67.38287452364736
55.00429138295036,1006.7343258374013,4.800908278283389,73.60893755328097,60.2773476670139
98.4114269900182,1026.4357531474654,1.1855258993055762,64.43488277075153,54.77375094673468
20.79052164951504,988.1998439294088,22.97818801354218,1.3393447900397315,66.292630302789
49.34836541250387,1004.8482430601227,5.127152772259911,65.54273047345043,61.04617956321378
73.86102847687204,1015.0097304335809,1.3679995099956688,71.96083899631894,58.98811527950534
32.71335236959247,1031.989003807439,4.139631954748811,98.59365920753632,62.47752439484088
64.85869132560947,1029.459571420763,16.786710117628395,58.677100264539476,57.479733970100014
40.65522868924981,1009.361632841415,14.864595757979608,68.44178110941063,59.215046872254355
37.82149532673806,1013.3696434846438,7.38772058972761,78.87477052745633,61.26669052666401
91.59868405967613,1026.882073871939,28.288058422023873,9.595962056739516,54.40355226959925
36.26243831841282,1020.9413545867158,25.64426597055937,73.46521759088476,57.99122894962884
50.12413686122421,1028.363458501828,9.433828188656925,54.68657139087001,62.46192476344184
33.567800389964574,1029.2761837882472,14.237157959146737,10.007558293073727,66.26179823561696
42.7110191802974,1025.7922311015982,15.504695768255907,66.98808430641064,60.36612835269971
43.44853440979013,980.5158015441633,22.685273247432928,23.450427468768297,61.359574876715385
46.141841900565325,997.101363013405,12.838396645223824,53.78978534010095,61.107240478320975
71.285354946138,1002.1934343144096,16.394122959739448,28.096020971591585,58.132604811305626
79.40741944892277,1017.2853415166808,12.376966928377485,10.453637697002982,58.68332306512622
60.85357756249906,996.8773539840383,22.884624336933303,25.08644173008785,56.92003271693273
68.83807847367072,997.7956972084293,16.678019582640115,43.88066221082582,57.416065567928726
85.06149975866569,1002.0111671763788,24.833418304315146,49.412885867243205,52.75167951701136
99.96485290723354,1032.5433480239683,1.6120736618915454,14.848091929982232,58.160109549807395
56.52047890749784,1004.0436815599404,27.129190822741638,32.09786243327396,57.89337883398754
94.91475964741166,987.7369722682529,24.581713349310686,85.93906433865881,46.80201927857478
59.229607442280525,980.3495693672309,24.555140884338062,91.03821318439043,51.58340711864799
82.55998019932115,993.0136963614004,4.209265179752077,53.51820865306982,57.71389986960484
65.85784361186455,1031.6345991519318,7.904186245427569,49.036160808129914,61.07365872614962
90.72313801897326,1032.5245894589993,29.407848770557408,58.140912465506034,50.610305612948565
55.89625612934075,1009.095074577155,28.508251791964522,21.456945588660915,58.68631796127641
75.66520010377364,1015.5499839632558,6.796340195682815,99.35711490896145,54.333753849413746
57.305217537455036,1023.7754905434625,12.987080104692465,74.52727209723395,57.51443023650295
88.56219210693536,983.0738193866439,4.678293225637928,23.874587943954683,58.96704096221794
99.54949433139062,1000.5869014501292,7.879145156732306,27.214640730242156,57.00471031589937
39.46519935407295,1015.323601637368,5.5418547973710455,64.84123875646826,62.60555344464354
57.947117056580424,1029.403938615377,2.4281109460563375,32.28465291898984,63.867275702747335
26.500534380830967,1019.9756258624983,17.384365976942018,35.5316771979564,65.34837738278198
31.279635553103127,999.2533806194773,7.223570782400698,78.0942670160249,61.669978583821724
94.33201457964574,1030.049027511242,29.76721358897957,26.692704968528204,53.11558918243505
63.4891021192753,1016.5540696538028,15.463192527908362,70.52411965292109,55.81151116303851
51.609281378084944,1025.662940735639,10.772829613156784,93.48848634303774,57.883526643069246
73.71860234460426,1001.2029148007714,27.394865142084218,12.413515699823774,56.93139785389716
64.81290306560895,980.1187362412412,18.622385311425543,14.428419465909393,57.897694044629446
43.09741783737806,989.1392726696428,3.8123645750151534,94.28731008118159,59.13454216531853
38.129160500815914,1030.9947579498228,14.934613695370825,20.351925723588536,65.45960990206193
67.21918000072841,981.8218218561682,13.232374522873759,2.0900831598747116,59.276144386872026
35.06124089691238,1012.7821592964332,22.953962052247224,86.85079160200993,57.623832949397325
31.13376806177488,1002.5020128726071,20.813330151064978,28.230288699847094,63.897249980019026
45.47100499736488,1003.6268275364512,11.123739582930565,29.83539350617844,63.8484955678782
88.90728505147747,1002.0450092023817,14.08437962932487,22.69211461851217,56.36953987519702
22.945555273826308,983.7084205637971,15.563641904210224,91.76668981384792,59.69075995862197
86.66130028981514,986.7281772896499,12.673827940355398,77.44186470009599,53.29957423358084
69.6779068983968,983.4616641891234,3.2316412209574388,59.67924559760044,59.400994750148186
23.22982060455887,982.9649322528118,27.16337639267614,45.32583156757571,60.341541520424045
68.16311331106333,984.7085831764617,20.176799738834006,14.35301187602761,57.46772821558465
54.08155238019092,1018.3139455481934,14.091607461146484,92.59867705171418,57.37536411084877
87.29020864842747,986.2812860122738,17.087608374617165,74.96635971591542,51.992958898393894
92.57589685304366,994.3821186137363,6.394908517955412,27.888353797119603,58.16209191204729
42.91945289580933,1016.1322051120874,15.916689983357411,94.7496065440698,58.11511454861943
82.73360072448959,986.174611451038,22.38083333090448,93.51909411648991,48.6753144481823
44.78422634567516,1030.0640936703592,16.01023093540535,65.95188273128846,58.87028238573177
43.65083658710728,1006.2616297900797,14.419961179698614,98.50035570515672,58.76843613815231
35.41106725638622,1032.968161968636,13.871570114771034,18.724824548079344,67.3234545277381
74.27912226259342,990.5880906240051,22.848683796500957,73.13903595877001,51.304769134792785
40.934838322141545,981.684341298167,22.60019008761976,15.217611363174221,61.412243052688765
57.18866736183364,1012.4654774431061,22.5021068382919,69.16912080143945,55.584639171812086
84.97024699805733,998.0806112989169,7.385099937366528,91.98518197088097,53.02557565782445
83.3530273365914,1011.4814798167722,18.536849035957076,53.60975615336193,53.71301293366521
88.43540874363119,1006.0507593895305,23.367219390293897,76.30666375267849,50.583600122582354
32.885161064338035,1005.1435891881614,16.856828080910663,14.312172861044258,64.00653920809347
66.9514209825874,1026.8147698867294,23.369320453048353,63.319457038976715,54.80690375713194
93.1871875874158,990.5508702177348,25.632101949555793,6.319189613231446,54.429209238406784
23.364006904163645,1007.4799203034383,5.216701786816968,3.6897876175256195,68.61641920731283
83.56214183986972,1002.8802343877194,9.190224766586294,63.40625826361445,55.457656435724495
39.69897713496927,1017.0573181647525,18.03928931863687,57.28085801661565,60.196924411031745
73.57228762007793,982.7572966695091,8.69035159040109,32.92511418542809,59.76013681050955
77.39240352232785,1009.1181243082623,28.241561333125993,51.292961017775276,52.85531554855978
94.04681266324543,1006.3197361091411,5.824027197957625,68.43401501031771,53.58540982398579
60.7039537938372,1033.5469336261997,10.708439336693582,64.47278177077649,60.56298034424017
87.85848864724345,1021.5701998689839,29.829189077044905,7.363251145112826,54.655099453440435
23.625441007969712,988.5238240290886,5.675452382186911,67.81193214714617,64.25832494328839
53.64342242058545,1008.0067941398191,13.464531241731121,65.95330792736182,59.341191817384704
55.16151429351393,1023.1055307235385,9.413468962308112,66.9613991668419,59.45509460700656
63.06227806749034,1008.8513151033578,24.293975716477576,84.73532613490187,54.20021998995052
58.5072379814288,999.6185423586642,9.124417186397878,57.67026426862858,59.775582684982396
97.4369216706364,1000.7160457063189,4.842868636257423,93.79008581863692,51.18616829953264
26.28316566784621,1000.1852170229554,27.994053910896607,98.00092796301229,55.880393058360504
41.2013329543301,981.0974961684296,9.522071285447268,75.18438318071317,58.6633220242233
97.49030251596353,1020.1827880392226,22.252425916967674,35.86817538076305,52.99738501816454
55.62420369672232,1013.5986067504954,8.717031757510451,14.30984156096068,63.73404671434645
65.69259617099081,994.7772637173113,5.357448944441235,82.01399190281806,57.28688261998785
26.482043544676603,1014.6512855293286,24.072365476964933,14.663233593441461,63.061230047095336
42.72407039699229,996.9801159581859,1.667459619096795,14.616942202626538,66.46524526998692
23.17213589292127,993.3859742662122,9.959185711066095,91.90425561244531,60.631792465537636
31.000387399023055,1020.7634088397216,23.40245002745302,55.987267430292455,61.24527432791218
70.66518542305633,1024.5010285402113,15.364125647806663,29.33329732635075,58.711120340580734
81.08979710826114,1014.4139743852054,20.687214526347137,96.29838856008813,50.91368528366104
89.60679015198089,1023.1280644848833,2.0045072166655373,70.73306849843404,55.897873008462746
40.11715044369802,1000.1135062768965,22.49429972896873,53.484450920283955,60.38551152507944
46.62910732824471,983.9492085242066,5.158212167978437,32.948025477208134,63.47948613485702
65.55187019525259,1013.2687084525851,24.261121084435654,67.66165313893417,54.95243197990995
26.69486907743562,994.0786936999244,16.925241605948028,73.08951676547136,60.589754036910676
84.53746081511153,1022.7613640545765,22.17485454129787,71.21101804104167,52.72752717886316
58.663364696705514,999.695915532409,6.384980745457296,19.53376488156806,62.410985713271984
97.24060421557108,1016.8870171417777,11.862765193163508,69.72442369649714,52.51216434306406
29.385280722056795,1010.4076364398136,24.062079973651798,58.14468756351512,59.969384617682316
30.663230475351817,1024.9616633463638,27.32413482912071,85.00762419230576,59.26223785607606
47.886182729365714,1025.7767981943384,6.797165858906556,62.47688010046679,61.19981557387377
36.540975950295085,983.7563755338394,23.801809799094407,14.627668164193208,63.40464480151549
75.72721190354059,996.2313611758522,3.256655350901454,31.853271613083923,59.02831179952125
95.74483660759498,1027.8983525677502,12.772459845629626,74.38176652732639,53.19935149579664
27.19236079640936,1002.2194296358879,28.161589995402164,73.99617815057728,57.55235464298409
39.37890664899769,1008.3178138887008,28.354094570625122,22.271478943023858,60.759526468446765
39.0318518426116,990.0839082859833,8.900466061182815,35.459331693249375,63.55003364062
60.725845116976984,1010.3977447228091,5.7874021974576735,1.5319641542071438,64.07325150457864
56.16203539190398,994.5538212623019,4.484591113906022,33.17045481548404,62.647908339089916
78.14929649806574,1025.6078467917614,14.426257607128818,2.6339017493530292,60.150958582004264
78.61049766595131,991.0134593013065,2.7623047864839867,87.28707077214075,55.632524848574484
65.82035707644914,999.7920363790155,10.705591573653328,66.66472443241764,56.30466541103778
67.281780735361,985.2290690322868,0.5103334978543062,96.9147770477655,56.81410899179417
87.38531119091742,1012.3390145774067,7.781943329528054,89.19242403480362,53.99617672730569
51.75491502019534,1031.8084635403607,27.00830705687199,60.34752819198068,56.84262787707126
20.9874358636862,989.5235752642969,13.409351799986874,50.29286633722842,62.99880725168951
37.0424231002206,981.0855443227025,2.2123633719863767,88.3724490734674,62.4500184631558
22.828968855057976,1003.2354723915605,19.405103635826972,29.841508710680664,64.84006790369938
51.47969782392362,1021.1628338409154,28.669006820734943,22.35182408402331,58.59230414738554
48.62685003437346,1033.6305353678497,13.902228744170053,41.00211181592719,62.690551673374166
27.89039476276762,982.8203487160102,18.72863581523137,5.319784537619199,63.680980883289465
80.40204726939722,1023.2279037882723,27.582540204826884,30.197182490998998,55.49849349092639
64.24485872044824,1000.2770739960908,12.572982716878826,8.368032668904068,63.261255221058484
38.056136455873144,988.4552323600429,19.937604173333582,5.266093704206365,64.08337172808112
80.73008606924878,990.576783618806,13.221128228342527,55.13398158275484,53.99510730016025
73.43449536335963,1030.8136069373395,28.86392929577084,70.81652139361996,50.744805955011955
35.32761118391032,1024.514664422984,15.11404718916455,53.66745204281356,63.700752970052314
98.63106645116889,997.145099235172,26.56958684278292,7.057737656574192,52.76615029173837
34.19408526844216,1031.710464599671,15.215954953350122,39.49693507974228,63.862418424200634
81.73602111666268,985.7889318243115,20.051582483847977,11.095143539146912,57.202634288794414
97.4629186488089,997.739504377814,11.584244615745446,65.00636449567052,51.72127003963378
78.04017441693318,1015.9106642986513,27.526652001786736,82.64064689039326,51.04734124604893
73.26216554801456,1034.9680492049245,19.408264409651814,11.67057226084227,59.6426632929646
92.26571574549904,1005.6102944399707,0.5973698965073282,6.6852765505514995,60.897956054851754
41.53057551085378,1024.5893188631128,0.4692352054871951,40.5951941536261,67.69247520076873
42.172460037265466,1030.3726240856386,20.28532555181203,30.34736765166972,61.99878137710324
71.29283109635107,980.529563310719,3.4280658680310614,26.068985079831375,60.120473990583754
90.57102237532382,995.8917400687116,21.484932380995996,21.139613595384798,54.025825488691765
69.38993186908539,985.519786416565,9.660503393529567,31.69250166415214,58.099466318306455
98.163900504761,1022.6833136973715,16.167590342746244,96.53744363851433,50.166993875689776
37.832184749340215,1011.1877734791614,5.231987626008205,85.76709444814763,62.24615030243977
86.07036822861703,985.2557969062823,7.386653952139333,60.13570893529527,54.83467079662408
94.18109186009471,1003.1398406313258,13.107532540337006,80.04745605632647,50.578462831888686
54.16019183619394,1008.2683154707754,19.96432731666111,1.4735537752948669,59.90158809469248
96.95860213858639,1018.3763293634526,4.671949099127515,11.14553187211066,58.464688701265125
36.17180963644634,1022.8716329625706,8.438494073599376,29.246154606387755,65.85487825357147
96.22671466102052,984.8329711071538,6.208872056727019,64.38989998123972,51.73658934121565
92.22464475645486,1006.8205077653897,25.88022926341358,88.3413987604649,49.89735455743762
25.291669773020526,988.8617889729223,19.440194803874775,23.114015848701364,64.38396501207296
61.70652864179491,1021.4290555286321,14.054872105742046,13.920245658451758,62.40938137464434
62.30712411976456,1016.1717858650271,28.40829162648849,84.79193534340716,52.29537547782481
24.557874151986184,1019.7650524772677,22.074788861793024,40.9135644221263,63.905168098311314
23.16249280859835,984.1246841512872,27.966783410398193,69.9508440171436,58.06214706716769
20.407742465163274,1008.0678537123316,17.927788806772583,54.80287180947836,63.265799512427954
61.960707473511874,1026.2319359458938,4.141707338736277,17.591140284918982,65.4364416538726
57.10524831753328,1019.2337769200404,20.2628131933567,70.05753176010302,57.411655927615804
95.23681548451128,1027.3961388465618,6.044734819705551,42.07781861441023,56.92415617149202
47.384505268648084,991.335749416046,10.379057750032075,28.774853817062862,64.26698065237099
72.65819164250804,995.7795367073809,15.288538014387063,90.26982850742542,52.823112498008456
20.60507317124859,1004.2703499877009,4.720979461851021,0.598582228052047,70.44729255129879
73.08307566401841,1008.7791427538249,0.6234414854834491,40.48697319847483,61.09545206003993
93.07680192215294,993.8689575689841,9.812578196120947,30.051199432269506,56.17670155068473
48.38143653320462,1000.9680545073467,24.72947307265356,5.447949088672077,60.209377499749955
45.124568142690045,1017.7873487283416,0.4613988362481636,8.042326966945001,68.57405895136957
70.08238918980399,1015.4959736148895,3.2830179958384043,17.2286893913543,64.60017380567706
46.2841652365989,986.0760197723687,24.205645702101545,50.49997266688925,58.169060104764455
52.19347003812089,1034.2136453352389,9.175551088500725,28.26435534014187,64.51574436767807
41.849323269062985,1010.9509871863246,28.146405434429475,83.78590119956974,55.80548954396611
47.59113650231484,1006.5959312369284,11.407324289768948,23.99759006003529,62.55525039400224
74.35284899449022,1033.1985950411122,23.90111787253348,72.02211984559102,52.64080080881756
93.79001491409478,987.7181193093925,7.763695237864639,21.037667656631285,56.94677544828773
66.64923805727733,1009.902034407769,1.8549371524652092,4.255256277424435,64.2519825745513
20.802675914266374,1024.2792670064239,26.446634571427534,26.46217252741866,62.96481518294648
41.11140494390107,1001.9397028855,27.81889426948727,83.75685256441098,54.97513075853234
96.17908229219596,1020.4967580621649,21.24298973967655,8.22511432742804,55.784796928580086
92.82574110640824,1029.4539618328133,23.10203470788436,34.449566283776655,54.187065102840634
29.25177916804417,994.3909197920512,0.2138286027570213,0.8016814887079171,69.60406907314889
92.67336504538622,993.2803024524137,22.614705529794175,63.02445701818144,50.09784190497295
97.16232184311363,999.8377044470642,14.165891606664808,94.27597847265307,49.667422818030474
45.96575166082719,1003.0142831147256,13.583713638427735,38.4366176326397,60.74024080965892
76.0805447522614,986.1074404098488,16.202097614112635,57.6917932774858,53.74840025657719
64.79859324109037,992.7208954598191,8.136306486286479,45.22845066088823,59.32614199847571
46.963972684062306,1028.0275414416321,20.888656644327064,97.33307398886834,55.34032621240534
32.26686247348161,1011.1625094493369,8.867666160810234,73.59986616560087,62.239215229175635
49.35361792843575,994.7301159774105,16.758199139021407,4.422300168573001,64.83945488048508
94.223725715081,1031.8977107620424,4.107816864346049,10.872466603291542,59.039818240339585
84.8998700458677,1022.5871106780669,20.252269053504026,47.048083206132475,55.4813161469651
46.45396245143235,999.9336691925299,5.6883829366489636,63.17459292763924,61.8265215345541
63.8140281608656,1022.0993575990268,5.112419572442576,29.039588884221846,61.7313832972187
52.476934296766515,1012.7828759618549,0.7284948710810002,67.46447096482922,62.603365392894645
57.29902783942489,1017.6100103493106,3.6535732730944392,57.65253961775413,61.61826972021875
80.89685488044013,997.679712257975,6.977107352367983,43.50925779242544,58.51191261147897
63.44049607606883,991.5222492679,6.669280820682783,58.22970258211144,59.34751406690529
34.48355707294333,993.946935802476,9.830142878349974,91.64635295517999,59.953158982617516
41.522850224363125,984.6053952872608,1.632492542313595,24.32041387396723,65.55687749873584
65.42350895020817,1005.9070689862251,28.055940555598,79.12119336362285,53.01420986414456
75.42556479433597,1002.3428305307333,3.575276380430541,1.1957156279548187,62.47677029990356
60.64963419060633,980.1396819792527,21.05891636886015,8.479832577619062,58.04487965474823
69.61684258729561,1027.100166681569,16.052195095486027,94.96855278207114,52.5142491839207
83.15015612603838,1017.5028070398903,16.583664147424344,69.77286648424655,52.51104385369803
63.631353296644946,1004.5707633519586,3.1655047656229938,63.33172087475545,60.42258571291153
98.17531600418394,1033.1861673961873,7.296448264843793,33.40552677733852,56.81401671107569
38.84549214421788,1031.7297885606479,23.396438834056767,18.433717991677558,62.50095476153223
93.57506003120429,985.2303310641255,13.910593748137666,37.99160725209432,53.509121436060965
39.81278358378862,1013.8326581134161,13.712034518611722,59.83901929100619,62.029813426823566
62.53156611469614,1024.9362365674483,16.37735387868403,63.43818513670577,57.954977229470124
56.472541664208784,989.5123518010837,13.014176655276966,16.95506648617314,61.629266755949416
49.830661529552394,987.037913982113,24.184077931843085,44.55019202482989,56.91704610704017
97.01877348806593,994.2877778463596,22.461155936661367,56.67584694795451,49.756896177371665
41.78412486927922,995.3819129952672,9.510126505835379,95.99608094339183,58.38457564798728
73.98952834744493,1033.0741536704065,24.36243339365108,54.94231045854612,54.02283039716414
84.3254857610248,1022.9262531814245,15.558192903837549,58.05994101076591,54.64546977438979
35.76054764874945,983.2855847408853,18.832104997098813,76.51886847312628,57.38038221816591
97.85223411244256,1023.2564780466894,25.98527495678447,41.89119457511381,51.6974548838216
63.73123805646395,989.3301735090624,14.27979747736217,38.3867841105842,58.755164455339454
93.15925292904453,999.6483076581502,22.687810876585733,59.09092084329078,51.50658670049242
73.11048477310725,997.5185784140051,18.842620773151328,78.330781058458,53.165434527299865
71.9541480621418,994.9809864451607,12.80234823892648,63.758171634971404,55.88788628993756
47.646887139214655,996.9816917966526,23.671450991338574,18.613114955121336,59.6567423990419
81.64721147408703,1021.4810840734345,3.1547735361065774,39.770028070173815,59.603853823405785
22.382905375990212,994.6604642737262,17.43660651924444,51.25967983291704,62.15103708556598
64.46563856958123,1024.0398253314916,1.3923227211736644,52.37443846830823,60.39028219245866
22.57112505627478,985.0059342415387,4.685073832640199,33.959513894879834,66.91441384470224
44.54974982230578,1012.7343451232485,17.96620912233398,52.241464222907815,59.753030385801196
27.7036624169192,1027.4650480027524,9.228200897983498,67.29753919573453,64.74134104378298
92.92728226808862,984.361344318802,7.874249662390367,46.797271317528,53.95364601323698
70.26082932310833,1014.918825161637,28.6751607620836,45.134736364222405,56.52884704966551
73.48084934993312,1008.1389213460424,10.977168686663187,80.15828246494834,54.76253149643264
88.09027394328497,998.2567624046227,16.94224410677419,75.6838028209624,51.37020683418367
78.64259802099645,985.5370995746497,16.027463138336064,42.240495317605884,54.78550523649799
29.935646091788747,1017.2066912955905,1.8605526941395,99.60133420451096,63.386934143151855
69.40306666076461,997.0157880370754,20.228272150815094,6.647098736753443,58.710301998263276
98.25365843143766,998.6405469575902,15.387039590126161,32.599573690704986,52.96942924776671
37.12927127413713,1019.4676004368845,11.442513503947842,3.6830504433338795,65.58725725133654
69.57711448953205,1031.9944460142606,1.9805044819878126,83.94693823886296,59.09146419134653
65.08914512970658,998.3500594467248,8.790419549601435,75.56302263012027,57.44783181595481
51.331683663584826,1021.0703190611405,26.522861274179977,68.36766019803885,56.3171092876386
96.37083069325504,1032.6134965098452,5.211341199224073,21.447222323209104,58.65810736555345
48.51203084920051,985.3804822634038,6.580009192548627,70.77188483320191,59.576291043247416
27.494435414898277,1009.1061072084522,6.158820932093142,35.531175746473906,67.47989020866848
97.00343870353045,980.6140384269652,26.724144577705005,86.85695018126324,45.96361257691966
78.33761654523451,1025.3847916941008,20.999864481549803,19.95016448938832,58.31839348408863
47.3959900494583,995.7789885751968,26.455291891644062,21.78407620704519,59.285974160514485
42.44093000717713,998.3022121544468,27.412394996304993,96.05862903449571,53.919898410780156
94.24213316880478,1017.8007816036429,27.83902605479669,51.702014775966,50.77647740298551
41.8839980768156,1023.4048897857662,14.571468385021339,44.638573982998,63.55303564670922
62.972613815704094,1001.9994638157925,14.286715531756887,35.174870387691406,60.189811250077234
37.19640569651918,1016.603603711049,24.867685207703005,83.12125208057458,57.17947238943143
99.61716911321459,1032.5994926269395,9.9578002245594,35.27075476140931,55.751308676066294
81.56068690173353,1028.7796262520526,0.6663338855977097,35.61569706362414,59.93458797881225
65.41079521229685,1018.571175987542,9.946431510459615,12.333415072376862,63.011608015603116
79.66611593462488,1031.8685139120703,21.49050991216032,52.072638438525,53.35934346800352
93.30943732806571,1028.1765926584799,3.708421548362079,92.37499910166088,55.177718005401644
97.04993555364712,1020.0954990147566,23.543425736967283,95.75392293586597,48.37466523581583
82.88151075403668,1030.4486267479244,24.46422952338747,99.55155419605077,49.108767954689974
87.9252774666581,1024.9564755316653,3.0273709810302787,47.30705386422389,59.252774142405286
51.82351396691176,1007.623975412598,2.9351785934829557,77.49480833836053,61.03659768059399
51.34583961383731,1007.62550467476,5.964364395988513,55.253473228538496,62.06592812805117
84.66373221949537,980.4834934725396,10.69168179762596,54.795774625499405,54.24965695294379
80.77001110904618,981.663735372031,15.982007057898654,80.6240910714474,52.147743259020025
92.07853628968515,1021.0425177233543,14.56625994162322,83.53579786972213,50.572069775444646
30.640775533064595,1010.5122895082338,25.595054615761594,1.9793254416408335,64.31754816779538
75.26504949537596,1021.8526965853189,4.2669596123031,94.27898542388701,55.43139107290624
71.81185870466511,1032.2314550559045,20.927181665957082,82.29835316062866,53.471371823773
83.88158722828267,1004.889186056157,16.466597556551903,72.11087642950412,52.17667783487309
21.96419079252097,984.8645080506053,22.10474469486666,85.20323727212364,58.2473458502227
86.10019565326019,1014.4607693276541,10.258392804873115,53.72632579692072,56.83145387429072
46.1141322622839,985.4853596809353,14.141388861836337,77.32635213230861,56.6345442290726
74.96977048160575,1014.1716645123983,0.8577896755820236,59.86490042562098,59.644691582123976
69.32476572584028,1009.0256364157407,3.483177272309388,54.293072398401485,58.843519190643136
55.21586566636172,1019.1719407367444,11.249868358854952,21.160772232050796,64.03637197072867
79.68220271134899,999.302775641292,14.437642233453637,84.74150296349755,52.97329040587992
96.89751443324084,987.9123990537993,2.5724067919293914,88.38710166161918,51.144047068279725
45.87799839375062,992.9915772606046,24.749647473819174,97.11926244543028,54.14874440235958
79.8748706535331,1017.5998892139368,28.381570870007458,12.04386659356167,55.107171471982696
45.162963587481244,1006.2991070239061,17.89192433539806,29.157419446390264,61.85344717442322
87.65225122528659,1009.7449614437887,1.6020576365014116,68.54056795619486,55.29546067947855
54.98185327115415,997.7649132326003,22.164786727134334,85.52293495203315,55.26505552678946
55.94125872489634,1026.0186192500976,6.514911368570263,75.13041753377595,58.412467090537746
81.7504464909188,1034.970029377968,22.00955076308289,45.5592099581824,54.34305027952247
59.693575958166356,997.1713359561999,13.030380454023891,72.59773988662549,56.001820011731944
41.33156943527163,1019.5258386448118,1.6027996873439576,7.212490649743442,68.9070019259617
99.64295469355399,989.4105134312117,8.362468174684828,66.25384474182529,51.84504121543785
69.61803143320195,1020.8337564904192,12.81089880372829,0.8012861309172226,61.976298247372696
71.61196453985829,1003.6968254068698,22.08751024930357,4.754877073650487,57.990585199477486
71.7265534270206,1013.2918129652624,3.992078454900909,75.72955581393032,56.6215501798763
90.66872528696516,993.0658347065353,8.610050319840015,47.762704550863276,54.965962014973776
34.70976045214427,1026.841120437893,2.5061184271157377,5.955098408711135,68.72192655732191
24.73212041396294,989.5334419360763,18.474209639084243,48.186119426701154,60.93244771770152
50.93604094759684,1031.0732992405296,14.228144967833936,6.2754330470531805,65.04419078877535
65.19241444067745,983.3686602183805,27.870148361191156,34.60322432117042,53.82883632823294
42.856769694112785,995.8389852166599,22.216590095202474,15.73726055311332,62.757605419384895
75.1365603592968,1010.9620023718368,23.336620876828825,21.937246539189193,57.7129929503443
25.913278314982627,1027.215772103132,4.931777260702523,19.560560418311468,70.11240338595448
83.2567576866782,1011.7363671201302,7.9986756153807,37.17679249556919,57.09849898468167
77.44688157591978,991.8862529748859,15.39418630157828,10.790831673317236,60.0438896993213
37.11558297393262,1027.2468362563768,0.4045350265206593,52.77364499400188,64.31755579195439
43.87633908849103,1012.7889160924453,26.10384430807607,40.71010137537614,58.44093626336203
84.56016358708324,992.7790833380299,23.332211459815525,83.98650434200675,50.14174088426251
81.86702744144863,1010.9013959075959,1.7381905558564759,82.59250922704733,56.71780945038738
85.10129258671411,1017.1414593920433,25.471017359193343,82.42777822407227,49.37837517794619
45.77942759134502,1017.4290100310275,0.1346434445447442,46.9639276134729,64.41095015923577
97.56569467786623,1019.8202534910498,3.426579556145634,29.078860877626077,57.802689934021835
77.2270583499177,1029.2655920948541,1.6609365887307048,41.54012740996672,60.77853798684643
25.21606299174038,1025.365212706386,14.374797955221224,68.73717386847092,62.76397159786295
58.218788320875525,1013.4233350961933,23.52149339756683,52.9786356482415,58.01184743554779
73.16376363780819,981.769097299465,5.356174855154702,62.43041050681296,56.41581786763288
33.49201538776203,1021.2237302693819,23.144593834074772,69.37177386160651,60.662430331595765
92.14151413278728,1033.6227682457047,5.547743464818538,91.83632949425639,54.11458632325146
80.32869609203466,996.8061641636363,29.71609018612991,94.39758329498322,48.65746447562891
26.514541418653515,1013.3794239277031,25.604236029001846,84.04699985140113,57.23724733276234
93.05584865966935,1022.2766635015305,22.115603214692612,6.506149651099779,56.70568940374634
52.34957440875655,1015.1498938702028,17.75065269274625,97.93350046453114,56.2752988040159
56.19755820547064,1030.7401891711547,7.27644590814862,70.36307261702738,59.81899110506183
82.64865283413516,1006.0336977817823,3.5780286594684076,69.33921491260452,57.08075592904186
71.51981467201507,1009.2515726940844,13.809202560145735,2.310598220936666,59.82101229781172
55.00229561964367,982.1033864701798,12.079807627159708,47.93999212953038,58.79893723706558
40.76997261237246,1029.512172170936,20.234427690799585,62.649968951566215,60.92806687089266
61.35165855758597,994.4255546531497,5.102692540203425,27.850940385040357,61.92494641957613
66.33437979043137,1033.8131590861847,16.863854011023612,8.324003278844271,61.309100719709434
70.4745878138082,991.1158499122878,20.80050642450971,53.244486112501534,55.737407178917636
68.40505996684632,993.9400623134139,8.968987761198315,44.6294558245209,57.121449698874926
69.38427970423939,1006.6544098747694,23.400428132458895,4.408032413858221,58.51366814723629
58.059007596842385,1016.3275042223365,12.955286205639071,51.94180965915223,59.49725480817563
64.95102711993722,1004.2365534267202,4.878932876331002,10.771683678860311,62.70794711020706
43.09105477565565,999.3499092368318,5.843101409042992,42.45507755273954,64.75247513339558
32.66999322275514,1009.7047837759233,8.366952357101479,27.041291023875647,65.50459736180147
68.55485486819413,1032.7064074924256,4.743788080849546,97.04708113777909,56.357292012027266
23.759895350157485,1032.9073597924946,16.887587002098787,3.4733236877718343,66.27474818599865
25.216557084306217,998.0424633718117,28.47423522585509,56.00232360909704,60.42906985010645
39.78527969503731,1017.4087252572241,26.882192377014302,15.192032210595697,61.52918983737941
35.54616100345088,1019.7051763345337,9.712619519503214,31.929411157126133,65.2117265517713
49.929050515303274,1015.9379420543746,25.940079651917674,18.39009715307931,60.02135812497869
49.703105022237764,986.21556398241,28.62068884350159,99.51468797123553,52.83141627146081
29.34843645994257,1009.6711608418366,8.825014209993515,3.236206711320766,69.8097204426073
39.72024076078451,1021.9788384188446,27.158546399043054,54.13564591406672,57.4146616212219
20.365533569542748,991.044525606523,29.922871930226247,60.8042714658387,58.871554431906894
48.07710481964151,999.1514856713117,23.93015428493523,77.21678956955529,54.68648075147882
83.71481420505485,991.2090241445645,11.706699599374645,62.598351633179036,53.97766482438468
41.2927990795816,1028.781070495071,18.25624813782678,23.134690678373016,63.469638527881386
71.46785168363317,1027.2192388829683,10.925599474068848,59.803888299685745,56.47793125797743
27.86041430176338,989.3061716179201,29.8788385006124,97.49668766753669,55.418672047129604
20.98277374087636,1021.8302629131488,2.035597131138158,84.84517686047602,65.06993382043679
59.87172176371038,1000.0186837318979,26.79240975208959,45.34971138552021,56.31830030357792
56.91872609296644,1017.7394041077931,2.23644399727416,47.74082177737754,62.81762892373092
35.32153587308085,1007.1352480338668,1.2659346847210184,13.290839762233443,67.2344586932989
42.926796509442305,1005.9588413952903,28.198185496006392,56.9925122835963,57.682096401324145
22.453712554345955,1028.4706646807256,26.018458123658743,28.024339299645142,62.952158107487776
83.82399012758142,1015.0330346066182,10.846852358483972,10.811425542469877,58.465905929831635
44.102615707044,992.9672368520896,28.7259656495395,47.42094054142564,56.874703553688775
37.55651355417838,986.0917426725306,25.85570632990812,4.507128402216242,61.75761557622787
84.37261608540724,1031.3373763656255,27.059486272664138,12.013174342988941,54.4689018515602
23.14189598196627,988.4362273346026,17.853464587758726,21.904398587395313,64.73220749107361
42.762065366301215,1020.374205955922,28.74985608652822,99.06346168791987,54.216920652398265
41.02019695511265,1007.271723442305,24.28746623215621,80.84816002702894,56.495625134743044
41.03780915865612,987.7035960508287,28.198585813111837,54.17583363656534,55.618384976875674
20.919660732177032,1022.7160584174659,8.445328062421066,23.25653842314067,68.91396433448648
94.77373751900106,1029.7466494884022,15.962927019990651,51.89198888498054,54.327335292433155
89.13161592059541,986.6828634104731,26.029884874460254,64.89970860780717,48.32084754535198
53.159444551076675,983.6898855444168,17.391871226001054,0.45639170225449943,61.12875573964443
55.63479482475228,1026.7417473222465,24.03295080151984,98.78936040816122,54.44293682528179
61.93233961231797,1007.5524391424203,29.192909028703422,62.678100052808475,54.96375237462808
58.26526981332738,1017.0994391364874,24.13688502340461,98.82464745678939,52.8708976347593
82.33069530660316,1004.2814185483406,9.46078861835031,46.90657930981323,56.34427054998803
59.07359429358194,1002.6835541038998,3.5609816884262235,62.35073505622747,60.52657597099218
35.105973641619855,996.4812524372152,8.18240477343662,46.14607422184391,64.94114034238979
29.35775094339612,1010.9610485654941,19.883733647984744,0.9483642777262435,65.30794995862372
93.4617146675957,988.7894349238168,0.32833083944468044,84.98917160952996,53.263882863075025
23.870612735117255,1019.4476923350683,5.691561812875005,44.900161050239326,66.77419278672315
91.80484347561926,1010.2186362092947,9.807079354336798,47.093619192677615,54.28539794537695
75.23833537340701,1026.6136465322923,26.256748308845225,35.996413935292736,56.017125497647555
52.37637488949904,1030.6557760920273,1.5301244516234813,43.2656467539011,64.73490197859945
34.97427589427016,1029.5322720034198,1.4980847947163034,72.55507166350357,63.142402590141614
44.83857690776178,1013.0677003037822,16.553476451079305,70.06244813591657,59.04447570483435
62.38989590011532,997.5303867804372,5.332987566170856,80.8378955676464,59.07225554605136
72.54807549508665,999.6443302584968,7.266455404767126,97.46670691763248,54.709939441159065
75.31779399661818,1015.8894835342682,5.527083029380432,39.116523252295956,61.110009627491294
55.78349693838802,1019.1581905663427,17.448214127907892,33.89595178625234,59.87696207411418
49.917927471749586,988.870704427731,1.6664324882000858,49.35250647767212,63.47527887078582
81.46539927953054,1034.887213519208,28.20000085888673,15.438956247763125,56.942502278000326
94.03307498340257,985.9126704458831,3.6941515623848487,75.8029612028625,53.28558678252863
93.15720085246683,1013.3900730520744,28.547865064863416,58.11379250931314,49.44704243292115
64.12966169559468,1009.2063031863254,23.3438709139279,21.134072633695755,59.1020936808672
26.32162540684351,1012.5043497827751,24.840476586783364,86.40350520056262,58.861587675929904
25.8631849269602,1009.3570674913618,5.184247034568047,61.90625173897032,66.00944620016276
52.220455578886046,983.1850567581693,20.089412608637744,3.4039320325389255,61.53014544196902
78.62828119140849,1034.7758980502224,24.512164538893693,19.65168887159208,56.832893183658896
59.78752278512828,1033.9702372631689,16.741066201511437,89.10934871926031,56.00567250453824
70.18898433346757,1008.8393570593847,16.532241237131796,38.10455564116501,57.35997227469811
87.4655251962814,991.4591893437316,4.782400095025636,98.43515857275806,52.788343234345774
23.226846694947454,990.0618149085402,12.426974988106988,52.975228696093914,63.63182332793775
93.90532667453294,983.137669270606,4.516198803799005,20.791514692247503,57.6500297167148
46.471791229800814,1013.6522425258082,29.185732761308063,59.389455985655424,55.893571587359226
23.742988598432866,1006.3030102633677,20.545500258913798,10.235093851367626,65.05417994142046
86.83428289155883,1002.8971480995002,1.4526577719259237,80.75147175000643,55.73478067652506
94.73232207657477,1008.8867337625759,14.303037402401436,62.78402091012841,52.85791883964525
81.48976094970965,1028.006910971751,19.138924501018124,96.39466197949513,51.05654587620553
84.36123545843918,983.8895258221905,2.869211424941931,69.01077906924965,56.564745655152905
89.70466828736292,1009.9249097134308,19.949657259896334,4.915035566549076,55.903818023323744
61.78908251372579,1018.5559292240748,5.3191573746332255,47.64282405352343,61.68252825675598
74.43703038770835,1033.3878848919378,12.236382145806386,53.13102423893735,58.226551900595354
42.916126553333385,1020.6830684406716,18.7666216581511,91.67759658120744,57.40682814334928
39.9760411944871,1010.1462998767095,10.951623631607667,43.2466791556636,64.2247535239346
68.71541173087019,1022.1722797028538,11.426525923624059,59.35135727652595,59.276651921256104
78.76862130696125,1034.8382025009962,25.308458992940142,18.595610469037226,55.84284166722946
51.77124462177864,1028.880389586315,9.277945250104517,24.462614079332724,62.29295559116249
52.02328643447689,984.9002955086294,19.65582971771464,54.85867645183811,56.898519853588915
96.33868543678402,1011.6155372706847,25.47457980740943,69.69845637682128,48.28294890083236
61.47683150179634,1023.2560785641043,4.579475484039767,43.54607009209911,61.73048478121109
98.90274206501614,1016.9531515406795,1.37783937007528,43.26685647154924,58.49252575855305
89.02741333328098,1002.9332324540964,24.766021313419575,25.599428703976745,55.68102749070667
71.17261204811491,997.7344405876596,16.533923748875505,69.81307656215898,53.75641817876003
20.730847434114015,1014.4852714027343,24.831038967117408,0.547287571078825,66.39764857668689
43.674012933449774,1002.6802799198765,6.391069019702865,51.276864030811296,63.01755752052856
53.41150275569621,1001.5598642638716,24.978966687551566,0.35647550316522114,61.054014307253155
72.22519277881482,1026.02080046523,2.8593124174439764,59.346790982548136,58.64809770860748
51.64184584711562,997.3610482751908,26.496091024445203,3.090649159133907,61.26552524632912
86.22591080335229,1015.4708165373714,24.676009886573596,94.00670798976385,49.71696414804861
73.03242172295194,1028.0388390907117,17.020041988397374,47.79537622211818,56.70401954856017
47.77280682124858,1014.1974552678261,18.250196789973,68.40227313787992,59.3518550137128
82.75472378745766,1007.1033054773598,10.375325902743512,85.35984745650939,52.29479365349286
44.247225149586605,981.9416487288531,6.048484630803854,23.542211414466074,62.8904693190888
25.022928578927115,1017.4864904906069,13.663142766447805,54.00539021346633,64.42168009350983
33.804502911773476,1034.8639315005648,19.72356344373074,86.34495842408936,59.83039138843775
20.21923942182336,1024.463680431845,29.95394579683989,53.77736080092311,61.02392863733667
86.58802241956184,1014.8956402494915,24.5175919770582,39.27724962045982,54.22192508110045
70.16867967276622,1005.8029476127757,13.029235099811416,36.88698076136945,57.97255671428562
65.6455448602574,992.3378308413586,22.297435585859876,38.410836009224994,57.162960993146534
72.96386036433306,1018.0660059352116,3.2414250806654596,61.543128833449,59.674731436619595
72.2878660001253,989.7516054631632,12.451081408637625,4.566114551783073,61.75910200289107
65.23999526845559,1028.7876647847393,12.747737461282675,41.53828745822054,58.43717785853169
87.39280365349349,999.4693722987332,29.96471433639722,56.0589128746821,49.504889429133236
55.27576080290564,1001.9888025198968,11.73044891828074,78.6380787433655,56.83956897608869
84.38475576781785,991.882288543376,2.498448086992938,52.999374560796184,57.7745803665693
82.93069477457948,1006.491429327272,2.016838542477739,92.61727351144866,56.16488781723089
35.960386868348486,1017.424996958375,20.951531547944654,44.37729923703895,61.21724712444984
56.30107036918605,996.6528543631143,8.67279268789229,65.07941511563511,59.5259195264165
86.79457791694887,1018.6010677016473,26.067403429715164,1.7581112794190834,57.22225145482866
86.46841534899863,1014.1320217710294,14.488430809608627,23.84480673905105,57.32631463920506
21.9205249766268,1000.4813550605395,9.911171538122161,81.54573463985902,63.29088981059498
37.84400979436697,997.2042316174629,22.77343499261614,58.62150551551009,57.24188793388727
53.90995173232973,1027.3731144089036,12.525975344334974,94.61730610306095,58.56023020398565
23.77234826672875,980.6564254973662,22.12149982427881,75.2876437316287,58.868005221629424
40.84996983157549,1019.374814157424,21.422757930536537,44.96638582502889,62.83029824178848
40.663987110540575,1002.9489626099734,21.696343168241174,77.87112680783531,56.68391427135981
37.165470558998955,1019.4730474744003,25.713656168606136,46.77867816240116,60.41304941311198
51.73271829454447,1007.913216284093,25.451981925079142,33.016887142159526,59.212713097047256
85.04086191341153,984.612335055295,19.938247510978734,4.7096071982964505,54.26580682901132
39.52909129924632,1034.0128792176995,28.708856157969397,86.56233638198734,57.75087152566451
66.56538495930127,984.7325047781133,0.6218246696838092,41.89417358894446,61.491982100135395
64.60624482263705,988.7139166436151,27.912687328095522,68.5170285024421,51.20252935006666
85.43392663233325,1003.1184404281641,4.447602610002272,15.305948529765024,60.26906931493473
51.51995244262788,1031.9542861650752,6.349292060747899,82.89623569517511,60.62232242176817
37.88548945076152,996.1189730116134,24.521971470536563,82.420044603869,56.33035090937232
91.32165191878337,1011.2764177325095,12.013064480282539,48.214759624979294,54.415519278091395
86.63576504694251,1008.679004898981,12.759313266829357,67.21447081076867,53.73039204790567
69.7202943685796,998.1581136701086,7.8368088332709,52.14538418828122,59.026512662277014
27.459150089875237,1018.2982838644134,6.73323584746321,55.226597206903996,66.1683247536815
21.28942633705874,1007.5804281888265,3.18721364474996,88.88015671887534,64.20937700946249
34.60996969130635,1011.8057645282131,5.903136613878532,96.69157313406077,61.25254617253057
35.73108467492035,991.5585481706123,17.002390423404993,36.74989431033329,62.01045958384653
30.899793399046757,1030.9601983322539,21.198266466723528,33.17331262437671,62.871626760998026
40.97450970413626,986.0814077961605,22.165178289257362,30.3807436079506,60.279496709358085
47.0310849005089,1017.9648076459051,11.10369586620126,77.07587938091672,59.13427101426675
80.35507197649515,1028.7242860821484,27.658643289514124,72.28974596306105,50.60144262847178
76.76177109089329,984.6211358284047,9.861841699415745,4.380007604925861,58.11948589571124
28.350345735519618,981.5813613029611,3.334099301954602,8.844089070575578,68.14258223842171
98.16855788270202,998.32345598366,28.356683070363864,64.62049003064708,48.57722256210121
80.17114033362273,1023.4471363297042,16.22031423743359,27.495862422392882,58.63596121257997
33.07466075360112,1019.4551584627112,29.14128666347294,9.15803160649502,63.15598679053949
29.95972567439699,1025.2186396996808,11.809996595493216,41.36637118025832,64.21656925829012
27.00375090084129,1001.8624199771083,22.721798502082493,87.7482829262491,58.19985142472058
78.54309333271539,1034.6567460082858,3.29810180203717,36.63117835134724,59.92587759043806
38.9029248377863,1000.1358357761169,25.62237394779652,69.56300387833838,58.726890699621265
25.837439614657676,1024.296076074909,5.120994163533899,90.05748695761311,63.301571849974344
53.7462087542512,999.294353212483,2.0603721872354273,16.93130813439022,64.6448169716675
76.69587451203257,992.0144074266075,2.932598152594925,60.970173184192,58.30370590609209
44.3645132676923,998.5167990183973,16.721267786290287,90.76592420778726,56.8131280577269
58.611645793438555,990.597277046557,8.756206216871664,19.341309438911303,62.95310074361706
35.41399745520337,987.1010833617454,28.828629692267143,98.87126137883723,53.15658332672868
54.33188166970016,1000.0180149060997,25.580297772361714,36.508352984691314,57.60641210127725
48.715378514010474,988.073680201594,24.099232434817583,21.752581020440875,59.85644754527514
54.71347321500041,1007.6280829844479,24.28915398785075,83.78194514832967,52.22894251406113
57.256927907832846,981.9476724405001,26.720319833535786,46.79089853213132,54.71989253812715
27.383907336713733,1003.7230266976455,25.95630329869111,67.06781794550349,58.69577097594919
27.469468181641055,1032.6903036772012,27.84622689317798,48.960721407555205,61.352965353059936
40.848846708392905,999.7364701633251,28.030989689451108,64.35277979376846,56.45805087034441
29.26066832927056,987.5702732956892,8.949639766741267,3.5368814996900477,67.83019518756971
40.22274509179435,996.7858201700207,6.5869250920981495,35.0180226532485,64.20226557941854
21.963518686708827,1023.5202852333276,19.292943934565752,65.73118593020409,63.482481643864304
48.05915286018173,997.2512502738712,3.69993644776185,35.078058204530414,65.63851740859674
37.07281596346932,1001.0922765321711,6.334353411975899,77.57546200942937,60.492695747724525
91.37170799022877,1023.3832584088841,23.188700170567344,96.08845089316642,48.76507677678696
88.65260758364406,994.3308271786839,19.48006283274369,3.741144785555306,57.175107450721065
44.03350719469724,1006.3059874218753,19.525558658649476,85.5318155245047,56.360939084556186
58.038809161415514,983.4742612481754,28.519154885579006,16.9064017496764,57.374722991166244
96.46336843293614,989.573882027011,20.02873384118353,91.73370942145613,47.46371084648095
61.927709891107085,991.5196019875008,12.924214436861856,94.67927460984521,53.763490045970286
87.87466162943991,1005.4969877995375,8.40997302140792,56.91796046171994,54.56933922895338
86.10998214504176,1025.153920895418,10.156661467620431,47.901212148811275,54.741644462531525
95.30311776781707,999.4980588490121,8.334404519510183,75.8499895309104,52.665652076241535
44.456051452719734,1000.9268266837876,1.0496419524213285,91.80215118610634,60.94753856180306
23.475654099762757,996.5552895861841,7.847220668481909,23.244607206232292,66.7580199686165
28.316298699724385,997.6270080102543,25.061102038861137,38.24414418035255,61.108968330597186
65.70380151295545,1002.19274202068,21.84686978331899,41.75359949048805,55.276337983624224
62.42223777286022,1029.4671806106444,18.655147466628893,84.58212472147198,55.8110204821261
43.876242653923626,981.3406871848427,27.066160984661572,13.691702100429215,59.48984178050692
39.89706379194605,1014.3521931340827,7.923751261732064,62.30441822561943,63.240708958071124
76.75051436903581,1028.8225597762805,17.330533223635197,35.09413035378325,57.242464786545476
47.24022976020744,1002.9328049287955,0.9397927308015952,88.55141253543269,59.92205666802289
68.31614287462438,1015.8002485043606,26.76019636384204,33.97908784523713,55.547476896578665
76.98348692066217,1012.2143018837995,13.432108384549334,97.7946284826768,53.96593260207652
54.43723018398488,998.6247322528747,5.336142897937085,1.5632109013896778,66.99717042873512
35.472501238124885,987.5579815764418,7.179498531157748,23.95536226966801,64.26451924045884
88.86241288430406,992.0789471805437,25.447172349889424,45.73209132433972,52.05801060026929
27.482475939903843,983.1594823754644,3.2641848989335176,25.632458298419692,66.4507509998485
86.3576546339013,1022.0600099425615,27.756082320841873,73.73935111403974,49.482676562905596
86.93436609180819,1009.3043931059465,11.203879673744922,81.45514690690877,53.181823381484854
65.67994121749992,1023.2098465487563,7.532557945870532,69.75079945422466,59.004670391153525
70.35808411389029,995.9608163652737,9.955760812344568,97.03984833089405,53.45003048619176
48.64136488675274,1024.2569676675935,12.269496594643028,45.60380015360261,62.44651463787034
87.3267377701138,997.0062411139993,16.44339386706096,97.97697953768585,50.77961060541513
41.09629484491112,986.6733672732972,17.604224828691144,12.461063044989906,63.48733028298115
64.78208509424917,1009.359590073318,13.43457825259109,84.59446542530193,54.75788884130563
20.143586836804424,1031.9912557014627,13.390917237037755,3.8441288857789635,69.24709541092113
95.18744847374818,1002.7916726967612,8.558993574236043,53.191656642836115,55.1386651007365
95.86372193680593,1008.3463759637035,11.514292792300456,48.44716128770613,55.44106281170127
76.83333481176516,1004.8209176534472,14.01415013278382,85.62996167322736,52.297145086543686
53.85918654852654,1005.1589140830407,17.927640706876897,70.07324402289808,57.28191839481898
34.28888810973143,991.7895414036047,3.92099637016309,44.10565202466569,65.60698621456798
59.397030883227,1003.2365303946733,22.919213838672913,89.56715540147002,52.20752732955765
83.31283778777897,1007.32955337034,20.417136920995926,88.58693971585211,51.420122223698506
68.42188974752207,1020.967215959555,8.963035493507846,2.4731833328095254,64.82867621138854
62.1997257160607,987.6907507601813,13.780318267771856,87.10185792233621,55.29550529784587
87.95553706613444,1011.4387654822984,28.40786943987835,52.65853566506833,51.40212175420705
45.05071487274968,1016.4206217995429,0.6143214642070294,83.89608326644769,61.43296063941159
88.79711761930511,1001.0535960994366,24.340547953916033,18.132359604617342,53.79457319150673
55.15627221906247,1010.2040405039147,15.351741149955952,15.109551937925191,61.57023261711796
20.19310650727917,1019.0908128372097,18.56437475862656,72.22031457029517,61.60841143934918
78.55536061600549,1005.5805666138772,20.535976806517873,27.535769519009424,55.90934821209903
90.22747077161556,998.334300638036,13.680605679630958,55.8840551505265,53.75573246911483
58.748867121541714,1025.3586772361502,5.755788057066225,68.88155387944343,59.56646906817691
56.379829532408436,1034.384928466416,27.287716948424297,61.040750897295204,55.935312371314275
84.43587404247886,991.9149554037044,22.20572268449349,69.89654734107646,51.12321512370283
90.78197975649074,1028.9167111055535,16.78769094811943,62.03572827750505,51.686179076267905
97.95360846318238,1009.9985875264241,13.453691679775053,37.912803116476034,55.069873590960725
47.652023289647325,1004.6357794351569,14.979948850675436,9.049441567271222,63.73911887695843
67.57510133879876,1029.1239727612096,24.706146240913913,85.53451479566024,53.19076006029016
85.83346758970401,1030.0686376261392,0.37510220582958165,84.60082198881138,57.39096844486547
62.5481538818832,994.9961216597003,25.96004982256413,0.5679062535137502,59.63269266270658
56.948266655414635,999.7104749353429,1.402559194119355,84.08654976200182,59.85444177865932
65.75456649533892,1026.8558332911439,18.47739199398865,15.098880607468567,60.60750203057651
48.549359941384125,1006.9953491630174,9.993677174510088,33.286260306393665,62.82827371112807
35.3660875277297,995.8415781871175,20.34708838127457,41.33486417031502,60.670470979413274
25.33048907279081,1032.9196758250382,2.5662874778988867,67.96308488782049,65.66998309639737
68.79846115577547,991.9370945693785,16.68697636237347,9.241548527305177,59.756502742783
50.33074891855954,1013.5685466042954,25.65702652479573,82.66455892134613,55.28099012935248
90.63624026022156,1003.5354031112264,14.83913579911486,94.27477862870045,50.407128938539955
37.83673432818752,1004.821585241835,2.5303980555370997,95.26958686313398,60.18798537751001
44.85693200071297,985.8293494456503,1.1213527426522707,9.183800151895117,64.5654235279188
97.64049889815277,994.1426067959376,18.636040464306166,91.93802535702474,48.15005488842089
64.50329637720195,989.1848401090629,2.0859172837242346,56.78288970415076,58.36066719725092
47.7402434279454,1021.2293678489676,2.1386661632434922,72.69285625833535,62.592371533147954
88.87154590467952,1018.3759419454772,12.763185180321857,93.05967064992454,53.32764938305676
79.47000716282291,1023.675717031936,6.28524955768595,66.09954565914286,57.432231435499425
65.85143471327439,1018.4594583888205,6.125876823201304,45.6739445679299,60.32605548395756
91.12797527243436,987.0790724267277,14.429286448370096,52.511183336962056,52.16908232118515
27.516921952609117,1033.8225589133406,8.424051819642825,68.4503479039147,64.18197821943974
51.55951548239268,990.3684242467867,6.577994826347535,94.4698901255866,57.649198027668945
84.84400830605786,999.2747317672415,15.432434648683497,88.98086980624092,52.126142762456766
50.87543951917293,1018.878249427263,8.726512177168939,57.70672553159917,61.43784661638139
94.13892214093985,987.7246910521574,2.4066130594916837,21.101026907793308,57.865039700206204
32.201690243827585,989.3778412748765,20.482172118211864,34.67291246846258,62.38893510080108
46.930984498661765,1028.2116329255723,17.568240616112835,36.18074982599278,62.98313562324375
54.05940497194506,998.2608222521147,6.363514172757916,28.91740339853255,63.16808196920855
74.95696690159718,1016.6071335016605,17.467391983436176,74.67455841016601,54.2329107187467
35.627958567374705,1027.2311670505649,28.66768982920412,83.59876016280009,55.562267062578975
20.789106830391102,1033.5260400945504,28.694356521519122,31.983089417649346,62.40100838173619
98.12074513497808,991.5657129967948,15.958272309735808,84.61259865482451,47.99408720788941
91.90056791166805,986.7610461911297,2.9408914809873266,73.44374078796595,53.921608802847466
44.017766831020644,1020.7405320202569,13.74556586119745,44.11164796345377,61.59460304486641
58.67846719040799,990.3511003997448,0.8095015095489633,69.86630299108879,59.62375720838189
59.11361683096295,1011.9104611479781,12.456038399254473,76.93383112842795,56.6634810180093
89.53804445010097,1009.2954842012072,27.282565051117864,56.103110426985346,50.02568218086168
67.76481129173237,1010.7957815131318,14.023310722218307,44.31133892764727,56.73307087088734
86.11448182062959,1015.738606218627,16.51462141917663,10.171444692194786,57.94599551688041
92.95953210760393,1026.7990641811414,4.741095075744478,0.1369671119481386,61.491924861319475
65.27625053700783,994.9499945328796,0.4695195669642971,93.72513105826415,57.44694355295717
42.83859741909646,1010.5383835935035,29.801519662967245,26.748477911149916,59.697391889322844
59.89662446743832,998.5176764264338,10.147718279884979,66.29840205834842,58.4874752386302
88.06956869793473,997.5303723923469,8.380499474865463,94.33611585013027,52.38891575283621
66.68953395186045,981.1230752516665,17.138449596716107,81.82912783790817,54.08775894068165
91.65775253873286,1012.9671343646228,22.35955599066655,12.258280424937439,56.15203834551597
91.63488074255851,1033.4878057885198,7.542233939909999,80.19124504453413,55.55609045531001
49.868769603707044,1021.8690980912002,15.723715496657238,72.6393098976012,57.11176710912976
55.84911164768626,993.3536496303301,9.97906876605931,32.939710268723175,61.600572265889525
74.23310081927757,1019.3868651444242,14.428965230490112,68.96017983506721,54.548397377923166
28.88515641703919,996.3518003931794,4.8392974131969035,82.5887225649845,63.82930030690984
57.24457739510048,1021.4507143321867,15.303548396329347,29.14219088697245,61.16692601166211
31.950835611451147,1027.0212800425631,1.4204100819960608,86.90292746807981,64.20195469101006
87.83649473010931,998.3881199581118,25.199920013225963,7.881438406407559,54.92333061393012
95.42275446141247,980.1202737873103,18.829789398735898,52.74544542312556,51.13261603795822
31.323910042516687,996.7759609181618,28.244712925440087,23.32196564605493,62.5634004698949
73.38731403167117,991.3221008077312,17.99195743336286,72.80104945350767,54.31442602682178
70.92345832788118,1014.0238019612242,5.464982526973139,17.486599142830283,63.44083362304952
80.80598408277297,995.9540085918476,14.521522791515801,34.145378917207914,56.19949482638501
75.66237222976531,981.9825463971948,19.94086280472488,12.738575679471465,55.225859882739954
37.370322825231725,1009.2234018435094,11.226700245458368,81.191473895551,61.05923057222269
43.29701233962573,1028.1077121255069,16.579490410307397,13.227478399124482,63.533504126602736
33.21857725344848,1004.8236457896118,4.880655333695975,72.31516059877335,62.91514406498127
93.69151992493394,1000.6963608940498,23.313724752565417,70.72302179572338,49.4381512534656
61.74587720951877,989.8183963003868,27.285899068081623,14.236838716159838,57.37205378327966
98.09289216647402,1001.3060242689104,9.446297346929594,56.605107635172814,53.96334308245207
55.945748114627385,998.2005431032347,23.799941651566755,49.68793183125032,55.87242080500971
64.21785369942363,1034.7207634402291,2.75836580321714,59.45045689824755,61.81174728701438
83.14351375971798,981.6758227792088,7.401134708130421,93.72276325135384,52.29518352234979
83.77789278575736,993.1366607548948,13.856101993662845,8.053702243535188,60.13216675155944
38.49196738391467,983.7745945964475,11.592213723885273,82.05037303723468,57.842970184268445
43.0626292903817,1027.1580071346084,18.588773576782497,86.21074619474167,58.1848666235742
27.824547003803115,1002.9520170783854,16.88954987976519,12.627409032922632,66.20369876718203
84.43716012602523,1023.7948365009595,2.618159551256445,65.61061383591726,57.05386581796067
83.50892173546738,1018.0684752029368,3.9508321766101826,70.2123147889142,56.13265647409947
26.50070465268829,1031.0417369550983,1.5513488208327242,54.866628251820075,68.54903652126339
40.594607254805894,981.3070332960084,28.57820148486576,50.29299582923314,57.667872142277545
55.98936080769373,991.4039658675795,19.360327334537573,31.78184261252458,58.236098831938946
63.34231548663308,1018.6118035830011,25.66753186257047,68.90815862629015,53.12725169196683
61.8035375250915,1012.1873082315793,16.237916472810547,28.554665805562816,60.34385719964915
98.64602301553086,1018.2063137456738,5.815145618365768,46.0023187037104,56.05559854419736
81.13003598447165,1011.6513848502019,18.798026392377963,85.73691673170316,52.19483871647276
29.055025777748497,1011.9561667415913,15.160167902767421,8.954001310625737,66.50866787936103
43.480190235287274,1031.2915714845224,12.245770063676716,52.83702569689203,63.12824817664297
47.634178931744756,1030.6710727867137,11.154158437351532,48.607406052099996,63.684881269462664
45.21184539606174,982.0898170900342,19.50229558452181,37.84813980869522,60.82275515127656
82.8756525180261,1002.7517691878899,18.53284958983889,59.75296928382908,52.61013895648417
48.84490123112375,1008.0813841967997,4.546978741167394,1.562650170645652,68.73444472778077
59.39413752708078,999.6847462438146,24.4866616150338,49.246957495019586,56.54339066092389
62.676333427414825,982.7257130837893,19.08273734932745,48.56905404317594,55.110170794365516
41.63389386306464,1005.9764084178146,16.07425399222031,51.611229164230764,61.196368616184806
45.815663742424555,1033.6633009150275,22.467525608296924,21.244025631713537,62.34138534060099
82.39980550565865,983.9716204311405,4.609991001684529,20.759650057094202,59.092354143261495
89.33463711251564,1024.9173134608939,27.591484974803485,64.72025582623911,50.35831723096347
22.96640821653689,990.7608912962094,8.117616139019677,9.272750588997392,68.97601521676972
68.4123648300264,1011.7237218939091,7.882721191833534,30.592152257775584,61.353940694463205
70.67484094194293,1001.2866887133262,24.44707653978483,83.08159265355876,51.22260443832597
78.98473612380239,999.1954540557606,10.01973615467644,10.376377081321497,59.35638791264003
75.50774185695414,1027.8727482052723,24.921246638308705,46.806598935267715,54.35390694261437
90.19395929306573,1033.5411113623973,9.84029624707459,66.86307477945303,54.86360453717811
26.277784980129255,1001.266691568634,16.52063951936712,14.164436104768585,66.55484186552627
51.06977908237617,1015.2243855008188,6.9253482836132925,31.24628640464947,64.67950334930096
82.56715585121384,1010.602756221098,21.945611117815215,55.87561807982272,52.91115328554236
87.72640095422074,984.2306881022793,5.008233114429002,32.72278548967431,58.219529214787194
41.181475062452655,982.2638490411367,26.982944582864135,10.993777791777791,60.84144945687043
66.82272352321135,1022.5372710752958,11.149464912704595,23.240636209139897,61.337900752556784
34.46120123874438,1001.6993840034042,14.147234449238308,10.94153450149965,66.98068907234514
88.07154798793998,996.9165779209428,0.72065681510315,98.35557130458021,53.88061319290297
78.43441192408308,1034.20705214535,29.273698982570632,23.564860381306683,55.291192325075194
37.765206319931046,984.6876499030967,24.39525959305059,53.055397063038036,59.04803914377716
69.90185222524714,994.7984403495686,13.410267218038861,42.85219099683933,56.54123548790865
60.745630079883085,1027.1240919915663,27.607840172322792,56.95135964159953,55.33957160414473
40.706138497303606,1002.8249316878661,27.931789074680662,49.80911119868018,58.248812935964736
91.44980811835273,1012.1335904278408,15.991563648848096,72.71618406684522,52.528183855777584
31.827143815586716,982.6610195866708,7.015523744201115,87.30138970481875,60.987226961251544
57.39678421189461,1030.616054717228,14.613310039303586,28.529938728966897,60.64816003190769
66.62386277208039,987.5305298346705,9.743958212825293,18.36067655243159,59.894835020577375
85.88365170616447,991.7351352903771,13.439568870317917,98.43398476809011,50.207441184854844
32.01439298940669,988.6237918560189,27.34176092364226,86.60724599352973,56.17203198265217
68.7339686558768,1007.3625301911586,8.455037577872313,36.39182862962825,58.92176066069707
20.52477951158818,1024.9269629400726,25.16900384056321,89.47868065729791,60.59509097109151
85.8065051387545,994.6807551549516,28.059031625155733,67.0546311353014,49.78745247379105
38.77859593138251,987.827624268941,24.151583626352256,43.742064001073814,59.387633332698066
77.6732251160835,1002.5456898578907,15.817600309166304,87.34219519460514,52.370538023439224
68.15022314358494,1033.991029575742,16.91931936361018,67.52827186331977,55.350357961090886
24.010190636616606,980.6081943353149,24.58904987159859,82.64512228572865,57.93657597777268
34.65840128571105,1007.719887408283,1.3350244042080939,41.775974305230356,67.032788476891
41.41925567101752,1016.815246933415,22.07789972360506,79.87154527838223,57.427910472732805
90.93821503915015,1024.369641528705,15.866024645389263,36.69269391940592,56.28745823908134
58.46427109380964,1021.0404955742258,11.914123287853467,73.50790865007168,58.162955664892316
93.08025744842452,984.093520353858,23.00783042048481,43.5530541846248,51.722321150864644
23.79599204331793,1005.4028744780356,7.987416830696246,40.5194604817745,66.31972335150871
20.525109897289404,984.3312268675694,26.86601183143696,79.66329488715273,58.50839381632675
95.859729656426,1014.0920427012577,20.654633349421143,12.503678154392773,55.715270260312856
77.91335253606282,984.2367352033252,18.304667689057933,92.82090214905931,49.81629583725076
82.66534385709222,982.6628144338956,15.693608825965473,50.86807323061816,54.43171650760334
93.26444912813427,996.8315479435751,6.38272975891527,63.60743987410245,55.042765158227525
98.76309538387967,1031.6357506476404,18.508348785916343,40.52614928599543,55.33409678918451
27.81697343295758,1019.0498093913818,21.747419410574008,64.58746494792665,61.0425157617185
32.66330752976848,980.2214290983705,0.3506915359067797,70.98514498098689,61.863511547870154
35.085875916304914,995.6600401911194,10.992574430016056,86.84773354970054,58.44288856983811
85.4734127028427,980.9623842507175,24.97392291862962,85.4378714587408,47.62924797809318
48.443993055939806,996.187101786442,18.966323803103478,35.78147000403964,61.00272424152929
67.46171577863485,1017.7020696812057,18.458113152714258,61.585287097310434,57.8048766605984
88.41775296011845,1021.7878269424384,6.85838055367901,78.05772983929774,54.32447403309878
74.65278718036026,1024.2259294256173,18.96266200429592,76.48634901018825,53.9541470702976
25.233231517879922,1030.0494553227236,23.5845020188653,89.09314488955629,57.328422013630004
55.65390853798587,1000.11862793033,12.052691545875353,83.19435395305138,57.50903179925792
25.400004128583056,1027.442874432571,5.4627643602914056,71.7855926221177,65.28670752524327
58.30748357484473,1020.0217801016062,2.318227748856838,74.88552349145273,60.28432514316623
37.54421723144005,1009.5765716819382,15.170869993453046,80.7443756421509,58.72830765281083
20.104655962007747,1032.5046918109497,20.515757794498693,83.78885106523653,61.170517951743264
85.0521433433636,1032.125751307209,4.879177827892674,35.26690287367976,58.409873909245896
97.55062755222878,1029.3682354515383,12.643308748639761,78.1810733836197,51.438214839499885
97.13061454167324,991.1225027139998,17.059296274331242,94.92089863073983,47.200312271620945
43.9348155010659,991.4337711901428,4.675752717101034,23.296338827113384,64.22093329273736
86.30188880502746,1029.555162344817,8.096698593280395,4.823495839853564,59.902752568859405
74.3021521131934,1001.8852232995466,18.25240158258397,7.239629145940995,59.24946830276966
84.00611122394692,1023.8594343108007,21.750718218556173,21.671818037377577,55.26217330479692
87.69904386100215,1017.7817340931566,19.079802130256912,91.9790366610396,50.386296518298366
98.42229912410657,1021.9296235831804,21.409026370511178,12.679608388349472,53.8736504899789
32.13837101336356,981.4450608040881,17.445134366250446,74.76030443558184,58.25274783564073
81.57968191874416,1003.6476414601013,25.07498734151462,86.70438311189046,48.83016525793115
78.73228832656034,1027.1401428172258,24.80207912614428,87.75210218837566,51.837165383563175
43.01886701508139,1006.9459104336601,23.88742601563304,41.67485849112248,59.373125933366495
51.40700446427588,1017.9573655105096,17.26374366395493,49.52617349823082,59.13147753509932
34.14064381395944,1021.577354661957,29.823906058142448,32.324885566441885,59.896737340324776
93.06185544686136,986.6417109275467,1.1733604145579324,14.734438987681065,57.95882832224468
90.34685798394172,988.5660062536449,5.869592997146623,21.217127487341536,57.25115512357959
69.12280116811374,1019.8504489812562,24.26631879046112,13.478514207200265,57.131484235877515
60.93039999077652,983.0013802529256,24.78877556764572,40.75222681672758,55.37542577545316
38.6310688306759,998.8042425267839,24.562584637231936,17.034558339886484,61.08784259185349
83.16828456239739,1030.494597749851,26.18141808178251,40.34007626472436,53.348601162541456
20.65639298563137,1011.5895713573054,12.678238082285127,85.11891287399997,63.376632495569844
57.02293532576385,1030.0763203556762,27.95500565809601,65.4515628177051,55.22951481690123
88.84409417010855,997.0179048310972,6.275114349734549,66.2751780095645,54.53764209445188
69.47882675462024,1015.0144525025403,28.108454671353236,81.1866077287529,52.682296169938965
70.80982732573031,995.770852481161,16.70035558875345,4.119350730697125,58.61773077511374
25.656594049555537,986.1116988587642,4.9165221646754365,79.45108947770535,62.62113153453069
42.93637835567242,1034.4882422995036,22.082313208891012,19.634884214127624,61.608317864500194
73.90897644769456,989.6927682198288,8.876377959076052,34.59269046027924,58.571073604323345
23.969384100246618,990.3665405168479,6.613727494065027,30.804282355401856,67.3871946299489
46.47486027885076,1026.3055102903081,5.162258090798863,10.56555479052359,65.00526188608373
48.31556508478955,1024.1230341955452,0.8821594210839301,17.37099209677223,67.79536046630855
59.897471122739475,1033.7806425408971,22.939620403900662,95.63471968931715,54.22975314019279
48.990020190773095,983.9459208495151,14.595128185987333,60.027225679880836,58.587561676378726
56.329402997112254,985.1769075979673,29.361964409004234,47.39717612944735,53.8319236138991
63.759787715648216,1004.6792697301373,13.178147126648934,75.7794782524617,56.88386241558552
30.26782732292297,1012.5461087310417,25.3005164560979,81.37393757112773,59.47293976055548
34.43803317391976,982.0916050619919,29.04283899104904,11.02628539055467,60.64915561142643
86.60087954845423,988.7114387809239,0.6738620887317237,74.09054154641048,55.20865499556745
56.781435397583806,1018.6834504498989,3.1595667194953068,93.2396538488209,58.99925594059716
48.41216590771548,1016.769687545511,10.4359130934547,58.54360817691904,60.79693002463503
54.71052113453433,984.9327411973237,26.10348563316888,61.4156951487997,54.60907301688626
33.98548422495968,1031.241640185268,25.138513402909894,87.0407290102308,58.726753086495656
39.18778038020791,994.012009276874,11.002050722556453,67.94825593918637,60.64289032608848
61.24188340532275,1028.7976855562456,5.997120922233275,99.52675116626834,57.736243915511274
48.71411970411715,1030.764349380992,24.069626454477167,28.269363602310303,62.271049051186694
58.0364882404169,1006.9538340823258,17.907437671865434,84.54805779343398,56.50342160408493
31.976373825723144,1002.6581579807981,0.9480140201978648,61.240922087718374,64.33624804407205
32.51746658584254,995.2975379377598,24.12647798161292,36.57355405859707,62.37222990943347
50.71544157061035,1024.4060099322705,28.70882599077879,88.30596705908978,55.22875890968793
50.308610615631736,990.8123717914532,1.2626097494804278,99.62462561099986,59.99609039483991
90.66658748198294,1014.2168512321996,8.576208084450572,5.7849368825468765,58.8614417874885
22.676110459105388,1011.1923726598288,24.583949275438115,92.55227566662934,58.665352518074776
99.42843533220346,993.6892243196394,17.53949048059058,20.311100262741988,53.51024553292214
96.52184473812015,1034.067594384463,29.680686739814224,20.51880219064991,52.919576028636754
63.38007605263972,1026.5478308551947,27.465090120041545,4.1756091937605655,60.75600247147182
77.50062095640217,981.1290634887084,5.3481463897749055,92.21877339216589,54.01757749859517
94.82037259853962,1003.223883316132,20.2208479391824,75.93980389483715,48.399563968478354
40.09551246828697,999.7434560316769,19.5986094022586,5.344918720596015,63.349677870423584
45.25044864512868,1028.554509265732,3.325718386655633,63.35352094020658,62.93127666676413
28.87397467184926,994.5472524127867,2.685568099350143,12.013443941842738,70.25018041871513
65.10768938600435,1034.9147858274125,17.083323511220318,75.14052214522088,55.697873968378694
32.755870053641814,991.004377644729,12.089193905513802,40.905384295443056,63.106317555571096
94.46964931178836,993.4136522655673,16.363377456278027,5.177683362962959,55.76297137891518
54.525347768475925,1016.6344892334514,7.164853647279288,82.94074490487337,60.339789613855984
93.57493809605407,988.858128031664,16.699891055211285,57.24132747533886,52.53210862882449
36.407992130725916,1028.8841213041492,11.501859054126763,77.28681786366239,62.090137636094205
75.5229179589065,986.0461037672449,26.626125539811703,67.45308510669328,51.24694413051962
71.80736624429045,1034.0824580729704,9.182599879866908,43.43961747050934,59.993438863704796
51.974054436066275,1028.1053720773982,26.12503662378177,69.8666459535061,56.268434540721216
91.8674501684741,1026.1811078613628,11.699770882605694,1.4753460913559335,60.86839450722077
54.7841640737805,1002.396953448864,17.34497665865865,33.97375589820243,58.8104554298757
35.87444243716139,1008.2502911793549,8.591311206292385,77.78533960269276,59.36583160016932
98.15883049170368,1005.0996838475168,24.272668507790733,76.30619068136954,48.66191719840094
55.3185122398847,1034.308481106233,25.30939662029322,88.74093672096532,55.77011914630926
36.645838214218784,981.9154267839763,24.27151131652277,61.104552035820745,57.971941937855426
49.09061283851429,1000.9939936164446,19.195094174622263,94.21968020942039,53.75575237387224
69.08075652297495,1033.261357623803,9.143522919251247,55.7712206616027,59.81741715868415
60.9622028489098,1000.3164618386763,19.094648993041112,50.04540067075794,56.23912582386412
70.80936182642135,1001.9110830567175,28.78535032250731,19.72166089607156,54.65406706529971
72.94858228147817,1014.7215410529501,19.451560613478797,77.88364191746733,52.7707736445405
29.87048253702703,1029.8997843173022,28.69179022567935,69.20571548710032,57.71909015826895
45.190797117882354,996.1987190852674,9.137413582263097,46.07606846614418,62.261560608680654
79.89607926306144,1032.1182970030077,25.380032120037193,8.71087481047752,56.74017113148166
72.02937993227681,995.5408928570506,21.55405450906904,12.570238078454455,56.55870062950032
27.067866946086525,1024.8466956017785,24.57612259899519,11.44611959542261,66.77787044799612
45.21180683982735,995.1710974768412,21.3228890016638,37.5599308089196,59.26444969557933
94.5057719495851,984.0141009036693,14.410885955119305,15.897757404680203,55.35153227206788
88.96101247067531,1024.6766400763624,20.597249400865152,86.08420992632065,51.85008856438757
73.65142820636177,1004.7542013353932,27.962697381295257,89.93461204826652,50.49900482425583
25.829105642914456,1001.4911917720692,12.526235514912731,85.67690646256908,62.72633505363852
68.56441492701751,1003.6435635413922,28.552358768188824,60.885493843532664,52.29526042443799
20.975050547169456,1013.6366956468332,1.481999597776692,59.635539847670806,68.0958097939236
72.89011241357547,994.4481400386993,0.4251804581397345,89.09240864758277,57.00315159388129
78.49692392052441,993.0500992794986,14.81408558177576,40.63081606638055,56.789508490440916
59.77948956835939,1006.5891570658055,25.455388564734275,6.234431919088445,60.109539700631736
20.304531552081492,981.9598353195687,7.435060779911088,47.03931571151679,64.99323205367745
73.3288094723111,1015.3567166079165,20.802715675434914,55.371046263105065,57.243326145890705
85.57920684311286,1025.2564243035952,16.40714912619924,54.945214498017904,52.86744167084495
66.86939743849382,1020.0079235410007,8.723853269455846,15.900407951108308,61.625522455468754
76.73580037854067,1005.8116368369659,8.573801811665305,78.3412973328587,55.85624557523587
27.225708745773602,1011.0964673423217,2.1982860233181576,73.19669092712489,65.18721377075471
77.22574813409473,981.4399430047124,16.0864206922233,22.985293373080495,56.920436558520365
69.13543696332923,1030.1794573973225,13.50422739996133,55.1229279727182,58.623420496491455
46.48157800246676,1010.6934405347221,8.682690548940256,79.03282086868518,59.28798219933115
74.82671962438516,997.4025010131622,29.112970751100807,0.7684622974177269,57.00430357995923
71.64663059275361,996.147028162974,24.55424247144027,27.515480679055216,55.65573347839813
67.95681919991314,1016.2811947057884,15.74852526907402,47.203786775337456,58.86505807113234
34.635632265313816,1012.1380900831141,15.651127446703455,84.5031600224057,59.37344704011837
43.69773798069636,990.3313417472561,5.80835054657594,79.8967269870568,60.589012000070134
99.3106217412588,1002.5455514311923,19.473817114116773,15.099252394785923,54.63880609434026
54.64873392492956,1017.1899750869075,28.609064797090014,46.27418937455297,57.36023128595369
24.754121884394884,996.3710103576827,26.948685322823117,30.46367091737269,61.99735509099948
91.92042486510621,1008.0102114914915,2.5431308176530165,40.14336595689192,57.45587810083112
33.834566993997356,994.0183599126016,1.5929157193742727,54.06248117973406,64.34231425792952
52.28158555711971,983.9424829587181,28.837351380844748,49.93405641541294,55.70033131642015
42.23991307687975,1001.3535173320724,5.997175360308214,14.157463943331361,64.56840916573219
97.11003625294104,1020.2642498350403,16.512422621138192,12.168812270846697,56.38958232763656
50.247886312783805,991.7617737600074,2.241294178287989,13.026890684309734,65.83744883068353
76.6973571128284,1021.4976877362966,25.29892672296859,84.12882829415533,52.799479153787296
67.87063775456559,1016.8220784891478,3.535935347597948,1.9935354890541324,63.920295322832274
23.438013728148288,1007.905370355755,19.31271444297931,20.24046335913604,65.50327164161546
50.74517427997392,1033.4300621144987,1.69883940538047,95.58917781176832,60.780832507874855
51.201757008509034,1028.587800006164,4.700156293315728,6.602133323292813,65.87519745676863
99.18666603236093,1010.9746920903805,15.364232329299755,3.6321447812176166,56.424952297900695
84.95429608468402,1010.6778931156849,1.3705577531719038,38.73293247425138,58.16945252498048
88.53234208972174,995.2774215641335,5.8683832116569565,15.12005628201284,59.62491695229828
45.08169360169398,1030.6109129646193,4.085169096274996,56.576355005785594,64.38736594076865
46.324369209067186,1029.2760699788796,1.2172509236550133,33.85809759176933,66.55468244944889
61.248456674862304,1020.8131307375781,29.129903106492378,20.896941261575986,57.181456997239714
70.48121061827484,987.0335135739933,13.504988505381014,99.86017164717694,53.67910986609861
78.26347904920264,1018.7005274725411,25.76807473756434,34.11041224626711,53.96980636839708
85.66414846289504,993.9212674712982,10.74668277761276,64.10064486395824,54.132521790651246
89.85617754724433,990.3845386999623,1.2777590845426423,87.41130398055962,52.889257011012276
21.97007286672327,1021.7566429798075,20.86961313391653,92.23871531983777,59.83168729921707
83.68767064415468,1032.7853116035774,1.1626257368381099,41.0127303278926,61.20343113480298
68.8669591834427,985.9898148746753,16.58346665402932,97.61562579660522,52.53235829153995
62.56678235739757,989.0186831002965,4.173360516646186,72.45653183985243,57.599048147965426
70.27730694866669,992.0578968628176,20.12450919759398,58.327575131637076,54.025728192169936
90.55505966153507,1032.9601091480708,26.781117075414986,69.32793327116063,50.19004945666678
63.62327154460513,1018.3019061377515,28.67291417050353,36.01377731450705,55.47181501098883
32.975040471917374,1017.3058377626954,15.833290540514621,42.44053837063372,63.61048278035886
54.9421720156272,1007.7764740071545,15.981111644761574,58.626905376236074,60.13135979941147
93.95676268473692,1009.5677680611996,1.1483714047815563,32.683412942707605,57.939886762214165
85.15870055258036,995.9595289116631,23.096284286367077,76.88117415554079,51.68386411542637
36.24364811319449,988.5001419679862,28.686252465861887,25.108680062791844,59.92030804000199
77.1315000618374,1022.9151486752122,13.147023714617257,79.68055098088142,54.943416117794996
40.498137719138526,1005.888101848412,23.810762907329174,15.215733778438334,62.19954498909479
47.88295975922224,994.0804779862887,23.923694707588368,21.73908677716844,58.50364245827923
57.51338911806435,1014.8029594193885,23.571025703370314,75.30939205312629,55.41135624381724
55.269570228855336,991.520257653368,22.760428991963717,26.31415610381753,56.629504394432935
22.34238613441154,1006.8826977707006,6.452902100207869,79.53942519079669,64.11494818727596
81.92073799841324,990.4621053173369,22.54274610489318,78.38699966561087,50.55395696861659
87.71087953347572,1021.7819263470005,4.3318614342797614,25.73012392225995,58.34533792769862
62.47545917434634,997.6441044390442,21.37509109273683,7.308101612795371,59.6578411279084
33.83608662947509,1004.2934428893237,0.1061636346490491,16.6360581285678,68.50459340713418
39.835042038827524,1021.5184679309748,27.564751145037395,75.2526728467616,56.85113104765102
30.10673686073182,1016.2777998733171,24.821664353807762,84.6994205494568,58.038874653876675
33.560500346644275,1001.983676944557,20.488903821870743,38.30555120808062,61.387355514101145
90.11179150236711,983.9065400131951,2.83403337209264,16.421883124025793,58.877793540422736
58.41302327279966,1030.688384633193,24.749656546779494,7.546974939076135,61.36694024704395
28.88107742805884,980.4358846913758,26.255214431821937,21.581602519210996,61.4037793361396
40.37962095909496,1020.4026778356343,20.639634105704534,97.96848609457912,56.72157508452191
95.96011329840769,1031.9972195518535,29.276599023203183,17.02730166304578,53.72386593116401
60.74125521114193,996.8669079639692,2.786381053718662,8.616700531945899,66.1932310605389
61.25074370565345,984.1493295288182,21.259487457806262,78.54735229339902,53.42545725987336
62.05158910412547,993.724976128689,15.743881039527649,61.54114954165634,55.220179632642385
28.92934514944775,997.2380057898737,4.368183864323045,53.48213507723067,64.46215165850539
97.62509269285184,1004.8226155259433,19.7524233983048,44.78525519567009,52.5101693825471
26.758859787857155,1008.8881500371008,23.98584675380283,70.18412875140862,60.94060446317629
76.00307368698907,1019.8931637161716,4.942447234235601,69.83549936135127,56.8162494909301
24.621185516599038,1029.5503356991253,23.804721316325296,42.44259071794296,63.107512155760354
55.48734163348207,1005.5636470150886,2.789118680091164,23.42278450313916,64.34377107698629
91.97426184049418,1021.0480639521006,17.742003331219614,84.12634560270817,50.26511792781708
81.47556339080113,986.9959411636692,23.954103283136472,16.462230260078513,56.18118556876758
46.7740817306563,998.0830759116768,4.378705024289746,53.40063135258557,63.47174451035595
64.10782127571994,986.4943573817488,17.145572841436135,69.26741155481226,55.29113764082401
33.22197244945887,1018.0457652723544,12.746346417977252,63.88769649965699,62.10500884446227
96.48961915397103,1029.9204950566582,18.218261615388425,61.879433053684416,52.983438620092166
76.6941874998931,1028.8981974028259,12.726651012298943,66.25061951460654,56.58123625299358
49.94350087813332,997.9546592204008,7.527356067663138,87.56549164755508,58.18994973003563
45.43476761234224,992.8820692267295,7.614326970791243,36.53925709863981,63.85051991802747
39.09109996442243,995.0727659140033,25.941005610921682,62.74365066559733,57.729888464054454
82.92156394028835,995.8034041803473,4.693629538593671,69.69666807822159,54.31620711214925
54.76914003291289,984.523516626517,3.693427536399839,59.03265535401836,59.725819318038134
46.41737768355397,987.3339276702574,2.9123743111638634,90.30026421471024,58.51512405801618
92.4177397632174,991.7966006187423,2.224642990418617,65.47787618179393,55.839772624825144
32.01743580571684,980.4492951513639,0.4347656733545413,42.44290778166025,65.3495135627292
41.1068395251158,982.5976498299887,4.812175078943662,84.5587101144206,60.671877019528125
47.58125699838801,1018.4202652243098,5.7818230471005165,48.956799764601186,64.97512056528258
40.78811884387381,1014.0628063823262,8.091721807838208,53.01632739043748,63.81536553804595
66.83224329768841,1031.9982236300737,3.7211844041273743,58.22795040222516,60.33138502895416
68.08248892023445,1002.0966418429931,2.8246756176086976,32.27846871379035,60.98810490392367
24.3799177986893,1004.4382422890749,16.24430177100467,72.25398325950792,61.434069943307314
31.56232512518594,983.7254317000842,21.560593281447172,9.812618711327348,62.61730133112516
35.88230051034759,988.3737852753554,18.905615320997146,86.88492015914964,56.55982327864635
25.626245481201614,1018.0384063647753,16.701191068835925,75.45377522551885,61.02202790154314
29.980959143945043,992.9271853446712,13.216913164349902,35.36318019459637,64.512428676099
39.172111118849806,1022.5302546736308,19.019407443173787,22.639310502720377,63.04271038977884
47.64964859102152,1018.8124042696163,27.056003121839904,38.789794553136744,58.55763742739876
83.30472096500534,1021.0994324419111,18.822552644420632,80.50525774819134,52.5775595814744
37.43240631114599,1017.9820444469502,1.8258324598412623,3.1570793142397857,69.9771863189749
73.60206651546787,1018.9214512242298,17.112566649396697,46.79242568922521,55.15156393624432
24.63048156677795,1010.0739737482668,15.726433742148718,25.411021287088666,64.36523039364579
72.65927410429926,1017.3030378324568,13.560697425470401,87.49513999200131,54.094619271917566
83.57753645241661,1008.9398638789343,17.063859300094624,41.384157389516,54.352414279473926
68.3846359075704,991.3348714386498,20.17852988416302,69.78983278806123,54.45150904015493
36.11138322999068,991.968416180451,1.11780279293355,35.78924903331544,65.74835948925403
46.432641108992485,1002.291648078989,14.40602681977504,32.96996681710821,63.325755532952044
84.41450790890096,980.7654581064182,24.516840993095624,32.58728741691625,52.441914992352444
54.557751399300486,1028.9113265900432,15.923316092482507,67.81746111659592,58.81346260262521
40.418771834269805,994.7546413673458,2.0357336855315045,96.42408935724865,59.97086113951075
94.61532292604312,982.8345934391449,23.252099732882865,20.814475389782984,53.03297993690245
70.98838852884725,1003.3434084618982,28.239946721881413,64.39012346666534,52.681962073121795
84.45717684385758,1024.8578848710695,25.555318739979825,26.54344325611806,55.523633905278984
21.960150792504358,1001.8544009567809,10.877063986922531,54.935005234134756,64.55866238716348
47.146926653047984,994.4475685030345,16.044715160563502,54.15988506671559,60.37817172765243
56.71175219063976,1009.9696310490835,17.73936469091191,45.00460193620689,59.09651789948458
66.99372433086103,1011.5909261177285,21.473957589860216,49.8644147502154,55.54241433438361
35.197750917610485,1021.7554328857775,19.982063751205228,88.02311481464378,58.0443836410575
59.8362842175347,1023.9864456545962,5.972143997048073,8.860452519433304,65.36520104300268
74.85002941517502,1018.8414261366041,25.29115169292663,83.02831410221562,52.57250748885597
47.67008453536193,980.2496242313836,25.475471796836374,46.231333128603815,56.09444771587465
75.31537624304472,980.1143140244009,12.130547207353896,33.35940356999484,57.806661826237615
51.17232322974725,1033.7597492433752,3.927440976278783,17.714597443906356,65.08642865013101
57.55707218974196,994.531280748648,18.25700238775972,81.48064585899678,54.571001518845975
30.74343204578133,995.5292717769685,10.717797838110316,59.204223153612,63.18565571878037
72.10196528494436,1020.2732607640949,22.241718861433604,72.83757209067844,52.93018999766267
37.942055041869764,1011.9872139175515,9.469713153272465,31.49632565649625,66.07364915763598
86.30801032376739,1005.4960439383083,7.889978274867367,39.29592622917767,57.644335487793946
64.27546968375655,986.4041834038721,26.031311147282327,91.36437288252,50.05265080911738
64.82053996921637,984.4818216456275,18.474616066729745,96.11822854373818,52.872452072606336
92.9981217930967,1018.6992751698378,2.5797493004674554,73.98421789662738,54.17828324772019
33.3922169047589,986.8532466493524,20.680885417462893,74.94260152900299,58.30262757436976
62.418774230213295,1003.9695640251667,22.582006542039156,69.44002770699375,55.297118334009426
50.57640083567101,1020.4869340251697,7.056108402999206,58.720993614057384,62.33874944680295
97.30592600797416,1030.7759418349349,29.02969042884072,59.507832993933796,49.54801834667862
83.41712374784403,1028.0472333382656,11.185747396722546,96.38028903639676,52.827028947792435
80.60006917032432,1027.521851400052,28.217215492122,75.09115267716196,50.02302745929157
36.32970849077517,999.7173799394499,8.8085077025918,65.5341296096433,62.2404562294495
38.985859667868496,1030.9943942666048,18.275879435472195,18.90696028792601,64.95396062161998
22.334466191346305,1017.6014277370823,15.527095969093876,97.70739747605568,62.30730246617643
71.08282895539647,1028.7568226903563,29.76475631811475,52.029336972403385,53.51940641806093
49.666830547054474,984.8908511983764,12.250668280217834,94.37132297461808,57.01056804785818
44.96325554994663,982.1756987540965,5.3787199043612075,71.35575375715088,61.100980199190936
70.9624980408724,1003.630551188248,24.996265893004875,4.008083929456974,57.549941100048876
86.29500922052361,1025.540830903724,1.2613248559137002,53.899549975496306,59.02685946514962
30.64236367945543,1002.4693002887096,26.548680865260106,89.26821186053077,56.07070694284353
93.49291631247746,1028.6555923901187,3.3176848025535444,5.178068550843006,61.084236354214156
22.741698327704878,992.9125372411809,17.160373139100777,86.67275503264962,59.91229825685436
27.60850721881072,982.1639274253988,21.402459531649388,61.33912922210016,60.24237560874699
87.05025112975795,1021.8707458143548,10.089700217834597,4.452726202053736,60.35718365530379
59.41630614540433,1014.4392613779694,25.342243197218572,37.35983306686712,56.917799380819964
95.14038834167016,1004.2049806689524,17.811149081869953,3.01705942440077,56.19525029376937
56.93223972729765,1026.4891729743906,11.85467671116571,0.17162977563409676,64.43942511491326
94.08983887646201,1025.3296638417316,9.760905903687163,89.64251295111764,51.41651436456708
39.170370050455546,997.8493820884631,3.3602470906696746,74.85783008770358,61.913907041354854
69.3159698214861,1026.0885644881937,19.21090682882602,28.947200714947197,58.06440524215242
99.55744023566038,998.9837126886232,10.921288389993805,11.371053057344295,55.48404145987967
50.08502464461181,1014.2046550039433,9.616816456169895,5.4432582006866514,64.57270867264073
20.116374760710364,990.5873680726168,28.498439471574113,91.72223307171551,56.93704450544391
25.124176438563115,994.5305701089162,8.183927670726128,62.555685219270416,64.00617889034802
88.72476828373694,1004.6332964004156,26.296953320906233,16.05588876649,53.022966806901074
59.350850812375,997.3027824206557,29.246880663077974,68.14619634479463,54.18630725285662
62.93745587101633,987.1028343743941,24.682198464806223,99.88907161325469,51.3724978619989
83.95408837405552,1006.5277568492088,0.5855118978740048,78.80274203907581,56.14923955442847
84.92632069940511,1008.124657586142,26.058719701174116,44.653230698830704,51.52396034195923
58.19370463883652,988.7288263190867,6.402460116543153,81.41766706144284,57.53603036136789
88.64486214147054,989.587231795679,10.598328775524594,74.43066819104128,52.46411782312136
57.47399666717415,981.6140892000226,29.74749578585458,8.865319779397485,56.632982098637214
74.00170994992118,981.6692842043103,12.149335783368281,92.56966253051806,51.794203360969526
22.668946484923733,999.7247164022085,19.6450467202446,88.4103247939733,60.21772535956668
31.039950948936195,988.0658786240491,9.321575613936435,59.055952300663236,62.55257316781617
88.11360298028926,1030.5500404951247,11.08286006004991,50.81492057085736,56.8775083765196
45.049473784341174,990.9677794997541,17.928759853688174,22.77413760641238,61.56663332767595
46.77951524756776,983.6278873210023,28.448572372547492,83.44578896099743,54.14172565760113
73.03929577111586,1002.229343476607,8.473666943932685,43.188640958033254,59.13443279168391
67.40305205839562,990.5856267422,7.420980211294311,57.93066912111566,58.3965959794138
26.575091251919094,983.3973136215902,0.7882368094134384,17.00874849721956,69.73796795877657
81.26120274011947,1021.4000108231368,6.063264099359297,21.382275819043606,60.52068467043873
69.37779436077747,1010.6404173219829,7.872376646088321,98.52013242242857,53.973454441530116
88.42654822853368,983.1355938957844,1.886272709350587,49.39999698974222,55.56970148268028
62.839752803916866,1005.7410421465144,16.908263361077132,81.57428784034228,54.52843053080737
53.145986878683175,982.135809910609,3.8029308172520473,82.97300025354333,59.31851984881614
49.70723661786165,999.4872811987718,15.332291969759593,98.15103305919716,55.51820579975062
20.353514099679906,999.9807698810284,5.669439572335549,98.29040154843145,62.82985804239031
23.18273781157516,1025.2640650511864,28.071765048404778,45.69554181914083,62.2881088889243
30.4969140224528,1020.4406748870873,9.212926851038983,95.03203775181784,61.46881744823154
94.36299094103283,1029.331906248616,2.787854244487363,36.54544194830749,56.565326418988214
90.45204258737884,987.7284641274566,25.084629761742022,60.76391268666632,48.859531302673176
59.77570839959796,1009.3570396054249,12.061091315709984,82.17124299654819,58.23168520521093
34.415711473268225,981.1104757220271,24.60362746466461,91.37865373453246,55.88171118127682
31.688908846517172,1025.403710136406,9.374687494104519,52.38392242252408,62.56869291792465
40.49044748886271,1000.1619159100949,15.001133273213645,41.78594581145855,61.89552748671794
92.69782631247132,983.811865561835,13.360719064203725,72.85180536398342,52.72158499224117
61.71744472284679,997.8561478901443,16.737190518928596,45.59275683648336,58.04394806510844
84.3233475961336,995.7801827084921,12.049535560542319,67.18014293629487,53.83142672859558
60.540348358225735,1022.1300660398058,14.90406451878726,80.42189078923684,55.18169332152005
68.75578542170805,986.9636282037224,20.379825527774024,84.11272677215678,52.12449735574884
68.8082092053788,1010.5676427065691,12.440483348840727,25.431404168249284,58.64226362355569
22.50702211255944,1023.6655552793676,20.53214239261419,57.14581210396483,61.88790322208727
55.621481442552835,1020.6745954748301,21.42905757654791,2.5034263345733443,60.765282057842455
89.12392296229116,1031.4747815376522,22.467802969318782,79.77562116013333,52.28295440107492
59.12789055171213,980.0346362715255,14.128105081218017,12.509517300750305,61.3818436878731
54.82683370619548,999.4590844208637,0.11370241315337926,87.16845005012507,60.87322292201802
62.123645939358106,1000.3270952029308,22.60533217993449,40.68096048715755,55.7299521478243
50.46136303494642,981.831962598364,27.272553537698595,16.726827782306508,58.70040167893251
61.23199740393966,1024.9496633405781,19.578536263636792,79.58149143997514,54.745558633740046
30.827585288317174,1017.8889870362923,15.73641072338207,20.028638703344715,64.8341322414371
97.43574283217399,1009.0445314755628,16.787739773327523,39.4414673675063,53.769722057968565
22.73039519872386,1002.2760415257702,19.224352761769538,56.687619621678046,62.483427223774534
58.65659447246813,1029.2478631004897,29.955739348481142,36.002993853771194,57.231235039211604
36.79940259129866,994.5455872382404,1.8616781352637413,17.90287424744911,66.35936356825096
24.66846447447212,998.3997819819543,0.6354869176146416,40.60937960394306,67.93017289041511
72.13643028218331,1032.394729857694,28.92503939564615,14.424437058844397,57.36827476509182
98.81450067176328,983.5543762885354,13.214239135171702,71.91554625952729,49.9230365714768
79.96839632410133,1022.933676322282,18.370610799586043,17.15049643188258,57.739846634808266
40.32165339070382,1019.4932856001225,22.60322834458014,48.23825363703879,58.905380757004494
59.47112499929104,1029.6038635483221,22.262886905001487,56.03782536948749,55.49016534486963
23.982524478292866,984.9809829840713,19.415825794041663,94.5066939354006,59.994024586228335
62.533620631109514,1033.3744181752227,14.156746140416756,7.825835410090143,62.95354925745784
27.957055852343913,981.5860863895332,17.282347527333368,93.04552750185958,58.01852223985473
83.5686114309704,998.573689293438,21.88938048947963,20.822635732528084,55.90808778405108
24.536511919814465,984.6654582823302,25.524435493071575,84.09362646397616,56.901454265372266
20.748877272046464,982.8146907035792,3.8191214115049856,9.049525417767512,69.60963757608168
88.92456308652105,1033.0596590255298,8.338758138609476,98.87023772824622,53.874393959509746
95.40337688870753,1019.5817538138296,11.927842773199936,80.76327528888339,51.14808847929725
26.924322012002023,1007.8129415148909,19.96494788009754,6.295109934795962,65.3854222203323
42.313332725969495,985.9503992216079,11.870142440638949,21.411104343201547,62.30598176811015
79.33578226660111,1008.9312879363142,7.16655142351489,54.85449931177554,57.94506313312894
63.17227722120883,997.602871990115,0.9942893933481822,52.357201114037075,61.1554253042742
95.93894503487303,994.9373002556683,25.275238236701263,62.9269202956075,49.99103832965237
51.134400883569185,1013.9956950951068,12.568012887633648,46.35066771583849,61.71387003133924
20.26583114273377,1023.5008870489223,9.876869967469284,73.41643057962399,64.3484949674574
21.579651157564015,1004.379234963893,15.924786633809116,34.848560374634765,65.49776433156975
65.18835648326545,1007.1314204514532,3.687593600787664,17.638683678438284,63.51118576201399
80.16843183023657,1015.8285824439967,11.920750742914695,3.377948502000916,60.94422018365135
83.24936143757293,986.8550923460276,22.5535721399871,32.476561279248706,54.92341423441782
92.92136312695928,1025.5733686232745,22.083523474477456,42.68788326106522,52.276435314216585
38.3259632706632,1026.0316260512532,23.1568908989937,65.90687148023171,57.7295425482363
79.0724724295223,1009.757563767969,14.022512763066871,80.64563462240392,52.73117270141323
86.16784761974914,990.3158046282986,11.067411727126427,24.006280160390336,57.378325000243834
86.90202811582526,1007.5419965574197,24.94321495666611,49.32025742693179,52.415958247836016
52.923485511656516,985.8266605004743,5.19873113663359,23.37338722454769,62.86993967725958
70.0786405406025,1021.9809223660006,21.754133404362495,95.1165348729867,52.102166972339205
64.12522427546828,997.1134640556435,26.638418804895856,64.75467568286078,52.758338583482455
67.79887478147819,997.1102059203874,8.584568348823408,67.79024007160032,57.05954033114477
42.562498874163836,1031.9776846545883,5.9338626665059655,53.12241493569238,63.60649169667276
74.65875586452262,1003.2022235410905,15.375738141112386,28.182976896510116,59.14014985517528
76.80138482089971,1023.4266412700722,6.4917204574619305,20.04298809392393,62.24875945997633
35.67587075151373,1015.0439475461995,26.123055546087045,65.66455140829906,59.04548028187395
55.490595087746364,997.3896637557096,7.332507030225576,92.17071849899563,57.39021276142159
53.76844610250154,986.8084918246045,9.418977643913017,21.28936970227756,63.26053776418403
79.91605187107595,1023.8758268812028,26.652586247736426,57.176433437344684,52.80935501994351
73.32024481994976,1021.9377024378603,6.168648599078742,52.93249717969972,59.23165035728364
58.09566644514434,989.3040283947712,26.543520775999923,64.16530964299325,52.706322984699796
72.20250477919967,993.7013734281652,6.294088781905184,58.77899432544626,57.85037923310112
41.02892841738133,1022.1430516316937,27.354169843320637,27.279460673221557,59.677543158830765
38.58783059260329,1034.099699802094,9.529257092884432,69.14416917188727,62.33970216123288
39.19357222031636,1026.400270764058,7.387037744044969,27.265981327974043,66.284109469851
22.359814027185045,1017.6283353059408,14.31569313041949,65.29936797693213,62.82933453072151
75.28610090885184,1030.3484267470842,11.07670509968951,29.993335309634826,60.13535066729987
98.86784697304746,995.6879617800165,6.052490611147315,8.242274374613768,58.66622126299054
44.72257132409783,980.5308709611619,10.150613942680415,12.722330516050839,63.25036039859025
94.38666893827582,997.6532440106358,21.396880296655656,83.40962474377552,48.82005266054649
68.52340874967308,1033.456387517248,24.95701914271818,12.135526111881866,57.85247773331926
37.994741227286454,1028.508368168899,24.622854946325184,33.05132207324504,60.70776503382196
20.949170971477386,982.7695940853471,22.70451745201476,28.764175143477612,63.439172687568
77.89851428166011,1007.6077137203467,0.16305457455574324,5.785970912109462,63.68663934172178
75.72593879936562,984.3455425369194,12.798118413662241,59.951953337261,53.811856449161354
38.34026662348226,1023.3967279577076,5.069165328939763,79.87854708761458,64.16618026915094
46.61640713111939,1000.4938565693179,2.2042747765118778,99.2329786932079,59.14008492900895
91.84373914529314,1030.1569799483843,22.076461447021988,93.60320849797318,49.58826773073894
32.57866488278657,982.9948868405812,23.80439611276617,4.932611167365031,62.65999394836021
86.83550944975289,1020.369806036369,24.438499404742508,25.75086985542352,54.39225579633118
33.53787540141967,1001.9651173239246,26.709323860893367,41.211826153001866,61.28832359184425
58.53817085907978,994.752452841976,17.701445728236894,87.50143473631739,55.78827330919744
59.91722301638018,1008.4597025964065,29.94389399415653,36.008477835066564,54.66380006546562
57.76717171487428,1006.7017683861037,14.511679209355233,57.03123439177584,57.96164494977469
43.03436552543111,999.1845993829165,26.504969966422422,65.95929975455968,58.96975518433358
40.269178311526204,1015.6871095395032,3.388222947089443,29.795873657108572,66.0099671318591
78.6523815198448,1016.3723936380121,4.467705017862844,58.19405442136567,58.42273293934675
42.054152254979556,984.2426001198717,17.710483337224932,5.088550539641245,64.13598551075219
68.79322969642546,1012.7478289475864,3.7240431576521384,48.01832840712111,61.10105241375916
87.73117496677158,1019.0904320530112,2.2590191451778874,37.853573855098446,56.75685572548248
86.96275557871056,984.1738652284649,5.881938966188477,35.57545973810129,57.27319096218356
33.37211265182547,1016.2521851626951,23.626105945114688,23.489289931105763,64.25804736715084
72.37901143736278,1024.21874808018,27.82374016040385,81.77342360339804,51.637607396530925
68.18233054523091,1025.7569194275445,10.004019673216026,88.19230045590193,55.41359372993615
42.55876086743921,982.2906053963518,29.242675214376803,88.81284767717318,52.67442251399209
51.31631847944318,1018.357961030815,24.28651398989651,39.61069838285602,58.63713114489884
42.809041970341475,1023.8337114006856,6.783231498886796,25.916129800641297,66.30307077850698
62.9652128067429,1001.8252539113098,17.583449969609568,9.841229257412342,62.75677649549733
84.29019183628088,1009.8562420325122,29.453802438040356,67.24076692894153,49.77617804250338
90.20026691074163,994.5813566933023,25.463574384720935,33.01677650916687,52.695552852584896
77.82588745581626,997.0632671978982,10.90077248368941,27.66662651846552,57.034458863784906
58.67602889391517,1007.5890752096283,9.189688054865666,37.14381200044398,59.88526769594952
96.64762268695313,988.3126078826748,24.577624447471166,55.472367853346874,49.055637315978885
65.11032091827886,1000.3784247481029,16.474955901947123,16.192526266031727,60.19079823521751
58.28373509804124,996.578960097179,4.903275459924423,96.13375491022667,57.135018225006355
88.54188983974211,993.1037281792263,9.834976751514343,73.26140945405608,53.165816944609865
34.76986629900853,1006.6138790008315,19.854389321212576,4.678566354407487,64.49159955012425
32.63026762151511,1026.1272470946137,4.594766524179111,30.67877856109169,67.52536273028788
82.60339771394575,993.3244153091075,20.961486222202517,5.02724371688561,56.464846481928575
89.645666429765,1016.2851576989902,21.297862844027694,22.9489199370147,53.96446370364708
25.821982532407432,993.9805941985779,8.122390648840167,28.659088990557336,65.36939759408567
81.12688812775188,987.8145899561129,11.940917154953532,71.79797279347058,54.702004413600804
53.956937633162966,1031.8827047841287,28.06351993713799,71.87398554862774,54.757391148135
76.29814584806074,1014.8279654263157,22.475273634448907,4.532530863217743,57.97453935545025
30.797546885183415,985.752792511444,23.63431966698667,58.8127646837698,60.148838355825426
97.8410202127267,1014.795419858187,15.487955693170983,96.09106311925409,49.14069164640542
90.50242352478051,989.6990858623006,6.394197925525348,62.83650452977527,55.0891168853658
52.47780226143401,1028.8288066153561,17.737677378505417,96.05473257452513,55.452257296307636
91.46870609066839,993.6108949181264,23.163128704500068,38.05591169698344,53.43318428508708
91.59405817099605,1024.3738835458976,0.11649792713934404,45.97782911522137,58.710109251770156
56.900241993201554,990.9557378550309,3.41328759796529,49.54865119964585,61.26450464470085
95.75084015488922,1010.7059680542241,14.228823472742354,92.39470947050151,49.98497794208797
98.14857004666285,1030.1780772754698,13.115884423297961,38.02810528497932,55.77565230222079
37.3770191178957,996.2801442584789,29.468491373849574,98.34184083669464,54.199166486724906
25.333334371648064,984.4768533468475,2.764587017916691,54.312603514343174,62.985036322395096
46.49198272232235,1010.3925583491751,9.710590876463458,21.81207225336692,63.910860746108824
59.106820887399905,989.4781815249663,24.453312826385492,10.368804859719983,59.02785427801416
27.414111897335005,1020.058958404149,18.372827809090925,17.287275020088234,64.93948676574745
31.25276459847661,1012.4951634340373,16.848433236994115,3.928274292052547,65.88244640677178
97.73592975826924,999.0506309977031,22.236031157514795,69.23102532649756,48.89373875379619
78.98404770610941,1018.8109266413664,1.1994903166720683,51.69041800773241,60.745705326466535
89.99504554080202,993.1190386407736,28.4247509510167,73.79238925560895,48.69417464001746
97.692366306777,1030.4370109076629,5.737918481302065,78.22621216757473,54.134284148533574
50.25154874407315,999.0788418017273,2.4551258040797763,93.13631547190793,58.42810552490295
75.02911532623222,1021.9632463228024,10.168607327172568,11.699832768883034,60.59827185196845
34.72175955441099,994.2185639059595,21.07068697900996,18.610324411884328,63.48418991977119
64.13337606175907,1019.3153940129653,6.944497549751904,54.82743215433141,60.55837515528148
36.79027823841521,981.7341178662427,1.4958371138990612,12.952431288518119,66.20425211758628
32.83447703193295,996.2534827436615,1.7223853950272583,9.272172650521771,69.87212302962926
27.87549053799669,985.1089645956214,7.697310603033975,66.63375988472318,62.27949251393842
66.37892500512345,1004.8171287332664,4.058215666575611,72.47115157685488,58.710246820996
95.98809594669748,1003.9309396530308,11.172993314448926,84.34004928947235,53.40537549354007
29.77774358808346,999.7454494681731,5.192192521483739,91.57466783846674,61.56443253498381
60.18515643042911,1033.9642272462097,10.329430130522894,44.24994446545983,61.34246937181628
74.96544938118325,993.4249800919093,13.334613924284913,97.9874338209716,51.87250133883439
59.66893445601138,1023.5078119283928,22.276176247519228,3.788699270258533,61.25803542238941
92.94207395042159,1004.6095927670456,6.821985806164827,87.01276220172703,53.71665619732489
33.303652052627385,998.4145763359707,14.251913217603054,32.14758580703455,63.65061543724453
21.933060880607663,991.1906687012745,24.460655775336967,92.17145021280578,57.633341971996245
50.64944975193011,1014.8372142265551,29.591315686422288,22.260438702313657,59.70024720442966
64.43910470414247,998.3522970879835,16.719185102896002,74.09936544478563,54.14989605929781
40.36056731264842,1024.710531779555,12.969611018512406,42.545677603130535,63.35477363267384
33.47468381812536,1033.2655666778496,18.94599387536132,38.14648400257188,62.939047751954945
84.38702643822138,992.4922360650637,14.5888698166405,5.941945128628978,57.728679849873025
35.086015366687036,987.0768712207446,4.942699276302815,70.59117267174236,61.627326846129094
55.41457663619077,997.3534790661379,13.783415462221736,17.53527602966264,60.590226817918804
96.35848884385649,1005.6911471880517,29.373009177598824,46.299316819081305,47.95987487023814
69.01638669357057,996.5531748772088,19.212859389738597,14.130811416941802,58.21381063456735
59.81787622044939,1033.3756743330139,8.502967767161401,60.44778181320027,60.5831395054569
48.8200186138258,1022.8560901824369,28.414380190969247,23.106123471947015,60.28974754496231
61.630836243827176,1033.137740317325,11.657449592599152,59.439653083126906,58.34297389173556
78.74456484400895,1000.5281976523318,11.70364129297088,94.66157803826566,52.832449410487264
85.80217908125981,996.7571173549059,18.49798476096204,92.09185003835537,50.45551751887713
71.98781894275432,1002.4049390228514,17.069211491859484,20.046435910899806,58.71516561670675
83.22536437795918,1008.7558366330015,8.713097144077562,9.918560946031219,60.100870266719966
27.073422769206665,1020.7855361714677,14.01240973985875,4.266110233556686,66.19615346936378
21.149956010896727,1028.4606031302974,9.975390768313947,82.85046196765872,63.74837075115716
78.75288247269961,1005.474893145845,22.13341352069896,24.930758225940764,55.81242646296792
40.936325618247615,995.9048302420374,3.675085993248853,28.39373643558689,65.94177973091202
90.21426002976445,997.5365615895504,22.50753389858201,22.624527834886553,55.0424727194332
62.86805421281392,1018.3321542100416,4.835010759389819,84.0083955221962,58.16634848086142
58.28167583643563,1011.2156918695323,9.179459742267108,97.89019954063023,56.3043320908408
81.82550179717812,1006.7571772037492,9.99995362114101,75.51866509300353,54.55940454501618
79.28768028414703,991.1525743326896,29.71236526381199,82.35778604691902,48.75366204225883
76.3421225911982,1028.1500628124397,17.69465954209553,62.05004605193377,55.632987437783406
75.19207648004317,1022.9561246129074,23.326625769667697,52.87749083964787,55.000842573780375
61.23167977425475,987.7351230956576,16.66133951488438,72.1578004790515,55.24580156568136
94.11804287803933,1000.2063650031175,29.494739070253907,3.576287880622031,53.63015235672781
91.25131277818943,1009.8172651501391,5.321440537385451,6.1400525603396705,59.70841097548125
46.35239531683734,1004.9886242524343,18.14622387993946,68.72734885761837,57.05158249981787
84.37556314084645,1001.8787711305756,23.921462017281772,33.50699645870581,52.832915676643125
91.2886811130028,1019.5357543658291,18.856684281406075,48.883435644827465,51.595298942685865
69.46039769005503,982.9976927330811,26.908085532938582,78.199256365991,52.24805278099069
64.44633541664923,1005.9275686519268,18.02123944161597,57.715790840693394,57.4757831157575
73.75093980757106,994.4199929714281,24.793156469298275,80.52618746630577,51.90153737179408
33.04485259829657,984.6540111879117,5.273913731098613,41.915524217064345,64.58460262660047
26.987494096754467,1005.5687936901631,7.8619168305098155,28.742335297154476,67.69110326444083
85.6120219973692,989.4252780088813,13.322057321687812,23.483690888386878,57.24422745847657
65.86609816843429,994.2023355039614,25.548531355041227,13.168095107319711,56.28425949224915
29.80011922682129,1007.8854801230542,12.796781762059224,3.6796522273958354,66.72284709093522
53.305442171589554,1033.5539938963052,18.82376813202545,5.314901568340458,63.64519695156721
43.858749716018906,1017.6340253741955,11.874348057608822,27.09988271328142,63.59869793372947
90.03823633805473,995.3791988986254,24.171611673512928,27.841259434457,52.47343729969483
60.57761449168021,1001.0323328916458,6.008627587440401,38.17845290332107,62.057111462469216
66.20100368825945,1002.3373233776538,17.813084341198664,59.16173712395055,55.31448359428135
38.82323239426714,988.4500692839407,17.336705650148005,75.92995351320607,60.29122708149522
83.92508380730729,988.8359803872825,12.097254755279614,19.770500805875724,58.63414079439668
94.40810300773009,988.161709791805,21.153841698233403,75.92481765989892,48.83203856477989
83.39954789587779,1008.6915275755305,0.8542982407364896,13.898952779136774,62.511923332490426
59.4287314558229,1017.080234770684,25.244999656695967,98.86936206898731,52.69732804124125
86.80711454110907,1012.4896376535954,10.438956887167661,28.50337830826134,57.25584299867912
35.03670969299276,1033.777195199934,23.790677087245594,83.73350147041492,60.03168637109164
29.0730928031143,986.9231014741708,9.151784747560566,19.046582788915334,66.61666350270455
55.05752962317121,1034.2560923466515,5.6371940128848665,95.06427804372566,58.38157532628115
34.522757366288566,1005.667066363834,11.684684192546174,82.6626785212212,60.88213112445292
40.732844489145634,992.0248033277426,23.92100858971126,35.938926054703416,61.05766231232009
66.80934069450123,1031.8804454303167,21.105541058564167,42.14717260948545,57.60753958145005
52.312249102699376,1005.7737320579525,12.03093605597916,0.3837993522976091,64.51332964491746
89.27026236883526,999.1040825365786,28.13606173232852,25.143224431296584,52.28836607046785
38.04898763801022,991.7595557099876,12.26328557552623,28.929645595195154,63.86442061783481
99.74325591728423,994.7331498113691,10.522581848800257,45.273869895992846,52.793050358367395
48.751473274111525,1033.857073062497,4.341567328623615,13.90498139951667,66.2073534846202
61.232228052739174,996.7185391947626,2.1083593723568637,47.876688812224934,61.052805529986536
30.586568784697263,1033.7793258067784,10.497072115544496,66.84684854192521,63.92531868400965
66.3439210196912,998.1618242636648,2.7600655860188086,37.128229814331846,62.20455716563244
96.90279155479165,992.7280156073709,13.879048736662606,23.2195275565526,54.728645449254294
79.95182223016091,990.0850300596016,25.800286311450897,54.77164869538947,52.440781643034356
39.52436481196146,1002.6519977900698,14.283499580841818,2.9003902960276995,65.02229298421508
55.40893686672503,993.0243546694265,14.417429348147571,34.0837450776448,60.54953639601915
54.0346651223238,1018.331588010488,7.6032186289969514,52.759024290801406,62.46572367361322
27.8358214074008,993.1874454450189,4.988867278451899,33.58428161985224,66.52604611088778
90.86801445421328,1025.9468264748828,6.669865755320279,34.54314260975278,58.257766858147285
50.51648399800159,1025.8706192168493,17.03965438653479,84.82966626372033,56.94199459577923
59.54076888832758,995.7039505726436,17.753793431831788,93.39917871951646,54.45581264946181
43.29982199012549,1021.4447071767756,6.605633780268551,82.73926473486587,58.85111216053081
32.191650143019004,1027.16502317887,11.96761122695047,9.88674500784892,66.17425237165652
92.1688495817179,1012.457306416543,17.060480531595186,28.97424443809963,55.54814483483984
22.991798212808057,1000.148282597523,22.81386115529851,71.12943666916648,58.85457778751311
51.99036010529045,1004.2531952691974,9.593080801273091,97.43927950026581,56.78700941552126
78.45563415575859,1023.242587576913,8.140707600457182,24.228154847008064,61.3106322166201
44.708633456069286,996.1324605198248,21.91400997965324,89.82104790893005,56.16594646983562
55.682288556979664,998.3954283906907,15.414365122130324,73.90149871630682,58.73368745540345
65.15818008272922,988.8431384941817,25.702397735834033,98.34503663795321,50.54710695540889
99.60652897886459,1001.9478821657151,6.330090611619533,9.358548174173409,57.73954110551448
80.66410702406931,984.7583322737217,23.128286282737495,39.47457481930373,53.358795358041064
97.36922990054323,997.6568942544011,4.861005222525283,47.81150023345005,54.520847664199984
75.45163791914885,1000.5413659521321,17.543137334903385,67.20826252445782,53.770924302073084
41.52423104739756,994.0513522833272,8.509011249440592,65.3972036275129,60.165968785436526
42.99910472320231,985.5746965524244,3.0327287279876627,90.63453447142307,60.90264852753174
85.79714426937954,1008.6916983408855,18.50293813701428,83.86731225883318,51.73373534015169
54.21707929573401,1027.579464336551,15.203968796881842,5.537266891617964,62.798260098975184
49.617935472261664,998.4604610190258,14.579405656387264,48.65401230098871,59.42652574484878
95.60752210983506,993.0240864281076,17.775582823613657,40.70612302190996,52.991908910606575
21.058653317660152,995.6771019729777,11.173116523651704,99.71445865253747,61.11474228842841
61.99735081614897,1027.403794971733,20.10502685256435,42.72581942444913,57.512623208207344
82.00613258302556,1009.0294174284288,3.925311928155293,68.26191400026863,56.67086168616268
78.89352129459736,987.1934693198926,21.44914450909983,28.44294331338906,55.47303855003452
49.40595097103855,1019.0071906980504,17.39441142842094,61.462895591737684,59.563778148165845
62.85186494694507,988.4902913278397,14.594179201073738,20.663308861843333,61.15794720458289
20.44618357502996,983.313442161823,3.8295119990377446,60.36066556496119,65.67942854788396
62.78642157613848,994.0626682073854,8.3479343848987,86.8190238587981,55.31935355338744
67.23209811195375,989.2449598734221,8.85889735858746,1.923779144588711,61.26472902154859
89.98330700737687,1013.2748610906067,7.014379617298046,50.4586409539346,57.24815674085892
36.85898158480811,1006.6511524037023,28.62539179561207,98.23706243563979,56.01063727046509
86.0116569926247,1019.8235502771076,27.469246735471298,15.926252244832007,54.72188580852177
77.44532086042466,1008.1364077643135,16.383996415177513,18.34123280488884,58.45126326681275
73.28246919087997,1003.0453264365163,6.1701774972067,47.0823721101543,58.89475336172711
51.551025944060775,1008.9420279740758,27.334150952189674,87.09931803269093,53.58506371059566
49.39475051501205,1003.8967362198277,22.48219598568522,56.27596094371143,56.43118562630783
76.26089779470281,982.0397791652722,1.163155168621114,50.87086445705841,58.863817181670186
99.21785714017614,1017.4384512147932,14.721345652094808,8.675705910462117,57.8660270014596
52.428300734296364,1032.917167941795,18.14833869322981,96.1986014574681,56.35564176120754
93.48798220773728,1003.2118456369825,1.994200921902829,34.71159314796992,57.588237339561694
66.92360658915281,1003.3053141072426,1.4949309346717388,25.180715214756265,62.36013980119811
89.45325228558892,982.5172883250485,13.905718754555418,41.17439447430517,54.50985893194213
37.37523576335467,1028.9708496577712,0.05855140012883009,41.41821617058198,68.14533804037538
80.97856597955904,1031.1016763104612,1.4050667823340912,45.85331087280595,60.50388951591227
86.795480859346,1024.722651490778,4.954129914358195,68.85382018791651,54.727012286035574
86.5735311921061,985.8490009348021,27.299123220873366,86.79465686144651,49.07347669696798
82.77691029596231,1029.5123024634668,22.988505810381227,5.731288012685621,58.224938020863156
44.33565037861687,981.3175614867273,13.512780127118603,49.07685646667053,60.15392527315464
61.7560175826661,1004.451587777997,14.37617002420989,41.3978124826072,58.584541159908
43.97638241398974,1007.5343009755767,20.58073647317805,1.0880112818823284,63.11529522116059
47.43727253669703,1025.8701155564486,14.231596089744382,81.64894509025021,59.5195160125163
44.0975106870562,1021.2972567399684,1.9177532654069018,10.43132011207234,66.34294414886713
42.73816384013118,1023.8403293074937,22.161941252010287,11.474800950700493,63.495384984354736
75.47373380068515,1027.7345522256555,1.7324947693289927,4.829841805170332,64.19324826395152
72.0210959451694,1006.1839006270999,14.582793973440873,20.042163381448386,59.40839039817731
36.341138769849934,1022.9138794434444,25.851225287929697,17.681628155449825,61.65781798655172
75.32149760800272,983.7418201922991,3.521391000841003,34.78658360884948,58.02492570775276
43.28548767529156,1004.4500532512797,21.19883737416205,65.92703942510298,59.9068160131451
36.13746676398418,981.6572971178302,1.3898377665322237,5.429422762847902,68.17020529087375
79.7801504321542,1030.3423285925228,29.791788554381522,86.02757601747865,51.46528211080414
49.02944742470641,1032.7127580074107,20.462591409664476,32.657861535655584,61.9484918385897
65.5480419459731,984.6166483158489,29.0696885666021,60.66073310719251,52.522110170216926
36.00991683725012,1009.2944654424268,20.046718938217186,1.2005112210754287,65.04808929213802
69.09550698607359,997.8826783485277,7.268494207565507,36.580791506836704,60.67166192338182
36.63947476706564,998.8393856564583,27.790935408288068,0.20509119053683245,63.44774675783513
33.35015387468811,1004.7885033756517,18.80010554487579,16.545827357721667,64.54611820930162
50.922285742808796,986.8786280890002,17.278111518235416,44.78504304713184,59.80868856393165
83.20494715319325,989.9423609331152,12.873356789907826,53.50874219497498,55.530181853234915
34.12274786080381,1011.755276307037,8.537817282256091,15.292859972134565,67.25763434415191
29.36212540108599,981.0315750190618,15.902087089408761,74.52162776156524,59.41665624079231
22.53181539694527,1012.9890562107811,10.98173126433654,18.900366552060454,68.28002790156492
53.277260522434275,997.5404453282669,25.62073213070649,11.58450921570573,58.979451291083514
42.56200519175282,1025.77135281422,0.8639562590327132,33.34245127611744,66.45884870882155
43.3686760489839,1013.0003579250777,15.902744546309963,55.14286636609532,60.94563537451775
98.5553554236118,1018.9450160391694,25.096946657181917,98.89018164197482,46.7256660734886
35.529872232401694,986.293384968087,0.8281911414894982,41.87157296351502,66.6179061011117
56.674164041553226,994.6224300574929,8.469080287945372,42.59964172421108,60.23019478101176
98.90945369912042,1034.816828493462,1.5456766990316428,5.9333470116521685,58.99266083979349
22.449444209761033,1003.8508735800073,17.8501130943463,76.58196731593034,62.24556105255265
75.73259557402885,999.7375862928316,9.502082231751963,18.178300186104334,59.83784220512855
49.68663618027358,1028.06204474375,28.791901137477772,74.48035645453781,55.589133767928146
92.48780908894132,981.8191034874724,18.4888081780702,91.06168777299413,47.86172427437141
92.95531501816592,1009.4125348921866,16.854060140715273,76.82207620913613,49.56701508172018
50.977018875143116,991.5641467582259,27.517192960366902,64.24534204122149,54.34201936598396
37.71707722242114,1000.2484035299569,6.707262182127489,60.391629548862966,63.30023483141839
54.240275064065614,990.9877389528681,16.867267785684227,45.36328924145404,58.49666201264059
97.22450196915179,982.0802517751789,16.28347904874975,14.454269511637696,54.20627655019515
42.51188712963628,1002.9081673682706,2.4634270293280833,77.88386091217522,60.533528675093265
98.5054238586426,1023.4061661657299,27.96179359121868,47.73222703925938,51.80043187603937
85.55131982374617,1032.357493794479,21.00704196785724,62.56458231356443,53.1572381445248
41.39618652289521,1014.3119136035507,26.643175490396384,37.40152289134424,61.58367026042566
83.2855573666321,1001.3860400793997,29.47612160704871,20.07227196804343,53.88121516086298
23.983955450570164,1022.3420400451016,14.389618868943895,80.65084637882626,63.48747563571458
63.84507012435142,1007.7873190886072,24.109795262582903,34.23998055737901,56.393852739708734
48.587931133502956,1000.2191153939864,17.326792067560437,86.66800289714118,55.243935584380885
54.15487987069664,989.8499330904136,29.313691464088564,96.57249025226818,51.26734549985362
57.8283470459406,1023.7871491385381,7.416707523230622,82.99885272070364,59.231157099365404
60.217020815941126,1007.5234184784359,0.4145151297109384,12.813804529085072,65.67453916590453
72.51298195911897,1033.0092057721085,5.578427138016735,85.50109273574435,57.52434643781854
75.74216222258103,1024.1050280191796,3.840563460262695,51.93578254132324,61.321290691617136
98.05632292947968,1003.1008865528253,13.108569339856745,24.141160089764647,55.52061646044923
81.02229349795849,1020.7467522477101,2.3223061124817534,9.315603362614567,62.10263520983787
75.02382205734409,1004.9365321068639,6.605932114193199,27.850983912991467,59.877488030493204
51.39671071445707,984.3926150627846,2.88797641574451,13.742708217621491,64.20052865317727
29.42464515897963,1008.4174578357021,14.602583347741152,2.564458220143273,67.3017382984715
24.70307355565346,1027.6150740743783,8.003312162589049,98.77643491141077,63.36145133951041
58.21477682601157,1027.0492725184358,14.130218945358463,83.15422484030263,58.292046959693835
73.46053701018089,1011.6231802501986,2.6666430013343003,73.89492630968597,57.63013099765965
72.0127881006731,1000.9012945028168,15.506119980451112,19.301377119327878,58.77120834269311
96.22891361400944,980.5555331270705,3.9020760557364187,2.7736438950848763,58.07719965757806
50.594397859387186,997.1275378416732,2.980393542610791,48.52038825746911,63.443866281360386
70.2227050591682,1034.4394717519253,9.300586519672551,74.16944299363229,56.59780740215514
91.0299057504196,1019.9570068311147,26.232524293877823,96.28373633597624,47.30536533231959
52.3262205262397,1019.4673710103784,23.65564208782092,84.38836886031547,51.9385946287794
58.219452228054855,1021.8595864682469,28.774494068980523,89.35023559945576,51.85643414429617
93.8378316728705,1014.106236083807,13.805857931554794,23.866274774102802,55.654957789950245
64.01935624240909,1012.2222261446254,9.373242690891013,15.532601762336872,61.89144745092788
83.96879506120737,1004.9490590449328,29.1272019556979,24.778177009337178,52.302683280747495
94.84990689782167,1004.4163696518328,11.453042348035536,13.857947325836095,56.07339002656229
65.68464308448016,1027.8966650490459,0.27310218651392715,79.84838237117923,60.816279848193055
28.73495751955245,1001.6400943933229,24.60325841435247,90.30430609658255,56.75625975210067
85.7359963019511,1026.2160481237247,5.076316228997478,30.734202626172046,58.01301456991128
85.42257323170429,1026.0753934093716,21.537372857020877,87.69261829390842,49.995601573155234
29.19881554748123,1022.3994009637831,0.4536567135708036,5.5035180158913395,70.13881321074135
63.84945212924488,982.0703319924895,3.329704923283985,67.73565396271768,58.39783829605711
58.966850836185955,988.1384734421991,14.50690659887448,52.7493209895792,58.121532065802796
87.77303461651162,997.3087828202583,2.036940794394787,27.67432956197823,57.9203495364339
41.97022659661319,1026.6143338242714,26.658926870609584,76.82010953414373,57.19894069590396
54.10221666288007,1028.0292659745892,22.49607183805692,21.204728144672835,61.805233245072934
68.3832835791307,982.285651189552,9.845559360605096,41.61494874275561,59.056168212642376
61.37961541128146,997.8598504220729,17.925612431901104,70.9859336072883,56.01055216069436
96.40274197548415,1026.771131255094,21.46580205759307,33.82289811418621,53.864329571783266
96.85258621862344,993.7331286969381,22.661975658837356,85.53601855897259,47.45956035910063
26.52579926275223,1033.6801818628423,11.870278634636342,86.54270106396395,63.612451854512045
43.827759383586844,1006.9117071616815,26.964006622085787,20.25304197280193,60.68445110286421
20.602785256925664,1031.5521979169125,28.25354190140924,44.03899886650794,61.941661771515975
53.42882788037465,1003.5854516900895,5.871457536780522,43.201264328977814,62.08451491907567
72.97112423050154,997.8089409898197,27.337163992173284,41.004513530079564,53.311476953225366
57.7027824868692,999.9325596364869,21.380415330070253,50.19721381862785,56.86991006851287
25.374549884811472,1028.636532039187,26.644141924121463,7.43663140853692,66.05568660989798
35.67649900002103,998.1879162458583,12.742628047316652,87.00499953341905,59.288958449240255
33.86330786403572,1016.8140421802841,19.835926247107814,28.99147783531113,62.67908912158146
60.890263180713895,1005.8413475168521,7.061393347567383,0.18123934538119002,65.15281086570158
74.21440125943141,1031.7919153799767,22.53305257190072,68.51039326690108,55.04664436871812
45.306033852049474,988.7649909639127,17.452005094412733,65.04720837608738,57.55963249555189
30.436805147490844,1003.5761256556013,14.428353356682058,98.31622132676262,60.28909238506825
83.88781184580552,986.8548596546717,20.780448308187914,71.92472144074453,51.71193698217692
88.66894694527413,1011.7976638078104,16.570358133796724,33.27061081562782,54.92579383325463
42.11905707558006,1002.1594555235943,22.960646165192532,95.26175517984088,56.38253277895553
53.65981618889662,983.3515477866429,25.75308200445729,36.53457992623681,55.938535941511894
26.554488210117235,1026.7410960371715,24.018189133647102,82.12446859075975,59.12659952833013
38.21578105551679,1000.6533130576541,9.225198945327666,33.56740692451857,63.42611867606197
81.36003024401474,1007.1496907522755,29.28357640690907,4.870831349019955,54.59011523000523
49.21583116860333,1002.4132334515969,19.492237887375552,73.37848609943546,57.65168821128948
68.37538123214017,1006.8758973147482,9.703994282516017,35.02109307518656,59.77932527982061
95.6947584306627,980.8978858717455,1.2774262582981444,33.88876990352857,55.962382288147204
77.89102766568756,1024.8502741119387,29.642892291084745,71.58516268665002,50.70113704491701
56.276174769100265,998.2769406570379,17.970521803283177,32.20378610700598,58.88900844619522
49.3504248292619,1019.8453970434379,6.826207875205304,11.801270421302457,65.94128032523771
35.24216119687725,983.5687737459623,14.733714033530392,40.45102519056054,63.955411050608724
80.4912058384461,1008.810388887395,11.926214408428548,82.38440395488334,53.871019356823446
28.994017532763266,1029.9835584638906,28.54095719092437,13.020448800646022,63.89091006802434
24.91149523030724,1001.9036419527029,14.779828355228465,55.44807757638369,64.44154461804905
28.386294021124776,990.8492455546217,14.540029964718075,13.225929394371382,65.24866175861007
39.43243094917832,985.4494636413303,23.837991231668536,4.9182848439481734,63.21645663058455
70.16987318960408,1027.2498379918452,11.727346939909689,37.870977456529275,59.26339605478596
88.90641066702696,993.1343425047789,5.895550451302549,65.78833163302649,54.36429625568367
99.40979224488812,1033.6289111324259,23.051961057877904,27.498733319627476,53.20704164988981
78.51873182480261,993.630253083035,27.3032591385152,44.573114773741764,52.49012398315124
31.678167654449627,1006.454504765854,1.371787464888019,49.13309247431227,66.09291343031852
42.21638065035921,1005.1896772489541,25.79700182739293,84.12902813418962,55.982161742217684
30.558939541869606,983.4105290651579,13.13589587452442,81.89792084053515,59.577344259201375
29.244142521102717,1009.2511680899596,8.674004336383433,0.23472098509222938,68.87651024357945
65.41861188331062,1016.9952538828695,1.1754101149642793,41.39189942191693,60.972491788615045
92.53784455254812,1020.8174614810171,6.165683095728342,65.60910319600197,55.78780584397313
74.74610890682445,1008.7425465971011,9.986094027553802,85.23961705615942,55.72771329436001
84.05201578082932,1024.6921840816744,2.1205272777579687,4.889778331779282,62.63582622235757
60.64774090856598,1021.3653626014154,5.663701948609967,62.824831841091644,60.913825630912754
58.02568837230314,990.6685871647971,22.105213272063843,84.20194975661153,52.99048517388435
94.99876529501292,1002.0880925044179,20.60582448698839,25.50760205833743,54.85571065322729
77.75717104524458,987.8420018164791,23.095167517177615,20.525633136665668,55.58641771623131
56.747288848714646,987.3383009574006,4.957733409704428,46.784938760660275,59.7151058175028
46.6065957209252,1019.1670045042766,1.2909049958382735,96.25795817735428,61.72463844562674
27.45019944942986,1009.1752522807672,14.05769613717283,69.28863945079551,62.76615210745258
85.6786328842295,1013.0522394662956,10.28354205321461,42.44850464717135,58.200834313575115
33.54589543194648,1020.2701355799924,23.301992398613546,2.0862799944167176,66.11761865223349
61.20126634483759,995.2479212688961,16.164802776884052,55.672586343788396,58.208171953783726
70.98233914869718,1002.0749077258961,27.93540929713273,34.87880017969158,55.04067291712352
79.52624842113299,1013.3741698940992,1.8361917288543605,18.571364215303653,62.23169465050936
26.667484649319437,985.3145939780098,10.910290958793912,50.01481022022287,62.82079139748631
20.85489111829026,1025.817974465739,12.157218043059775,34.13826339672049,66.91251756635232
76.48067966756642,998.8897293303881,3.7766830218008685,3.8724682791928755,64.61690616126309
56.35130198078129,1016.2314141219161,17.490476444752503,72.55060202316683,55.63775923540463
34.490828791864516,1034.7560696021249,1.206073341872489,73.25829199625043,65.30262993155488
98.56219296449466,1006.1449344957524,21.38175385655915,61.88314497587254,50.13382199000074
83.30833242020098,991.8276647109004,1.1232948229656836,84.08206534962315,55.852144128522816
66.2810448928303,991.9038369330017,26.204161678305226,20.318154378100616,56.71639712304961
76.16856743165505,983.3206918902289,1.9508091473595368,28.620155161413063,61.101884527364504
32.40187651576683,1022.1895265548053,13.69048244535167,45.865578287666544,63.947549576217725
96.97801560534974,996.1387237050615,4.661561964655766,6.01751839871797,59.271466799504246
99.70936632378225,989.4999169394845,3.9936673545128345,88.3545779908167,51.84935549442178
71.87564077910162,1019.2532818598537,21.63647067593904,49.0628607906515,55.421347945315986
73.46500811542016,997.0025152777773,23.227531258275278,32.466324227745034,55.108933609680854
76.3566820588315,1013.0257921215414,22.175972612548474,47.796344736302906,55.72211744241569
73.2628978751014,1002.9804417609437,12.11975553794349,32.51298217362385,58.998762908545075
55.08326627537697,998.3784001323874,29.72358111386731,28.626342043268473,57.7486052139864
63.254098977671006,1006.9186277546428,10.199067527595169,44.80184392570345,60.65855179482348
42.61809579921385,997.2586281654709,7.358386834357918,48.190467238506805,62.38856718763313
55.74783331056913,1027.8810705528385,29.895162649387867,43.33453933722776,56.5958527270869
54.888264479693454,984.0172167433818,29.318304158403997,54.79309532061978,54.141782214030776
43.05123378506809,981.6584493720798,17.75507923454214,78.3379002284852,57.927754236928735
82.93638555897843,1002.3516165060936,6.2711753485951425,5.726819166468122,60.7003665703524
52.77376035010778,989.506399924394,7.154965467591166,81.15186866124905,58.52990939741364
64.13722231734461,1020.9049550262581,15.626563352783297,22.853439235618133,59.63690250380121
32.487241854876444,999.438865089773,23.28309612798109,25.209291655706757,62.92617994393043
57.99735201444905,994.3790741689152,2.3236243320910965,59.946648906681766,61.384639743696646
80.91642649627781,999.7659804761556,20.63011201612073,97.56713027758329,50.3390849604329
55.56205112855395,992.0716162220515,3.0933254797354492,1.7399333552498675,65.56628100689689
64.61931070777615,996.4808863449915,25.32332233229494,67.31335896142852,54.285036304201554
76.13652672932457,1011.2391906953707,15.963546667389423,69.68972059160002,54.423817198049505
51.11804596936232,1027.5217900277132,29.690822714080237,57.3651796007669,57.556917446139224
48.26260420597762,1000.397814740423,22.58946696684511,0.9690114396220251,62.62353864950214
26.859356645700956,997.6369477484271,14.916859721431045,60.63517967866069,61.28676643633192
66.58179154905798,1022.9984433254699,4.235314483238946,11.502130905264341,63.84682942703329
76.55668392504953,981.2334510956875,16.2718695820783,7.806768925740004,58.3332730564735
66.50019692044826,996.6141978976502,3.433342083367031,69.60615849049479,57.90540172685912
42.682027607358826,1004.8693950199329,27.15487199646269,70.0234555618202,57.26552544740329
40.98695010388218,1013.036392226701,6.9020324787191765,88.99118681936706,58.94774662722246
32.759009056488836,988.5833841378281,25.961000405523464,0.3380468909316203,63.75522432895909
23.759266479217025,1003.8069918930411,9.11707670001919,37.87598541202084,66.83132173589246
54.15024289809522,1011.1465256785048,6.656957017890868,1.2271998955288854,63.97091372741956
32.84162570014912,1008.0637752160482,9.127084161850103,36.46625461942444,65.28003940219925
75.26381607927192,1011.6003092925613,21.22662471720082,49.16579383346227,54.58654150230181
96.9386407602475,1016.4319047103837,15.756467069824144,52.97291615500275,54.07355386228631
25.878524446801645,1000.8654968022337,3.224174621493303,35.593271356659415,66.82934167953087
91.4364626936807,983.4999657976796,4.11177051778039,72.5301368106488,54.43351484267461
72.6172870798004,983.055595526844,11.35589017909503,41.559492275121826,58.064555305885605
88.822318456758,1027.2293055860903,10.156305549410504,51.71265423132403,55.775661046745356
32.39670809543779,1017.25805692557,25.552062342180413,80.00876009861673,59.080292581856796
92.51856228415632,1022.030157538449,17.1675957146947,17.430276633440045,55.98468239590076
96.62974571666582,1031.0842540961612,5.601449582645381,32.08952325618198,58.84741622980617
92.53712871619567,1021.27994218181,0.8502899745258607,52.14296006680305,59.67010742447984
82.83997051546336,1018.076569762801,3.0708931673907927,76.76182249649331,57.132590136601
27.22434058080813,1016.0667196398521,21.012350502298837,42.53554274890065,63.39282253480653
37.658485704737956,994.2215361571696,25.412918010833128,7.27667722700348,61.80623372095844
93.05081688860417,1032.6511739461157,23.476140087148966,98.8830531872069,50.054387923949726
38.35394377814356,1009.8124369436283,23.69626426725273,70.79107226828931,58.76264264021602
47.817122585366924,992.2140642040234,7.828828382432037,72.27351359476219,59.408558683184545
24.03815156457423,991.5404416090041,29.672580955449014,46.510491152146905,61.11620247527791
70.24744036920244,1024.8396251321722,2.5922561043175207,54.7040056942646,60.519992349238464
65.06407378154276,993.7614730800954,24.632860105855947,99.40484437835113,51.421722427415624
96.94173343261252,982.2784518831713,2.9045182184357268,59.51157036774508,53.93450034558358
91.38757082294919,1003.5626750059056,8.025939140882054,21.8929466084955,56.92558138529025
60.47551126896113,1024.9542750103083,14.862420845007138,96.43797397192535,54.786924522602035
68.74698424420191,1002.7941802652305,1.6002231229198938,53.77626824461089,59.79245444297682
53.05574561240131,1024.1951167681063,11.825140363296745,2.0673348874929776,65.29831393084268
30.596730992624828,1025.4966036668934,10.503431465846035,57.335147799031375,63.9792124448414
89.42324763508692,1027.1738939534175,19.41516245290169,7.047560300619526,56.622837534208
63.9630864804428,1012.3894912421312,21.54040290658805,52.75883103536512,55.534420177466465
54.03136991087423,1018.4708923594834,2.714859012923231,82.53316838683725,61.36594707343863
25.47723248275493,994.4022483460117,1.1420543650271875,53.886637115221916,66.2600608761343
73.23067266837793,985.4833868659016,23.276739670952416,37.34533339096647,53.06180448135469
51.97319246045935,1009.3029288299047,15.839741612977017,88.2609750835914,56.54912943900083
40.29566930240695,980.5820040928896,16.039102605992053,92.75900779296464,56.41612358326824
90.14026174153071,1005.6155818023801,29.42150013625158,34.74909823997637,51.7318525991218
34.690546746592986,985.6151491038266,13.132245952488072,49.89507839769966,61.49257655853861
61.20158995533722,985.9631164892785,5.885775644159419,98.29222960897368,56.952964547777036
83.66048148988013,1027.8930878736996,20.419234182169145,17.81008458877097,56.914322789207645
87.9259818490142,1015.228500576832,24.47034184239394,29.815323600574494,53.74911246519499
85.49643199356936,1015.4878864256426,15.070823345173032,42.842245567453716,55.34712969940712
91.73010682452032,1002.2462171519038,20.75443769903402,10.08882974158004,55.71356785987298
31.388590204927596,1002.7289878165632,15.41794215466394,27.20425685242448,64.68599109526684
95.23668259132268,996.6709231045121,12.220567752753787,54.4688686854613,52.85600898309136
20.864234599693027,1003.8897193310644,1.0283377181096542,22.849806039044175,69.95996904451799
40.472320140061285,1012.2918783773771,5.212277460061965,68.62849854038433,62.425066818484325
26.723099696865418,990.2623981738564,14.393024672268295,34.767148209558975,64.90216943242983
95.64265081372127,994.3925895804857,11.89585721276025,8.97949363068311,55.705951822410825
53.9148522692722,1007.2114664898011,25.28651304492201,76.45330248695976,54.490852632131656
45.221552390263405,1001.1629166114036,3.2533777768460337,56.74163041769693,62.75417007978517
33.3669970824776,1025.071758241953,1.5038260377842316,82.48692827397954,65.13865580712488
32.46543259523628,1025.1927864892248,2.614118032997381,36.01516171298604,68.54342930740816
69.11453488343616,998.4795622457038,20.342780089677976,1.9379435372295362,59.64499485879534
23.76673331139388,1004.7937404007238,17.83420433018321,4.668849393279462,65.99914959558104
67.54643001852418,1033.712312393145,18.96660984237811,79.54498218751573,55.15707018124009
81.97194977590452,1025.5111845807335,4.707643773495381,41.06412121127878,60.766332096480205
68.08118935670662,991.8613229060464,15.490583039848657,97.63857052217986,52.65958741246575
86.12630144367672,995.4125937471402,23.03010093077966,83.03083713969377,49.60046088042415
41.22069632387661,984.59141860329,20.51629087550827,1.6121882644064556,63.091633111461206
26.17372140893247,1017.2802728439532,13.160634145648874,86.99802000990142,60.835335739299026
77.67924935388072,997.4292415018879,3.1050154003388952,21.28661738751987,60.11891875348084
86.25043123130192,1009.5127352915954,26.119506417779313,48.62649294290312,51.374946601138
60.134122925236326,1022.247825505511,15.786130255319527,50.612134793774985,58.635673179547545
85.64935519910043,1025.9819287058829,26.68982279386099,5.97212021553638,56.39541036793754
56.633532436421305,997.8950389240472,13.161003339840347,12.566564642211286,62.261144478258856
35.882210713796766,993.0485815390928,7.110390748128164,42.304740142540055,64.58353778058043
57.95152140855024,1026.6695004936523,9.222390307234821,64.26208765553481,61.6558158280807
37.276051916129454,1000.9698946376116,12.544479821983469,26.441697734034044,66.2718187925727
57.76252566304045,1025.2098977208557,18.42669399570029,52.6400965938686,58.6012071840685
31.804124734314758,988.2369732852808,23.067329647679543,37.91353785953557,61.69749595410115
34.84496571412955,1030.1550175706814,7.279218955568903,63.03635057524667,64.64402700498009
90.63302123817289,1006.5719111420364,5.631657619865892,42.44373012958731,57.72606301453267
29.268654448444885,989.3573364501001,6.079763370229985,85.16330999216774,62.68434356959707
37.94194240763226,1009.428748264435,28.034993370345514,98.3744068549565,54.38458828596636
99.6416040497323,1027.8508790061094,4.918465611182571,91.30518325239902,54.21882352709793
66.08148128726293,1001.41287878175,10.37229781619293,16.86042354218258,62.42726321072972
66.86553737275726,989.7933828830511,14.576028608474417,45.717767862376604,58.03373726354967
87.59767011378663,1011.7105890838989,16.68610456863491,45.88177206578854,55.03523784894071
61.94557091911659,1025.8956911370428,25.7425543021237,84.0466391747634,53.90334237479111
37.74255627867638,986.6744576819608,3.3865153031745776,35.718932381962986,65.26563749740956
53.797324504062736,982.2774569208937,3.2404017948960773,54.960186938214925,61.64470522703981
80.40010029043697,983.0961421470014,9.492289496523194,60.927900323309935,55.219529085907666
89.7958750754712,992.6768795835251,12.396043725705903,11.152078559720435,57.548897253122206
41.856305999863615,980.4016100700438,11.213269858973478,55.79611305943046,60.68948848119328
40.95802113113546,1003.5770023170709,11.757054179058903,24.684148835463215,63.978578819475274
46.20865649662365,1018.3762199656504,25.54365003232546,20.661688034146252,62.29749130423393
67.6968559884942,1019.0752004099205,25.10004959087901,25.03155801522714,57.49947045920801
42.28072524850761,1015.0191337782609,24.165039169281272,9.935199866756083,62.19483884895203
91.4509540368474,996.2910074027254,22.658420033552645,6.97302506219537,55.144226771321556
98.24060709730512,1020.476573813963,1.2116779470685501,64.6866369400544,54.738922274181924
74.32959379957079,1011.7068162193717,4.4816310817773655,94.097886388748,56.523734303914736
97.62397568417961,1027.364855822205,21.965779303168873,68.79996211440641,50.5659269821474
43.02803747994158,1006.2903033535603,17.84531769986929,31.185560861273952,61.67986073929657
85.21362825484344,989.9081020453559,20.21833733679688,33.50465949663944,53.835994486195375
74.27557118758062,1014.9059058168796,21.50794157757454,54.1389203224132,53.5845170470844
41.055346453122965,988.2931326144732,27.34094129152052,86.63018763116723,56.16877655060703
45.472582419573385,1032.972966453452,19.05428835887043,20.246455034858222,63.37450612503646
59.09005332027081,1018.680685437205,8.267022860266811,46.851136179403,62.618489860664624
83.3314669227612,1021.5977038082347,2.490478110645107,49.894672244284365,58.64992874700674
89.77778153642383,1017.3597643357075,12.962541872633363,93.12236222091099,52.00903042205623
70.71576350012049,985.3657763457962,21.2954869633526,53.61528781577578,54.88947412054339
77.72610977794639,1005.5914900700291,8.457042022086359,78.08586732681053,55.70286254881118
41.10796300919779,1015.8278383601812,3.602379471741639,8.780117989925063,67.61004297936157
79.28572398225378,992.6145730196728,29.962272314039353,32.69236127593482,51.39618071556574
68.39838503932877,1017.3726158800201,12.566230957831445,61.142345327807114,59.31490422624486
37.83367241970322,1025.0937011381272,6.48944374426613,67.76379319200085,62.807538733227034
96.01495772819197,995.1211488680062,4.936678163705315,88.52121506921019,54.223178291502244
61.02876875318859,990.9781815146167,25.88347139698535,59.042374482257955,53.91440057612871
83.55696155677163,1028.5737987864188,24.58811634785441,28.95792106181415,56.35529034939242
62.0490213445892,980.2856971020512,18.399617671882545,53.90952386967243,56.56605292570714
94.63493730692046,994.0660876625461,16.41556533237206,71.15300092915096,51.38251212834197
31.302350771023868,1002.3701718980254,28.543170143650244,78.4345205717792,56.5928250376255
63.69237006164462,1016.9742845332794,6.848028700732063,94.4584270689341,56.637713673760835
22.01240016478814,1034.838492195282,12.461807878955447,19.075264266504366,68.2428415029156
35.791487403049125,1000.3950117196472,0.7399500546421689,66.0945160740756,64.39434365205777
42.482120368296854,1032.1844799321736,12.557693014988818,20.030875552698323,65.105379526279
57.80880568778776,1000.1725855187024,11.526495606920765,31.787232898846817,60.585606770181066
85.6138125939277,1018.2541091176212,28.484797181703243,14.276449903144862,53.972355944976
57.33236004531939,989.0951859528453,10.74697306610641,77.29937439058874,56.519669773974684
64.89497596067153,1005.3224322221615,25.04367778041231,91.39995204779161,52.332729422393456
93.92434885450483,1027.9200435251594,22.997809785441426,2.992880225111305,55.47778138083408
80.52259716016488,997.5996909040595,4.418161499489594,81.35080348312418,54.33375797906834
24.016271057232366,985.7861429274403,28.881516687158882,24.175538311379775,61.78739093105803
34.117007257724545,1008.7492334724392,18.92897250517637,48.696920943476925,59.858843176432735
23.057400970501376,1004.1744077456206,17.89651581894011,74.82191796815087,61.24336570329397
25.524500862278785,992.6246796565734,0.3511633227779931,50.685432203438054,66.79675685768609
47.10838415903581,1029.808837438094,20.976323809305818,23.12498989031918,62.48233371666444
78.22868030930029,1013.0927705999139,1.668865932957292,90.6165700920017,56.39574824962876
39.54823142164699,999.09454920083,5.561424355504659,59.35826429242279,61.87019866396183
51.38290099772301,1034.7872181479668,2.9586294776173516,93.12555832051333,60.345375299592476
51.50997291548955,987.5661411801632,11.3461776914523,84.66413379362253,57.68869822279761
67.22452402738352,1026.6373331921031,23.871345063986045,87.65876425546024,53.335709575093624
91.43352057320301,992.6843714681104,21.221446380794585,36.171273499063986,52.16778696118242
98.6581826744472,993.1728771846629,3.2008542992339417,98.73151305698362,51.56217584626381
68.36887714623052,1007.3989209032301,23.95383578351643,85.2394463692882,52.96492201021602
60.40563838709125,1016.4068083399635,13.825414215198027,33.76069915192076,59.65717786061333
74.55005480265592,1017.9754703631594,0.978923336641444,89.64153574547507,55.552269909439566
73.4424997937618,981.2170199856484,6.714793807897178,75.52928303212914,56.93051544494279
61.915669014070104,995.7771874258628,23.555565839034028,72.51370257538345,54.10601741039701
78.95650390539967,1016.3332241400462,21.99899216769366,0.6225830459886561,57.89446523107644
59.301712238792526,1028.9354136528286,5.650533694376783,2.256791768352151,65.27573870926341
99.7166741001637,1016.8439988623467,1.1399719463317326,69.47925338696838,54.99035801194792
23.91978427575248,994.6234723114463,8.856058319576752,27.868354489177882,67.58630304048381
55.4572497413935,1007.9275011943245,23.847806915885023,5.851834716710758,59.36058357075865
51.761947512446575,1015.6167030309972,28.151714460713468,28.59510607711101,58.21408324516666
81.62431655574977,987.4436642993363,17.186569047856675,83.79094744354909,52.57735496712655
35.26602851259322,1009.969879679702,2.733115649084601,47.06117971613364,66.32041278539334
54.726039840618085,1005.9416425428964,15.062584655433284,61.55792586722861,58.92992566883035
75.83556293240085,998.5156419107741,29.963741165677607,80.05054142712031,49.99646984008492
68.2553493053449,1014.2945717542332,28.160070374735817,32.337447188446255,55.95485212683395
63.60974651812946,1014.9918961166754,29.79633011704666,1.1145908220815626,58.14542398886201
54.79641059246618,1033.4308448322172,20.98244132154639,32.33210858109554,59.83901997349331
80.16070401951673,1003.5567858577093,12.782656937743202,95.66783898808188,52.913980435946804
71.71401023282169,1009.2196935516032,26.7938868028331,48.22849857220396,53.62324856954646
89.9768820276811,988.6626419533862,26.855413891340845,56.98076037779537,50.00472513636034
78.63991091598749,1010.1599286381685,4.330944991082725,76.04293598010698,56.565627775009425
31.232605155979776,981.9847272046181,23.261575704348807,11.493337857995478,64.61314742604827
69.56304334116967,988.2432665951276,27.579285583598107,73.39359668307355,51.20062719501489
23.56307465817362,989.4185741922295,26.955590306363774,29.775444644740567,62.85611927059455
50.98966898343099,1014.7951514627422,21.20500852275408,38.8161495604128,60.102655700004625
52.95501653774209,1011.2012052403724,16.120750061834894,26.948986414332545,61.224894990418385
88.39063227470415,1023.8920326319443,23.30247792963405,15.354554612684602,54.64791274404042
34.42973654217237,1005.5419687529488,15.484675241811498,36.146137380946264,63.251987621375804
71.48332039386284,1006.1170930276636,9.637022082495001,9.463894874199363,62.07520769286517
35.390961806851074,988.8855817668504,7.7681548113960295,84.47780598969543,59.56666175343838
95.89361209582354,1020.84857863514,16.219716739839733,30.594635175158647,55.61596893328769
62.35975461185707,980.2009109108565,13.678646415419234,65.36173183268514,57.27978259052301
76.65710118627825,1003.3689980230492,15.734858041014983,29.669555558645165,57.405721443964396
71.72363123816056,990.3578800124985,7.820907256116872,21.070404175372516,60.94586872785565
44.29108191759113,1022.4055458498091,17.717493644299907,71.36570983968322,59.2261329344448
92.09582083385014,1017.0365248377918,19.86223259268676,62.400382054013,52.36660430868264
70.17989349725305,1018.8722790410397,24.2054668104742,21.810493121894947,58.62656521328762
60.82544155180333,988.1717837133059,17.699622679887998,61.209614838638224,54.83819949850302
62.268855475965495,1016.7847740513171,22.68212407101025,0.5001677739518873,60.008343086746095
91.25524193137635,1017.9991540401217,5.081559779001992,17.691460660021228,60.3465182246849
24.72955782674161,980.1450396586862,3.6318808428754954,72.7753978397809,64.91446234747798
51.12496736728697,997.4680472511321,5.389232712099017,41.015066652617534,61.475122524823306
87.33020222552103,984.8008499683338,25.387953654529245,20.362888694892746,54.56632703392737
23.00121975405567,1017.476682782632,16.684496578116725,50.591637702025515,61.97271765451364
71.13449754577084,991.6659768394089,13.659456945890064,46.52170010201338,57.360335812033206
52.26113465118936,994.5562623376127,22.864782713403695,63.39362925019291,56.33042970572776
36.36667764016241,984.3080991508583,3.7223374658150785,7.253831994026283,66.81994128025302
68.91238938056047,1006.6093665899599,0.18623891189643915,81.93496305255951,57.78892258542285
86.48488023963759,981.816804522081,9.328944296204149,5.827677892914829,57.993742873179315
57.387164347701,1026.5075717081256,7.4668300215027426,45.385527453980714,61.79135657791279
31.738991153681198,981.4501322008954,9.21992489304614,71.04730236683353,63.09721950204872
44.492097585757016,983.3901831799981,29.20708041379513,34.48110346649074,58.26001721854744
98.50826000392136,1015.2223648269618,17.032372283882815,91.01185300440596,50.44113758522248
28.8873509379086,1030.431343766399,17.673357139900247,75.52318563556685,61.16629525024149
32.8572016148518,1029.0666624054309,19.6700786338878,42.60480648574394,63.09238921590373
99.21422783278969,984.5996781057625,11.931763964976827,18.382639377285493,54.19102509819154
90.56811389503342,995.8645696901481,29.36927749259411,4.3438908570414885,53.33677928503211
76.57029957885976,1008.6570271274253,29.197842640375278,80.16643274207074,49.70596120715694
32.07866027688273,981.4643056283056,23.07735938415548,19.4274245856226,62.51415075004571
39.24393198812909,1009.0753438551666,6.350765038924494,26.96741743788347,65.1658557894075
34.41457632522423,1004.6271102464176,26.40590487687495,1.0378363050580708,62.66890289187572
70.47638840084767,1012.3626047557736,3.0275965070505437,1.8226884967541546,64.33741245899695
51.90951101923075,1030.6173185948983,18.896844765595823,23.041843416800067,61.82789385267091
23.822330895607493,995.1040618141304,13.716454246825053,87.28684862716403,60.25832413948864
43.30338421812033,1015.1503098935224,1.176470191810034,78.08230484565092,61.892487522521336
88.8522580851721,1003.6407784785202,27.117210307043393,76.98731150124428,48.31880910909822
83.68338667317312,1003.9320798376867,28.832785335649824,82.70347743480663,49.43199228535347
71.44094431753715,1015.5999271242641,27.221836054969057,18.6613568927977,56.943510386064006
26.843481135531164,1032.323501734913,5.774003950684806,97.90652893434417,62.386252896506974
90.6232655311639,1027.4667328116211,9.989457038198763,23.21926323466219,57.57796150771723
62.761424699860385,1015.1737345013543,28.67198831745506,14.992985093924261,56.907433146567776
59.56608080240376,1005.3845948920247,3.1927183226125964,29.46446936990189,62.81052793255961
94.72508615857792,1003.3195655501505,17.499142305641893,53.04533421568117,52.403970786753554
20.70752215400617,1023.2923101028297,14.565674568399064,12.443062040961838,67.48554740282506
64.47177654678185,992.0021376058876,4.55695891209476,73.86210233842017,59.71096195519038
83.29955129509649,1012.3216599289352,26.597324783383982,37.15266890447765,53.87541494272633
25.095237972441133,1007.7724572530059,4.0246328924877774,56.8416535617164,65.96738165163322
48.57376539318955,1015.7144458385279,17.78120882458685,73.423602365008,58.0913807292017
98.19881476157656,990.3081565317391,9.545426470291222,90.1893747595618,49.167873786655285
36.942884132531816,1018.2666473092492,12.539434205308392,81.93469667232645,59.540376780679914
62.494354672476426,1014.4849886812136,6.340788426871498,53.74686744522369,61.378613535577195
79.68552208276441,989.9080366808295,18.740071961964386,99.11728954846164,51.337171063909814
51.229908200554846,1004.7291929110066,29.660324547769765,52.973918800821394,54.07937370149282
52.62985973261888,1017.3240645163838,25.006292930227275,53.59721582608036,57.6354404517938
25.061468168261555,1029.5882348193318,20.496175697297975,15.848819500154276,67.13767048536727
35.20746787365204,986.715479551621,22.69143841917606,14.872053611480208,62.05148142725812
90.44873804124704,980.4806680036734,25.178600347635914,16.87011263154936,54.22313174108601
85.46541123334008,989.0834786941342,14.176412851852731,59.18213609592568,54.07873141777538
44.37108178104546,1034.410055398535,17.011326173284765,41.517191348542504,62.507261257157275
50.53690391847377,1022.2603641686499,26.86448265956759,38.58845016644289,58.310955876204815
55.232833889763675,1013.7902960364394,20.878420023013735,12.755829253030615,61.10030335014287
47.67549026194156,987.3157186932157,4.080696161635492,38.10902117787788,62.91447827619346
72.31293633443407,1002.8825217093812,23.386072815846507,37.79898724567522,55.63508896513534
21.026274469730268,1019.3381377480695,0.6811895066060158,62.08143764899094,67.68501509791548
90.41344447371995,1029.2736289230008,25.425809798761495,38.84096991648074,52.79776832916935
44.05192748420954,1001.0002790117583,23.648979668531297,41.87620141519077,57.61225351623446
89.78987694610714,1034.9829432562321,24.922379565176545,27.25429592579276,54.363907145887396
56.350865409862976,987.6855026780889,0.707776380898959,13.150391193082744,64.01151629975729
82.1064793365423,1001.2814756559842,29.173465023670186,30.00108855544118,52.14513597093905
86.0623871129317,1028.1468602376467,18.423960831994844,4.27653403388879,57.716404897781516
44.10310589049863,1015.745358519658,24.001451795511098,20.370996868493197,62.04581166117976
71.22598472935222,1024.600572115405,16.99677310113122,32.49524529811995,57.562407288078035
68.59311807819134,1029.9289526325085,10.192479485243183,14.56462919259829,61.48497041394545
58.08112815334916,1007.902401752868,8.88445102120593,66.49696553528436,59.62847588786951
57.56549415178169,992.9110932987874,2.0980187254731075,28.076502822903592,62.69847734986187
44.41626162701715,1018.1538797784344,16.27544829810643,61.552757373089115,59.1688732791295
44.81524092863695,1010.9913826590147,4.307674656289756,64.38856123439716,63.13643474788373
63.85212866176279,1022.4957062616193,17.025521538284554,44.728827842314004,58.38374992231872
22.581649439147824,1008.1442565009521,18.747486658477765,44.910644331675456,63.711071575183475
94.69315055797777,1024.6111252516191,13.262420939066319,58.146326249560175,53.634066858859775
71.99834583758252,1029.610961177943,4.689745209428419,26.245635217183594,62.45124634026504
55.47548318639046,1021.2270664658819,12.98122130098416,2.124496719173108,64.66087348708406
24.944480170711394,1020.9010334640932,26.36015922740878,64.50245979351993,60.24574346309277
70.40100080984558,1012.2954137682543,13.741433781310956,60.8525383815407,55.429587783209094
21.419413019533202,1005.9403106663821,10.281883744311797,47.63810644716702,65.88116612550093
74.38937560736139,1033.4923211245439,18.89291874834857,87.57656105084641,53.1799269351999
25.80195580191858,1015.4811892664509,18.56586797430349,50.862483273926465,63.724316366511026
72.48817518078506,1026.219607622395,2.7184949432965344,30.349466370577826,61.35148828540709
52.47102130803589,1007.7974965698967,7.0947170525098135,71.35324537630495,59.70779204908599
73.01027958798375,1010.5171821869321,14.832140919370605,96.24035203964506,51.87638847563896
31.079786045864477,1016.4588962986687,10.989932183746522,73.6878887817708,62.98039822891533
29.390632736620866,1020.0703802757687,9.598707346810171,90.88478840691755,62.70404022495639
39.79392328079011,1004.6595657845147,13.371411191154838,11.271427828667468,64.58232891055225
52.92090545786011,999.5973210583351,8.709422742734944,12.09863320770892,63.745245230444425
40.24247615039756,993.1680957354841,10.424151124718374,15.460570627440994,64.19972565929808
26.561230750111218,1003.3004982570371,23.208893790003522,70.2854436821958,59.152172938348436
46.00224786453286,991.6180850806502,15.306929702429063,38.97070629575335,61.37484585998443
76.46087201038142,1002.9218905178185,26.1856768314699,47.77111290826047,52.87631527206544
66.64688833470532,1028.1062710054032,28.456807713526466,26.192011521757983,57.29777469018149
97.06596440156378,1033.7388599873848,27.662319033688313,73.61058067770009,48.973049494347045
54.87373287924389,1011.740608385285,7.61133277940001,84.53479825677414,59.17339720348679
46.62418841103828,988.0302959153342,14.186577894505472,16.021413519552418,62.38530732803485
75.4943622154187,1003.5155569585286,16.051565487453914,19.27341264618517,59.12995122741605
52.956703157039954,1013.1142080850661,25.56572264112492,33.94007664586657,59.97478659934089
69.4647414986581,1000.3924465215922,16.770620062515803,28.01665949052924,56.801719004110275
95.70298244530908,991.2835895550118,7.581464717155275,53.153659193404735,54.074501836394205
59.93513828313795,992.4753348855937,16.426173414590128,75.25792113728737,55.50733989864013
59.85400047130636,1006.0660888957991,1.3285348273046038,79.32736944557736,59.01364986506663
82.01332187418365,991.90357827303,25.024121114333397,20.844968774921803,54.776523272534185
80.48613241464005,993.7237480513011,16.979981234136197,17.558185414201454,57.92285770332106
61.298515711263796,1028.0196300651203,19.551516285463954,36.36942754500689,57.54935915635021
25.177627911743237,1022.8483175211602,6.028173898449806,14.77239628053415,67.80870594899903
98.46295950837052,983.0422140616406,16.74403430531682,9.179706570246292,55.95780238152441
50.18563368234189,997.6097201531825,15.91910671033607,24.25815550887109,61.264432165443466
45.336513315899936,1009.2563233659921,18.58892841769493,39.39437768932923,60.84255933559846
98.5237466627318,983.3334751737076,25.422601538035735,58.78416657821812,47.64161669250505
89.77081735151785,1017.5744194609457,22.936153817251974,72.32787995118204,50.75255073360761
46.41733134699945,1001.1444831423795,16.406232271990493,22.281150642196856,63.294229855904234
44.66472446023744,1001.8448164445774,26.802092620161233,81.86638030341402,55.52138989027281
77.67633141072875,994.593005163366,10.752550446293574,3.367076155673354,60.328962283435494
46.745272199606276,998.3660946590704,14.776524602210934,44.40459967372382,59.26035547760285
40.114557053152396,1027.3929443449729,19.483020109544352,63.307654591626516,60.73732077668308
98.37366775418099,1023.3731636465324,13.223000690042525,29.12640275985351,55.55068349725649
65.25681902271201,1031.4674542910934,10.8425464114938,68.36919469416829,57.80360589967667
80.99980970039553,1018.4448559679389,3.37182755088149,86.70534753046839,56.32244489831835
77.04439677535126,1011.782946947083,19.07698433274781,8.93663204919969,57.75219702095565
80.44207957200902,994.2590957636905,5.778190959276987,51.25604220620792,57.607639398439076
92.27119809468347,1016.677042626536,4.147649288553862,1.8770503129605154,61.612834342749416
60.06146663150722,1029.8386948607736,5.464586771387929,27.95742861949746,63.70495838375261
80.27025434092278,983.8041078660439,20.65441490716319,13.694027813634424,55.713304536089595
83.7451067458457,1004.3688627263356,4.1507770024997175,62.42750048273131,56.12337303076915
95.71076683968167,988.2148392125581,29.2870803543342,24.86836670637934,51.166887392446384
77.04773624421394,1024.5839064550169,22.75624129194356,28.239816975264365,56.132327293167435
91.40926395079033,1013.7754033465912,11.78204123641397,20.563029201712034,59.14226581827712
27.603048015996947,1028.380712436046,17.798482562309545,24.38025049535807,64.46263759992702
30.087727512646296,983.4705067384161,0.22879929315802516,22.51102153806609,67.86376988943698
32.6676951608274,1029.8151873512754,25.335958086869287,69.78713209118527,59.593550234465674
31.58504576347508,983.695814018588,8.13634707089612,95.58103998258434,60.05231958198501
27.001504992107506,995.818319046445,2.1565111457482598,49.02314249068211,65.87292511295306
29.80590286290142,988.5891160921502,22.743567015563894,60.03877957126077,60.569495128696715
99.67282278938615,987.9962115248197,9.887449879340885,81.8106143387792,51.08569574616172
41.774802364036475,989.4418443888453,17.026234746095813,47.61061478469612,60.837875082062304
58.2438485716157,1006.4119829473799,25.320946479057163,30.20243677318214,57.2391298814314
85.729229562836,1023.1399258289152,23.27794081978335,95.09748214929562,49.31673887343397
29.464373927030792,1029.4052501275958,10.105103771004902,90.61565523978422,62.37162516974644
45.3892005047019,1011.1782547146445,26.060897595886207,22.03597628273748,59.48024328584343
32.742881617407676,988.6763356500767,11.665497434796212,70.30764472428945,61.62708804813898
25.004489282192537,984.3554869893802,15.000714656674962,64.7139536527076,61.615490734745606
96.86027045044068,1007.1771290768046,18.37376010446703,64.96328496513674,51.8192182629934
88.66862688145625,1022.0959129149358,2.129424628061841,83.060301894338,55.06426652435409
90.34383958962063,1014.1088578794676,17.914915088608694,67.4105621170416,53.592546547481916
89.49441065059018,1012.0529871044901,17.322517224791522,51.80038430270293,53.911700278711784
32.36534673803693,982.6485367837685,26.204834247587243,84.6065932713587,56.54774902894089
82.79975169872844,1002.6349963636951,10.609916189604366,26.48409980340024,57.3601730206319
78.22969614138279,1010.2711128025566,7.265660340233876,67.92255218807519,56.62884307841039
94.03322883396658,1012.9060357275164,14.295435788184356,70.1520278691443,51.785849421789784
37.545781781053336,980.2644434202883,20.61994948607246,87.03202106435369,55.22888138753191
53.12355095005236,990.9755237058864,16.856827119287008,99.83076368662594,54.31329716823039
43.59428101711046,1032.2382306016318,4.1462001594900855,55.755129319701425,65.18368054214012
40.63342546534402,1007.9754111053344,10.436748893365724,48.44139288694876,62.688207731220835
72.19053500182703,1018.7003211073126,1.9135729029697768,60.06832308821931,59.4002576835093
33.11546798379513,996.9502702707991,22.179789405199855,65.8677614643837,58.85038849907915
57.18456957065436,1012.1954596160192,26.48844968494183,71.29842247204911,56.37741308835031
71.73123579414379,999.6057002123868,1.3701901464281085,28.12205617724908,62.118968349522746
30.424245365603415,996.3327383332827,15.762824731576547,48.70323891442093,61.18070267904321
40.55841098701903,1002.6268889315554,16.979401001255432,37.09205795912942,61.374582528092084
97.38928463234652,1005.290536103782,13.16483643004348,3.877328275938141,56.681179586272826
83.63434653364678,998.2131337944874,15.082012073033944,60.952343643116706,53.15971720800222
74.15637410299115,994.1894285758175,21.31070200486607,87.48145225729701,51.369414665335675
88.47753656810391,1014.3101207231814,14.511769209639805,92.14727020489826,50.84193506872651
21.117476171111555,1000.9402862121484,27.58956401854686,51.742365281752555,60.42300693327062
20.485954752009114,991.100431681927,16.226213930430283,76.58845768531853,61.51030893594324
32.31733087805364,1021.7102239432194,2.1538997870207277,71.24127404121214,63.55045470580369
59.620569553421944,1019.8057869547628,28.5997398189355,22.88979765730219,56.147170358403514
65.59789657326826,1028.774870550191,4.404321050741633,6.291054361048031,65.70120324263405
29.0950825153649,1010.5260460515425,23.533797000464347,74.78564049424932,59.86026193585551
25.782849588054404,995.3690354076468,15.807170594154057,28.269439063871303,65.02910003505865
86.2667304877505,1027.5039223479305,22.22677362807513,54.938245035409,53.45212899462375
57.15747851784467,995.4165616320485,15.402896525440918,52.406437635913605,58.04839949092712
99.39955406311384,1016.0580331768391,1.7691060099782308,81.78739055763553,56.15989344669983
38.347732729041255,990.4716169812499,11.247777890686413,64.46456608877698,61.051958585341964
71.77608896798625,1014.6046093406867,18.620579461215783,84.7147313331283,55.471924814791734
84.35105324248043,1026.2471454146546,18.866466555980328,75.2235981577742,54.312969195708924
89.81105248101997,1009.6969255184204,29.19133326551373,99.98313187333345,46.98905571438643
44.50552123780744,1005.8988131221498,18.189740951206584,86.3874968843984,56.93369825053617
35.462430632577295,1034.6410108450182,8.593173941879034,21.107660061601642,67.24217870390719
38.087565865544434,981.2348650174465,1.302764702454775,96.13889191433145,60.19879550543632
73.33942156292137,998.2452369343598,23.652456033415945,34.013430863090946,55.66350930353324
61.78638705377507,1030.522909678753,26.67871369393569,60.78400236668663,55.95959556791509
67.91931061035828,1015.3453476852374,18.409141211162606,94.13507232198668,52.31347501856574
21.642289438542946,1009.8153501475443,14.471308080618442,21.416528461812646,68.9066943459527
51.27785672563218,1015.0730439758262,25.829595531575244,85.7298962083147,53.970666650539144
44.81187728680112,997.7067632646691,7.210682371091393,95.31526051089116,56.60954143481526
89.10250325956038,983.9142475858209,11.961962508734333,85.3750147780053,51.1052643834102
82.10069513997529,995.1331309342572,15.229696626602728,81.9171328932409,51.21067360878302
54.36574914877547,998.5072854809066,1.481178506426577,26.461436626233493,64.25547701677881
70.44236648675677,1006.39258215888,20.65736985459697,40.70996598985891,56.324948679608404
23.81435149934374,1001.6643082870756,5.656795985422285,76.03340337260826,64.35377352563202
70.98011606333068,1008.6551223146604,9.994595549616534,11.816541997185926,62.05989919256095
27.77639962835555,990.7844760778612,12.43478441708813,88.83725313109967,59.443262959124226
77.12150247352096,990.122665410967,19.155309888433425,21.025696718380726,56.27512929177847
65.90707588268587,999.3441862704134,1.964521137224281,56.480668055374174,60.62095972919489
44.0394594113765,1006.0543327867609,10.225852102608796,10.505950625502415,64.71338472177852
49.66719970579804,998.7950725929263,8.230852094172826,18.518994664996093,62.46057358193324
27.207326594652486,1011.7109227812367,0.0455826633294798,58.550006159559885,67.18745665088808
45.82307763317279,997.0503362474304,20.749603236552517,63.46421614802833,57.29181104760857
97.3474328236978,989.74429469412,7.078048076493789,26.975151893089976,55.55468273141099
58.894789009374335,1027.455546050468,4.993150888168746,11.909731493209241,65.15899000768397
57.9392737641477,991.0331154216835,23.93895788203445,54.955592867092896,55.572557279324094
70.33830311916391,1033.1652764394723,1.1759492111908953,84.06378394583061,59.554551262639954
58.75550477891845,1034.3072240838117,27.007198431195,20.14455915668791,58.19635479348389
48.44072798103815,1018.3242087535951,20.60704986911593,69.15653096511528,59.592296959372554
31.161725925498082,1007.610054677581,5.152390422636966,38.588106986676465,65.1236843535508
70.42521905334365,1023.7480357198846,10.503090797816984,94.30880632296454,54.90546204941833
79.9137938223475,1028.0261493650485,28.49949395946456,8.257314836325092,55.65369927048713
93.84821223859366,1019.0275488460088,18.565337466719072,3.996835438844959,56.76722111105072
20.24110852574985,985.6124615490158,18.261529106651103,12.430826191129729,65.84350311135992
25.332832897119133,980.1643328183571,19.592132763379553,78.24448401466483,59.38215014195568
91.95245295810679,990.5545727325804,13.882132665845809,92.27697328273375,50.1856880044995
70.49244316156677,990.3692542582869,5.019102395663525,82.24766452295009,57.251432488190815
96.63282211457246,990.0384623151974,4.526733349054374,71.78320109318842,53.35758903762327
54.46756752976556,1008.0374775301351,20.619319331365876,5.758465807430135,62.64654510730524
53.33497361997659,1008.6046455005114,26.518239554856944,21.381159057480726,57.603569441047924
47.541166351789734,1019.7662125689769,9.006326599547425,93.53790625954097,57.17738771674284
31.425513909577294,991.0807297133616,15.102107096281275,62.279306036383275,61.273159257288455
50.2906327158215,985.0962977034752,29.767135307081737,46.83242074591695,55.933476408393915
21.171883215491036,1016.6350224739979,7.714835890390065,65.23121069451119,64.91532576284334
60.74506278989239,1006.6198362614743,11.706417856659106,17.859376003514992,61.78956950940507
87.77681656945963,1016.6476357524018,10.905647881755593,89.28689621553995,53.4902825659751
45.69574029524918,1000.9407134610566,0.9775750847877696,65.63036282170529,63.22472195906672
27.571212521708553,1021.2937543946741,15.285509219522924,47.12444747291429,63.86076364105235
97.90090586831654,1017.5430427681304,6.260336595049769,45.73755902317863,55.95079262364182
30.318208710482068,1015.7688020422269,3.857927911609491,82.23775367373537,64.14662561942944
62.29579974235995,981.5163105826706,21.312479981461667,30.78685397377764,56.14157591263577
84.73485498032957,1027.1968287287543,22.972813314257515,13.713180124089552,55.893400062646045
40.18761659162142,1000.7133862896793,26.666746050313215,18.566954436216353,61.58703352175024
87.31916319165049,987.4588548248054,28.023971785911623,8.11359929206118,52.361666555985295
64.56201125654572,1021.5573687176216,26.07197880398306,50.786292699247525,54.724817185375684
46.554854390489425,1006.7561206798501,3.6748401207632986,67.7258192995617,60.97954793455094
89.25513729044822,981.7602959927981,6.708865021380416,93.39852012340071,52.467313615695794
69.76001226503607,1023.0029308361973,3.6742588413276667,75.08149740101938,57.66316222272156
69.23075412702003,1003.9270604678682,10.605735928337815,58.31107146439118,58.08966386615918
60.32077737092184,1021.5209264936325,3.7221553685511877,86.39539354680342,58.68789498705248
41.97899897069861,1021.5575060682546,19.598318898431742,89.22130602010316,58.95113057810445
44.38883568973956,985.4964915736372,21.50146477112901,71.23856414990996,56.78974401453997
27.046325828754448,1013.7274202742292,4.78781078693863,5.6284594220268325,70.69847185505145
39.49789649461962,999.8075385437611,18.64728151142969,29.17623138748262,62.4399854010082
42.22600688321858,1010.0521041703115,0.6896821981847601,33.618595836872224,65.8456095609833
24.696119410517163,984.8700838489514,13.031108083819614,99.73814137308766,59.4435211168559
28.825178934329845,1012.3500957536195,8.560171622480933,46.416257626808175,65.32358614103744
41.6202390830163,1022.7647012635578,29.954846309033503,76.18852459781745,55.71427870326179
74.18020184957524,1034.2747592224837,27.6835385694928,81.37972739239339,52.523023520910506
34.738799282498086,997.6153752409634,4.4269636834879975,65.32601189774286,65.36945849387955
61.74796799102936,988.531861297255,27.521123741961144,1.8276464141310234,58.34526909545886
60.632261239642304,1000.1245661553868,12.563695121800425,1.9349483884287033,63.1877127715107
86.72304636989251,981.0616366460627,17.29944382745273,81.87779165950889,50.78196701331988
68.73310443132718,1002.482532717246,16.01293278179406,73.9239973431368,52.7841391697293
93.35992629550728,1030.3024216707122,21.784696552672795,53.61165286604228,52.86625568426615
70.24810954523213,990.6893101768471,10.048703810924653,24.88657164748541,59.94047195105904
22.04125102394002,1006.2745806632611,2.090477586820864,8.671369956021735,69.72959775817039
50.51936575160052,1011.4939379467827,12.528808193870903,16.426836664808697,62.00469626691759
75.923838084489,989.8948915936879,16.33516651593752,58.03237744050354,54.82255708395785
58.00975155355953,998.1558038035362,16.647418736424783,54.582663591080745,59.01253072237178
53.551829585726466,1030.12466566206,23.77792891624902,94.12669281281582,54.40212931119752
73.72365047166892,996.2650806089982,1.3267754829527934,95.72767180753455,55.5368158628668
42.858630372127834,1014.9449660440627,29.6428308596715,57.60068464239333,58.99688925918117
92.71824253534695,987.5323555294157,29.716950086753307,84.14326002055262,47.14965062194006
53.051488079246724,1016.8426728638432,2.970504663175082,81.22495161110818,59.50394861811869
70.49742487340262,995.3529425479353,10.32052456092827,75.23765669345343,55.06995682629589
98.58666132561564,992.719452995284,17.70932027079152,43.73380154325556,53.738167218162666
82.83841839632227,986.8290849945008,11.199774889198503,38.940631331286625,55.601780892221264
62.5298527017193,982.5753411778144,14.62874063416755,26.413397395823303,58.726691607993374
88.75100705995482,1033.232284128626,9.77785070166936,93.70950085740012,53.61192691046361
64.83501747752902,1002.7647593856242,21.36399970867055,83.44253499153051,53.15811893035345
55.33227477023513,1022.7688526261027,10.920517335621739,17.71157754266419,63.818597876124734
89.87623559983962,1030.6049114918728,12.896592552425076,25.246309094418017,57.7292095026585
22.172428551275438,991.2211239952788,17.277232078859466,58.13276010750644,62.236938787899774
52.59729094105671,1027.8416727861131,29.076037881983712,41.359977354440716,58.6137436897776
47.43939732553969,1018.9413501333073,19.254134051808062,21.38976458100369,61.09680663375565
77.12690450896656,1011.7887380786634,2.907634481416342,79.11565517268461,56.94035045353091
21.00689721230509,1024.4992794595294,9.567018622643946,0.15531287244644476,69.96056809650912
72.86819830435792,986.0865518732801,12.591436327938892,34.32765334712637,58.93273999177027
47.70889887396626,994.4980184944886,22.205214605654568,92.93499125660168,54.497919527549314
27.83147032343237,987.2077980522376,13.406266553213896,76.07679981465142,62.41396050117583
98.42646253884554,1029.278381360673,19.77312659730205,40.128497802860785,52.91620389549865
36.97829902806169,985.4338712867893,25.184842690043943,92.87284185823506,55.23188686979717
47.93039431581069,1033.8972731836827,3.130127511507345,90.08032057318121,62.04785809848464
36.563727142350345,986.0440168084007,22.97218739831136,5.258372391334865,62.02903192316372
72.95929578336177,1016.4000823257595,22.367393935050025,12.794109728725244,59.30401086186856
82.60130512545248,1016.327172674931,24.591371381919835,38.723029790477135,54.03809951387159
88.85126677132648,1031.218539770074,28.68199409008677,92.93976515571535,48.644620502356005
44.87985743553309,997.7722880334744,9.287939262364292,84.42051697664837,59.54010314667126
61.9642713225213,998.2606550468607,12.870614781403104,4.776171420092412,61.975194175281175
73.06060998849529,1026.546131848247,7.880459972282788,51.23309377442603,58.3861527882973
70.36167800963128,1033.8216554005787,9.813168810752336,72.02532954131516,57.658681186489424
77.28217548926443,981.6576328302025,9.894778770249351,27.592268614372706,56.38386023998369
81.57818429158038,1014.9424306420184,26.093250565076218,72.25244997881359,50.00891682700496
27.797868485704313,993.4001807712399,1.8869495304449968,36.97254883885569,67.02470350142583
33.46488197533319,1020.0379258452307,6.080958176244761,27.405650068071587,68.30697487176587
78.74568396112713,1022.4995455062731,18.31674642916086,39.25648270307401,57.58208476853139
58.134042712789565,1021.938905631745,22.955843462117397,95.08010002842705,54.5956539378492
54.16270328580576,1003.9531146977199,20.921311619507655,90.5294375932114,53.329789721784465
56.43521000620754,988.6790762524587,1.3972702704562245,91.39512865151337,58.66156394565168
49.76208107450883,1012.1620547023082,13.613831438770998,91.7379108457462,56.5911950774835
67.28540100647942,1023.3970940189441,5.534207644727656,17.8274091127234,62.97956089207768
45.86604341243007,1030.170724951399,29.64426619845482,89.60613990555902,55.510967374814534
70.9452320472719,1004.8954378078604,29.96675889595049,21.227643576366706,55.890437298214735
36.21096924150456,993.512146842008,1.5269562875279896,83.81356177314694,63.24856062398701
80.61511308926052,986.5352360216659,20.031723853086216,54.18988859865167,51.898642721950026
82.52799796594005,1023.8680609273181,24.39194821423608,23.996227754693468,54.73957682230887
66.28166529797168,1009.4413551923568,9.74339606882541,39.85204129926908,61.01653989505691
49.5458770199635,1017.0801250864118,20.809093087362204,43.33781834356808,60.7994529483882
21.15172585894893,988.7582220356345,5.630056044465048,73.31712512848983,64.09173942824047
29.72259779610507,980.361834946303,3.8387745981846244,60.602147154779516,63.92952422426048
26.3749610230934,1033.2169883785327,27.75905450354663,81.6782158815681,59.8366628400351
20.816402011909272,1024.5988505587397,19.27607173446572,39.68049873974486,65.29374101893673
77.77758175207225,1002.0014525219046,24.508417206674313,74.35905356855469,51.82266111304653
96.48534079491151,1005.1431281720464,15.981395204804034,79.2804500850439,49.65528697339464
20.8934612239052,1031.0985947996676,4.6417607061001265,6.314428333222577,72.3638189904332
29.015248143637116,991.4207656062226,11.299655549091984,37.563816608832134,64.31479557412625
88.8540687479897,1024.1555777011824,26.449708588488342,88.59894925012046,47.82388541679965
75.08017995809932,980.986124043944,0.46819732792464874,70.49759184234527,56.59548539692834
52.376831719704235,1028.1642032516845,6.2153289613534755,41.84463474201782,62.89097608174731
99.42372139738524,1012.4106203516166,7.598597942224034,18.297425252186873,58.40183521188488
65.8897073431996,1006.2667877666886,7.889873261943315,9.661083693871797,62.06455484364208
73.56792101995424,1018.8551736197029,2.9576008464893864,22.935080898313885,62.4525636419894
72.25410934684102,983.7208122204336,25.44659080411544,24.469244218936602,53.5033256546855
37.81613040711153,990.7549176285477,4.785417600129259,37.06619458512288,65.54557056790952
59.04995278219937,1002.3841795175884,24.89023157426562,17.692164256329146,57.96667468973899
37.31290388402604,1013.9826397201573,10.65185332995915,14.60475340506331,66.4436837001469
60.75716241660989,987.9501559622789,13.719542749427898,84.40067562274352,55.53483757109935
22.462497504688493,1000.8720765615169,13.885525188148852,24.95382421691763,66.7042115460865
50.5567341481354,994.3491053555114,21.394464666608908,56.16053692068298,57.614840003263566
49.77680583107748,1015.5063151970033,21.938995022673666,19.929954803464046,62.60621010127516
43.33044974814598,1030.5603147259126,19.220640841110804,49.17535061400673,61.15064635565652
26.33831537321897,989.1288523325675,23.213054506535038,27.671201355069662,64.39627092663085
81.67736482099488,990.4093629160233,0.2490953709420629,8.679967811956201,62.1182847756509
53.636389143042564,1013.0290663841257,15.144312935973085,98.21758295739265,56.0519899745455
85.11785430089948,1004.9459379826079,15.72076032058849,45.78061165360583,55.55072859061092
86.85817903372471,1019.4957533061832,7.180195226725471,39.304739828842884,57.969053159276605
37.08779119214317,995.833692994527,16.691127242961194,19.912213043017758,63.86374714545985
53.70640910390591,1009.9650788913917,14.01472109141626,49.536588039156726,60.153869084299075
77.67792041672283,1001.2755482267255,14.163369260986581,63.52189854646604,54.97475040776354
59.95969229399172,995.469528368554,3.553515930739003,30.465007811874866,64.1940644819589
88.40545843223768,1020.1113026330388,13.057876149017261,48.04184004116585,57.253715529631904
65.72552061707252,1023.7741561725916,22.992921856555533,23.70810450137134,58.708884818020955
70.36647742868533,998.0923300150746,12.299699736601326,52.77130817235695,58.0796591724965
82.96187716357642,1014.2634510749682,14.62495270640484,78.72144801536946,54.13306166015289
29.7777686102809,989.8225264433618,29.02561235115347,6.021344617059854,63.26232745811827
66.73985903344438,1023.5032335534588,26.153528527480006,51.78389675652312,55.684097834425906
26.83438950113181,995.4687915309268,27.86100472055128,39.936308231172944,61.16415668296333
40.84408988296309,989.4025110092446,2.33029652170473,7.404134152831032,67.73155092869212
37.005736513966305,1031.697876761649,18.557420298864944,94.05090649104018,57.97878432495461
65.36608725294724,1003.2366354522333,6.7023562380185115,25.98429844307546,61.51796871454194
87.51219027123622,1015.3924952342188,12.127309588475649,56.461153498482254,53.982713855404555
30.62476876404127,1024.506734776689,20.392505166678973,37.26202510786925,63.76861961921573
81.47172221176679,1017.7378274461888,17.367446965710705,27.11327070255668,57.322769310583915
31.44529003381991,1011.056302971214,15.171969441479048,52.718065062221875,63.27447889347435
35.173737027874154,1000.4387402504134,24.433453094138894,68.90285964634722,57.50106519794746
93.35521578040526,1030.5187670078228,20.477958881693272,78.5535200864181,51.585287571532355
20.778332440532374,987.3448104329005,24.63135319212509,63.39244750441213,60.52485946243353
35.77152329868309,1028.6155846480046,27.9579673975534,52.62959898284719,61.36540086450553
37.24448730227347,1019.0416856641234,21.359124058725126,77.72616495150754,59.26196002870759
42.550445070478126,1011.4275871950949,11.861862434508092,51.745589978643714,61.49120731840139
49.07293656755489,997.8611268816643,6.383350483299916,97.42268368983706,57.08364587781687
28.254240947098577,988.0324285661194,8.127459627416973,52.674070426196884,64.21189617123133
57.476342390642714,1004.3738305499373,11.898902251461292,31.72471445578816,60.21742162870452
51.94802938911113,1023.10677363248,22.202733113110348,44.63619902006412,58.42287458085811
69.99470487321997,1020.9920348794827,1.2046401901298487,48.99900782891217,60.34663033316362
89.4014107254961,1015.499321147194,24.428444252332795,28.348608770427543,53.369859648413225
43.81762081087125,1034.58748195914,22.744047947425337,15.874282526922713,64.01986499403039
63.71902194076756,1033.4949123861022,14.982499592464414,43.13834141955857,58.811377301478664
49.71018961121479,1002.0002680932535,11.990004802928427,89.70328196377667,57.109969046255415
23.22002248706638,990.5893888465537,3.3809115645521857,25.55311724645274,67.10664712958493
85.68602913016744,1005.5111048401844,8.691047277455056,36.18186649072821,55.935103478437746
70.73731519935507,1026.4517135231954,3.2888422006723395,75.77230152049181,58.3399409784301
20.17378163002264,1005.2209698235401,24.56653545802763,8.227329214048806,65.54893885954539
39.96575521620933,998.4790080779263,15.280135891743853,82.50705509981526,57.603415168574536
44.719152399118144,1020.7677325333499,7.403603397850629,72.027881841616,60.294157323247234
84.92252324249134,1015.7575576491037,0.5426804556289766,54.97641407563197,56.861074653921364
80.85705683253582,1033.2783718541677,15.717629060182258,20.94787943226969,58.71368960007179
51.69150817084157,1010.209298973368,22.562612885343924,9.267856116679873,62.02051588299703
32.587377302291614,1033.2109705086673,22.99481356878906,23.171910866390434,62.695242183933836
50.88257220650995,996.0014971228309,6.432786126008095,76.14952393082073,58.98931130369563
84.81170579191601,1027.5653288179951,29.851860351146932,93.34946190299817,49.31575432143706
56.19130882533224,999.3008832806593,17.06339748771269,73.7888191841617,56.20354447847993
29.269615062868404,1024.5321658315402,9.960211101223976,52.761702172785476,64.79954615424911
23.08379779208458,1030.929240146878,11.784232412144425,95.06827373373291,62.52732428096185
46.66682178320774,1014.2755096500505,3.73310547713663,82.85673393728553,60.654647568926144
31.86902488166769,1020.0701998241412,14.800675450392193,65.58373208754617,61.45342412442162
79.60329427693219,1032.7251833990165,22.59886313421872,3.7904697216352923,58.661430853987746
42.30054512160763,1000.6336054500462,12.282302924727821,28.773350812184706,62.202814885964294
90.19624247675435,1008.1371049074079,26.00557972551099,30.821009136500898,51.53920047539394
69.38794315008732,1029.4060556420852,14.302571340602853,34.72452627957221,58.86081112135559
51.49310078514763,1017.0048743354997,27.018294731991414,38.93856571022203,58.65621635916014
68.8046043459699,1028.0475107586833,21.096112949833156,93.93692721146228,53.94219990867025
43.61391784259463,1014.003997826115,1.6502910476808041,74.18724080993609,62.29059486224139
31.30591032302228,1020.6852645221821,2.010523941209547,69.19349870571638,65.75764600766799
97.13420759387196,980.7184338207279,24.003192022496343,42.651495881173496,51.35105141450712
65.05291564397473,998.6820221396744,10.70471137370702,33.75496083014472,59.842971133873405
20.58624970038437,1022.3731405365567,5.677352213123697,11.957819077529031,70.94016405150548
44.825136503646064,1002.2204372702412,25.95961442981767,45.34954735959158,59.740428943728965
32.7627595300529,999.9565699605776,29.499199986823353,20.5342375475672,60.50247858328912
40.65466505516309,1032.3353729680816,24.262447057237875,39.10104037430094,60.808218376789064
24.457241578682787,1010.3901670523634,21.753885412461415,15.639126052775353,66.33782728011407
39.606850237963876,990.5870646770013,0.028756793296840222,34.39959102135133,65.1711162285766
74.64128804262266,1005.9724678878814,3.1792177869801366,4.297936992394968,63.028482054232995
85.6487637913403,1008.5269202380208,20.12831375560213,0.6023200955492136,56.91087087006913
47.79136141060016,1034.3802398731698,12.28693512593214,86.9909222881396,60.26646207607782
61.797259883874354,1019.5020746440766,0.5842597295890317,64.12641068917574,60.28647744608313
23.343247752814456,1008.5671171817696,22.22608999596161,58.76666541328815,61.529626690450634
27.264064033960214,1003.7594918553968,12.56295227882375,51.37940163279677,62.97211038968635
64.15393135147146,1030.3522225468869,19.764750856076642,72.67291772963664,54.66273189437027
87.24615286677987,1015.5267591952278,14.050072355012222,73.61656050283192,51.613821976131995
27.039037204317545,999.5847733698039,0.7949314317938228,93.52513679431235,63.11505662493357
53.48373348688113,1005.5546698996677,19.077737041962386,24.44105000008525,60.86182932744021
97.63397342801177,995.2968630848609,23.642579516325075,78.5198809868333,47.9891995503255
79.1034036300102,1032.823577480454,4.679303665986038,99.11577402258037,55.5360313639075
35.80825762241658,1018.6069796760289,26.7324647075418,2.9021859530037775,63.110227099753516
42.81394137326685,1001.5764044242972,5.446852893522577,37.39854257309839,65.07487125377132
95.83329859771395,990.0767261356174,12.685099046807824,43.60358676099389,54.15075165931795
37.67901544598834,989.7360496694037,15.815610702270837,82.18323316682081,58.50944943570357
55.272590559258916,1006.2758220461787,9.415972736706546,1.374341536485535,64.66055228702044
48.44880428696406,1005.7161877487325,15.013715968631335,59.861953213506894,59.046319894134626
59.2031065575146,1002.9783751322096,21.550691678592663,89.25788100152923,55.266707302961
38.92641495729728,1026.8493315760686,21.433656018820493,14.762705845252178,64.3421481131648
73.4680343971484,1033.8550714284208,27.668481813036024,11.557361686297973,57.41004100955685
38.76727889352849,999.5152745135223,25.862727928693968,99.97864387066696,54.56344507580537
68.16810834798716,996.2035848783347,29.55316745141845,82.59589346989895,50.31520029864159
48.62154491971724,1022.3560930156032,17.861392893731516,69.7418515414104,58.31737908026628
40.118090554121196,1004.7386119524817,12.015439929349096,39.89812325954523,63.17324035518736
75.6002104501228,991.966272606268,7.202943431419829,85.39629741688837,53.340842912862556
97.21918227681539,989.9516594313586,7.3190811113507825,92.27730055410107,50.60394885829305
89.5500353256898,995.4312267115146,4.5277199596368884,73.2408548065399,54.2886692558367
26.94683140157773,980.072799576957,21.80000922151559,39.80947797464918,61.51947763968834
56.353103055016156,1031.7786466219802,19.627268917653062,58.353710783521365,58.38275610455919
75.58239569227509,1003.6636882104896,8.768825883196579,9.851726297308982,60.854348483567776
65.0092673111605,984.5565944609583,26.764124513160006,15.802047510762451,56.9997584147484
78.10854665092106,989.0726420589342,16.568590359206897,78.30373428921408,52.3322033074004
98.00961134410059,997.7835795174565,2.070570877660339,2.931547215311203,60.24813770334522
47.381744784385766,1010.3431668721896,1.8435277479820522,4.919599730238467,67.97827996601016
81.66985272599246,1018.7043843645276,4.295608502432212,50.80234915859527,60.15635781452146
27.525705394949807,996.9318153881163,6.3379010418889825,17.05292762587075,68.36109936875272
89.5798586575319,1032.6689065220846,26.623120242847893,29.370407765079698,53.26823262100411
82.2745793888943,1021.8171546557787,23.353451375509042,39.883142478704194,54.377057510615664
61.677396720225346,1025.4189323439575,6.051724170516156,52.22554006522371,60.66832759226144
85.6826776008129,997.8005128859259,7.454770567519731,28.353472127729795,57.93402074239027
73.32987562039172,1000.9528663238265,19.103640687368923,48.35464690924894,56.2726419179646
64.17809861914841,1009.593398139209,26.14569218753124,37.068457915513164,55.99604070227756
95.68004095389851,1004.8433328960068,9.501873707196234,8.103110957801674,57.36319857516304
30.42121736084625,994.2940485036318,15.764897205651163,86.71273830352563,59.74336584426971
99.4374137505321,1034.8499004657604,26.711326463046067,28.1365903205251,51.89741609748781
32.35463016501811,1026.659666812377,23.118953016196233,60.93732661473082,59.85900687868451
58.414076958870986,993.0893039451856,26.74528374863438,56.98002152718848,55.02231759525583
38.51287974852429,1029.0819199576426,8.342215519408974,19.916678234966344,65.27421567090649
41.753091955409815,1012.2787281487775,20.728024439448156,2.995817043040072,63.42033632543116
70.54655768379168,980.6909126874481,3.420377815786386,85.6931414811984,56.61977654010824
22.776811422936902,999.0383259531546,18.486235739107755,49.76898554772669,61.47505285655994
95.25974229486752,981.4153017678062,9.120766095493908,41.44675147527143,52.96303315552415
42.36976991190744,984.8273792172105,21.044409433274687,76.29105150313491,55.52605377517406
41.80260522522059,989.8437518555493,4.256237189463262,3.3158921717284073,64.80909147266438
89.08509839369755,1006.6419254016412,19.96740807156227,76.52152837183756,52.30667074069166
81.18689493018678,1000.9708789056373,21.25557405793255,40.89144633737234,54.37197910603503
73.73775447900445,988.1947894552469,25.714689464768647,55.1623705320333,52.08910193920411
31.70867604821573,1001.7005483848646,20.612297730960062,75.24392405465417,58.10700828424245
81.56933752848013,996.7386720124647,15.685928453252458,54.681059202335405,56.099150655381
48.86130330637518,1002.558576639942,23.524789570659486,6.177222346151101,61.92178754628165
99.5110917863841,989.4770987446904,8.532995307670571,72.86008912297187,51.58765499717564
73.69996360203487,1013.5341071166412,20.32399456357896,78.63416339967854,54.09025336971435
86.87144595746601,982.4492174115907,21.735831793610974,46.18931580385729,52.449156610631206
78.70282333317213,1001.3332466497478,11.776236032563023,43.90594063171548,56.38978844370569
67.53906741958559,1029.218712047076,29.66899553259918,25.192555963553787,56.12010513567672
77.30552432922698,1003.0818651636523,10.68269143789375,64.41627574311359,55.231151735213444
67.79870632298842,1004.2593965125614,2.5347350818471357,88.19885139891295,56.498159662289666
24.095887251836857,983.7404759917224,9.104231385720267,65.59687408649842,64.10068853206707
47.64185125262336,1013.2950362189268,2.9831141432972217,77.13248890094715,61.05476106896332
45.31340150227574,1031.50215397643,10.179124724563245,83.74556446713294,61.30119733614899
77.11785664579048,996.0385718099114,3.836186497527901,22.614419326398583,59.84271522619812
66.09385606636323,1001.6288406729303,13.186045915776274,40.21043341170895,58.15851311590386
68.83910421600051,1012.3486956115008,23.339264115860043,43.595961519368785,55.48365769131985
87.7585264973684,985.1266138090289,2.023291593015074,55.89003648810794,55.54499864003327
62.024571112646186,1032.2655896922738,16.89323776406591,4.918212133593092,61.90102943033359
37.462175984488425,1005.717817057175,1.3148275170724644,58.84071710226527,65.01388267979237
20.99517414757946,986.3302967412362,26.538275076556964,8.85214833834329,64.92278946889927
32.75980267929141,998.4374991540477,27.641479382453625,80.65698912805918,56.89985323616844
22.4463273065816,1000.5607005022115,14.77073530797039,96.3021987728105,59.30607330862896
38.96519348346996,998.9957642916179,23.0769349074129,28.975900589579428,60.548143519473356
70.7997752932531,1018.1273007300045,17.7873280582224,50.661512481094164,56.14247653471117
32.11351649094702,999.0036401124173,10.21988633974898,82.31875450067683,62.36305080889892
26.55385838139166,997.8119681601083,7.354223929803413,31.465400604730288,67.3620561760152
97.66836693406552,997.714868797985,22.75787449334445,15.777769334881365,54.278018132172136
99.75240191420097,1022.7816683740248,12.899406529528848,73.90625237018742,51.24389366826647
70.96188098257929,996.9609836928954,27.607153745509738,69.83616211557877,50.72671349259692
28.685311492359958,980.7698951064106,29.270758394359905,56.99454606721711,58.50944764502291
85.72165056775222,1000.1044325451242,6.311780118675696,94.44367954338945,52.64432040120735
63.13709543354392,995.3030448830622,16.83189915165227,95.51223034663016,53.725872903238496
34.565888279907554,1029.9959487736317,16.108027231307148,86.15494303810377,60.425527010199936
66.05537565728537,1006.284839664799,26.042965850558737,29.302008541859347,56.17209513968673
23.15056986185736,992.9016433773857,20.729548794947675,22.53659307523257,65.06145429586182
97.79768881115416,1033.987083952802,18.221325194547315,83.57406942938232,49.280253536035964
86.07723993147366,993.5709326723073,20.3707461573211,65.13608913486458,51.615194824239765
40.86215339633977,1021.9663279793558,11.683725588179739,39.61260303876896,64.20218259174675
53.51295136786243,1015.725284063169,28.808744821619246,40.975647656725215,58.483643737765455
51.62268644004111,1005.422545102595,1.7287691880886757,85.33321828885137,60.32250059948873
88.91953376348206,1002.3209306383606,0.8738695737467461,16.324726322393957,61.2364046836445
48.37074915946957,1027.9810363618953,12.467692087837042,94.39734097962446,59.14832687714372
23.83841332945498,1006.1295313734984,4.6372784213629,63.32152935116366,67.31381851689025
37.175107984296304,1000.6446426576459,16.3440096819647,79.13577333744244,59.29164297589146
37.24557259721247,999.483761269197,0.2702971149135458,37.08665544213604,67.99967146175634
95.9392838397109,995.1727402641412,13.79048924298104,58.689636025872375,52.92127594279825
93.92438144076172,1002.4931273382496,8.847736901658408,74.99904939613866,51.571899569711185
44.04746295937233,986.5954893241517,6.070810397264106,43.51299722078406,62.88094597343027
20.22136800876705,983.5817668006241,13.339486134384778,48.7936341606241,63.33846195642117
61.35981047300778,1009.7807141495695,25.636468854482725,58.207982886413056,56.345706507401104
83.779193749824,1004.9843840845443,19.661840527042443,6.340699093150404,57.34464222955893
41.48839855574242,989.5365753948795,4.79824949578413,86.31865213579847,59.19750486293187
55.12352208395868,985.873956506938,14.9661917593275,86.66779357525394,56.19767556726685
33.82313636533827,987.8796979287547,27.95013356448584,28.141767280698428,61.26008245289762
46.19162156130044,997.3384474652879,13.176744679189014,87.98225367722,57.30948926816628
80.70824022935123,1004.8316567125416,14.11638695594179,74.51948076587507,53.238742964673754
54.26250197123902,990.6342560118527,28.240729793046775,48.31914078537357,55.721615613261314
55.781667501045284,1021.5593741264554,4.074245489517821,34.77640247280876,62.245907655964366
83.16413172731845,990.63284085057,22.05124456268056,39.93789202534246,54.010627028660785
81.03781938499634,986.8269547474747,8.97484200212129,53.44189154312689,57.15139278807573
34.972223576990125,1034.7005178076868,25.976749763791947,41.25207018915913,60.82727928486776
53.22177435325686,1004.6241359775064,1.630874552362579,42.02383241091522,64.90652138963739
87.90862689701159,989.350385943821,29.712047044699126,20.312337362354672,53.13058239464944
56.53901459556019,1029.2006321413014,23.05826459756461,70.78120051561908,56.19849261613939
72.94107863416383,992.7100393525142,8.529989476182596,60.959157295057075,57.26587844498307
44.476971944826325,1030.9068975447472,22.82567681049355,99.19014870216228,57.201249882193466
24.764684924955567,986.5428469505349,27.689092945299816,14.12442042024702,62.80823878563353
33.19192252369028,1026.2998082766137,3.3875217352459597,11.373834873502087,69.63047380088649
52.137671371687205,990.134690974243,27.40735101262935,51.59322991358004,55.37705912889702
48.27736227111335,1031.608570671639,10.8052326952382,15.199076351007413,65.00960306138984
91.65126086329008,1011.5834003493122,0.19377916353598645,61.06211510666819,57.34287295962244
63.64981363835393,990.4452532661212,3.3726291141473785,19.611510866900804,62.51397905561211
70.17243176752852,1026.4651029858799,26.543817887660094,48.29984978710389,54.63004668922708
75.09461717569437,1001.4816795693977,29.479994044712356,61.13114498424205,52.45537371922733
62.53007443149265,1020.3047381694187,26.86116040478161,45.80407890349235,56.439064705658495
81.57165354973083,1015.3892396855966,13.24609895521007,31.9985304597185,57.12432390268906
82.64803874660448,1019.286198734027,28.84230310675619,78.23160826127933,51.307380079854596
48.11087774261501,998.9043191961568,12.20550657565181,85.46580243258411,59.54179357655267
26.782812279378795,1031.6354017966307,3.41088207789492,27.804983424657294,69.98255520873693
98.90833826746932,1010.7897230479158,10.228244891407964,81.33937346704774,50.57540176714476
71.4096560417912,984.2658335496251,29.95263490767783,39.16340198383159,53.36358221949691
76.7132858530601,983.6703704048055,18.778367963288964,48.762363849252466,54.71513719098405
80.53568052161877,1020.6026295317794,10.19996131875805,23.174968783433215,58.07179490129998
69.0370737365439,1026.74859398825,18.72537291508901,62.57237757616229,56.98090518740187
57.67211755965991,1018.2403799300146,12.8740748864985,10.092671677695385,63.220193045439714
98.77357554075049,995.2623521311666,1.4864577612527796,59.16375259707396,55.78780268393121
78.21259280552326,992.4247178822663,6.033828909377029,98.97180818337542,53.29446987308994
87.6679009245188,1011.0990124229928,0.5770601414658705,75.34663072226222,56.50915641387434
55.17402972175319,990.8228723919559,7.643766684908201,89.5039308634425,57.711082196089436
92.38219992725972,1000.8504866058664,22.186950979483633,46.41955401945989,52.06725761956595
78.57208418252463,1014.5780177129807,5.799557831860678,14.210534030233134,61.60368253934009
79.69023923564691,995.670123511632,15.841691367930412,28.846189382469134,56.495464724101964
26.954499498596505,1000.6491406939527,21.048111563908048,4.902967421812998,64.38209467693977
69.39653643625192,999.8284842183111,16.460472521969287,50.18109724269486,54.82070320250893
46.8173387898155,1005.3287933172951,0.4611161471158043,64.96668718933537,62.38405757085423
73.52013326769905,1017.0897903183759,10.900259126722151,42.44833059788922,59.167291259637246
65.45712874464961,1023.0292042909896,13.248915025488673,56.32048989835985,57.45365643935339
28.89516053693635,1016.5795363714278,10.282600520653977,32.070224832214066,67.0412834214844
62.399019421291186,981.4392306773615,16.38791326646319,8.585809396551392,61.226821906507006
56.100675192413824,1029.326183233142,15.394610438209405,43.19989924421884,60.831476213080286
82.11547935868818,1011.9653832053881,5.623507229261869,54.7797795361043,57.24026948594513
60.21106167923985,1030.6135571621096,22.559221005915994,98.26347930886227,54.51176603911984
58.49297340795481,1033.012976028149,4.8349114247202625,34.72734045923962,64.48527245371406
77.55927826339557,1005.7315730422367,13.768961107161395,67.77696574769968,54.55088801299641
73.48703121223018,1030.400108133994,22.689066015607708,82.26244411622469,53.00753774565684
99.34835029067659,1000.0962101522038,20.917868592824448,33.53907277090499,51.538205972011674
48.15621605960541,994.320804013018,12.965576541370316,92.99312391371575,57.09751621242674
75.06852550120755,984.0496649959541,23.667612280315645,33.88312871699497,52.820588536590904
33.380684467975634,1004.8506749845817,21.412736874405642,96.98043097478197,56.84127664440574
84.36486057880383,1017.8778004955376,11.53607751834748,0.21569178726476013,59.476527345323696
82.89244948080004,1033.7259617551892,26.86540139313431,63.41733233886787,52.05496764122724
78.0656548074007,1008.6720102829365,4.258785648000004,78.99262477501527,55.61676184104378
29.524061195033493,1020.3961157495554,10.754463645816315,28.006041895831235,64.92767378205549
99.00356699937115,1029.2880933909742,20.93429013723401,11.705027370359511,54.62790155215475
95.40884827520271,1009.8751915755255,26.189323526994453,2.436844088422352,53.960863802473305
49.60731857083336,989.1720905669863,9.677391888319432,7.440693636244089,64.96336614583905
66.18527075500361,1026.651462836,16.837271986139097,54.303404276303446,57.0718189306492
91.11095761135465,1011.5795538433892,0.35519249492578675,83.9167403545615,54.31638141898832
59.571519242055366,1021.7181187224367,11.125283872908707,6.313086526548862,62.693115110709655
67.93306719555368,1016.2162860223799,9.928050200215884,11.318037793176872,62.985275293097835
68.25942873473863,983.3570628402954,25.274127192419417,0.5103002114093091,57.55759919250617
71.94039741996484,989.3013229996427,2.2193007170886094,28.227739876357827,61.18581096523381
66.04002872952542,995.7437363847927,1.8634371633181235,92.12463861110514,55.852886183513895
52.475537834685824,995.6589300987125,13.281061145827893,27.62879978632985,60.02058350308448
63.15834918640985,1026.1558737812175,12.221670123048629,44.081444701015485,59.2690488850124
89.71541454373363,1012.9031648646271,4.846797916300122,17.89573957516517,60.71403469170791
89.128267653884,984.5856434787603,7.900325850274342,11.628453642676885,57.2357018018489
81.80365974886716,1001.2959215534094,29.22583459876456,18.239444660798853,53.51478012567807
53.12860855381376,1010.5981876989243,15.395476930712626,21.04328340810755,61.93263436614121
82.87780414988245,993.8326556481999,2.6355923286673946,13.028882578026579,60.12030089467447
51.02850777516884,982.190864286855,1.4924046720464745,79.15530115032728,60.310604265420665
73.12549579604783,1000.914505660245,1.2581360916135498,47.724563839039604,59.27039420779169
65.3942511524618,1005.3653895317332,11.67057122383891,53.97694275614893,57.288870301143284
44.00197335652003,1029.7620718053433,25.96852119129586,37.46505752925574,62.27511307038664
56.2302622764995,1029.9601391153465,24.98749780011557,21.07428408530496,59.081640632748375
86.42894074224319,1007.5221359814124,11.036591893753208,9.39016645423193,59.462312637614055
93.02022465287477,1005.9322006633471,23.232707546137252,7.592570306458867,54.11488175823384
36.42363432397498,1015.2276132934501,22.567453710476066,18.514202574569083,61.7898021230301
56.497184786080126,994.1968236541245,14.48986332382482,85.01761932985958,55.79721268228194
54.68044465229022,995.7142798358977,12.131629857405102,21.654518957841738,60.78851169907317
59.12122377666197,980.140681880221,5.4164586304503235,35.48195917010419,60.830256020289994
98.1300534030044,984.3016532120638,8.36312962275506,57.27516437501641,52.34308614031777
61.49940105121839,989.8176997229608,10.16086308371192,51.14131050087121,59.73775819659632
86.40613505593453,1015.2315005813484,24.381535192057758,66.5820629731518,49.99283985777354
73.11496591847072,991.6961491207031,16.588589097699877,19.431482955105462,58.53964416015337
28.575272137320216,986.8243452639981,6.027435807331825,52.40489287058553,64.71551749568091
75.65254408750232,1013.8967598061009,2.8748283258993377,76.77491594402841,57.164020994741406
71.76473317587288,1015.8462512972078,14.899914827410107,38.75069547543638,57.437581329038935
80.677511575909,983.2820220523922,19.98949804410062,97.18943983880618,49.59494592833339
25.955881729210873,1022.5093948179738,24.566508385833984,57.79494328927345,61.422000349437035
39.30460479703803,1013.3386388276105,23.919440074627534,67.4826557818649,58.57438063910338
81.54309518026866,1001.8385993958692,24.724671556435897,45.90877396549543,52.77290241456076
49.64927783283089,1034.0750260506834,13.435420498038239,85.78508439527347,57.777929152283775
92.865516545766,980.5609644078112,25.969725235304175,45.148692399668775,50.89105577183582
61.41363271741903,1009.9668450283027,13.338247529228887,94.22803135846202,55.31107037939427
20.082170685567988,988.7836874804005,5.043638717542564,30.74905429885293,67.32788238323123
75.90687703396578,998.1133022530345,11.921356489178752,86.58194057520885,52.83032741320684
61.07711770104178,987.3261255931973,10.200752324653534,63.935317367637786,58.40443783539184
45.36754846789863,1016.7517981384656,11.765305007080675,79.90546694056512,60.63866256165669
21.635255872256806,1002.0864376371086,19.758577891626796,3.7701284592921547,67.05718528787212
35.89969859402387,1034.2464725370428,19.707495505468525,27.72796517532524,64.35375226267784
32.92751346619217,1015.961591451551,6.747045581469202,84.7078853808263,63.17385154757772
66.62833155361304,1030.4534149465867,9.477917067576064,31.833369342244865,61.018251415826526
81.56432164061916,993.2454953308078,17.86064690803652,71.26553533602723,54.03604783503393
38.76851334510047,997.5331234734784,2.5238538160952473,99.2188814581423,59.669918452227286
75.81785073820386,999.9475231708649,20.65992588650529,17.71687496687029,56.848200468037106
91.9859406844005,1026.1183257863734,5.366769158404003,41.75459405037415,56.94753615002931
69.72688170756385,991.6421673501618,25.521334124905465,16.512671076614826,56.55617782168437
82.05181007784607,1032.069642792912,12.047629723012847,15.428645451090993,61.113545013691315
36.3385204416184,982.3968498956193,6.624175994204979,63.304282650359156,61.93398520448557
25.995081756048826,1028.9421907904436,20.034612258003857,19.137603676747883,66.05603178817408
49.23102409943422,1004.8277633054477,16.62092417014959,48.26539489371539,57.46547998005625
76.72055398978912,1008.9243918746488,5.1580688410258615,97.79414736219691,55.07799602883634
74.887887145207,1034.8568593369941,24.8148312144091,33.312948203875884,57.09112460293739
96.40633929160062,1027.8526389180633,13.598672240107938,87.36298466854626,51.36280097154167
70.39827358132935,1029.7211874976642,4.567345943097125,39.636506141809626,60.46330985138926
52.902756879443956,1012.2044253516289,23.885458626809893,26.286491061244178,58.518107537421955
83.77051413223417,1032.5987980402458,4.003034451854828,33.625170311574294,59.60397206528185
32.24543293125964,1017.8292987950356,29.041155053918207,12.768647734379101,61.62750539465494
85.04178706787017,1025.0629867823234,13.254294249522268,67.8985155953763,55.76159320221623
49.27443726120289,1019.6513649197445,21.846668008029315,50.901994468621346,59.235062863287
32.320800721779406,1022.9502936952521,13.559031891194934,61.38304631448766,63.9252355372003
32.97124992307609,1015.0884025206076,5.62688004065329,30.309277773012166,66.59510546167499
98.68779962368656,1019.9524739027744,22.74342094898529,65.34649654097024,49.46974394887114
69.85782100324883,1003.9766162803527,8.680710638858365,16.459888829164747,60.631079879170976
33.9411675457665,1018.8777066391261,20.472534988749395,65.24727160011986,59.95625468783069
41.48500304082318,995.2245803846292,7.7211815518943405,8.113815818427394,65.61135446935508
49.766381527328896,1014.9217434741896,7.2332483376708,40.027315555301044,64.09884858680016
24.47195762023009,1008.8063837885195,13.723368526257788,60.975304870714744,64.10351220145759
28.673257313069502,1029.41956894548,24.487180999020044,85.53175446092102,59.12816062825587
80.94034355189915,1017.0272563849649,18.408991560112046,81.24150260948385,51.11068087911262
82.9499175696644,1012.8141296244028,1.940065784930196,52.69500770175879,58.60550491130457
99.05876890916593,997.2190757046064,22.01594089073756,88.33706973681431,47.21035965054123
25.40771082777227,1027.4542155049842,17.393130037774817,50.590296525244035,65.01649384772404
91.13475292968948,982.9786729589181,18.70696589661163,51.71667156215617,52.551204336359994
45.3772836515268,1029.4863067496601,10.607344822281702,72.05536466773474,61.07032458431234
46.22804685969604,1015.913767122121,16.684849531272047,87.77823227711383,55.830717198721906
30.182580150436607,990.4220928080576,11.156660957270466,60.27164962920855,62.36972304260966
98.90401415557913,1029.6647526317513,2.4451701348395103,94.41917559196537,52.66351765140176
98.47913895269387,997.9494689291391,25.332908414837355,23.258606605261377,52.276465053313764
89.18636869903551,989.2549928121354,20.340801683021958,92.43094290323951,47.79887083268327
27.26240693161892,997.5530333882749,20.11317036391939,22.16529552412192,64.22111804620378
87.33197005673885,1032.8589780604204,5.8103629381337365,52.64154971449862,55.77611875922947
70.76911945062456,1021.40171746187,19.907896957258536,79.60317962239665,52.78697929898453
30.302035676342626,1030.4236222694162,6.960918715360553,80.1584167296808,62.81485255041023
40.94062057971694,996.4379616598208,20.626040613132094,27.81592621694644,60.89769488416434
75.13793051985603,984.5341603538582,10.005914538627332,98.58952202966414,53.03316912616082
84.27526195046086,1010.9515374816979,4.725413602066658,8.060342211948479,59.64654998107123
87.84696367811793,1006.5650425317821,27.187930496999805,3.4782747065574604,54.49737188388922
63.506419284713516,1019.6332631103106,3.13950973442867,84.15294590437338,58.24966303577711
62.769593329277704,1009.8471349317723,22.853634498467184,81.901891057538,54.2632855707278
74.73672102889995,1001.8056726512059,3.053270067454583,71.28174464133534,57.24248172450308
82.21780393864863,980.2577219743144,20.54158929194444,85.07740241149271,49.16214759007282
33.646862498833706,1005.7260607123145,3.3115678397555417,13.755925622735376,67.39058313865478
79.18701276410343,986.6353551180346,15.264734118617211,9.568754492975929,57.56345579908963
47.33492713245706,1030.7100606708018,5.639870755539355,96.94026331109296,58.64424111752689
50.70068967378739,1030.693848179163,25.99744748148439,62.423799279254546,58.430084787270694
26.217037190064154,1024.2006954057588,12.044537079355502,91.98467471931323,61.66207724558477
67.0736609814615,988.682666716721,0.46279048500393327,90.64432242122314,56.38817563933513
27.47360780277159,988.1091347555571,18.84483756570152,65.31398393695001,59.623424254337465
93.05084829734854,1010.9820628565479,13.354174167269141,62.84745129296569,52.1494612574606
69.67762450084966,1020.0103973004192,25.79217891283971,35.99458039734789,56.31810358020958
99.2225484094549,1029.749659826358,12.99432533345453,14.911005595199233,55.542440674335225
39.65217221044843,1029.1718906507779,12.334214403742587,68.66049526758755,61.50026405605191
74.368045109251,988.5430169427215,13.622796456393962,81.78605699463965,53.89683006739905
97.15439906601259,1034.751067254192,25.795620546755625,54.46237500375036,50.54222108154578
43.88626114493425,988.6238614867477,17.604676845796202,5.086914011534693,62.34439610156948
27.70581187920748,1026.2065037768841,20.080872607068113,14.491770569376927,66.38298726990625
70.71812613772785,1012.2820055856871,21.61232658467381,10.196033841520869,57.759249723000664
49.28793334122869,1017.3057560832393,28.125465673219722,65.78316486290034,55.7828698991466
41.84461069681036,1013.2184477433884,25.125617779121033,56.47890871368679,58.544505381648484
99.48701205947286,1027.8325123320342,27.818527849295815,46.65002939436806,50.02031062548383
80.32874688826568,1015.0403725313432,10.299148205528095,54.34085559009647,55.671539534672974
58.83157064099501,1026.6765101814385,6.445201263996491,27.595484235425793,62.97657800392271
24.00027179063729,988.4902388306107,6.10168535792469,80.47271715216601,63.248590647583605
35.32925420111003,1027.6688701910446,25.734032764519682,32.85452513725057,61.162655654717845
43.90227402183807,1034.6124326232077,24.917736926429725,64.43011938862274,58.779282242994256
58.97572812530281,1016.3828737247075,19.512348341901127,39.087424663197744,58.59969223247722
59.779987325196764,1033.6998607364694,1.8882715198066335,7.216652497299569,65.84754935996769
21.978669057861797,992.0935946209468,9.541444721483314,25.69514244211959,66.36563506250098
95.46850160135796,1025.6105716190546,22.02603863305473,96.50983273954684,48.662503944826476
63.42457435508049,989.2975840853386,7.457063212066263,19.05371204414904,62.57121178742896
21.57817335883084,1008.3768519841536,18.72176762317273,10.492869356110734,66.67595249372846
76.10681553404362,1016.5219245307441,16.282236656236186,29.11521922269835,57.07327273723504
25.70812095339882,1016.3144238541452,7.880171221807903,87.7925907964656,63.67744613542628
77.69363399001847,1016.8973518018634,28.03014092502777,30.602642432635896,53.85791465426178
76.11939846622211,997.6508581163487,7.702171477794062,41.73801396292133,59.6066765195187
98.7938531257497,1033.5546603354446,26.843734654329467,31.007692130236762,52.2028750370395
47.36299352064375,980.3604146696457,16.227957574748356,98.89735627046801,54.438455592062894
31.54618332449667,1014.1549146789807,2.7548403906484378,99.98750991412935,62.59356069614065
27.349541811622693,1027.6360345683381,25.008742660143465,48.27727532503182,61.63949485478796
25.73808561385558,1029.0112262833268,23.742961326535553,78.48257095685199,60.43967292741977
84.82665615350501,1019.6112970770457,24.929235902850035,22.005983756639345,55.14126821504317
77.48384558621791,1011.6146712488486,19.144456369176503,37.429514669416406,54.958194286894354
98.07321733815125,1005.1534280662203,21.348468789744647,67.93396714287383,49.66726098476002
44.734883201262214,1004.7233797203397,27.211739404934843,28.632840056518994,59.78626739019091
84.24819625558743,1003.3804522287086,3.8309504136367023,22.469874285317783,59.832671941909965
27.441127635618727,1018.4940956044958,2.491135330652919,92.22378819955203,64.62758006732109
92.31039139346814,1020.2164641753932,3.7522691695699395,24.42980759016512,59.31915042675157
24.14642470476556,1008.3119291846549,26.1021492805577,5.9277818940873805,64.51722895688403
83.03067859264786,1020.7446470817063,16.88802587474882,75.10880139748173,53.312676878145766
44.588441986879275,1009.0650349963275,5.281958438079746,24.32682879288014,65.01374593210582
34.495440524028254,985.3543436672086,4.251362050196544,45.018414737870415,64.86393994236447
76.36116221732337,1026.8388288202814,13.362706660939295,11.155703396591798,60.67354133362788
91.67024254180174,1027.8764248639375,24.47202167731792,6.851557840669709,54.70738129327152
81.13008315066301,994.6553669567029,24.15530158684799,46.044567173450325,53.51238876210895
45.04799560580048,1023.2538378025114,25.53759206832008,33.70883422037583,61.87862465843133
48.285652391594894,1008.1144049305808,23.068342002331182,50.5925226932003,58.70404023614414
35.14436759111845,986.8214949067967,1.8485942899403451,96.57832552602018,59.38875657692079
85.9249274304831,1001.8899282655258,21.6050071270343,40.73882862479439,53.185072065514625
28.5674907463288,984.2103577052213,15.56883871185182,60.265710374286144,60.3462981103673
92.25711418150001,1023.2556847678428,21.79236639738696,9.759538230173238,55.62936781427952
68.09073976163211,990.7928404525383,14.52848218902173,88.5917604994843,54.24739745953482
67.10839645575975,989.041554561143,14.506171532916389,80.58611034443959,53.847347466215425
87.02571744771562,991.4695697350948,3.784039829714053,52.24070055934384,57.98742195843582
73.40266011157368,992.4372057006906,27.156757249199106,18.337687427663074,53.126306106692795
44.33914065906248,1017.0673699570108,11.23865269257659,42.59499193876957,62.616075888340006
47.96120976934613,1015.1230540160236,17.47122277051028,29.738399590864805,61.967276004711714
33.84433528997087,987.1135143261381,6.214687993136726,99.45167553931823,58.92253147602762
57.12505935190534,1019.843055235632,11.0666669597956,49.08382885334217,59.66132455375202
28.81238125963021,999.1981406673347,26.117322695534398,42.22331049850023,61.34390322573162
72.24292058614994,1005.1610001886952,6.287980956507747,16.905831610996636,62.9882590150044
33.538307289120354,986.867297790073,6.183168400268785,23.910894936952577,67.62210813878453
89.1145418464468,1018.9744330854085,7.8149733080247055,71.15877141878026,54.4680840728715
76.03700695426261,1000.6922180962571,17.239832638268712,53.49093325747236,56.113970542152124
91.32090036250044,1014.7671281800808,15.620646630796047,35.80313127047043,55.06811465700471
26.962479006951217,1003.4971519562847,5.259660056637301,29.701368587745936,68.13784821147368
83.88074676017618,982.6877840360113,20.759070627030844,20.074024624364117,54.761192869947
90.46437800226742,1018.6919261220932,27.22620087291913,3.389789285636169,54.19253937543939
23.56558471264413,1010.3879488135692,5.964866319968671,97.7149968607385,63.8537253734183
99.92607641609412,1003.8834707094862,20.18861476387841,75.31103509106299,50.58440329725476
44.05154529265859,991.0853594889313,17.591537727553014,92.78708151139983,55.87819958180395
36.93769713672809,1014.3388768150697,9.868168816198656,41.25508663942884,65.0147539350665
53.19241786057849,995.1358595516755,18.534918559850126,86.93827503152008,55.12177414550131
20.690831372907617,1003.6045864244261,6.297266646239034,25.624992190981388,70.16097055315419
90.87250607950625,983.1066830898814,25.01864500325856,50.98348139075558,49.165724090318264
41.47927060500845,1022.7210578942635,0.6663625955633778,20.24794398540555,67.7578957761993
61.727320024671485,984.9520395329982,17.011889303221913,77.03371653358073,53.56550832961855
69.88476156942815,1028.9961784289933,9.563405456382593,49.760200693305656,58.03611660882989
83.28734366397035,1027.716604047634,26.440821597721445,53.627293839478185,52.62245973504828
40.01648905766711,1033.409945864966,14.980988041224903,85.94546297035657,59.35269668772891
77.37170939238842,1029.964268354272,24.074641178126594,73.92174174664893,51.8513659361361
29.412870483371094,1033.4274209818984,27.714610345534602,96.62659567326524,57.9361400572667
76.33881343111064,1028.800193429609,10.030486543910403,40.53359991826443,59.989875173404016
93.54364260460451,986.187973277336,26.410255697142542,46.14547224711893,50.53206570270701
26.80210146825803,1004.0725024728653,21.788367842237026,61.53386857597825,59.27137384516414
29.33622406522001,984.1885998996179,3.245231913238895,45.33124514941862,65.80089999381872
64.5781999944557,1009.9914013673636,3.1175984631387985,41.9615379668294,61.84038470450612
23.712033787438855,1009.1366218813553,24.520361724417292,34.05717419299506,62.280198665848786
34.99124074311592,1030.7198098063961,14.049482688148775,83.18842193270926,61.08934651936562
35.215370910771924,1033.333210981324,14.854508129102484,53.34893636426988,62.66390785710358
58.49979701850421,994.2804225753828,26.73739616144023,60.74031291775675,53.796403581131656
39.878962344837376,1012.027206736915,27.114100105459965,20.40755339175453,60.14193982724157
58.04182844556781,1005.5442984309121,3.3811795405991516,25.17764804111512,64.3234643539381
61.69406306235378,1010.0704346107524,11.209449688336763,33.97932084208005,61.66274364550723
78.45155100295635,1009.2450452298941,26.856803078074453,46.536897630816455,53.0518586113069
95.67937557926746,1030.276842506145,24.595630450318918,4.39273036109693,56.14661622599528
60.299777309303046,1029.2869176388767,21.630264631076297,88.83913615873878,55.832993427650266
48.4004276393803,986.7505175065478,3.0590161131851623,90.37122544530351,59.32054994857059
40.696273044071475,998.9810598129274,18.635836986176,66.16799200523457,58.84047495762048
70.7725769203303,1021.4026290476033,17.45554204985941,31.60528341559218,58.72361405318535
95.43336892203487,1017.6192908206534,5.015011832056889,38.53183046622599,56.38326630920235
81.17239294190128,1014.7155905585238,23.215763692018086,73.40509988710859,52.17392385951981
36.488210551070225,1034.6595737763073,9.359309547862418,28.629100548027342,66.40387234889405
91.46433045083893,998.5314281514055,18.618771689341518,60.89180226130352,50.65021351026739
78.8410646467392,1008.338678818006,10.855064574191804,90.62710781399254,52.507459552814986
30.235588898908652,1033.85327052882,2.531856393147618,41.04478320577828,67.11400384632063
77.02419324631698,1018.2553753236735,15.74384677391765,58.70487639628532,55.954351650706485
43.14843659249813,1015.677414970313,9.199294066669651,92.85897870687977,59.15641244622615
59.31173258640878,988.511098202805,2.1393901004276916,34.05815659089687,62.36415772885989
44.0185051273135,993.5661296894966,5.955267482777817,75.96397455130504,61.66698990064817
26.724739035282383,1000.7610254162686,18.56567307572736,75.51218558958239,60.693589424245395
81.48668677466874,1005.5665905199818,3.04145998152185,92.84951938053968,54.29732509123022
86.29470069664993,1007.3465631837837,2.623990231563594,85.85893191831488,54.03526811457683
38.55832010885764,1029.6175449786306,28.32064707092553,74.88281835850276,57.57425114913373
39.171049433562295,985.896659213992,3.225701373642446,63.65154281042583,61.88480491908605
54.3966182566912,993.6593913527864,11.281791849286721,24.118829099815777,62.839350898343454
84.91754552827047,987.8998591951643,4.002326714504619,67.06486726679593,55.6092102184311
26.181445763740363,1020.4420899164211,28.178072767267498,27.644346615183522,62.73773933813551
84.69690826370507,1033.381889061002,14.434841985103295,44.00196053561892,55.73790190561965
93.81783687644587,1029.1678441863241,3.3335772634131033,70.96986368343744,56.078551499699984
64.92033342319259,1019.781542284305,23.064493272769226,67.48942476569559,55.79069053683469
24.83131852075158,981.183754229266,23.423597631208175,40.11990928864997,61.34814343102419
41.56422078850195,999.0866978498597,27.03598390025175,18.267568597605653,61.25101436762238
28.91091792842973,1027.498992750151,21.1696616072602,48.4142454087109,62.27389838789828
40.742685659953814,1015.9188639678515,1.6414882152317478,26.997292047225418,66.9053722920807
84.94256075936833,991.5280726687442,16.509346413089443,25.543447869333303,57.417752854411475
24.45342313823449,1005.6567924067725,11.521195762011327,32.67935854465648,65.76642645289043
42.70589078815931,984.8354972404782,22.457431508800983,70.62377584856249,57.15502431352701
61.35606101003931,1008.6440845114923,17.72787025517449,49.72858319678406,57.42082380521139
89.92327811887637,1029.556564622684,21.756015623766736,37.317097682414335,54.49375104333507
39.998573273357934,982.1295365485332,5.413317536192693,90.05948141951762,60.28420988250527
82.26617252295067,1013.7640338793613,13.112129818033598,70.67806742984266,53.557694377577455
66.68552597911122,992.8206483899384,12.963129809475477,49.465282733127644,56.947842673063846
74.10955339037554,1034.4711789698372,29.429238347471095,42.12883628292117,54.98893111490135
88.94149180597526,983.5805946386944,0.573304884098178,81.88968312176395,54.436801628775854
22.113252296403942,1013.9510260696139,24.48128826242864,17.29244939274701,65.67531508836974
62.378678368279125,994.1003878267528,2.913349289620003,66.41539254371534,59.581580380427
79.77713656244457,1028.5354684401364,2.4113416720229655,2.10152988980693,64.89202594109258
90.76824449592775,986.7061389636485,9.84529479452079,0.6960713063091761,58.89345421924869
30.615535063022293,1003.6088937042251,21.023006817213993,93.17836931581412,59.34492504097633
47.31613101760833,990.1948849729505,20.35338971271153,51.39885782411714,59.66173675972608
26.284463335612813,1023.9694047312676,18.83641932373936,31.51174255636324,64.27246025213844
86.79472670471063,999.3293961476776,23.236533081728034,79.46962043050462,50.97157938314829
88.58930782557148,990.2692259150906,6.971341595992028,98.48280059757823,52.45312919313665
58.68682519004835,1019.9245587442147,19.015333345418508,3.4413791419534157,62.661062661545806
21.663623467436697,1024.9469524807214,19.141126373119228,3.7960694246528814,68.60737552280976
28.17585194059137,1005.4317518053304,19.63006538385342,85.47820523637306,58.99777555542488
69.94864955811519,1000.8367171242426,17.833609051661025,55.67147997645109,55.89182010508651
98.60953487063644,1014.76793058074,6.645686785127806,88.27417417420818,51.73949375545373
87.10912617914859,1015.8268123916546,27.428966942863163,69.46430769738022,52.00019321740405
83.83377728291345,1016.3409967599922,29.280138855971312,47.058565155052264,51.39157385288551
53.43759047701595,995.1666703083101,20.675601372598184,16.134592481514797,59.308609474355514
98.81698017171901,1031.771635993851,13.32239151921662,38.986114697189045,54.34480299583725
85.99782806890428,991.7394336259055,16.115723244215307,78.71450925587021,51.39981182448601
46.85222572512335,1000.5787051738508,3.2511455423821944,23.39175496161644,65.26174455460564
79.87928230946527,995.603166828463,10.90187694337832,71.23664939909263,55.12995589645157
54.60183355511296,1031.2117929493058,29.284030618950368,24.73445791266681,58.78322809516447
72.83645361406658,1025.5603578363066,16.4316678782146,46.353437816303476,56.884918899418004
97.60430854161665,1024.6199565507227,16.818826307705013,8.543200431090236,56.84233907331408
39.716124421375,980.2590545031316,28.619396070607436,45.49984587378951,58.38997401378714
83.60017527901257,1017.7245275114576,26.590625410325277,61.2702544309042,51.785382740240415
67.22994569440708,992.6650532320779,17.061491334120834,56.33180416101966,56.54511653300213
95.99767305949668,1033.2259341456315,8.069725469464613,40.646651439630745,56.726928052706896
30.75706479631539,1009.1913274419505,3.5079424569675544,36.969527573729586,66.7116858896356
77.57675990761575,1011.0586650769969,25.909542770842624,27.539875747588027,55.6839355920694
22.9722520827669,999.6065553652816,27.602745495527497,76.71040657074072,58.68381052688383
39.72427844914178,1009.5201842266326,14.828547640401169,78.26380976922465,60.257459734752274
45.668362405289436,1021.2355453193279,2.8364569861913624,48.30275499337794,65.65960714936898
54.580460839362665,1010.9056084751877,18.18674191600044,38.25617648945291,59.55131482443638
97.22399816998367,1015.269458944043,11.023841968256233,63.74229723027085,53.689356132572605
25.408112138359442,1005.985744287519,4.735819819421617,55.77323220951714,66.63681145673885
33.51862914825943,1019.4019840897556,27.574301689167797,66.72554664096589,58.84490640550463
36.24377809483561,1029.4757459398606,7.1834715614312215,30.60155322106729,66.90657899936612
53.91973618524589,982.807815995103,21.334845475384878,78.8349559287096,54.69855832789124
24.855989531529108,985.9013091874922,12.881335779080434,31.67428108520901,65.15771614600136
97.23356372360551,1017.7085012976881,24.83762601864804,41.87232718746602,51.981606986253595
64.78813529425776,1000.7737428398829,21.025047105283186,13.24227282050664,58.5108570803278
85.06295223380573,995.4890140896475,3.694800888556723,85.5369322292919,52.93475202125169
81.79987444512108,989.8226305904296,13.488352039701667,64.42737463709865,53.726475476643095
72.86601088172064,1011.4949952224206,7.79365665827524,23.528705879041333,60.56386364988008
92.35275349048175,999.1142817574837,21.407534145342296,85.17180538023115,50.2421160002815
92.19069697261625,1007.9378454361262,16.3406648018201,70.4793007982012,52.0023395596365
30.22174637318539,1032.7208675517597,10.205436533035561,44.21802555022494,66.13639062085167
92.15426392993868,1021.7047205116198,9.883804409843943,98.98428312911868,51.32610770924436
61.91128283063266,1023.7772978100347,3.43460978564086,33.72097500610353,62.6313709501571
41.44557707855186,986.8308846684664,6.414655001037788,9.954956673654669,65.18862630096903
68.68003734851511,997.8739175338291,21.403987427882548,73.34590483822619,52.38611298761165
42.47228799276024,985.8429509612578,18.297134414475842,75.70490397772201,58.01334248199071
58.320629012194374,1033.2686511584736,10.667878379334923,5.896510603554694,64.6892658613084
85.3150278924205,1017.5203188323261,25.083468168707867,81.94191220038876,51.259147436155445
22.575838075624432,981.0578610627342,14.532385528925623,77.59415138734931,61.45508404105744
34.647119325276144,1006.1527652001624,23.83302463065971,92.95963718255848,56.84831623780419
96.52661400982889,994.4939100102956,23.435404529867277,11.854912255288841,51.9084221679306
55.60786987434032,1009.697736819689,25.439968519486822,60.08095582809007,57.406908249435205
44.26593955803617,989.8261727559525,25.493151216459246,21.942254162336916,59.855819178895004
93.86236330353094,983.1270519847411,20.37187795881333,39.94419530510335,50.29017237822248
92.89711287505389,997.7747642753073,22.482704801868007,26.50908291024313,53.41564895482505
23.539396567825825,996.2528910887597,23.307215881429446,44.92977020040493,61.24930014474336
48.99824131247122,1019.4329971602256,5.074782006670553,11.28763284209442,65.57859860378767
93.02573198172995,1006.1001872510244,9.00734485006583,30.351550785928783,56.82338995751662
34.38175754845098,996.0230291833471,3.1271921479664666,7.091872867986293,67.86453152059738
66.25708076184924,1011.3736785135653,5.681140872204985,49.183198805116135,60.982794914458744
45.6622410936123,983.9224563527182,23.348617569035603,29.668320964816942,59.20457157899146
78.92523472956199,1016.4293936464562,28.413313016259462,59.030855181476205,52.31251523149933
32.66099796915138,988.1009151721562,20.209064001925928,45.644618142016824,61.37432242416336
67.6842544256627,995.383465312649,26.581431211219517,24.385308956767982,56.26798574539466
20.000674576904345,995.5167587944446,9.539300458230155,10.29402185959305,68.7836807933544
40.2051004407918,1005.6218555913819,25.373867409195064,75.33166884070374,56.93741522025163
32.97321692085635,1032.4236551536471,10.16357807477158,63.31325540857738,64.93981134669282
36.786456958562106,997.8562587739485,26.82500174735887,3.2929996319560173,63.101707041134276
88.83410338448896,995.4727027659017,23.94137514531775,98.93655599706145,47.04086932016163
93.18372683735309,989.2841091913132,29.50791556359983,64.24902745976205,47.1877020055818
80.40252584071324,1001.5582895047394,24.818181341289733,20.7180786736463,54.5047508645527
67.20852238805571,990.0122611529914,11.946289758061484,84.04968730739756,55.15091631189903
38.46852126904434,987.5773134973597,3.302393404073011,88.21007218066461,59.96690051494801
41.97771027402389,1027.1547233198132,26.228192996768858,57.36853967913229,58.12076354268675
44.79118184841297,982.8951303987669,17.135729206001606,88.5572197876194,55.15420263898031
82.16043683967624,1019.0953815702992,25.744246480346526,2.9171763423279207,57.515579939970266
40.230744626935994,991.1413995561039,11.613867437270141,94.51667111673736,58.67650928089879
97.8711540296251,980.644326280838,0.8684770040590029,5.720361408693552,59.573281997270044
83.71708170055196,1023.7329727338328,1.5724976188421358,64.23900639604378,57.47967661592453
99.97741783969579,1018.6257035572938,20.114954381973146,34.58946369398001,51.54550243029659
56.73428507177634,998.3864398505888,3.4338771351352326,3.9312351446165295,64.58446334586327
67.14625479970526,984.363289363976,22.363859869742104,92.92883069351798,50.199517506273246
42.43212360728434,999.8369360033782,12.583278237170473,13.535765925540744,63.31375275405475
68.29956696281924,989.9730169166006,16.893237529035662,85.37441874239789,54.21027584481925
97.91202282763552,1031.2876954354356,24.0364012835829,33.03450090159695,52.71534376063204
22.430417213463407,1009.1292706240138,7.59214332909364,74.11640027372566,64.40473671166673
43.14310339270328,1033.0114000749809,12.387076445595293,25.422078980813858,65.60099464248417
42.503533583223444,999.3222767045235,21.88671948714754,58.34339377276563,57.64258332444591
98.58958920362232,1010.6054550270919,27.55283271689603,79.9553807144939,47.84253694273893
30.61195099391698,990.4567886552371,8.708992844848236,56.61798303301319,62.157759944762454
84.98881451440285,1024.4636001720642,18.68168833189319,30.655256364296534,56.30937181460009
41.96430770685154,982.2605171803181,28.53641876578277,23.343573391123286,59.848289587917044
88.84823839024985,1018.2588482614871,19.46556567122869,17.480559678175467,55.226826822775045
59.02007210722486,1001.5413050797399,26.78367310423139,83.8812522043247,53.465066152498075
39.38088681219018,1011.8128675713792,28.191895544305464,61.09426251343064,57.8097479805515
76.77864124725167,1012.5742524204113,27.88027867286274,50.867792475745134,52.58321519430092
87.3264610723752,1019.0937312773874,22.75431252933009,24.9580683828736,54.01917685004329
57.6111367369659,991.2344211777192,16.56286458908515,43.37532485406709,58.590408729156955
77.11914205714851,1009.2262256668597,2.9025851367951505,62.006280835465624,58.51010109110674
34.52660191404593,1003.4809265016368,6.681184216946997,7.18816535120469,67.460951032547
95.0089744622528,995.51996098732,7.673013795034725,36.07149365799431,54.980678558110014
27.71596051048956,1007.265030252049,0.9977871851089504,23.950365174781496,69.57770220737267
37.75605671770868,1032.3608274888097,3.057701337241409,64.65149062621775,65.64211768960257
43.068781286152735,1032.1886720948462,8.84270094834886,60.62690079619934,63.52932141315302
32.22024002169216,995.3349525978958,2.722228267685937,29.94154946451709,68.17573410664198
52.534426574053,1028.6313940696105,5.086050232009372,4.163072210686513,66.13929093964639
56.618882231848254,1028.2215145162925,1.6325279212759347,18.28127508067824,64.63323461427915
61.48714060366026,993.7271556180701,12.49597948797268,16.00620755949096,61.45000963099726
23.263963804448878,1012.9422910532678,24.639818750192063,56.8394334962377,60.998620715823485
37.52848559819034,1027.8464667603134,24.367315326096545,16.929145635436992,63.828543594453706
84.62106009696166,1008.3247141073492,27.14671288794288,48.23343542728982,51.16489391863009
84.84837236558272,1000.3373206795554,22.36798507761144,61.45288373231816,51.00693650267627
46.40054014034774,1015.7931986633763,7.333258701269099,87.95655829997133,59.85625896066482
56.893948914979056,989.4833784893743,21.07169689367467,24.502756297339012,58.95709288738719
34.676234218369146,988.8952259896458,22.614656871405977,18.59129362492632,62.753252166821454
85.77119123374939,1025.795537247583,16.29322624323314,17.32538331330602,57.628115134911006
96.53469773163516,982.3031203765969,24.2103178886476,36.04293095120823,49.34218720374469
43.308228820520455,1024.1996488574162,2.1379752772997906,64.91812193185407,66.5052948374193
82.5550341724266,995.9771786951112,17.843417607156475,67.1862420719731,52.646897193513304
48.19113089840982,1006.5717370023618,14.3968014020547,21.096190065662423,65.0581268008376
20.210713725956644,1009.8933280276361,24.156354449970657,13.123345186083801,65.17441363118529
67.9782181272821,1022.1888100403374,3.8388178690761143,44.86779337285698,60.29941545378518
52.831892272740575,1028.6121892598849,6.378719299244717,14.11912819562925,65.24162982329874
80.67480211961279,1024.2323268968057,16.760758933661695,81.29207449497416,54.05492341471824
79.90112641101973,1011.4789076404252,28.41615965862384,8.388144748525072,56.194303383704536
95.6824995298,999.1407518692151,2.495997064557952,75.20933221797597,54.21859819914089
55.02552071274786,1008.960680372726,22.301310720115687,4.264791551779734,61.13903130762821
58.60095228405661,981.651192654511,6.161976060299868,80.69841159949945,57.583011462035174
52.03242459039067,993.4739063381854,3.163466042546519,62.715167558983296,61.006842131160255
43.75511016181758,1000.1385451238168,11.842983415306257,32.23731058582862,63.860010671495196
71.02737719279776,997.5864988283328,17.491584985298108,40.55184947646141,57.36507276142185
86.2429410370042,985.2330817402136,24.810538235163236,67.36172405573119,49.12740392785886
32.624853963593274,982.7914744777725,19.040755522200275,18.562814400131376,61.99078592399027
98.54714622080147,1003.1393128765784,14.75001428778484,89.03206690894369,48.55256237013858
74.70458909079369,984.1139864314023,8.570020990839119,48.28871341918946,56.86824858761184
82.40888129847792,995.7414432197844,8.776591299948128,76.01394943946657,54.369980818004116
99.90836687173632,1006.1154112314312,23.11730493795163,50.66960257744356,50.381566323033105
60.32251972631285,991.5478699247,3.4217902509460174,45.2279228464968,61.64399205937151
25.70330052487165,984.3744209490065,4.394213021149413,46.96155623576074,65.65237862852614
83.22333815511386,1003.7673298855186,21.592091369880933,36.31247107734441,55.640738341818775
89.66128220891291,1004.6662074170583,28.83126087847814,73.27541956705592,49.07464368480534
32.99177200851001,1030.3587862980796,3.6070260999920167,84.61524437415656,63.608976404494044
21.930993747403164,987.0310703417057,18.282782485833096,85.43966643062521,58.57708053857717
30.8658941541346,1013.8247457722696,7.175651618042114,12.114571393407713,68.44025992781665
45.91731312801245,997.5836411500954,0.7727344461755115,76.13679053506286,62.130935582749686
93.94248299083726,986.7978806718307,24.968029681941672,19.99546197052777,51.96798346061033
20.19737550593475,1001.623090872639,15.258138119604086,1.2178345024572712,67.19837112223215
84.30383165814996,1003.5365671950318,0.7166985508325463,27.545903527924665,60.98882503725584
88.38837889691604,999.996048285992,26.86359906299876,29.286859823195787,51.90788663148853
84.88418608423854,1022.1153007514431,16.070557218821165,80.97890540834281,52.788486846103034
26.577148451495837,1026.1563558474666,22.112021652182968,74.23963152427697,60.616445432669806
74.3351999084604,988.180246896977,12.705144332904325,8.468457028813392,59.88042660190012
96.31228987993723,989.2347789396299,5.546498181138631,32.59613077877195,55.359241168000274
29.629021481776796,1003.1669678978831,13.96719917381226,25.129984668016547,65.0837004436905
22.534543857259727,997.6103928605846,8.630170513579591,59.545518778603345,63.82910285538745
89.89272253535435,1025.0765482965785,8.902063163607982,54.15119732513966,56.02084082463645
71.59437347225663,1034.8246161713246,19.316343639174445,67.8912805577207,55.79669717822967
71.71483725924412,989.9610704288954,2.8223896516561364,91.07298319849903,56.566113049136575
97.15451431418332,1021.9399282961891,11.910435964097537,42.10735575840988,56.15406796733455
81.58124668713592,1013.398574891915,16.399361823574885,65.59240108994771,53.74066109349643
51.795590850793964,1015.4433236649259,21.29572417279755,91.83524917390005,54.95264402672469
54.86728938402738,994.5442807952138,18.98697787936659,54.16805844305528,58.489597368313795
31.575438398064605,985.3457922176517,26.587397121316595,30.82809800502456,61.024500680240926
44.323989351895605,1009.8790858245729,29.77152847588169,40.29001544089566,59.07017114434571
55.6322972385326,1013.7428216897113,28.12270272044345,75.4613656657924,55.699297823551184
40.886834142259694,1032.967691693536,22.9245711839555,72.00111581060013,58.01955999916029
93.26982785153797,1017.1377085248882,20.580457645583312,74.84154016865513,51.21003428954174
20.94421388947562,1004.4026365094337,1.0629505232488268,74.32968902773425,65.34299425054712
66.96176717442943,1034.670062083394,16.00496438030317,92.04588986899616,56.22840154830861
81.72865032290022,1000.5281436182627,19.91150703416189,76.40051458394751,50.72169286411984
78.56871971812623,988.9407176025936,12.388201438049862,85.54370861230555,53.56589555012436
71.49863673032243,1013.9889029031563,11.543898384738313,57.37116506160231,56.916201854486076
52.826839567795,994.6437848382039,16.275794494984837,64.4171386741776,58.08294477657999
93.47817861642697,1030.7212660295363,27.19919755183732,96.77194740192529,48.680060556787204
46.31570703763743,1003.5327600459709,7.82785107374006,87.03008759847548,58.7593836440663
80.01073010271455,988.2288992434404,11.971644632189076,77.73602406366274,52.1410690427573
94.13207774387429,987.7896813590831,19.592634199472087,68.55146423443877,49.802311814363996
30.27068983356255,1015.7301673305539,5.580217798982191,35.851823777615365,66.51547116871683
95.76648384152801,1000.1243519388221,25.047107415529613,54.812556375546315,48.96565088439403
82.08261609975925,1000.0048500878084,19.982016137644493,5.5128188472936435,55.64367613620335
69.32733304329585,1013.6778175406936,10.56786179149319,41.61667496041844,60.15004271138422
49.87189644999698,992.1831532054149,21.66501014474413,11.189641773498094,62.088410870642385
92.3412340143808,987.9985542062183,8.380396120333398,72.86395359115409,52.263025752362594
23.523434897113063,1016.1494380900514,23.23382690204566,89.23176371198865,58.936375017946816
54.546324435640344,980.2880370146631,2.1206415917151755,17.408299568920803,64.75296780662657
80.53071180672744,1029.9050739963836,12.802559621302251,24.5683383799847,59.60928706780459
84.89123539657344,990.0634006436692,7.849165735891349,85.69809425533082,54.4740088277606
36.18227978646429,1004.6320833085766,24.50101162040297,58.583217539859945,59.4433259727776
23.808372161270484,991.6313194328944,22.582411887984552,58.83088828251491,59.92163542735537
84.2280924202881,992.0020817801371,25.255841416835672,56.287636464585674,51.86175970095896
53.75138141769455,1025.9250751857428,19.54689126306632,21.82607607252215,60.78323872858574
31.481898406605346,1012.176843225025,23.85967252848912,24.330301520041708,62.80096057953024
26.84546784865048,997.1297689179465,13.163648077455067,94.96431154787686,60.86034068823672
71.25116564107483,993.8104301469053,20.34172248305699,72.34701521068021,52.46723133887813
66.6254292481844,991.7074341936519,0.9335300705902683,9.043448706535495,63.6590602915832
88.31923013611977,1010.4946594160976,26.42173825618576,22.293827165861224,52.80234072078519
22.525360981798734,1020.1934176994326,20.543209536090952,62.71155211808765,61.48526508682943
89.47417865340266,993.944006029437,25.982893731554988,28.34653869239495,52.13569621421515
90.9794487524524,998.2765327152334,23.125766028581687,25.173365600661292,54.793005958556805
55.703974197002054,1019.6201077820226,8.591300428237904,20.234799300314,63.68929549271776
26.133315825500922,1020.5502909164144,8.186406887832256,18.57268635366516,70.48486409377364
95.73945636818519,991.4027733479918,23.989163327205635,61.33305817702374,50.15517658052131
25.76239242625367,1001.0211281526027,5.541275754639129,90.58488238817073,63.330038716911744
67.25402483569455,1027.8476748785386,3.3198360248530334,36.11318559695591,61.43165577393208
59.45252021382568,1020.7105735662858,0.4512661498374859,12.150860137617181,65.70286549800498
86.80691650624466,988.937242821545,8.952841377559634,12.429934268542887,57.38944591885432
60.20854821647677,1001.2279610415254,2.9779515170759128,93.36897048986454,57.55597337207097
57.52962253648374,1033.5311580053567,24.05059590290295,52.87354781178689,57.10365858877555
90.45201171031135,1008.8957682302744,14.536314929452494,46.62855106777537,54.390141267712565
97.12080662118689,1019.5640387277391,7.575456724299013,89.0741243950107,52.855069490295925
63.94160867190456,985.0619259922564,18.062608145753796,50.71129373486559,56.02913969636914
56.377914467337575,1025.788047913677,2.110572599909042,48.059889284860645,63.8772275149489
86.48761145715217,1013.263170711212,21.783637538505044,92.66525336023682,48.52552831829149
86.4874769111865,989.6580237666955,15.041791348243843,47.44591229539643,54.415689797606255
45.55053728682657,1000.9116474074001,0.19429107684026947,39.09610757740035,64.67905034874218
66.09789243376031,984.5665177401645,9.576514587442782,58.16621319666938,57.623338887075384
32.32935850844797,1022.7355790484581,22.505771201678904,97.72315315338098,58.306066444365925
70.84335915034579,1020.9683449987502,5.643455114507448,96.38290426003434,54.93751658976452
86.719121083428,1006.9627061110631,28.85631773615766,77.56014040221038,50.02702163377774
35.001206789777996,1004.8609017419681,26.898874329634044,49.928085928743116,59.070370657238314
45.843763705980145,1005.4883540664987,23.347161863878625,88.14617083697632,56.94402760389479
55.91474269779462,982.0606728271439,2.356450755009458,41.93829783791647,62.00784878377496
87.60640513006513,1000.2534731896767,10.615118929001397,64.0143044740331,55.150964413178336
78.50960089925411,987.0677189754872,8.945920353267315,17.94268436357721,59.08217686908644
45.349631059201755,990.1635799211898,4.128759552263074,66.12876467619041,61.69539035357589
39.44268429363096,1032.9164189776905,29.98856685260531,27.610591602835065,60.787243660302835
75.65637680368968,994.3981865243982,4.415929048583754,77.17529816548947,55.97384315227694
58.39099720321059,1006.5993735961092,9.45982639629,41.40401613139068,60.62217006730681
67.48433796395221,1028.8285863557228,26.40424357703119,39.84097845466673,56.42260449873137
71.89579674208443,1002.742026116429,4.331560823956554,74.65776474475811,57.708474974005114
64.6949386825534,1009.0739976790543,14.085839158611922,42.531863916988,58.9215642894535
69.04576239056371,989.2833250215299,29.27070392098409,71.40213572496472,51.59996359650216
91.00025220099398,995.679366587783,7.418654488972174,85.5065560546582,51.26744596422904
89.45591419819823,1007.8362787936469,21.091746509087493,13.687863467913342,56.250287473437744
31.922741860754353,1000.0695817314335,2.401189451273428,47.90229959973307,65.18782760054265
66.91973716686591,982.1040635358642,18.02615823744864,94.49115298370896,50.86243677461813
55.144159733539496,1002.0455968359239,10.171485992964705,81.21814514361915,59.24789624835472
42.841606005214786,1024.8308170201055,20.986935960818055,97.36122659883046,57.659518535009276
70.49179275342387,986.3832693642539,12.98670016305831,86.03084567520753,53.74403252023173
60.870682727209804,981.0302266907954,8.969959396639817,31.021981791908317,61.24206221446108
81.99232522638397,986.5286516215307,16.380236560025505,17.9152610058529,56.36903591545818
27.4744791673357,1017.7778607056547,4.190607387621597,21.054180444486846,68.482432035594
44.21445994976827,1023.7054551328168,24.432959119455415,21.68927383229552,60.997208611968674
22.062580706221038,982.6799605577582,22.521281759448232,7.573639485448636,64.24980705047193
79.67678029083842,1028.8152996944787,16.34904514720503,90.67950929767684,52.65220967715689
92.99658664067334,1014.5028948869849,11.011449038921846,50.25485892881599,54.28621686159983
66.99010725189098,1008.4972241651705,27.456784820678667,10.127119776322758,55.33818560240378
69.35833277328314,993.9475538407534,19.03375199992241,76.26416068033856,53.34783968672091
23.714009733087245,1000.4435173104607,8.544003972345504,32.56407321013201,65.94415026056566
60.302503858896884,1032.083529997375,24.20125826067718,7.103750782530516,60.857167098737676
62.149778609456234,1030.1350538505421,19.05059105197989,18.975655765503284,60.41037582017435
23.117958860753784,1014.4005504425979,3.8103784964052547,65.75498251634971,66.40318533218812
82.5909711799666,1011.8401169717317,3.426997338261902,79.40062955977409,55.88660183001211
42.265610994264534,991.5799565286376,28.1431505830091,25.36767105463116,58.24501477675658
77.8757605449,1032.4303195818409,8.63735943371833,57.70582708250011,56.827134373831655
52.23402774958595,1021.5465442209975,19.90447797964323,0.08725578125903244,62.05086161956848
99.65169099584861,1001.024283386445,1.0930161920223158,27.83874706068934,56.90181710392737
36.97641169657075,1024.8707334375692,16.695058104163422,18.163382184152855,64.25936624328104
24.65884730324804,991.6531064246774,6.933859133530337,7.654622464937488,69.35693540413763
98.39243945603909,991.7275759607236,4.1887880807087,48.389529841038325,55.14090407805389
39.507361446045195,1023.5028679006367,23.205093769027837,63.10155148322024,57.675784571673496
70.82649496926636,1010.7619389476935,24.28627970818685,4.637635365675363,57.66347018914239
49.96545758521825,1010.5709408689852,21.456367015996328,13.789117919537041,61.431483405141094
71.17022854677282,1011.551895505378,0.33560535424562055,93.22911787614355,56.440890506000734
67.68468715371799,986.919374935899,8.54727646929852,22.31128431681061,60.467170691345274
76.58191050314103,999.2257490918288,10.828837993094915,75.99877465540075,54.02341952591321
21.47546847813535,1011.519381841308,20.725506715548953,74.77349949924448,60.96887104762304
86.89553737232008,993.617363461537,22.666310450283344,32.15825023761464,53.01590814676583
58.29326913761912,1007.7202727739036,18.835647660837388,20.411689924662667,60.312723008167914
61.508224133715444,1010.6369381039706,23.67265034214065,24.39505536157265,59.482098438803824
52.88201528321007,1031.8547633113271,12.81899633458394,56.58989669835696,61.32431234755532
99.15059858184377,993.5176694982097,16.25534969510313,38.11590204199494,51.89004218467733
84.1257099275763,1004.1646510356529,1.927505252316839,49.55653582353706,60.1103195094454
44.911470002384675,1033.983116579929,12.814897396362747,81.16124831636911,60.870607917856475
82.64570198310035,990.273443191987,12.97899340488463,50.229638479633664,54.40223581571641
54.95948218042115,1022.9010717263233,18.345603287047908,99.52289257384756,54.43083848035419
89.6010674156518,989.7435225600326,11.33689058034949,66.58338038175093,53.26108090859704
22.467719621162843,1026.752561502748,7.153649611544588,20.724765812520662,69.81708301103004
48.43251989219823,1006.8385665542992,7.127888677819944,49.95187821232678,63.644263513127115
54.38553247693774,1033.4688816590474,4.01618684203671,81.34177219636645,61.07630053560876
79.53996637817738,989.354123209231,21.030679502847537,21.830153488950288,55.10808894882608
34.58402132712983,1017.8359490159817,18.677051431658384,72.94221386435478,59.61530723299111
42.902487551507605,1018.2403587733099,17.377497598213488,3.3449034190878857,65.18356531729385
77.91042339090112,1019.5381490645065,15.930588877963107,94.26338313999592,51.498880957019466
26.147492736785665,985.553282006926,11.026124965997216,66.33617494144463,63.63230285149234
36.089943581363556,995.8708543523555,23.06150599892191,16.25703042015807,61.91970031707844
80.26932498734732,998.5909254985604,27.66072495217856,87.4294699378396,49.761311115268974
90.04229207463084,997.8358184417974,13.199675675952893,8.182068088901062,58.412145587237
78.30624406372705,1017.1261395450158,12.272658178406836,40.59289636462212,60.067440072093746
62.17106281046824,983.0156318837625,4.881826712533599,73.69493395994334,57.634689703578154
27.924904095262086,1020.1543239891863,20.121264159420512,93.74066273632651,58.865551989260645
86.17805943842365,1008.9621406002844,16.7427679013344,34.88102668392269,55.191910983730885
29.923119773689216,989.5148443041975,29.63993988713424,83.05112309634005,56.17703321951425
50.806276248913676,992.436527944706,17.52969500309874,19.67522576652706,60.60442207790396
24.039947547626646,985.3669173543832,8.658325985846675,3.5110369164783606,69.33275763479163
76.77400759035328,1005.2482368812774,16.888219851837665,2.8760983292548725,60.048215081485964
60.27959715145701,1012.7206771792803,29.540856981632352,65.81704912143995,53.610714420814425
92.60861867323493,1011.9534627091034,21.700055400724494,15.42073059355734,54.35962888607931
31.09939964756638,1032.9302329823227,3.8573192630983097,5.0324310389726845,69.93642451994937
85.533276030145,996.2781317602485,10.294878549958389,97.67475258316311,51.25814937534882
60.85350063660228,1021.9143915081584,8.960548831577084,24.201226832967894,62.96734733570756
49.28739066857658,1019.7692648657218,25.70471336962249,46.255448297955105,58.4255111427693
71.48535087088247,983.3729839336722,18.33488544483622,61.30811391199173,54.78126610360769
83.23338959958161,1031.1502792196984,24.303059886979966,14.445603662431184,57.71946984161243
55.22282187289954,1031.2217155365163,5.28738160300433,35.716886068863516,64.0251743873112
38.6244544270201,1001.7984350175848,27.2410471489905,64.77068447684707,57.760798376768065
93.26313195986411,1002.9722809253155,1.7493299128680584,63.976171747462665,57.53903644017277
45.03981953151913,1025.0778311280587,11.245115613622453,84.20573087367015,60.15594417961451
99.85891551180066,1007.2266860509528,0.424471328592958,43.74224327547543,56.31299393790059
81.38599431652207,1023.9560384183682,5.5283848232092225,88.98276255529561,55.19496582762395
75.0255339930927,981.9868843007675,28.866775975122938,68.21927355252346,49.01874827729543
20.991978226550934,993.7648836809325,2.3548599417142713,56.21051949014577,66.952613670554
55.88250607427396,985.00857418536,4.362197321148323,11.71368260604143,63.5507153167072
60.1968860549902,1004.9808928727496,27.7454707873656,57.4703912142932,53.92308428640893
50.110111694943306,1026.9787694513993,21.3052369181866,59.46720178062785,57.78688195014918
31.997848040112594,1011.3383258906322,12.208932259250195,75.8804382860636,62.44595251025382
49.396035540408654,1008.6183446229198,2.0629745216500295,71.91390674835222,61.45939673359263
25.997867295280706,1000.1358791642585,23.551168772377316,52.99801793459549,61.58958026602469
43.27351357600335,983.4985432199582,14.781798164269675,59.28291713896664,59.719424042785576
26.69434204984496,1022.1525318768637,9.690505989719762,77.23427120347178,63.44086214445968
80.1938763057988,1011.3921336290512,10.822512764252401,35.1440262136801,57.60286262721153
73.69258345395467,1031.203102891794,15.158326139235118,13.497111560052755,60.72147898193666
95.19465094632565,1003.758087337762,16.536984692344983,87.4299380502617,49.401763543547226
50.39430575803375,1002.0824800082119,24.542963126112994,96.5018775220905,53.793429202026005
82.89607663966987,1033.5890844723247,23.151111662099584,42.930483873409464,55.571928413212895
67.00857621879419,987.7636622219895,23.01176074560626,99.03097892776931,51.83745261099017
71.68827424740935,993.879884301142,21.878939589608564,32.269491483370125,55.60183068022542
63.79690158115197,1006.8490318496673,22.733607454290343,6.657409409073045,59.786179173276004
82.3328112368593,1008.7949365837695,20.32804575584816,57.24595811887515,53.807606312734755
23.359314553163895,1010.1794140980966,26.040704201644395,86.82006845469478,58.63744308821097
26.43905311316044,991.6660461387553,16.723628883182624,61.74818182363937,62.19087273583517
27.67390159809522,1030.9766426651136,15.625327788193022,0.9427148243593142,68.72595392132857
43.09525872501084,1018.6926153381753,21.038879359166007,1.18326814165286,65.39914894093214
67.29030316387113,994.2141917257791,4.980179192393248,72.43510728644192,59.36018661273549
71.6494039627573,996.1806149365688,23.308551415051276,84.53429957141313,51.37806938742074
77.00829361516038,1028.4197155900456,28.08467529651866,25.303670912282573,56.86832146175956
42.46105791078061,1000.9195474118842,8.887798944441165,47.013105676258604,63.03590080920303
72.01701951187596,1010.5999848864028,18.331348715354302,96.10909004874732,52.207891015080854
29.415199420645408,986.623472826492,0.9786754080312388,46.05740836098966,66.60906929109832
20.798336804692596,993.8453039128261,22.974685880180008,13.581409940801304,64.61747486766753
75.57446300403998,1002.9117179899685,16.790045195581175,91.16530066718829,52.2554204619047
77.24897667844671,1016.0875557829489,20.209628539040857,49.5167669194432,54.165176473928206
69.77141663392887,995.4121362320309,4.289781598254132,34.4306942048876,60.58821171682791
40.70959592775977,1032.2918831744173,24.28364416082404,9.743272240601907,64.08100526477872
94.19747684654607,992.111943354643,7.678090120308836,45.826829707578966,55.545634966287764
90.05404665041989,1022.8398789477916,20.543766098802713,76.96727690606185,51.40311979883976
61.24324484953402,1000.0529347003571,17.794252950906337,71.71843434380811,57.01899041024371
99.13118008362332,1025.8370482274001,19.613743383851016,49.658765030960105,53.994956275777994
43.889564524439734,1030.7708141538826,1.5071186041847406,71.9535346026157,63.91295172689986
59.29074277362915,990.2858558827489,22.255517106936697,35.076056838117296,58.62603144522635
94.23374174824929,1007.0312373136026,23.857491855830272,73.52682025301957,49.57901291277574
56.96977060828126,988.490123065843,14.244474694572324,8.573415825035847,61.81754029927098
57.680658219615005,1018.8203876932272,12.265831327112531,19.92340334148739,63.20906503865732
26.351408106728513,1025.7730944675272,10.276341118645181,87.7723322132937,62.43094033651942
36.90771195919091,1001.4207366041841,27.836457194468107,29.36554069642583,58.32459964716801
32.629218081095786,1001.8212996627636,22.652047630246052,20.594139446762718,62.66093335684873
65.22126963149708,991.2111879409416,20.958561817099447,8.900258813514561,57.70909101004501
45.47932568133561,996.8594061540942,27.76819873876457,39.29549943963827,57.6564704187596
26.16243673568558,997.8141182470669,10.463076918576409,6.698207500928676,67.40041919140765
60.79779138679737,988.5565852224177,18.904142574497353,49.698045995495065,56.28934375709939
73.53737293033123,997.0473726535931,20.581704915805386,91.92047369666261,50.510955718047434
78.9221389857961,1029.899129564777,29.886826299532522,78.7134345195103,49.62977661146948
87.00143259211112,997.8962207864308,12.815583432214671,4.067376966401525,57.81875521709398
58.55651158559432,995.094045189832,12.005431558193324,29.975816410493096,60.324065090149595
51.24894859856176,1001.1553255596641,2.5346377293180247,18.76442829679863,64.98557321474372
74.72974290220762,1032.8150170898919,2.953574542199254,6.69398551536089,64.03635988335805
21.069180213719356,1022.0518522536818,15.353971815949425,10.864054797965805,68.57917603377996
70.68212691146329,991.0956074651265,5.135458783131196,90.8144372562899,54.684647743714066
52.45455392924676,1021.3903377306697,2.187924967708729,31.008321506379723,64.26005608732078
56.23002290697862,1022.1429163185022,28.9467901510571,39.222387622859586,58.408507447750765
43.70156267330724,1032.2575391074156,28.542521937249596,48.57008683216964,59.319702925383766
30.18204140688825,1029.0102309874057,9.758303050469797,74.49290981477144,62.61360497518289
52.113973133936675,985.2357240722066,23.69608220799913,79.83704740855816,53.278610820047795
44.65618641271988,1005.0017097752251,26.17647160857512,96.37295428719317,53.84889617539632
96.80946983091928,1018.6646467947826,13.942412033519716,21.067807061411813,55.851607139514854
95.48315453888212,1033.5352840478445,6.710913172810955,30.106617847547355,58.47817077170367
71.51338120633744,984.6835094984937,3.894144819323684,31.296071521487733,58.341532162517176
92.29610483185219,1000.252801190722,4.224671142753107,44.52587933096665,55.77575768230223
80.10198222139942,1007.0723091476235,23.9079946421102,80.74043514237499,52.27132606568501
47.67131913014207,1002.7284306440318,11.532474450787882,23.9456085531082,63.17265585894856
68.31205338194438,1005.0678143665622,20.80522951351646,78.29217665629822,53.541096672606145
37.62588588795889,1000.300617684869,16.16080303156025,20.40400183785144,63.24407723673872
74.97666007550527,1033.3842437769672,11.840051412703659,71.0147617197332,57.07861936484495
23.584605752065812,1024.1784628428709,3.7144721755278143,79.9001319849678,63.66582684593797
86.50733989592399,1020.5162951469853,10.00346962886814,85.37837408144622,53.17343577044569
66.65838594471693,1002.5885746958547,25.205217625614218,51.02855414405924,53.0562515309414
24.675067737817507,1028.4837969467628,24.341938108756555,32.87149866388732,63.707038202243666
89.74089322619753,985.1336607962438,0.8510577589705193,77.23842333347591,54.19552939327212
90.21611287240528,987.8880189441617,4.208296751253839,32.09164571603414,56.05979801988598
88.22526703826541,1032.4731819304598,22.677036501997488,14.808877618140038,57.01960162509965
81.94415814549785,1011.1843566882404,10.071986890991258,83.46864486956261,54.512326364797154
74.23403322108771,988.7701776618082,19.307732008756126,41.12409297570312,56.122658341485426
51.75272975028665,1032.203013926291,16.880272169821495,57.08337663416274,58.533141016407654
30.907133382916435,1033.616380112027,19.56201946184656,91.84440464019853,58.66759182224181
43.10202200265776,1028.4821187507366,1.610896527728618,13.57966212342272,69.1465480750879
47.766171068114744,993.120682023989,27.933576165906803,55.7183896445583,56.76744343024354
48.64611738918332,995.3171692254907,0.6290864926594586,55.87645916480961,64.01121570793067
65.23916921018575,1002.383506890353,0.2409748795423594,86.18913057982563,58.16213360730116
36.67062465166178,1011.8626949221905,6.784590071666921,34.125897232365645,65.46021933039108
35.172890325500006,1034.569977526323,29.804877582921993,40.121408965393066,60.93883432642939
77.35701615477927,1032.5873450758031,2.175973038011202,51.929316184476235,58.92070279313755
20.600044034441297,1030.6626482283757,26.235005220321426,16.71999822447755,65.39679443206954
31.96155483304219,984.910196434745,4.772672113299176,47.066139443267616,66.67175523399447
54.79664658063771,1021.6441489873253,3.2730987957057254,43.60817942302672,63.05306928831331
31.926653289591577,1028.226522373683,23.369111928572828,19.739447501662788,62.63588117298241
96.78500410551541,998.3303741246376,25.40036143661006,83.30225187976914,47.73007247551761
73.60831611746742,992.0765718810444,23.765486653776343,43.103376172083706,53.53124574764175
54.621560923562136,1021.164282163778,7.230866375632475,30.606591051848064,63.31150636990555
28.980427829343682,984.9960766015329,26.39528178202953,13.037423660219261,63.28101951296258
50.81490321237024,1031.7472011181305,2.1565629657041496,8.974779437028301,67.83701775422499
72.04813349423685,988.5842704340954,10.259323897171786,96.02268933900127,53.09868859481456
97.50513626864537,1005.1645818693615,13.89549377183339,99.51534380570007,49.81650566867093
57.81498909126407,1034.0538817316904,2.0320581482106825,89.79253838031929,58.664145155842526
75.39297968739247,1034.3521119095356,17.395298356458486,45.86314321404485,57.20494714193689
35.62871978613785,1022.6794657682545,16.781490511967707,80.7915759812086,59.59697399290162
69.89066965885306,1026.1553666655298,29.76547724724551,83.42821985912089,49.559231392266376
39.12439199256136,1033.1943908205326,18.64992008363865,29.980921064058208,62.429593167478856
35.85072416925965,1031.0086230177903,11.926370304569883,58.602905016889004,63.18121988667759
60.73764493360534,1014.2159747756116,23.705545426038835,95.68220167587764,53.47439611195687
36.93314379468799,1020.4039339510801,10.049010125207918,28.006780019933952,65.54080797913646
77.70620217793824,1012.6577104671691,15.986059631176104,66.28863741985809,54.313917444168254
94.98692727730703,1007.8572400684366,1.6640882037966231,66.25411251474502,55.99772664158089
51.488168191578794,1028.4455959090922,9.679973233981341,45.26706518385449,62.5926349103693
45.79691227413814,1020.591381167536,15.843240442619821,49.032885525273784,61.868497143753714
34.07079148821674,1027.2898893702418,21.069356811755604,45.63825122900557,62.5221216299833
51.23171420699963,985.2751029872976,2.970983711113883,52.10769230149661,61.2452653090907
64.77072724256456,1011.7066842193465,23.915601874317506,14.877779599515517,59.12026187787657
49.8375530394458,998.1234255591537,27.004769599537934,79.47471119950123,55.10889207267265
69.84609747991077,1008.2366688068364,8.431114966832824,66.10751127809226,58.57631246055397
72.993873196257,1013.7130994550103,22.960397423529123,97.38222732912388,50.647054920914854
27.826364961179628,1026.5167159672756,5.410454734820829,24.56431890731119,68.27845379591382
75.82261648076897,981.7532748507239,15.702476152700683,14.596824307427859,58.50768664569756
92.02540247293373,989.0190854974877,23.92906095216223,34.25540658624918,52.70749886363173
22.100171888760663,1030.6795157704173,11.594750567353763,50.974140314850594,65.52728046576817
64.10817684790875,1033.199889045779,0.7890075611646274,20.50095544343081,64.3364980149741
68.30994990028795,983.0482475703596,16.199021256425546,46.06010310719119,55.9944516809695
76.78522680562922,998.2483148604289,25.340996187022164,64.26132477143695,51.999399507455635
50.86149310392937,980.5351485571982,3.249821319437806,5.617129512540242,64.62010719115025
85.49682534854836,1021.6596407257106,0.8892420642753296,75.80298631846681,57.091097586647805
63.19171729889476,1017.5067099132541,24.271223279537587,93.97112806630295,51.25457199904331
52.714928125111996,1011.0642813469249,8.013977360140673,26.824821492321536,62.72050128772943
77.5405356589254,1018.0413645290561,10.930311172166519,77.6222371651978,55.29543257454206
94.19004252842298,1009.5785166906801,2.609460897137997,41.79342612335003,56.52330425940578
84.96013150219743,993.1362646569256,2.898569532734018,66.4432661897985,55.60663065557461
94.45318223907152,1021.4883554225519,18.436300707480196,74.3016070080128,51.03651322602674
41.27478096241674,1023.0802774085718,16.566889480394785,29.49736492910301,64.92731349587105
29.481037670936637,1026.9811041190296,8.772053292427572,78.73975953966011,62.120011978579875
62.7479640127082,1032.4742173153966,13.582126688543246,10.511133524177119,62.838897302786215
23.554433987360717,1021.11478864573,11.645932930290753,98.67248477582207,60.686276963750224
73.96718151370047,983.00023853433,20.85158749263856,33.70249849613472,54.465965625290465
39.200121861244355,981.1461214350575,25.86267074440762,22.380276527749654,59.40970584765257
56.34800707264973,1020.6928868887488,22.9530725833805,13.865404569269302,60.402789761961486
72.44494724314545,983.0828030709966,0.13222949004601525,81.21821253323726,58.07309686511055
58.6476242697173,997.3769529062924,2.986603833635777,58.58903733500668,61.60402937981478
38.884964845323694,987.4887938138181,12.881303401602372,95.16702970454465,57.46657515187526
90.42964159968717,1033.289494742119,25.553965676433023,64.7678390465619,50.984033087319524
81.16282568320379,997.4016785450979,7.10922564222135,34.059298471843626,58.6926607450986
68.08579948555618,983.0330799493677,26.36856259645526,83.64125340085606,50.8711380728303
75.88322108867193,1032.2284148383735,3.3004097562339494,28.12350412368151,61.322352057953545
53.226071810235126,1013.4809408230367,2.178213715454227,29.08406853803468,65.21318100316991
50.07136771346853,981.9859987811935,27.402590914367934,2.8280089355379845,60.98862241888262
32.80892605827983,1025.834857193752,4.859307779900743,25.202268912706295,68.72778848904214
84.28731899597905,988.3890786682124,13.913267448963472,26.14342183043924,57.407938994288344
50.48353961449713,1024.1339950238682,9.778711325294752,29.7521507598966,63.45647704147379
75.38591796008618,1013.1513460413661,4.429093039945996,36.862859935256424,59.2957561850974
43.99535930567374,989.7413368050037,18.963330448801095,57.667398282013195,57.035905786124864
83.67914081013106,1021.3928929014202,28.910181423945225,21.639102013151547,52.68759429659658
28.419472906632457,1004.9977736581988,19.743283405626716,63.676101704809106,60.74440187629408
70.00113594680727,1015.0955516865864,10.610960483319912,13.331505932272346,61.78985205941471
84.6075769153176,1027.823279092321,21.35390867429752,93.09108979514895,51.31049593901353
72.82001967892141,994.316396348596,4.297444664092004,2.6110235486305977,62.760885312564376
75.68926453400802,1000.1284237388029,17.400489320802308,90.81978890347997,51.45875276266418
62.07911643341952,1034.8499481867964,14.08372338438594,54.720025964718886,59.70719725362349
64.72255976870126,1007.9462958585992,10.799507142709144,71.00453452462074,56.270705703928
25.271475109570805,1010.717647091816,22.187019072882745,29.834273088840014,62.82149080918883
40.064251760446304,995.6991196907239,3.554614362673203,17.37987849044762,67.0296333276501
77.75429973629471,1002.8814988931802,15.983714264495221,94.72947088465331,50.89128493578954
95.63371376461319,1007.5853460945372,25.631919796600325,44.1003817746717,50.41012875861888
63.34247660743521,994.2144599513377,6.051304670874965,48.05129013562709,59.12812847345072
78.04730658061828,993.0980031129209,7.936237257884664,98.56784043163309,53.28264626583317
74.68638964914628,1013.0256748725265,19.820153783153447,33.60687989823595,57.145044119800744
99.95074568529559,990.100829437579,23.17760875186484,10.019160200050226,53.50665097101021
83.60035512148158,1010.4401754140874,8.500068041453188,58.69142228630496,55.59297208274519
70.21178670281375,1018.8417712990725,10.796940256103,55.48075810196069,57.94993182991482
29.21274525707677,990.9041691951641,22.197374486684435,77.31043679123187,59.108132031651635
49.012960479729124,1021.0232933965815,8.559709954111,95.50780955043773,58.28413523201243
40.05591644327115,999.7826406147118,19.987425141194556,30.767437672293507,60.79433575157259
88.29405065987727,1034.5877495820364,4.765042524173481,72.1796447520539,55.66051135331804
55.693841114367935,1033.8492245555387,12.339313784652372,43.450307287298926,60.9527488056333
62.82397335624084,1023.9227048435203,20.66031629169695,78.37727896100272,55.12260870701006
97.18586397515105,998.8496427091235,13.79713668305874,16.42769626212409,55.591107008167235
86.93470413203735,1031.5465575538133,0.5771204507558758,50.0856417164145,58.93659278152144
83.18562081920851,1034.932845286454,12.19141071313542,7.718692786921366,59.61404490463004
31.377572354271777,1005.4253210717978,8.650058726690224,56.11745292023493,63.112657966461235
21.821473786937553,1013.8024159493137,3.038465484880782,16.897360922478644,70.68682595739959
30.043868468701042,980.3292851641046,0.274140349459534,96.0045069716461,62.2322152745631
79.2226664491487,982.3943265681942,1.3654620469906742,55.43303316016042,57.28851186384116
52.857423820806275,1007.5328796031844,28.477429732132226,52.937458828841024,55.972840562905695
29.39756691033147,1013.5122630658129,22.494576230347587,97.23307236853582,58.6982745196257
79.12156028430118,997.18161514067,28.192251387394222,49.84152867767553,51.92610739135827
35.566722626704816,985.4521401210678,3.4435168986047424,67.67264640446135,62.803384320874244
67.12346477209715,1023.0249681768705,17.11529149794997,4.668152898027278,62.42212116641119
79.32342566286431,1003.0318021127292,2.498656951445791,70.83388155935583,57.78765899194833
68.64484998764003,1015.6866615894091,0.8041917360210815,10.431037378526554,63.78254529777278
99.4909232671621,1015.7610657454312,13.98843433320772,78.02346294801988,51.82413299124454
54.73301764508608,1010.0761275689958,19.39030641893558,87.68458325453162,55.19480077987767
44.94440700879703,989.8169263891763,1.9068708277439717,31.54678685644212,64.01007476378545
36.095734407993476,1013.884473882757,10.95179150180986,87.81300140506193,61.4213647402602
60.3023704940494,997.7146205094197,2.7050100472350325,48.263674155613366,60.75827787819019
88.19839522010957,1025.0518863627758,10.86310925700469,57.157608118612536,55.07596203248385
95.75321519431336,990.6258267166384,14.153870948865897,41.09828710862882,53.13065785435888
97.76438983513769,996.0131627690429,10.125941559727643,47.65421274622126,55.46163523436188
62.51026707810516,1004.2168281464316,17.287470729021212,90.82708970170566,53.44252753689808
68.42082764369509,1020.7007221611636,17.537701692710545,94.72944031734087,53.12001579170378
66.52318117457354,1019.6412817435562,9.988059983405458,44.58689420915572,59.469369523631094
57.27779162815712,998.5410474548697,11.687952482332873,51.43614727662008,59.73486240262368
32.17918514533903,1008.0913616984892,13.231968537367802,11.61749835467174,66.20378805473997
25.236694941246434,992.8829030270928,11.269599197283815,32.562114390239735,64.97359213740799
54.93103165580987,1022.3700902621608,22.819429816729727,51.32371789178942,58.343428136636206
34.89341562221347,990.8190436659182,4.198425120466704,20.258275009785432,67.8136808216024
90.93213960653274,1025.0640802412427,25.711062899268615,57.65332640354385,50.024188920084605
80.93599558927684,1031.5275255415597,9.937530522555308,68.52832338430007,55.608827309841466
69.47253631820732,1034.538883961068,21.71882562719503,64.99600454817133,55.74083772763567
23.792958007534306,1027.1329186544633,26.513273852674153,44.251249298829386,61.361690531847046
69.77963313386866,992.1934444192248,26.623581050136423,76.93191205602291,51.28643010071298
69.68553589768436,1002.9082497364585,13.570952100435965,31.95224107913407,59.73116849592117
55.13690061830416,984.8860265302762,7.698094737054825,46.92769344161499,60.94429063300487
72.62023927056273,989.0503247944567,18.172812862714085,27.01548882638084,57.3813394125526
88.63316247985749,982.7333395634408,5.518890317728413,60.36285900656577,55.40347945562112
80.63894831184598,1015.2598351348477,23.71790616462255,44.070703324862,54.319358516538145
57.87473623354223,1009.3252923984016,21.34034697449965,21.711274654955314,59.350023737417246
40.98275986715529,1030.4357049232615,23.86921572912205,30.818495486090956,62.40912401598721
58.226983717137195,1005.4654222236886,12.997725252458077,27.94680768472565,60.6187274748669
95.67766688098607,1015.3268687994366,16.72284899693836,91.09127196543328,49.66419980705141
85.59892472050632,1002.087860927614,3.0817990949326344,52.19542754458351,55.97287280220712
22.1631751801197,1025.6201371645743,20.629368527988323,65.26558384621578,61.939528837690744
82.63706008086203,1030.9506634073934,14.60516041674902,93.47337737018539,52.77620848252167
33.64461103294205,1003.7452455229591,15.277149060559651,18.221779526900285,64.84722146327437
65.6889066430217,984.5485726261978,25.409764460748857,93.68937571976791,51.42008141164057
84.52140302239683,988.9944706051784,23.16963328766528,53.96372099186767,51.4217636508593
64.90307383665595,1019.6299381751849,16.055776234414832,85.62142092532524,54.86803282490441
52.30885808169957,997.8897102223738,10.653189803724057,16.79955549004193,62.6290664882327
45.70141094238758,1023.196173489046,13.393063262070816,27.29358792121277,63.733971071567176
44.408019247130824,1021.2367763782286,10.522910136606198,19.41710295774126,66.24121507824628
86.99420035544208,1018.1865917343064,4.548162501224971,65.34217837378402,54.46561687837583
86.0040718399686,1024.7819286447386,19.373279244522504,14.076140254590042,56.73111749737347
85.87013186455356,1021.6105728650016,20.745450077422134,79.25225513932529,51.17657373092641
42.618320990644406,1014.7923344536616,29.136301036144342,25.043629116419886,58.2060874927405
83.9134216972619,980.2324964719134,13.671134273860536,25.547546197949632,56.06144560220918
22.930787326341317,1008.3622464451348,29.918772382772996,28.112129639097184,61.88355822123081
36.516500961175,1012.7389091185692,5.612957565174581,74.63880954500151,62.30664430505149
61.1602391417326,1032.8355245488071,19.698924989417517,92.42159516096689,53.93824131073665
52.53969300788499,1015.7765133850404,29.843059289054626,90.7510014160477,52.95935802849337
28.951060547503282,1011.6510565371707,19.20974908171022,10.125422101072502,64.5777547339465
23.337636788671368,1009.7656613917417,13.57109687483158,26.243690330867786,65.72406829747852
68.89369089471276,985.6811146558367,15.457569028903379,67.21819659232786,54.691789460072584
45.07850270491464,1003.5190932561592,25.365334154509014,61.85506407577827,57.90652856828619
21.27693842093346,987.3895630873816,28.17331487360298,35.002906490556654,61.78874651506587
54.47157042059045,982.8983762828583,13.617795934441581,86.28433234146519,56.32909401725231
44.54136929120644,998.1208055679148,23.171100850425397,13.046627511853593,62.97640146347848
66.12858799376826,1015.4993192782836,28.01065259566046,63.90318780852128,53.938156465922454
94.38511680992355,1027.6738534277265,8.463617270862407,27.30844756913712,56.81114707698749
44.629306886931055,1024.570122698426,14.794817827001003,52.71746220517311,60.922107765160874
99.77092146275048,996.2079417849197,29.86252664858517,38.748657044918446,48.631476965129856
26.88358778548123,982.529814009615,10.604356956331921,97.9735099427626,59.671103595496916
27.062253072034252,1002.1472996765443,18.590638676329878,48.66922737745971,62.15624124320733
77.03679488036055,997.312860986523,19.710946672715654,97.60933927893963,49.84640220278183
79.89054481625782,1000.4195494097883,4.624452808435268,25.50209167103672,60.57614019271974
53.829695627161456,1010.7504417481308,24.198510766334497,76.79409322815422,55.958847918001695
42.88380772942151,981.6727437771797,12.387018277741987,71.70581251923093,59.14465468308738
83.5201657914635,1000.3943155005182,15.00970240704983,84.7645287462101,51.152601277405445
96.49911557677883,1010.724832021737,19.28527410503428,69.36074637590649,50.681197059778455
99.19215146409957,1003.703397903159,12.31454083113437,68.23590981205425,51.24236063020867
70.75632641488835,1016.6975918538759,9.752473969411993,66.0707757278617,58.359301599333236
79.20917855603565,990.2372485555179,16.39292184573429,98.50515720764218,49.792929706812565
85.7797276039406,988.4605460095084,10.4035480254745,22.80977760778645,57.7718796837726
83.90958542076385,996.9330933244979,13.02389171587215,3.0113684859411904,59.303196797829635
99.47138422532471,985.595108301912,3.252225265594193,67.79708644339175,53.98343079312998
84.8345481795245,992.9944028149098,25.34229184088712,17.23377699855596,54.43735480661859
73.00579434317885,984.7797451672511,12.351216758107572,67.93839301609718,54.65336271547674
50.09727517335929,1002.1087764479875,2.483520226146857,31.96854108297005,66.30588732081675
67.83892852130755,1019.130083984642,23.70071252516374,4.335171740648791,58.6157241625551
90.42875603925886,995.7595944391813,0.5887593399984947,76.97679922240805,55.535222878882436
44.43840503271267,980.2052003127963,17.9803860168345,5.164817483882434,62.64891102476526
22.45220439781459,1010.63870894915,21.079912791895488,22.413831563502296,65.26894804206503
46.17457662516111,1018.0567850969898,5.736312225875539,33.64086337951772,64.94077022244451
96.81840471765722,1001.5223900303276,3.937782876252381,13.274945058100041,57.62570182917828
83.52540569852954,996.3349945727003,3.416490825282008,91.3569160893126,53.08809466506318
34.97119045645316,1006.9850789714277,29.799899705204442,62.18364909168051,56.587301681631935
20.96007807255665,985.56818156336,22.65260474671267,87.5395946806438,58.25557668091842
73.52955319089331,1015.4159420994823,9.38131411099889,68.20520629575765,56.98403461402579
66.32069790718847,1020.3313431831729,10.066730266407856,99.19454060036618,54.86301630255439
26.638558474036973,1018.7546872444897,19.458742639106706,52.51527988606593,61.53938705958707
97.27971411485073,998.0766817113472,13.730158756504329,5.3763241295324615,57.20330632068357
69.42345632574572,1026.349086544494,8.140204321867804,16.085864435768148,61.08761364878044
72.12167847521854,1032.0766823815516,1.7128981970236123,58.84326619687137,60.712938268822555
88.28782359115979,996.3390822646608,23.515609349650976,34.77285390576434,52.34853904563648
46.96506149143886,994.4495553008319,26.64677596838429,11.289280096528353,61.14244516592172
64.6602387894047,1018.7258167850906,6.178778582416228,23.813974191864883,62.1797003717943
66.09506616481423,1018.9555077375783,1.902153426493104,47.45707303675116,60.16340250582602
97.38844458620133,1008.07295821764,3.5587651713505752,51.81818702163431,55.64785016274999
30.518919962763633,1030.7826001978813,12.427779352086343,93.45812588033608,60.397576240269736
80.71304576285976,988.047326349462,8.980447416766475,9.067924830675588,60.09306582431085
66.01209668309995,1006.2551900198778,2.203734477653454,35.7807450167401,62.19878983615845
87.63032255724846,981.9363779325041,13.646062317546798,50.60492113911283,53.169730900727366
86.55613836244868,982.8960768109963,6.11756708650103,11.32675809721958,58.094733655454505
20.96242413144301,982.9526493774681,2.008457380568711,68.78020232766745,64.29115640487362
40.516373900479934,1007.0483495197175,19.737844162537968,51.502809131727076,59.68106565067353
34.465387432141696,1012.3930504157742,17.175188772054657,45.95119176984208,63.44700573833752
56.93685182478856,980.1918123082016,24.791936934206163,65.60805738320899,54.10551471390128
92.422996956307,1014.790052221069,9.068444991458723,28.781469104401214,57.9161475873449
20.400484534101004,1006.9335413676821,4.074680321564305,33.932710168259426,67.29928163680924
59.05535806055913,992.3091037333915,10.804822648063752,16.26984983208173,60.294483024463965
90.78347481714883,980.830506714208,23.361211546751992,52.372596837096616,49.82924847924703
94.09699488214801,988.5856759914435,7.252180654468978,37.240875374918126,56.16223179456581
72.58388826434316,1013.018272957532,7.6500254978168645,26.03308639257339,60.40689665528891
86.38018381162574,1016.2362112056991,4.427540520668046,12.474220775435185,61.29934114105837
45.92545553479506,1015.5883661027901,29.59543085540106,2.3225204265160504,62.16110509535482
42.8767575909588,988.423927605926,29.019294757309286,19.33522714412512,58.538020840371296
23.92957176929378,1030.1167872701224,19.741564151266985,24.74261968264203,66.36789895809837
60.25620984534295,1002.602364045451,6.44454252858456,48.543630674863,61.68146691463177
56.46656100156082,1022.2404082038789,22.99669012587237,24.09966234577362,60.56930162597694
49.75323925493925,989.1564516837695,17.518002887991617,81.76534936674848,54.90738978565423
29.0667279337709,1005.8812791833938,22.486984156969765,47.41288901284929,59.97651861961237
38.46105270593969,1008.6836647562192,25.812310813228823,62.38107643167533,57.77572388464131
36.29404926590971,1022.3695387955582,9.554231018194908,20.793834447901716,66.06998918005687
95.51747217900088,1014.1835414247429,27.41096230775524,41.612812897435845,51.732246862160814
97.31682698632918,1001.9616369005327,26.956749891926073,60.277735696451394,48.14542152785608
20.273728388720826,995.5383057009884,16.413915034577855,31.104588793238676,65.52122101672232
33.64383207267926,1033.5126212920798,20.53714659564891,33.6197408906027,62.603502275905484
91.10246401899619,995.6491496365329,12.33107666479145,80.74251835419408,51.89447593302797
23.067206773211524,987.1210656234182,19.65308221276407,83.71813703234824,59.04836397624233
95.47612100722125,996.5229179894664,16.468754172606225,53.294093242183,52.44558553627066
50.4051723504963,997.9815019792474,9.684596710682879,89.64107553091026,57.47498802982362
63.094861005627635,987.032272997068,9.685156859338655,73.66820029963394,54.93638584697315
81.1055696928768,1018.9479806313317,19.54998222140792,5.530158588930078,58.66935173511794
39.51240727913273,1014.054075782534,28.69884091301965,55.94734470181491,58.92083434712741
28.05392062643908,997.4138512615916,6.0464484160058305,69.77932974068682,62.92583692007265
84.79585598177113,1034.6150051716497,11.7760995868682,54.08848315285244,57.04174211035392
98.77011302685494,1016.025609024117,24.171275739025077,83.19758503177796,47.636194467331755
72.70224151466905,1018.6751962688173,3.690344216598721,30.0837129868071,60.43246396924382
86.01794483612284,1010.6450457557113,29.825003714332563,6.547913314741116,54.05397897849041
95.30499140256407,1010.3366107322419,20.344157258238788,63.36205287851278,50.815661666509726
38.286382517834255,981.1012246618053,27.324013978878856,73.0800613045803,54.76734753939823
48.03247632857283,1022.399845233297,25.141606301031732,76.52538682911644,57.363395676754294
37.52208588464968,1030.090741754108,23.314048066391273,1.1060523435591163,63.43365547946152
24.942701758348402,986.7245187715139,0.9870318086867624,67.33782483249342,64.660651248585
78.58206378524613,1023.7596763343936,12.194883467645832,2.0727784302182473,60.21073051963117
31.652608290387345,1009.386885432498,6.055871840124347,77.47860166079458,63.99836851669668
27.416751752404558,995.692003883395,26.13999982852811,70.31051406315949,57.34942774821196
48.61078964993865,1030.6486237231877,20.40858800395347,56.74139036419403,59.95301033518834
24.8444891366005,980.9553996140536,3.212199354678784,50.6324405975447,65.81561864877219
34.36466538452499,995.0732207074898,10.787932501967285,71.51078630502681,60.23219625427985
25.595296603183797,1028.7437406789415,2.0792450770289586,5.7195308356959735,71.05182402944021
90.18222454463677,1006.4557971539327,22.19989884923694,83.21893673215473,49.37735389202927
82.3787511961435,1012.9406992471886,12.549539268969479,20.122618790513425,58.88158252666196
88.7611846161526,1021.237239699394,7.031138076594569,47.7788863125842,56.439245998999205
89.46648603703714,988.1385488922837,15.530717620962486,48.679942474079986,53.83364846263536
95.56072445909594,991.8346307117827,1.2613330438423187,77.71235330411236,53.845974725872175
34.932365246635925,1034.9245869069841,7.718838398639506,19.29910704002514,68.0444604368826
92.0007251247289,993.0598988440926,5.259126433854259,29.974973893906586,56.50453018781469
62.003112173789496,1009.6561378493791,27.919309810580284,66.31079606327435,53.60818716141653
33.29848200120348,996.4288998454256,11.313222180680263,41.27717413120384,63.820088753371884
72.46187014215512,1026.828081477065,17.534188992039827,29.88636230562436,58.49470394066003
46.16004177633501,1032.8965705802352,15.088258524984314,62.1423222473238,60.61676151567357
23.717558193515487,987.7710827702252,19.776146219322055,8.657219025643437,66.99043490087297
26.291838836220094,1013.0315404310453,8.373480925976697,78.97785719189427,63.62532258279288
53.897278715820946,1024.636709315239,3.623387380304645,52.47492172342946,63.37899678340306
86.11868384272077,1025.2665324648847,2.443548181815994,20.60205093087234,61.031324718170595
44.882221523515085,1004.2246227190961,5.801908927539178,40.85159173005775,64.14465647978628
81.29006905929761,992.3956988005411,14.484886589058489,13.10768012781619,57.99136568579294
24.459517027881272,1001.2926959361844,7.080821583145886,61.65811129293514,66.13414574769574
51.49860010278122,1021.3133989963341,13.020062361242594,66.93006313183777,59.470261569471354
30.195220280648947,1034.657784075437,0.8790765910603338,40.52859281006727,69.06004577358479
89.0838668279488,1010.4859064334009,18.826532930836454,33.9690488247638,56.300950280407214
97.43505654713127,990.7318424757017,26.344847966044604,84.97847491411552,47.151965135226945
46.04925691779225,982.3064121723947,1.4276981994273297,57.60692437111086,62.19178936066061
99.10901286268692,1031.9029411943714,6.541192991964678,66.70212720451502,53.85107926933621
80.18460481851322,1006.5668261249754,9.533112271390271,12.751911340194845,59.43510467957462
20.098711954171833,1019.4125967684743,8.617217226894866,71.33252942615788,65.21415823628834
58.82174206276758,1016.3099569330378,1.2115546345681594,44.46107745230976,64.39676552082905
86.72805096459389,1028.9979206282799,3.197354242670275,36.66684227870341,59.90092296322124
62.71003049748322,994.6349814901391,27.37385367064239,92.94041996488015,50.79095610212506
63.99686203557438,1004.2946051305574,21.340854054558363,5.393398719597076,59.561629338915715
55.815969837849366,1030.2491457591457,28.75314216726285,19.560640489945147,58.964877096092955
51.603109559665185,1012.2066905483364,13.21386320806164,37.50400860870416,60.37151090261944
22.191740627053413,983.924890002054,26.37099406862699,32.40400971223949,61.47698616583971
69.73864489381195,990.6966297098658,24.496176227227732,51.068385004382385,53.55631039566267
81.33810691620204,993.0468259365864,26.24823166529278,40.090205256096255,54.97437245048292
83.21422744833541,1034.6582021303275,1.174624829083497,78.82890588402506,58.04572479823344
69.97089118758528,992.3276444531261,19.575469703688462,76.80005531665674,52.301130867322556
47.30217997138688,1027.8326239388464,16.998868273278102,77.23747760369498,57.33389803932277
21.808773478551792,984.2952607472149,16.356472742373647,36.935455257801244,63.01172975440826
91.66236378057032,989.9946381392288,15.131518991249202,40.73684777614491,54.93950563230136
54.32369747019243,1027.9630366418498,23.87929632477582,72.04619285175255,55.15721545431281
68.09403589312612,1029.4415062202927,29.041707795310025,12.419836638693083,58.99732959535618
35.56448601448176,989.6907938574041,24.867564976661445,85.19196171586427,56.41249741721984
31.35645743407138,992.6418701309112,26.11186120561672,54.12582378131942,58.94739176090971
26.945417024633443,1009.1812032232688,14.517081157174228,84.85452204449155,59.992102036036655
83.90121641747106,982.8975623657617,20.718278108214253,79.36029809357133,51.21339895094205
71.71685706179804,1031.9906292100447,12.466929977331795,37.43830853754792,59.84727322904397
69.69274071593472,999.9142198800425,10.808584331417721,10.155970999903696,61.748116592104715
93.55181981498508,1006.9108381181284,26.858441958095604,92.08302408099802,46.94439224510963
32.69697913756153,985.7776595320152,27.15633772713205,34.460534971658994,60.51394929855774
33.62154814492848,981.7899548999228,20.466605768751787,37.37416905569876,62.30707605712819
35.15753196274722,1005.7299298558441,25.13526568808378,90.90485010491267,56.875579166921106
53.86955442122317,986.6917053547168,10.810912047968221,91.73472029185888,55.50116508266926
89.93773880095483,1014.6675278523003,13.012818896784692,26.290618689425195,57.15552722614962
90.51793008481931,1023.6964716834922,24.630488760970984,8.89562806460652,56.10473299511339
67.24701892295258,981.741912244759,11.941508408118825,0.11080262304651312,62.52986997322926
72.6514318290764,1013.6722376342589,1.1990285762752573,43.82944846219564,61.311050503336574
91.82098748918503,1024.859471289686,10.59895047448359,56.857340162738424,55.90411853265729
69.93751643709578,1004.1685388742585,11.946909124403431,27.033800313214673,60.01971905657717
38.38397422682574,1032.7837565113646,4.6390860101862454,25.974965109881644,66.23200900478564
76.39312546652317,986.1157198680753,10.323728548214412,35.678504539797416,58.213955157241635
81.59126192911188,997.7641454898461,28.032660450004016,26.308510295341,53.65500615206792
70.82756985718618,992.6541268664564,25.7559931170484,85.84384045522442,52.3730967767419
41.88555707538591,1034.7905135547537,13.37771883013514,64.28423911128044,60.47020065839628
51.9934279674832,996.1796994813068,21.296687096691546,82.89468328822328,54.18671037397619
57.64739261173926,1001.3359711616707,4.555498857056561,86.04782496055124,58.963947285342144
31.623873452350395,1026.6189069339941,22.576525779411526,43.50099460061394,63.40625222188293
56.17786035679881,1031.1479929392526,14.273543098932297,47.75774486299732,60.33402310356569
32.89579386633608,1031.5760976128774,21.677046360926973,97.78195986926447,57.99486744627039
59.95613952582846,1010.6992421256996,19.320697648295727,81.68399123638508,55.23537391691834
24.064860684222893,1016.4816224326382,6.982938238485698,79.78943208261093,63.53333146601948
95.88251935689622,999.2044449719879,25.040747151662814,58.37132072726439,50.44593738758723
39.707589141588564,1013.3937301142655,17.16529870550377,46.11502595466028,61.2129920336061
57.36114478860871,996.6511437648089,23.525922375412552,89.46106966482202,53.7837745347128
22.620174122588637,1021.0315595997628,2.8195903656009245,80.455696158721,64.24827635773892
35.417721775975856,996.8965564103547,18.460510179465405,51.678890733446934,62.18859213641981
75.45959934668619,1028.3675889533135,8.756520585630454,27.049080197404905,58.76641546553378
28.944048251111518,987.891613909969,25.82686102710618,14.727940395646666,61.6885025367076
70.2519328771289,1011.4492821031649,28.485178983823605,55.270570855462445,55.17999474390538
20.1655113147472,1008.6371522951222,1.6748290682885403,29.603001981794975,69.61452847209512
57.20074606365308,994.5044610916852,21.72848689379767,26.421578615303975,58.12637562820761
77.70749125786301,981.5401160047282,3.089334488431409,10.578623436071922,59.96517331847149
94.10342903309851,988.1693527518315,25.7252209916438,3.447271989165568,53.355321486700326
59.42689408739311,1033.2373141601324,3.735729965601806,78.33538225692199,60.44650676079788
87.24259757909013,1031.7717490201653,5.85020617647692,10.798506672023855,61.24740821777643
84.20730837773255,986.5615397789123,7.548604866121485,88.86094666634104,53.09314953303037
43.66166216540079,1000.6173109378135,21.834980596782454,21.37828075943322,59.87744041301194
89.9786899129343,1005.5819640521823,8.776033681749889,75.96756923982174,53.56620660236999
71.22263838474049,1006.2939561934181,17.88254578259114,82.29994802102777,53.78491476315917
28.33477184690878,996.4350901256048,17.1582800155431,79.25559220991167,60.25607617983877
95.12902372767043,1030.2124057968538,12.06784858932647,87.285582006679,51.96290472978586
34.13413932270859,1029.9669830265857,16.184686938738395,33.97208570342018,63.3314361365106
57.628875783703506,981.0410631294651,3.545754412851908,98.58884762824421,56.08653422824056
57.30923084360798,1015.7500756534585,26.28522755186638,27.95947006101396,59.19603048411389
70.01892985127229,984.0899324656745,6.2122991915317485,93.4298089897932,54.21274516222809
73.19654125427819,1012.8623714172202,26.40679868440774,43.74400948560725,53.85617257301101
38.63262637109895,1027.679109302099,15.562123183649742,5.693199320709708,65.7292759589031
48.19539908141078,1015.7242022292941,18.418077534031177,78.4916469305037,56.54250159699861
31.567216370460187,1005.7910188219068,7.718910846269801,78.74108329531724,62.774588834095276
30.081258723964417,1032.6842651044376,6.669883891778361,19.72978944727317,67.53456218512501
86.00538841950048,1021.0629220659647,14.721089037908033,82.35124481326503,53.540541255778535
80.05770722616676,993.7120155014042,8.020781793445996,15.757940295213068,58.39815617960461
55.414678930307545,1001.281529557861,12.694170957536887,15.14316589676542,62.13039901452469
27.672742707434182,1021.793143372198,13.206598359757809,80.89192879339613,62.22283369272725
55.99373946959624,981.0622836463831,8.127519738938444,29.02191243075414,62.12225187735679
43.556455499584146,983.517981640155,8.751899514208175,7.687783516158808,64.82424765270311
82.23353763420091,1027.2682748152872,29.187282314876562,95.63439859237465,48.245941183407226
27.731146755473375,982.3620294298628,17.623657486302488,55.70401559292054,62.40780940265949
56.109484299604574,1017.3182612659534,24.956238600543774,44.807748943232326,57.59780230100729
67.31096349039257,997.539827638071,1.3722685439914495,50.411004386106065,60.2924792281303
98.85802025704442,1025.424044475959,0.05773854110655785,67.04502771851814,54.35530943490477
27.168650495365814,1026.6040336041845,15.573071559082846,86.1665985241535,61.35552467109471
29.116837773357283,1032.4336509444952,24.80415912711497,67.25788883075845,60.34416270720373
99.04393281732007,985.2552254170615,18.3275651123961,73.95263929694876,47.97081147459783
52.450012357032236,1003.2565855076142,18.564890589822536,18.015308005863172,60.555411863544016
79.49714457585159,1011.5677224475439,4.180752512949223,38.409306978747225,59.49488832366792
82.67803059927577,1030.3831283774396,29.357024359801017,58.48097930109899,52.16980269524672
45.16475273703308,994.6582779988208,15.891018762688589,61.940649367308495,58.26889278007526
37.14401655529605,983.9395119899916,3.0780546952011956,27.069311173169286,65.04385083064105
42.08729600421784,991.0970541326756,12.425918842747546,97.49822518998477,57.51697344723524
81.15147400305185,1007.2568078065354,2.159135421288129,11.818597216122296,60.959305272559064
87.23835608202384,1017.4578051253335,12.544207982085931,11.227834815649162,58.41773109484142
75.96039497370376,1017.9870711721761,21.34685387217042,22.91501988344853,58.57576325665761
55.298205576710785,984.1064818901873,9.705785054007512,75.39132652589838,57.57764818045914
41.00507654068177,1021.8775645509331,9.393067868389723,3.6551288457150166,67.9018637851775
54.01992339953018,1016.3131671770689,15.430177046259303,98.7865778603582,54.792665872699786
93.16212957033966,1002.4148752967344,14.95457841243516,98.77294465264839,48.8675165253319
89.0556433405595,1011.4097447632633,14.014280556411071,15.968419662732591,56.68575163855481
45.870096593548546,1022.2257245460321,15.50533041243445,40.12032742781797,61.03940641096861
46.235265285630106,994.4151011400344,1.4387745136437213,20.391733947244827,64.43555091912147
82.39792398231448,1031.7018426872264,14.228001589013273,40.80152123571015,57.24171660205901
54.12592420676168,987.5772182720865,29.760322528789498,53.286281425117956,54.990726734283875
65.81782467957287,1029.622254643696,22.93006699954822,82.27319511953361,53.241302028767954
53.78541922908549,1020.7471875866606,8.627075575136164,3.5807297807483374,64.72271790746119
39.387105586909,1016.3285240631056,20.331418633389497,98.68976711763379,56.82941448667232
35.108301508458204,984.5599398492272,9.897076729461814,94.05629598651294,59.13402590735525
31.163337554698387,1030.545253415563,5.745423675483923,57.04172989390586,66.37408697291104
20.91382243555291,996.2431692797217,23.20655185270146,48.08963788115984,62.970810748749116
42.44931653630691,1021.0086713471694,6.287590174245468,55.06447534677762,62.9612434500467
33.71268722487742,1028.664077697948,25.758779022614945,1.8440926422570558,64.44831925751096
40.636034135640564,993.4355921371116,11.41228847165888,73.76826919922065,59.08682590249308
26.064320759986934,1030.3030423985458,22.705302575506153,49.643598432784856,63.85645225051508
47.32474903944536,1013.6567906726715,7.787895382733579,28.603991946768982,64.42531249876154
61.596687176611425,1016.2467480263625,19.582056328577615,46.15435588271707,58.617515607196516
95.56571319528955,1030.298208754436,6.375953110821464,29.25678022346879,57.651928117921194
47.76575708924423,1008.9704207074099,0.6550342898647621,69.99507724779798,63.24719534747423
22.481838333735908,1004.2356156688568,24.43812497140134,61.443420376461624,61.367628037305224
48.98915066683789,1014.8277472166519,25.684881498581007,38.8092599090059,59.74189817249189
85.377942996536,1010.4712934382178,26.41722586180921,31.424194199127154,52.41886815993901
47.21178132733919,983.3811641846031,1.0889251595811678,87.80366443752882,60.01679451972985
43.33845364717945,989.9270625812334,22.827654645385486,68.22386436483094,57.809524209180196
93.51961128897433,980.7461563407658,25.076112268740523,71.57818171696402,47.45808635195746
43.778342255570486,985.9489561723947,9.350943909641394,61.86055919288922,61.00212997304596
97.62093471363644,1020.1417312877671,14.113538966601308,7.52305502346241,57.4893660157206
86.61085923446657,980.2591138992942,12.237454488531418,5.926248669924772,58.24611017650776
74.73999351787005,996.7423033034272,13.203070169192438,42.91715184069466,57.19154360857182
67.86610187303094,1004.7126772408233,25.401125659193838,93.04999570557894,51.70839337801385
37.982446379659095,1031.5796737004334,12.536062545520764,52.47080788985718,63.58033734507116
78.43187494201119,997.9853859784454,9.070914094044868,87.58845130934276,54.82775974851359
47.77105039370282,1023.0721919709569,3.911495642613038,9.654984203605588,66.43279784148791
58.85137281346627,1002.4821068753927,20.245179476713588,72.42610749346629,55.68852526176116
28.32550256463687,985.4170259044778,2.5261180112278145,24.533785496081116,68.54865756995243
43.69232879525807,985.4364061398311,1.8354677058111912,52.449615980241624,62.581792431706724
62.32955743289382,1003.7838600990385,20.44737861506289,29.29210703540758,57.79381885736638
57.44330508658809,983.1835722333899,20.82866846814563,71.23333600020744,55.224506800046335
47.481052408127155,1011.4390582693712,5.972401395834876,40.088905277052625,64.74086609857453
57.75439641257567,1007.1507354451783,28.715539182012655,46.21684924995937,55.63923152841554
79.59409072834424,1018.6394352132899,23.634420062929106,24.534537318152914,56.01152401459379
56.746045134774036,990.2091841175406,20.592841279635085,28.145801530639414,58.987666895202814
60.4925177379546,1012.611108954976,22.63042708037057,17.947569070933522,58.94773604759771
76.09168649683544,989.598736199,12.356609547930864,55.37985473681842,57.405645247011236
87.32918425304369,1019.7228542409957,13.669274450577621,14.499695603144602,57.37253957628388
62.14910222858815,996.8937262037339,26.10644636411044,26.820261167236236,56.95318743697817
95.85404920660012,1013.7928911484477,0.7625704959444046,53.04613546480865,56.82416870333319
48.275795479306325,1028.54724930382,24.072634659541347,27.48312990775861,58.933015510402825
40.20439851103785,1006.8528769399893,13.427056364091012,58.84996597343284,60.50483956526299
75.4471894550997,990.5760660461093,13.919054535046607,1.4164004458195767,58.63113902333568
34.05997893113032,1028.736759550596,9.770988931497122,97.32227876999444,61.38816453948506
91.99742819972103,999.7218752627409,18.212161122270214,72.99888563804402,49.441747860900136
50.92593462898532,1020.1639081440906,20.27020065403725,50.38191285471449,59.82306633279108
75.85189238185878,997.6052623191061,4.822609245881822,92.08379198842984,54.01025613507559
65.61468179919504,996.4018493457983,16.971506312040905,86.97660809449779,54.5820819889316
24.3512687111288,1015.3115542622565,13.947355880819446,36.65543199484371,64.42333396466834
76.72629658770381,988.5971289363282,23.457260066365038,11.612917834948988,56.58082089628013
83.20037841630106,1027.6835628966353,16.358618774786454,25.223239207675807,58.26788384242558
98.5977944636965,1001.3193192644219,12.88719636922352,20.86892694641356,55.83027896527971
53.29021331488423,981.0602589782675,15.86793175165917,75.00574355421745,55.3045409618384
60.23452543633205,996.7990060485812,14.717025176359188,54.81098925130063,58.676462899473705
89.98938693091917,1023.1731478529726,28.05533560866293,85.00981831583604,49.05052735767842
41.535785041379995,1027.2647370434133,9.356632376257782,48.970075046417506,61.717175592965624
35.131410618123,1011.2334152321607,1.120468616299155,76.97650549113666,63.82994229452216
30.6328218468777,996.17601249234,19.859902625912135,32.34228375938074,64.96672779835501
98.26017705469792,1009.0319757030388,18.115293624985082,60.21508030174038,52.16940792863177
41.628738843405635,1026.000641424743,27.299079287649455,63.94001829263013,57.45653468375965
80.59155998628017,997.3820806350539,3.524298520907961,75.92870910017443,56.28640424997807
55.97337235830701,1001.1990335477794,15.679368627150906,79.94884004190875,56.021934339991574
39.24602997636753,1009.6831773144525,4.523131500923628,27.650304230487677,66.96927380799677
93.06670396855785,1028.7926007618864,13.671269091451045,38.50580015155561,55.04205468475589
57.10460013944899,1012.0181913607306,23.981090429477515,20.713509085469152,60.22954324349881
65.27643150552781,991.4188335462659,25.72164108832643,74.78343705157137,53.18852477215976
37.799478681922,984.9007220889775,25.015810810065705,27.07282636532402,60.82042379878975
45.93218501319039,985.2257676310326,16.42214500506857,39.101920178233016,61.9421717018983
79.81500431229631,1032.2637265582655,19.018803704943277,80.3026475566321,53.94406144542441
47.443581813118875,1025.2326861421354,16.546936130882038,33.98026404036042,62.854882368619315
60.47668400125434,1022.1220079569075,16.837073366037778,29.15003091677629,61.17322832175854
29.148438174432165,1007.3000518543525,26.554526655681727,65.11814330425662,59.64265382852126
88.00531693227548,1016.9896789502673,6.278186846071656,97.53735857775574,53.47761131343785
79.00653051258236,987.003166749836,13.162976412121346,6.262396911493195,58.29559666817427
80.85958831930937,1014.149264362397,18.3018855067193,83.4788404580431,51.65242650725178
34.25481584496411,1024.592940291833,22.960564453800025,12.160483425989078,64.47815584484246
59.612492221119886,983.4176307129939,22.85669170276894,34.48981172582488,57.40883620042319
22.203302292598252,996.2882732270102,3.5174506594482446,41.6717932632925,67.32218908022931
45.207126223856484,986.065327034961,6.657298961467225,71.87393601059867,59.86204104553524
47.84156166135408,994.3124869837432,27.345546414309503,92.65659308504236,53.238464974524376
93.09521388293994,1022.4888129545333,10.725578663909241,10.201096028236146,58.39552054013291
99.42262391451058,998.2627041458385,0.08137925784937661,74.48084521182476,54.25834993712778
69.41967212398713,1017.9326116338374,5.993912052399503,32.229239544123345,61.0498151340203
61.34150008426595,1022.5316386519703,29.086562929933773,90.1910995691909,53.14567874950262
55.207114741728475,1024.9151279869802,9.292456988664709,27.821682029422156,63.07813361948201
21.463698990793425,1028.0356493874594,18.411436466603607,69.38619496459134,62.233462051927276
84.00932369942889,1012.8699696610616,21.799497005663035,16.47558003622549,56.080841906068734
73.74606752909068,995.4351907599794,19.397485088224165,95.79470786665833,50.36143936308858
71.94286001547255,988.280719257557,11.32698560267826,0.4324338594380639,62.484116899205006
84.72347112254668,1007.70397598173,12.912453460781272,23.285197731258066,58.03312148810608
94.24433612766178,985.6956477318535,25.13955937954916,67.59441160318042,48.588632974250835
51.1624015122661,1030.0898188439935,19.883553942536725,85.35242298891718,57.863316313532906
54.11223174523826,1004.3364130868636,0.7030581981176642,99.35573092939326,58.76836277899504
98.01111921310672,1028.0141280140824,6.103727565654311,17.326063693954264,58.480110512975884
73.15398808292119,1019.009871100143,8.58893815009779,30.71438396898517,59.61959053184233
88.1080856564489,1027.146965955752,10.96460104689087,89.18520210413986,52.241260872700224
37.72556308830205,1028.617694909001,17.30681170183827,3.2499915847025607,66.06783130310879
45.366015279676375,982.9311424126812,10.9953178911716,73.33218223056636,59.74815377354631
51.32841817562101,1019.889181630879,24.7503574916979,42.30519230220289,57.82168579291083
45.35464902141874,992.46012330295,14.215067365111272,68.88180198785084,58.63947839781811
90.7397611272426,1034.411329808654,15.065363011567952,52.49001218399821,54.637099128226396
60.920815668735855,1022.8121635769281,12.821675554399295,62.711188684041275,59.16928896568085
96.29176849622442,980.2070751541773,9.313990511775394,66.66637102394958,51.7575623434042
45.70579553721018,1031.0078976991213,21.74400356954203,63.124594479680326,59.500977633392345
22.979570421074584,996.0768246210647,6.886889599481031,66.45629779470778,64.93024655167052
31.044913574668822,1002.9159479800047,20.684694430544816,56.834793263564734,60.21237283411797
37.365634609185996,1013.6757068410327,15.891184488625932,71.38953583613707,60.02379252602755
71.19757606269471,1030.397038672432,3.0678970366975977,77.60234732162267,58.62546754561518
34.48703173555388,1031.0029642789734,0.5390173964996647,78.79354187945043,64.27922614336293
50.51988191641116,1010.9909469501906,5.083308649145105,85.35130987928964,59.04684300559895
83.63094593084116,997.4198472696297,22.830626570958994,31.6402420502774,55.29920414278834
29.980721210244205,995.3554467938084,11.53792686815671,74.57734308443524,60.0403238040114
26.438411064099576,1000.0418404328163,24.14629528767233,94.66612912703295,57.6122965411574
63.19761837691168,989.9282525946456,15.057174458127141,36.74680789351492,59.50507562869172
75.84552154510772,1016.8408160076053,0.9823988497249525,77.7641115731628,57.1855113766137
92.87625506352593,1009.0291128163458,25.38295124407184,29.146277789208817,52.77336698046124
72.95813383705757,1022.540558514839,28.0879030689995,17.556926544131656,57.25360096414223
95.69431022226144,985.1761224289188,2.226456069248588,44.642689213455746,53.49089516651855
39.56208343589384,1001.9948203387092,6.2505200435584305,80.65321591132667,61.09027960737614
47.345701466813814,993.192457751049,21.46658760793298,30.712251965595172,58.54438499664107
87.14477427538613,1009.4352413442673,29.91526627684166,29.493936821753064,53.238034816752936
84.88430563514268,1005.7534191023237,26.289111714508014,27.767503517299076,53.06986814906056
73.19122873361525,1004.7260998153965,2.9684358298258284,21.812098472247143,63.15084316687224
60.4819444702553,997.3609497569169,18.217112828397426,61.11109928205504,55.615033962905464
21.416911429371925,1019.976506596077,19.956111045453724,24.3336885204114,66.01052121124106
42.43551659230392,1006.4862237343966,18.924962637622833,93.49028220693843,55.98254978098061
32.667000443164056,991.1234078897256,17.04180793835165,34.593104673754816,62.527147853958006
24.093985339903796,1010.1096110094886,8.766116956251418,54.239875697534515,65.25615722567586
82.08637753954208,1012.8169685821666,20.055185011983333,40.91704621408523,54.9331992381962
30.504968220300952,981.1758822495933,21.853537978846134,96.2715734090869,57.83006061695052
48.59303142257585,991.2078263466683,17.272986019676498,42.40115034111325,60.790890687741204
98.19655019715424,993.3322150570006,14.914665794543186,56.369444822803715,51.166079949739384
52.73227402991886,993.6441339189722,6.570916455112345,76.34232599890379,59.120088521287165
31.320511137647415,993.1365228698016,16.34172098997033,17.129653721755144,63.64061166997838
75.18099011608109,994.9402644361803,3.8475139960729967,3.264180255866722,61.18437683312122
84.79533663912335,994.4499974440155,2.1814797446333287,45.49199152867131,57.3404418867055
42.332055765773326,1028.6237860527983,23.33553587073287,55.0641067963404,60.90279572448924
84.74808066670548,997.5806329734726,20.288178968760555,28.70610387019038,53.472405697992926
41.72168629862803,999.2369492901435,19.47096630055103,46.250466583575175,60.604489744354105
75.44894705167762,994.6397494420735,27.843831737662686,61.51604558348352,51.95427425276031
29.984289563477233,1033.2165897748407,11.42318148813237,97.32729573060053,60.59447274881576
54.2258359014905,1009.4519940129273,11.99196064523234,60.17771558011328,59.9479855714528
61.63951561324449,1013.5800362814134,12.412407137197365,44.88572963541419,60.11565728347677
78.02268618793113,1020.4517994134707,13.958492720295583,2.2528493962539087,60.4148409765798
72.00249519020417,998.3542737834155,15.385289676181007,31.058323192905146,57.682496513460066
88.26742400105258,1033.282923637065,23.34052296270504,35.84859636646218,54.19177258953221
34.74328543292695,988.3779394915886,6.531099307760572,47.694456964979715,63.20014989613615
72.89972391532767,1005.1798030271889,13.022533158884183,78.21710627701225,54.8915446789424
30.220008185574805,987.9991594293839,15.153821006297264,77.58873761787207,59.58732087317752
58.24639369263429,1023.4706660443211,5.073530204954978,84.52859834315578,59.30041684396977
61.964602432444515,985.9024730612063,21.058281638786355,28.99925588665021,57.068851129516325
22.181073870922987,1010.4644781877471,1.6881222453408373,34.645934151776295,68.37189036445261
25.628535681035096,985.7643451250366,17.57737495142943,15.023889057405547,64.55424764620821
87.14174487753252,1004.896403850159,6.064264806715554,85.74157761834648,54.76441377672446
42.943068646941995,995.4169394979945,0.2540478240271038,65.22351650993092,61.99191290130416
47.69161197949867,1029.6813216877629,9.473148963540755,7.754990582115728,67.4628914438774
71.2324981526767,982.9202687289028,12.874220415402098,30.365699781885557,58.59859017233309
37.657170120031545,1015.7465696390135,24.519035386458203,15.272505131544168,61.37930392091417
35.42900666550519,1018.2388178126785,12.235369629045106,96.92281564202759,59.13989574805509
53.723282357678805,1028.8940156309666,27.46306701508698,32.460280856450495,57.33659885714255
24.719735475630166,1028.2751200971138,25.27616400517273,49.64673185690525,62.64974892215182
93.35762003244729,1033.738095763418,5.7821281351745535,31.79020156308747,59.37844877604322
95.20871131592229,993.9650144890908,4.671519394157971,47.42965322872206,55.69839582738649
55.85601315776113,995.1153956881276,7.315260763338536,99.8622145766988,57.583664042647094
36.739152161183554,1001.8511000442688,10.790456797739019,28.738877610696022,64.71338523866788
57.64596757155217,1009.566733935006,17.504417056098845,28.262205342814728,60.87547675346382
27.994655194304656,1000.1928055230703,3.7224450528052353,37.1379571216121,67.14044701192482
51.82378531872573,1020.7163025799678,15.961238524824529,16.931677337133944,62.72147525186192
25.89324389489522,980.469977855031,17.42319697530401,73.89917407128296,60.68601132110957
76.49325627840756,980.9709873568003,19.82670727729907,37.934030124137166,54.64839499987499
42.057084008858254,1019.3831217907004,16.502761511223298,58.08587772939663,61.85975514073813
61.65275865922253,1028.5716672402907,24.755150113421287,66.13030882480143,55.163373977888796
21.083148024051546,1022.7101099552701,19.24771323746552,3.544363246204263,68.10418378569494
61.97091699215984,986.4400387385313,27.73654644197868,64.40027921322574,52.51047203412791
20.261435020966168,1031.4235714812512,21.02772299828736,53.27693591465298,62.4400827740231
94.01537401648272,1008.7051940178795,13.083306505552784,8.285041038293251,57.598634837155494
60.09263148795999,1020.8262333647008,6.2905373648845835,12.448652077384036,62.807439454014876
28.005319665434225,991.0575408714749,0.3156212502827094,44.07984244365244,68.5555426359983
47.284382894816446,1010.1837597013784,2.71208512737907,34.63077146440631,64.58288026863653
23.68537067447732,998.1533442113989,5.690272230956637,43.74958049850488,66.38857881465945
62.47163462476708,1033.61184254408,6.493240571818047,63.551508462815775,60.018270297542514
29.787457268195332,1006.0807876896988,22.26132244051382,15.44248112833323,64.08700267490532
57.848601689026644,1021.556734208258,11.5816739420752,66.24446147124654,59.2621520848976
44.44063070107639,1013.1777564997813,9.73618446801091,81.8126385422542,59.21005585830059
80.92667219921071,985.1864311797622,1.5710266139078344,0.29282320915400284,59.80898326463854
58.58042261763736,1009.8610265474196,16.15981638968213,36.846360036947544,58.73909292119462
87.85482326836528,1009.7118727107405,18.387266440217534,27.51675904219105,55.02389394603642
95.30787030872715,1019.3640142047116,26.33572248016055,43.199977749663965,51.66262935567249
97.56198946055295,997.7049409134156,15.085261705687758,61.52787164951232,51.72719889344231
40.81570819965176,1027.3358662846445,0.23160483879070326,18.756930132050954,69.01520310552563
81.40549520027164,1014.2431925382867,1.958362732736092,13.40956184843044,60.48221153376141
55.048865623568005,982.1637722729589,8.130160169641737,72.88384105162093,57.451767986920146
54.0938525072533,1018.8759683655501,4.175567507665018,68.57531406138729,60.75828004131201
89.4584331394067,1029.883180052301,23.117622274184907,46.084449397983974,54.52969181131128
31.653512258818512,1017.5730902418006,3.2357094336872896,50.13227277198118,68.31179777264934
58.224824636484705,1000.8998517417042,4.823504482150889,26.986124200741045,61.8587450026635
67.43065917710565,1012.4856856833403,20.00362091035645,32.917912762022375,58.62378889725405
25.289874166193602,989.426904906071,7.188851054849984,32.00825767608292,66.49523568984691
89.161140335583,1013.0690510457493,29.072429729060712,72.63351086493569,49.51474892038848
45.147128671497676,1007.5546009494209,25.89563093614504,55.564310179599396,56.55154541059213
72.54557179088317,981.4386728651743,22.336205152749045,72.94886693533431,53.03979231812235
94.24640012763996,997.7039437418549,10.294094049503387,59.07166590906519,51.69506464472568
77.58037754403173,990.5185987005896,1.7033992290687394,54.563630881700696,57.140986166073866
90.88084278075569,1001.4858559719256,10.092028748565639,32.058195348290695,56.12381767333095
25.56357457684962,993.3007836134221,11.301895804374674,39.54658097964357,64.4337042415855
59.418773926458925,1025.8836783828788,3.8229843270882204,88.73978760864645,59.08826346958908
65.18657005480142,1018.3725918950761,3.6192241297738015,57.59300006785847,59.896909491175414
75.12311045073295,1020.7063107900832,20.04324990024395,52.44552973859551,55.06801873302909
29.348660316725514,999.8477020589849,6.972072764798901,5.313147644655725,68.27601679476791
72.54314240434181,980.1895500838775,20.340321140633765,67.08891697620847,52.69524319134663
31.679484069554597,992.0534530710219,16.449040433880914,68.60174479394726,60.44868169628852
25.409024577012794,1021.5414012437592,27.04391549477996,69.06565698239581,60.48093826141914
57.54553663237702,1013.1560244015438,23.915096331135825,9.122211426569116,59.58300245365021
68.03002288173843,1009.6217991114667,4.541160979778564,30.04552600154906,62.71959272313042
96.64941021906098,995.4285964511115,18.30484643290177,37.122604623696084,52.81305543780028
75.89003419077063,984.1658279806213,19.59380248056477,82.64968959280694,52.481536174457204
67.3112609188286,1023.1676558628338,25.861634920047855,98.06727341158386,51.24522025406472
37.16519207171385,982.1260562397074,19.228702879200323,41.474759347572764,59.89211564695853
32.16354934517322,983.2525057874426,4.221426526276929,55.428070733247935,64.08015036871126
68.58185798157693,996.2214379597073,7.753476865374314,0.7337258676562763,64.61563311067833
37.83592314836265,1011.5113522568688,19.1279686128115,0.8779281421117724,63.84071172169723
76.5284073765614,1034.5724584124207,27.358271231809976,7.450022905530195,58.00992715990219
29.15816734891792,984.9852866465689,26.745869004309863,71.94664422438343,57.72545004149317
47.17086587321613,1006.0243939598661,10.775584221263246,17.81365978210172,64.36955931297283
81.8469410753458,1013.0964316683104,24.920199291613752,75.78490106529152,49.98937027598946
86.48296639115561,1025.270788224731,15.338636940279489,43.187615149465344,56.114425320392115
47.61926188388059,1017.9287653313281,13.930283190666305,84.9969008706956,58.52828988539826
36.537594414781374,1024.4257868786472,10.526614107631806,87.03163736022755,59.71535839317375
96.65598889313942,1008.7357953915088,20.34608382492901,87.98329081563826,48.830846907934564
80.88607953161994,1003.8683941927181,17.9879283947788,54.350263807649746,53.982448923068866
84.56474302542021,1014.0300574501445,11.239915066136565,78.85074302322843,53.47537579106287
37.820131990555396,1029.5478945214732,22.885145614083978,66.19122336922288,59.45580576559058
53.95509184286635,1010.2965939188599,11.380364423911427,18.6713193258056,63.849941890638
25.45669849925187,1013.3076215555452,17.531618830482437,38.15167255102494,64.64527636509135
28.751959057586276,998.5886884266882,11.771487302696597,96.23623520880436,59.154267982023896
37.676723500702195,1012.7866795052422,3.50629997888762,77.25647014054083,63.2005521887366
44.25877047102496,1014.5270267549048,4.8358312697088115,26.29938769536707,65.5939093250941
99.7747842345579,1021.4384017321036,19.70216616928069,28.097433751567046,53.2249854309456
53.76708521408361,1011.4697182257138,24.336701675767767,25.41811228457711,58.284351144845026
75.8300626347168,990.8652662065819,14.053888934963084,32.88150254971487,57.76170416647143
92.35577413860943,1012.0059346340688,9.767615733771143,92.83073762634135,51.30211617127899
39.68454654384079,996.3829274991994,10.09492444042468,43.354229054419825,63.63702371657456
31.577775606703618,984.8028472272957,17.92941889623027,36.42524117326036,61.39784890593398
39.460655799592814,1025.3988222302924,14.030683406738563,23.918233539843047,66.27154275730098
90.5937349605639,983.6339662053817,0.022161165720736564,89.2408064854074,55.71847745541107
73.25488273840327,1014.7436779264374,23.14415924178715,95.73765604031259,51.590292997663596
56.106809859238346,1034.3672037149713,4.26953813474281,32.35414505833568,65.34009318997747
85.62261974665935,984.8190544310155,20.244302447849336,61.66534232475291,51.19234689609514
38.93811543190468,992.1072514174102,10.326417352346711,95.84333474382389,58.15266384059515
39.13402996316823,1021.8442316948946,17.34007758797022,49.94800010124559,62.62805577454831
65.37760736178323,985.3291772425855,25.653521294602367,46.86623648676821,54.56496911824026
83.20502058019355,1025.7998764019885,4.628177902238564,52.769424965529446,57.07502015654193
40.76468135321172,980.0148567296201,23.329056211105858,3.31700319103464,62.05009766737533
36.80274708087061,1028.9471037303533,1.1492534935438992,30.011901065544656,66.97170860930105
57.917975947128795,983.675273377476,27.641057419782637,69.89922182571519,53.008987311515796
30.736375200933264,1030.7088916725575,6.047595937543506,96.6729556096487,63.211224435805406
79.82493980627525,1027.5503178177892,23.832410832596203,56.87447201867782,54.7877425027295
66.18647378595524,1009.6759715382403,2.016614797146883,19.04758351042609,63.652127639372196
61.00329672711581,1022.7871745618671,9.811452626575555,42.681327131661696,61.96404889906747
89.78107308160743,984.118226633667,19.006421857594738,49.001968522173286,51.85785218969913
78.60494597030336,987.433131856847,19.764740203580555,15.222470994930259,57.90815489603534
31.941583356566284,1000.3108038953969,20.964287799590224,32.92828010693303,61.76750201383639
53.634545475372605,1009.5602223446713,10.525772256600677,44.50645422977523,60.49790820139257
45.70164440045765,1027.751784287536,19.980246836623873,26.19021837402262,61.79583071269191
84.16555504119506,1009.8474246131292,12.85504305788095,35.38863989424691,56.126257637027464
77.52294273370039,1016.5862850369805,16.97759765240228,27.62443604754977,57.99459169867731
57.7608070244265,1017.3936431124837,16.416794694052125,61.28215225088899,59.02666140368642
85.89172071482467,1028.2662470172327,5.044195984850893,57.8602620345209,57.36942850093307
52.8053710412912,1022.7215109130473,25.397947790013593,55.16952610535342,57.4740457115493
84.28416242390809,1033.7366664164333,26.01423435326788,9.673531920987877,55.32345289182898
22.565991594562345,981.1006951003478,6.111760817698462,18.35576468932395,67.93973793690998
30.769518123208137,991.4305772106215,12.49600462037627,11.082716896076839,67.4477679740427
80.4779526282608,1031.1745154487512,13.946273112179012,6.328096676967931,61.3126255755148
29.151139425053458,1023.5721121386584,16.46766050373871,24.682988020871388,64.60283863196112
74.70088324531366,994.7049510319222,0.6681781522245689,19.452147109582707,61.50933372504677
77.88590385020315,1033.5835660316257,22.76445403756215,72.49963990020481,55.894599629875
72.97562857503372,1027.8434564979093,25.858749222730854,69.58868193993206,53.47009245764709
85.45857001644272,983.5561474536091,4.265816333396744,20.133917883318787,60.058538445677826
60.929365609709116,1024.622041472335,26.898868553149846,16.55637232840799,60.071268846631476
91.76296501787847,1023.146818734287,25.52736649230871,14.489575351543028,53.72783100102956
65.55969821363797,992.1634178312466,16.267702499912247,32.00499706223625,58.80435948728246
60.629837498405685,1016.8085581098458,8.24195130186948,29.418686837712883,62.313713981653294
60.750984791603386,1033.362425546723,6.224690228410534,2.853760955459217,66.83071080005679
92.96657739876937,1017.1727838046833,14.673763285871157,56.78704680697783,55.100243366538024
39.49568286294111,1024.7570854224807,15.216124383319247,89.80314694776976,58.41223005979569
75.60283538969625,985.4662585868509,19.556050363394313,53.88566642467873,56.63157480686796
39.40926305319892,1020.0102334142755,24.049123643769917,6.380813246796768,63.50149858907879
27.373998283821912,991.2615092539322,28.034996098946916,59.955095419498896,59.24504088026679
96.29951021065921,983.9519794849477,23.888426815895592,48.49560359643797,47.939600563067515
30.378030364466355,1010.3642583452468,27.27135967608312,90.69288447897671,57.591242471707545
74.89546012378995,1021.2836111928559,14.981054982600911,36.32194466133926,56.242688340689035
53.96469807070883,1010.0709675994771,1.1665378175701935,75.19820304355295,60.88550177145111
86.96810933041996,1031.2378280687046,1.5549054151987307,3.844025136159124,62.06573787386905
81.85617464296465,1018.2616490061338,8.054625769944918,72.14930854168543,56.03933781879194
31.501473963578597,986.4666153197522,18.419586508648685,4.152659798279423,64.9397948654779
57.42533952969805,1031.398500670481,10.056724501403975,34.47152777025284,62.839787638409206
22.20258253803813,988.4088390350124,4.98431113784418,94.80858237456093,63.371947803789766
54.3618811251251,1021.7040493978566,25.51485290137064,70.32048031123406,54.906354966595785
76.01726578078191,988.16990236167,29.54984315708764,92.5023106061072,48.17303591563011
38.572497118569366,1034.9219151689701,0.4992458008236367,49.58529695998709,65.84301821925128
84.80267252781155,998.2703129469619,2.682722771710516,60.62166253149008,55.953432169881886
24.25318609550451,1007.2761127133774,14.980162663855507,51.77483055547939,65.31219121997317
22.765308972814964,1005.6760628841614,10.130017434983671,47.886458645118154,64.43368664912444
22.196203844908826,985.6043462681616,23.464536431759612,57.82306304175419,59.94508966886041
42.40214972481466,1007.1708249997024,19.629066119110092,3.889935508464415,65.46345840709336
57.36846469207967,988.2228296865314,2.055310965761045,18.568393785575832,63.82287554332127
28.5957609815876,1024.108944980221,16.346496326157105,21.462155119117398,65.81983838795806
99.73948759127248,1032.707238837525,10.09597635484192,38.284893160960856,56.08099865175753
99.96488652001108,1024.443214275101,28.953378699176106,43.455514315261865,49.304261530735666
61.58418929165032,1003.7085197473227,14.258371464947757,73.97181379698226,55.69071874395499
65.44076277836032,980.1304268324915,27.829911279489085,16.554007822474727,55.61400994263257
94.14467037407753,982.0153903362668,0.9052377162238223,56.989249088447025,56.20724305606629
81.58342234423596,1007.2269329715998,3.0982399929025126,27.228914289465834,60.63594407526587
33.4358142726952,1017.371801573717,11.58807113833014,51.56537444187628,63.153055080898326
83.39911320173931,1025.0732735836584,26.60870117566719,62.66153268814936,51.72115796592857
38.47522664744474,1012.9742330984249,16.33812238290706,58.2450533553855,61.62710133683606
54.419826138509876,1033.8072219433927,24.724215746466722,21.538079798345443,58.37733025035952
62.60065964475645,1007.1577917761057,8.505889007845825,70.94531295373663,58.335914047708634
77.35994392148496,1013.0015839976505,3.3448290892792287,65.3787857342159,58.45592389544832
32.012023817779564,992.65562777437,7.381164622559884,93.20032833031111,59.86835714009476
26.093588383048,998.6813264877787,19.359102333532356,63.41519245304043,61.64032433236184
89.28986638885485,1017.5722456470844,26.142512976439505,72.0324408034855,50.02318704587126
86.14339930296387,1013.0902733514398,13.649979845530485,81.10276529172535,54.14994261174392
61.861227353362224,1000.3306883992922,5.808465902535208,10.600428274075014,63.01544249476193
72.98910430737249,986.1590074276257,19.128361377355773,69.63342719208929,53.617944662093386
77.54410556470789,998.843836816391,5.908019136856915,31.85802305752614,58.12051266441112
58.12250856527237,982.4285574453758,17.108631067750462,82.31487753294176,54.776578051979925
40.57843884648075,1011.9421974287701,3.0687516805768746,48.018051036113775,65.43452729343585
58.511392576363555,997.7658511945627,24.33405204422168,58.06158547840479,54.985161578368896
96.06383927810188,1000.8916679692501,24.15499970095213,26.033757415599933,53.400315934855996
87.02660108500288,1011.629852158342,16.237664941189536,65.05651185795476,53.88342252321343
57.24379994014584,1011.9708288964175,1.1454781865492047,3.5649330079824293,66.43575695189672
38.04632266981947,1012.3588821274535,8.405562483965792,74.85742842726224,61.48040867118849
91.16915423227249,1007.0375165116636,4.1485455379215495,16.329584200619497,56.795442639920054
71.05928724673842,1006.8467338385933,15.703675142038572,22.75745512086743,58.34956177920229
52.37919651443946,1025.1670694346426,3.0520290681279616,0.09102628528449008,68.26016014138956
28.932603282319125,1005.7154949227404,26.091795178591273,31.317463490691956,61.64166289480986
80.14109098834156,1009.4816588283323,25.504928651316867,38.82492180614684,54.23738300715371
45.35778980260153,1034.3526432076355,4.682942245069635,23.399969710929092,66.15650598844388
68.50447314271815,989.9577528431181,20.846641050206955,23.021041210038952,56.12780045281038
65.56937856438317,1019.9531540529824,20.895098648626448,89.2980988121682,54.19339421345704
75.96984617875177,1006.0252947208327,11.902631882113152,32.64525040317103,57.27559737181696
63.009688610577754,1025.679792392979,4.589972757394769,72.22821079558217,59.440185367977115
70.43292426388123,1002.2217909438419,3.9632316677049895,23.73814932084618,61.92556047021209
26.523393499668167,996.6644184861228,22.184278544526972,80.90412282265615,58.327069375788454
73.22229381348117,991.428240705502,6.6053224157122905,67.7741991204918,57.856809790285936
35.535271615895994,1027.9730435324934,18.10361273534787,75.6203992315402,61.790941851791466
51.35845795061655,1019.5080654741146,25.976448496148848,43.95367685921786,57.418501999639844
61.00276181139635,984.2295248480406,17.79298314601041,87.95645652198498,53.117763672077174
74.95017412263763,1019.241962992993,29.218870232950476,37.401242387330754,53.87953454002386
79.39418744477805,981.9258597131744,19.36505678486368,60.08950500489241,53.64192035773329
76.39381392739726,989.9894528668483,9.438093402936206,64.00721142429376,56.04915267585121
27.608436721285337,1012.6038738435714,25.574019952979825,95.2251385972529,57.952167130618854
50.95231769528189,1005.4930682728393,9.327371138102832,13.4522689161787,65.2211114555788
42.45320577738938,1026.226596978931,29.14711138565749,13.560514714665217,60.58501657628079
51.873721949219814,1013.4339708040052,14.331958351823406,46.20514166671039,60.87909160106847
71.74985475567516,1033.0736009282457,28.597412047868445,91.78756196656414,51.109160974795
35.4336581007139,1027.0350951035773,5.507947113644171,2.1685107971407658,69.55996383070841
60.167949477905495,998.7118413602993,0.3419551568879786,27.627560729898327,64.54690219687494
90.7897256840464,1025.8783020456287,5.883938878759649,28.358632407731044,58.555633161214296
78.49014860487176,1027.8464410670297,2.95105104260604,30.49526028018895,60.60555323556345
78.02920889515602,1033.3348744810428,22.018680672097364,2.47049691131771,58.085822555074905
87.8973102473524,980.6909610056125,7.9363696553240395,82.56063333304682,53.85744668412589
51.939599408592784,1028.1109367735162,19.18422568368809,0.8909452660077144,63.43254643428157
80.75862667240523,983.8442423616431,20.059711205058367,47.77039539928971,52.309136585957
24.696353570240888,1009.0463731025044,20.64736021239809,5.6359023039486145,67.15108269789235
24.5141571503345,1002.8064946863853,24.978243637882606,79.86440296290374,57.43347768915063
46.54389255659695,1030.5934891584977,4.468975631772202,74.65858369843289,60.912291935799274
35.747757289534796,1002.2833512057477,1.5139209433825873,72.1530861664715,63.32565199253345
61.48308669158687,1012.7823470622865,0.8911539311250782,73.62649441084913,59.73845080891852
34.65619689619467,1018.0533269789207,3.113700114919955,94.02395550995404,62.47290803266295
98.04591009897382,981.0466366126918,11.375566078144162,41.6810912816769,51.815507867710636
88.08841048634567,1012.5012189507513,29.021278160432132,86.15748039250786,48.39972803557722
98.60269592391857,1008.4895509431439,10.596752933626162,18.423225305998315,57.44885807816623
84.62104202837169,1012.6704751791794,13.58768787309967,45.12645030884104,55.02109402398672
96.08877572270798,984.1659231930629,24.43190160281505,0.8909094412893448,53.471379977099325
49.448418227015054,983.0557103512252,27.55794058258629,28.414029331106548,57.10111629109365
59.83240622968253,989.7649385596656,29.1432450948661,45.8159476121846,54.920955733560035
39.18350729739892,1027.8225371611445,24.79353674005124,90.92898384256128,55.9023013838797
70.86448509702134,999.6059087604225,15.075481741438985,31.695156524835134,57.08944365378016
83.05842414590987,1003.8717902950629,6.884293435077461,67.24085527127278,55.47488121506607
59.89937361348623,1001.4591454497304,17.95100868454838,83.39668053818467,55.18359858255507
43.709827089224575,1019.2903571536305,5.903851402712235,32.652973130366966,65.2473304131182
60.61377551327407,994.2711553184471,1.6717419674763512,16.9228201695091,63.5553418518224
25.03161758851176,983.7616343616656,27.58061805427992,59.11941441266417,59.505678603429644
77.68955614563929,1000.7996191374381,14.5437091774815,28.43838483971237,57.651845438448674
56.128557716161744,1020.0309544353094,15.247206716614098,65.2452109189216,57.415179726460245
91.85873748402358,1030.3232417248491,18.276570781916725,13.470104333526367,54.646680335912656
93.86002474129107,982.7951860243385,13.542256723170203,15.159484367525966,56.05178157100941
30.040384829170836,1024.577286648391,13.332913947036594,67.592306838842,62.53115968461873
99.68887898544934,983.6399085222547,27.454359526932883,97.35594399719393,43.852240422933434
97.58580116198723,998.1863339854623,24.496383868801857,24.689631417966098,53.49060704128379
70.17051306039602,981.226584045801,6.377765953522678,71.39128343202711,57.70963869842767
86.0358138005134,1030.134793442666,8.753328876616788,53.20406118033185,57.87421038399736
21.47495836281508,1018.873394736007,19.81867920388061,84.38415328663382,61.00923966546914
97.63084317526057,1000.3024377634398,17.132757570613958,38.888599237729046,50.44170695835429
56.50511411912408,1000.76011206085,22.98478061312951,97.17139960295322,53.974943651507076
92.77601779331617,1015.1913574925804,21.828978641564582,8.239686889686604,54.83838881419129
50.80998845749704,984.9306567677486,21.256416373386312,98.46478369418445,53.13711427230593
83.05411741922575,987.9776747246342,26.40653732641549,84.62373113802765,49.40883193015151
53.43566859907149,1026.5973316373877,22.996592826459477,86.64581277476758,56.99318091497483
49.01652916843116,991.1272197369801,7.285421656195103,84.24034375786871,59.964890373910315
95.74206422037557,1019.9666518737955,26.185115970606365,86.18636788196724,48.134295686051026
75.92892271173613,992.4191596552155,10.065966154032038,81.51525953184058,54.86087874530059
87.20648723191717,984.8480474457145,27.326834534042177,89.95171362273078,46.40052327065373
63.468650999737754,1029.5017799801203,24.728098941533602,46.080074138228724,55.493268634046096
93.46789961265549,1029.5920030745299,2.222561686682311,93.92909470184128,54.957505606883885
79.19683655121415,1013.2921543694171,23.138418437979247,38.49628530732259,55.04592454270993
25.773412060353998,1005.411861442305,15.003423413762055,72.85166243343448,60.61282066357669
81.34966112950099,1010.4017957328331,29.313382747573886,71.03525766383085,50.16405790468697
21.49683737313632,1002.4470084698398,13.752568080270565,82.08965023687979,62.36159920568176
86.32551376478489,1021.6446038804672,2.0102324316840745,73.83826358154603,57.232765798859006
46.549284175852506,1021.500838880323,8.794096892183633,3.537950697039116,66.89861716386721
67.86277951294005,1025.0438785356555,12.9062827195519,73.9152832599134,56.39200004411139
79.95016146807531,1008.7609343653104,17.75753033971205,2.3296766417752246,58.05349080527352
70.957196914164,1024.073802388384,4.563173519101424,53.32303119270721,60.00643311058782
73.78961849812912,988.564522804411,15.452478818055962,83.89493069830122,53.541136680298074
91.4132594773208,981.6574101440442,14.504184062690141,82.95751606418908,51.01585878990026
49.91775864190561,1015.6429176729247,25.099876735138345,84.13129912580216,56.39683978939329
63.77161198552274,985.8011809836848,9.07208732445922,60.24106277775834,57.80700203225114
33.99429633941658,1010.2868451095932,13.485523319216771,18.38120456907181,64.58222666566786
57.4034465737157,1019.6618725250582,11.65837990948879,50.79781179747799,61.0667366178526
32.00290966595596,1002.3896984425003,18.966941122773633,51.62118899219694,61.49009962312407
70.68684368812124,982.4129991719748,25.08566954015315,32.47677508861913,53.79777437640291
45.9401112451032,1028.7922270164381,20.26872397314547,42.40992759172939,61.29967193674993
88.7211584432475,982.3784772974296,13.951469871480937,87.21766683651511,51.65118375374228
47.48621040176048,1029.7613880418205,19.13489085155296,51.792783571078836,60.44680029199367
42.9467113769768,982.8946823359066,9.66731886936954,70.47438206724141,60.958260456828114
59.30166371637715,1020.4337724157676,4.322995252906985,49.58114783879501,61.487247768341916
34.02629654284947,1030.8665719222993,9.591537733429208,61.74712972808798,63.21103144675224
36.304490232811446,1029.8839172535595,13.310686978003593,9.258699767782218,67.36493417206486
82.65168603297619,1029.1361699327579,13.177947990079858,93.13882068447174,52.73989881766658
59.77803221575135,1028.5693242765267,22.12803727432091,43.593306638937726,59.12075728850057
36.507355528371946,1008.0725352001577,28.09036082737183,74.83026692872554,56.97439943341189
22.521824579159173,1010.6729959943111,11.668782077707979,66.71011263589489,64.76960864645277
57.31819661034807,1014.084461029308,2.5934555631932033,79.9272183620035,60.428123398479315
79.41041043226932,1029.2771619322857,1.0023955445629695,3.487290665049181,63.009899011451914
48.09520513527991,1026.0988230759942,0.1185831149479144,93.53518652069222,59.72399658397244
39.837141573446296,1023.0638211794079,28.14300455238948,82.9746844704076,56.89880636779857
51.7103648390939,1017.1648313635895,29.86900054025307,83.3761560902065,54.24481625243862
96.73036358284324,1014.0111047092939,1.5415223266902134,46.7113442229292,56.114229673996924
53.85296752144911,1030.7356771246093,10.746261117799188,79.63239078909086,59.73318788193049
40.771047002047666,990.5954303006116,20.08035411886009,57.518203530776326,59.999103884970815
65.5394031995338,990.5998752302044,5.368361974250282,50.34780359638577,58.85731566761172
84.85949934127486,1034.0358240997057,17.833115646156827,78.49219742826068,51.34802967847561
21.786583841871085,1010.4237468143966,24.40852079518639,62.780003293175554,61.80092850460106
64.64813489832757,1006.5855773498686,25.74259289134341,7.71604169846305,59.53120879741886
86.90499289783585,1026.7827456154387,21.19262031485743,31.45096215181932,54.63422058881731
37.249900506337,1026.737235753109,2.452925318466889,62.209270475822954,65.51123474708902
93.73463836011733,989.7128909003171,10.451873537294503,90.38009154460063,50.95023755978097
66.21564968139121,989.5464768813234,29.02028330313299,93.30008359807964,49.84280716354714
61.33811499377188,1023.7395620785975,5.782651897252152,83.8911622349041,59.05636082130246
97.09292139685796,1023.2097837682221,13.617782207142627,25.431253956154155,55.52385919393081
30.37213721606396,992.3852678228843,10.02530803967462,47.338187484719306,62.96513546786808
79.21129329376404,1026.2830574933744,6.166148540788793,43.33903946721024,59.48564006280533
85.48570325786132,1006.4028121666859,9.706082626562269,43.86852999145358,56.711753632639606
59.08452138388307,1005.8494013070386,5.685560215016596,4.9784582841079565,62.514138599248724
20.518054169604262,1034.2131476132513,26.317600623349396,17.363803533944733,64.37739188854312
61.94692049114554,1008.556802812011,5.233298512460544,15.326023514279075,62.97806628377778
32.28095430619038,987.537495821048,18.706325051839972,61.7268563237028,60.464565363390214
65.00564173524609,995.4085701210385,28.269468384332832,41.17983635864759,53.485663085303194
79.08948948577105,998.3525163293835,28.5793712288362,32.43880026871086,53.07503041773258
62.48571438631072,1032.7156815848334,18.01274004130179,44.390509039864526,60.43147861901114
70.46416083896868,994.5220561288897,8.12687769806909,32.42140496471514,59.63926227227349
28.31564322640741,1003.6721616644546,7.436934339530891,75.74698196415753,63.08382016004793
27.763658147929657,1021.229955221295,22.424120382955508,16.704193436173796,64.69347884808218
88.07526056844772,995.0752969767615,29.42121974361251,5.6134734173333705,54.572983380683645
23.946388863476002,1018.5903129268311,2.3278493685354884,65.07054225947726,66.39743637348523
42.74399710344088,991.4134677996153,23.684057440962984,23.05791517536275,60.30337160475434
95.01572632328448,993.3384611717187,3.6895613869539003,64.3354276529444,54.53370829869961
56.70936907999482,1034.2482565559262,8.945560412913862,5.854177345405464,66.21940238017767
73.9630864040263,1000.2919425101651,16.998709559417748,24.709712297837793,58.01240858772551
37.735229460395786,1020.1327363589877,8.916740919693915,15.388385669518168,66.73075124585218
41.64103042249916,1026.2034703317238,19.50783524840188,29.067331079267422,63.54171559205999
60.72004379631071,999.0768773758026,12.515876238644669,32.88552531329042,59.67751754054648
71.04800386262737,999.6443225783635,6.57341199203462,49.51968051955804,56.161998293978264
96.8368896871346,1022.5198653221893,15.927922435632528,52.01386452999579,53.59036284112474
65.95359764205566,1013.3850739342354,0.7202920547508407,63.009803893127945,60.770371578554155
27.677527835690547,999.8963554142539,22.23235049737077,33.16521216948446,62.13514099398344
49.35354579868574,1021.2261334931768,15.668665983166095,53.20212427854949,60.0575101772406
39.533406970221556,1027.5037753625395,28.40100953984844,99.01173272493364,56.15530997247702
40.352097646027985,992.9271056726661,3.0836840765997167,21.063927589992204,66.57138293697432
60.430995952549544,981.3395873643635,21.968767146853303,15.270580773011632,59.654827527605775
45.3333138537168,995.0780886569426,9.02851181861628,84.25641022780279,59.220332680934206
43.144710651361926,1017.0969301559837,11.194460500339924,41.03655989517199,63.00769744714417
97.44151687571566,1030.33887383948,10.454601668622288,84.68836856685722,52.774844461792476
66.7166900915927,1027.4685405257358,10.74065753576482,42.4689010660107,60.303060841612535
40.94230634109102,992.2193829410062,12.925048592313189,2.1684861846444248,65.4936975762561
42.0695540536087,1028.4550091621754,0.6301455275659318,37.4873037893272,66.48701316710729
84.88224906447368,1024.590244608366,25.40272069988607,61.013068223360676,51.56196595463781
90.91806601776801,1020.3920522548414,26.453878280158676,44.75547621048079,51.55658451671332
74.32249641764093,1017.8524783344253,1.186696047884216,45.93429685582922,61.010255116923204
54.51574596118589,1024.3900870435295,23.280095807725473,99.83159420452421,54.51127883184109
81.16592085509942,1027.395122970531,2.168178291169922,54.412716748234146,56.92294657955891
94.99055130943506,1025.0511305662803,24.234407948538145,69.69397551849924,49.53311040436548
33.296045389304616,986.701658829773,18.38963165466834,72.09729215852323,57.83601997148449
88.93645186532166,1019.7185123092718,9.190582850131639,0.017125536797524266,59.75061362856688
87.90580946743715,1026.2717321418102,18.41647796920504,55.246097819469696,53.35855616771552
49.32015698853341,990.2138303711769,15.19938311926872,96.30562755681628,55.82473319418337
43.342888750941725,991.7588649378224,19.072644744351074,75.0822822827819,57.542916231361055
65.224811686279,1023.2287335947769,14.261153339957609,34.04274204578696,61.56102272502654
41.78350231262387,998.9161060002142,23.186237749727738,36.45712105139314,60.27428759863405
31.630184423999683,1001.9835552765016,1.3580861217539053,30.361719778642147,68.07717695414657
96.24631244669003,1000.7437602639835,10.328469260833389,63.02082702182321,51.831498758576615
59.309263207474096,991.7057875407852,16.778602442600267,9.731548969531756,60.53083282124071
57.78048670081826,1031.6336860753545,17.647290932042818,29.000041380288877,59.9997957051944
30.088251585926187,1024.3222982995778,5.086349609519098,49.82144757254498,66.68119641854013
60.33222921868167,993.7796508910125,2.235888134932175,53.52170703470671,60.902353733345336
79.42664123156544,985.8347945477735,0.6293586137078866,60.74076696512082,57.229552617356255
39.84370428021259,1000.4935604883332,12.390408742088031,79.722498605167,60.33293985090483
49.511092574494725,1002.8419634148653,9.911615300740056,16.323642680186246,63.68778686018991
34.31322308671437,980.3900673922595,17.034239800721082,22.501522327137558,64.07710971327074
48.40605704662299,1028.7933685991454,13.485445057117314,87.2312803104723,59.597480811692265
88.90252400004461,1026.8206138633964,11.82204164690251,83.11589256585768,52.624142402438515
38.96480566231211,1026.7589808372338,25.299617791358713,82.15707246002876,58.218960075629205
22.3633278413587,1024.3191789697948,18.645484467279726,20.861577898137018,66.37812075675403
62.8978551369846,1020.3219258644866,19.38302191259187,5.825667233320386,60.75115015982637
66.35938037445149,1014.8986382675479,11.454791453461032,52.34148587854598,58.906874204641134
46.31285793675439,1032.815909155095,23.30532948342742,87.0042794795425,55.30939083765278
71.32549939837601,1019.1451453944383,4.562627134944829,23.751688317722262,61.59586058377224
23.032162171104716,1014.6634798925171,12.060021882692862,90.42003011880534,62.21733724050952
47.24590062607321,1023.3853798341463,1.4152171520585088,14.15325017560538,67.12700617056583
31.565749633126945,993.5446478603321,3.4631205859431855,29.809619992964542,67.61888246764198
38.38448712171299,1033.1930044792257,2.445775686908326,29.828823709619034,67.25384326449023
50.60274997795662,981.0539087183388,13.243083947134597,15.110016987187914,62.22935037540585
59.47284662705084,1015.6622733770421,20.91973071761931,87.27781728358458,54.39716217493859
27.455957968129674,984.2401810237759,9.380901319479591,41.25899427802374,63.38291513422763
28.105534557055194,1026.9318246042399,0.798331851711549,19.06574514000914,70.4505042404991
73.92358862354672,1033.2202065821693,21.216251775341263,14.724424893777165,59.01198170411576
52.33059221741624,1002.4735901385878,6.222992015037243,42.09141028180735,60.78012088228968
34.121756252376265,1027.1440583132949,21.68024063438538,1.7288390713187218,63.433318553167524
38.79336639628302,998.4646739541596,0.2206387488448125,12.10560940959996,67.73317735984924
77.60449984664746,988.7672031950809,9.370263035341361,0.3698085515378535,61.52233956387632
24.140708242481033,995.2157166296078,18.636922392472616,2.4385466236524156,68.50787898700486
60.69944938964702,996.6013080396252,26.13452311398151,99.73737268480055,49.78982130929912
48.82569924142857,1014.6867420679202,22.623853277178792,44.888921602231626,60.317018372092384
84.89177160586804,1023.7881420794145,13.488591598046014,72.8924778518423,54.943439840149374
83.20856155430667,991.2869101068386,21.55544408547341,73.70807486825306,50.41800764847442
75.13613055522774,984.8513444514895,16.126242218578856,88.04074759575836,53.555362467377975
50.782699068061845,992.1908513578124,24.401866681734575,10.374578402860779,60.51302825299961
70.49890157543845,996.30958023267,23.16196648662593,52.56725018621323,54.09970086074745
71.18789971174381,995.3898062997007,29.27556507140753,32.17193607678319,52.82040281893225
46.57598972798723,992.0972755912278,3.1481420292811824,54.84823356832737,62.604265767369505
90.39799048109545,1005.6300113180135,10.221147200562463,33.21195265554958,56.48638499840938
98.78860251849142,1027.079056464593,5.771304164546873,18.365794771751855,60.143825422888696
45.15519771565476,985.5191674784079,18.923042507461048,67.2827226991345,56.77741985760708
84.09818408562498,1027.41165147829,19.920830936995532,3.842894086583626,57.48522432847645
60.07266131940036,1007.3354637052814,6.114320517564832,89.5385526853862,57.18232086951975
57.092191749083696,1016.3257403490809,12.646578000871738,14.626545274848123,64.88239346885572
50.92503238737602,1024.845191633197,18.064506676587165,61.51442279314022,57.99737314319608
43.36202525245077,996.7379813465212,19.768596048980772,75.4204761094559,58.435913865480394
93.5606289754789,1032.4829032864443,3.079409532375635,7.292747547289313,59.66571851321014
79.26520335351182,984.6054946640037,27.632184840135796,90.32945679694606,48.70535792011388
55.256234408864,1009.0216544505661,1.0224934510981731,35.61771859860596,64.04596131694187
80.12516928023985,994.0141852839217,29.188272106584503,99.67264257409573,46.91112711316608
77.4879751414854,1002.437046357065,9.489774606563326,6.8781920446783555,61.12586419213602
41.38700014499569,1004.6875270545509,9.490367181852527,71.67733945262219,60.232326723122604
34.09058407295838,1030.2981447715424,13.380779864209526,16.07144436709764,65.1752937878283
86.90393530923387,1004.2869838002447,20.848750796881305,40.26926107335631,53.45286276912638
84.91249704147496,1018.38713283831,4.788053510544561,44.32124686524004,57.52205134658476
99.74901376533685,1032.3469744891975,7.649543399872739,40.61548457187484,56.377292815076665
21.549063727584894,1007.1992919688965,28.847180543672245,33.75730732276826,61.91434788301342
63.23045494378889,1002.457046085182,26.305264307467727,76.7209520741115,54.150940952616835
76.10582007250204,1033.5132643843563,6.371750543943277,81.98895291175204,56.51725638581352
66.60320497538508,1025.5221995228903,17.190343057024915,33.56141834382842,59.26850048516939
76.83536214436461,1031.6875099529032,6.108052515443914,48.26449115436703,58.4242747485786
30.98089717662111,1001.8473874704971,16.50183772802283,42.1757997630278,62.585936503815
20.121282253606143,1018.2978414807628,10.973198850385298,59.351686527653015,64.49298190936115
27.442564334528434,993.7285815833575,10.872742196670185,15.026602525596278,67.66027097723683
50.4047850454225,1027.6202104878687,19.05209555292548,80.56849411136866,56.72953003234442
46.314663030141375,1031.3193547719554,7.55522544501153,79.70127181305318,60.5203460241429
89.9202500288519,994.732654955085,12.12778815584754,59.04131585780901,53.78508323078136
26.682101954247823,985.7712824003216,27.757765482102407,74.61442279361431,56.94897432685185
55.41649175610242,991.0404110231331,22.660943979751124,98.85051679024109,53.88358742878212
96.62579505656352,1014.805767182076,11.498503298471155,92.25080080230518,52.40986262954768
60.23229983295956,994.9700807903382,6.907855968649895,61.144894886581525,58.42745154211719
30.59200700608896,1015.1235959283277,19.770348909026808,51.14014237606474,62.658848244787315
43.301373786786755,999.2603785830213,24.230690568374452,53.4527061402239,57.46532064641072
70.14331873862176,1030.4259493484349,25.82294043867397,46.66145034284476,55.221629820362345
20.959158285018525,1004.8928726187675,16.928438396086992,48.02259775845245,64.53006227647737
97.44802611354169,1007.3692074123838,15.50399571035736,73.20370107345052,51.05713798693653
65.35814635118453,999.1435729784805,21.589272039991524,99.2121630834875,51.96080438438877
76.33113446857027,984.0170810988425,5.273005011172575,4.531429724971858,62.10889145566919
59.91688866552125,1007.1499924911531,25.564168060616645,23.01881219534495,58.939009712218486
96.63393601926363,1022.5900448780807,2.217705134684694,21.02076368531006,59.21331101089258
67.13768412333235,1032.4158114070694,18.090507021388422,83.2856180087651,54.53293905840559
72.95869539230935,984.2116589507042,17.690805422368737,41.97238506593226,55.644907733469026
88.86700507507884,1023.8568639520997,9.321069455664945,52.5132267121614,55.285892600603304
88.92453256471308,994.6883797204199,1.0638857209356545,46.9152335292352,58.05850135128008
22.25370790574244,1025.2549451344694,21.535646166966128,85.36812868816237,60.30817999825419
42.66407018747772,998.8107463536846,0.7252236945595458,49.971980108750934,63.48931485821566
39.70545059305295,986.293828191014,5.388350417669708,66.78459916490458,62.87884569056382
20.53159172171272,1013.6610571451383,16.327104838914114,1.9483518720180837,68.21789436958106
90.14260405538383,1029.1647414529245,28.199490955828022,65.24544445671152,49.777271263505575
45.37120557740828,989.9873849033373,1.9780052615699018,24.095171495096622,66.28607580845973
47.75621889012379,981.1992753438157,17.363608088653432,86.68686059134171,56.81468519772968
27.969791585834784,1028.6112952153253,9.866791045275832,75.15541885546558,61.96026918114418
99.17770313194721,1018.3806289556496,20.082539143551774,10.928689971211025,55.84953746450019
86.10009080008827,1024.478289591175,28.58726447322395,10.347160358867214,55.215731239742595
65.74898504949658,983.2910787854804,8.057709469671323,29.29982873665724,60.888009542700736
81.75442845528835,1028.975039999715,28.677809551454292,12.576359512630509,55.66591559374854
82.16904805788373,1003.0535819141019,26.11878902751777,74.03279022224272,50.64785438898889
72.5385042038449,1029.3689441816164,18.211677474962652,98.68164971241346,52.603136665266256
33.920894849500854,983.5708594681929,22.747100162654387,65.52567326502057,59.11969602904185
77.62518866946104,1028.6644243035084,25.946640130040585,24.904669546626767,55.48667512916132
65.56939335642332,1017.0357096569795,24.10405895874419,56.42723917205924,56.126787936276
77.92575259850318,1010.4847678367064,9.801230569310148,80.56491286091298,54.97796123105682
63.476257110863116,983.3979453439614,24.37812230524798,96.2207444488209,51.627661832334816
96.50696496550025,1017.8629641149453,9.405565236605947,0.5071737649740116,58.03910190491512
70.16203443955303,1012.8775794976124,26.012378770196893,52.36902913519934,54.63640501708143
65.8944353975053,1019.9458906570361,7.663981519209747,45.321427894423294,60.79852597893864
87.42305719881307,1019.4194244730372,17.16782578397237,41.44927263251908,56.53887322549769
50.338924417886226,1004.405387773101,20.78770933624984,50.383770632420536,58.955942644880516
45.26349321500889,991.2574669544011,12.773736917467147,40.35060218176517,60.96878330718208
60.25350667559308,1030.5432575737689,23.489174859975666,34.40155024278062,58.05567764123182
66.7574009130429,1030.9074272678197,27.76067715069434,11.480776132471549,58.97294465802026
37.638570006393024,991.6562215236644,5.5875928220006195,49.98456027793813,63.19282367527521
74.58252107534103,1014.685932368868,1.0032795501035585,82.10514152415885,57.165251678949176
84.18997577170784,991.1578794766602,18.795492507711934,10.47323314945815,55.79376862945469
66.18558642465851,1027.3673481496999,18.065605877535713,73.84913599537073,55.84900743310334
61.837084965124205,985.4017324760935,10.239133610497827,26.776611850428633,60.61399873050318
43.57137832355049,1034.4608559246908,23.563889298791207,38.1243315975238,60.64088391044343
92.76664190529333,1013.5974052664898,24.78427646100525,98.80847028325142,48.88415414644351
80.35997859959227,981.2601917975999,9.9595704094785,67.52114228161936,54.76169838961872
58.42294943088848,1028.5046831955285,20.468174987978973,71.91123197082987,57.91340971859431
72.72855310521543,1017.6452008291899,19.260752149497232,60.23909361745371,55.26690133301633
46.950349344668695,1018.3527289685917,10.279325242716226,32.23634970427357,62.956558481084905
