humidity,pressure,wind_speed,cloud_cover,temperature
51.24381173795679,1019.8431926845172,18.640179299336214,21.02285184702738,62.85104359028653
70.53580742584856,1018.2149764161761,22.195853440917446,79.15984654745148,53.2435924728636
95.78942604086801,1018.1812138984459,22.189790555867315,32.206936098480085,53.69041067612162
33.62039061777169,1028.5632100606497,14.467302356124913,99.57998626628581,61.83328878777187
29.63287277731645,996.2930203081553,13.628907330283065,37.66726201001466,64.77866746668495
22.671245666318054,996.5050660056593,23.629355526937722,29.279375584722988,61.886705582345115
49.10666462721147,1020.7667595337715,5.791041753375512,23.921598550891154,65.66490305321341
47.010278166229284,992.578782543257,4.566073425853777,65.85146520583697,65.59554895089167
54.46557505269151,1030.1611002281384,19.940851980885295,10.92210883875312,63.194572893107
60.264802470475914,1009.4129948797787,12.28520803167766,95.35598817329719,55.91045574179877
80.62591952243636,996.5068710451058,21.299953817105425,29.431267864313714,52.619901715048066
51.36907123660147,1022.6854961329491,7.698006703897079,29.540061103847226,65.21830595074262
46.44904874889868,997.1776346431412,9.746156432003007,4.606609570705911,66.68468858406071
86.15030562077015,1032.9803074389529,26.90032947556172,24.60175178735742,55.26634560678072
87.98373365229251,1034.0644065348743,12.649695804647646,41.89793556762377,56.856126831348114
38.621277143468255,1016.6737933081408,17.728604091611533,36.96063902242208,67.58332944222184
45.17374581690467,986.2498639362626,3.200465823549284,27.301992143622023,66.22942680596167
86.00930967280706,994.476486746331,5.364875165782762,4.074383783919822,62.44254439609024
26.352659543821186,1008.3479329218831,1.0766318646793271,30.058137360564242,68.82759730824645
46.067742431259035,1026.829609755389,12.731124352849998,77.83309382631201,59.516724478740755
55.868008563268894,990.1687573318115,29.66760013485072,43.879228530947124,56.437089032457536
34.96572921604568,985.7421902457663,26.21619457954398,29.07753475987136,60.06599964978282
34.39313572885585,984.096261575397,18.987267448215206,30.47921341479578,61.92894499602946
53.9889646410823,1007.8832159298025,25.83289475872398,55.44375764939008,57.15702986677141
80.36173797878845,1028.658553327709,17.82508069057269,30.229267773907477,56.29441211962312
87.2186383638102,982.3297583454141,11.063066410024131,63.07973198661946,53.794986004916765
98.33880740289386,991.6776843696445,5.206392033033459,98.9454513725115,50.8432036100393
25.918724007337524,1018.1291358711726,19.591462252806725,4.117639775380566,68.35072623593142
37.334576091679416,1025.4224889329043,5.791538291722361,16.873675569736868,66.518568716381
80.53038739073583,1024.4069741114542,12.522852516001805,17.910754528902405,55.73326993503573
63.24789648445295,1023.1787431526182,24.774055264657893,44.7070317932015,56.11074603755937
46.21438191699346,987.1389890447336,3.8768790768518544,4.141871205337444,66.96794764950491
36.44717289977948,1001.8480670200605,3.870642571703853,47.75215777425167,66.55440690385782
42.43820413139584,1034.1609564557461,6.732072467747921,92.89247580766565,59.63917405198098
54.34311602407615,1034.3888164373448,16.55751921366897,1.156408869270198,64.96797248828072
34.17209756048262,1013.1335065574804,7.551704347797391,36.4938867185181,67.63536646190849
97.13807647014005,1019.0096962596624,15.095938117650022,76.08937721109648,52.68079286715515
28.607075567989952,1032.320608795692,9.059478331790615,15.449450033381506,67.07779424480866
98.84619475913753,1004.7460323682666,15.187266147252167,7.755900252654213,54.71581604912739
87.3514628800538,987.5276771836086,8.328943470051906,63.077853726263854,55.05292969913655
53.85212940109913,1016.7921881533844,29.400371268256958,0.9950909049507684,63.089780588335394
79.18530675105681,1032.8056267695288,14.781537034259033,80.17704911697157,54.35037815708851
73.72121949571088,1018.3463351626461,22.309303023247203,6.685275356609877,58.26593280301539
37.06295343591448,1024.1826619863057,21.01639676694615,52.43542594203608,58.493618759762384
47.12560688951571,1003.2511842183839,14.716781244430836,74.01277102277271,57.805272958694914
61.04980502443663,985.3054734779668,7.165861850037757,24.20109887464774,60.23976613591991
71.02753439101815,989.2885147603454,15.321548337385945,10.354016192273752,59.307660925561954
63.43159850852972,1034.0460156189513,20.429148711613035,17.56227664185561,57.61174835194358
57.838996880517904,1007.1251374346858,13.797578116896354,85.46835719350085,55.73083004269692
55.45218187639201,980.6611324597487,2.4577532208822483,70.5780291652024,57.83185555612425
59.861159943601436,1032.5452004402146,0.5394968867425187,19.809804921509777,67.29538816117189
54.74812158767762,1007.3778951584079,9.836304254035156,71.61207971309945,57.34834488345027
63.306406203657275,1025.994761906051,4.506717782799358,70.86181702086868,58.71797611055459
91.03882392373335,1010.1651978120292,27.18570737777987,99.77250981059605,47.480384441346814
70.62634504436893,985.5936256021118,5.274980102547746,39.155602352591245,58.56191201407784
77.80966999908321,1013.8563270172571,11.828481420346984,86.4853494142771,58.25386899307427
67.79865069846213,1034.8570151975784,21.362325362144443,44.6442685972815,58.98728745791816
71.44141459312019,981.9105780455269,24.46264980048183,89.77602236169669,50.293438534762444
66.26798627585441,1026.2986808633275,14.331394595343927,9.16004990989493,62.45867914533197
22.149321775665854,992.951443760792,5.434050288251764,17.531263012524413,64.39488413327285
99.96787057600159,1001.6626422491702,8.126856707275591,84.99543630666899,53.45708133489305
22.688739217031735,1000.4990231475092,12.569053429234415,81.9300324105395,62.841398098774754
51.611840658692294,1029.4338456848016,10.937837679767489,30.54337918569875,63.12596389252108
28.409254263914676,1007.7467403857511,10.460182715089696,59.679831813345444,64.67757868096075
27.754276035274597,1004.5945857758935,3.9556140526999286,38.269972210203605,68.20826937467034
83.48215613395868,1024.9913809860227,27.399307565128492,1.031734930352135,55.79549560243157
54.07406234864616,982.6898923867722,0.8926981925314514,2.6104126567127017,66.44877045659526
84.0910966639012,984.7550973302373,13.200063836272536,5.425636548157642,59.930176685379635
41.82291765446652,981.1928871281959,29.409644775092598,59.40721543255787,56.688105346344074
40.51702334449878,1017.8390597204153,19.79171816472306,27.922773530552792,61.999566686489594
40.09851054515697,1008.908887539355,10.662319911992498,14.394829831489053,66.05838392626757
69.29165011263353,1028.1812169227555,4.382927533595097,94.11311084438876,59.59675072358607
85.199951187648,1007.4193096634933,28.916178169372827,12.131866708121585,55.72834252322742
56.180880806019246,992.2000765019097,0.41959085619449166,67.39817164248777,58.67059861603618
50.33991125128659,1024.283105520743,20.441627118394305,89.41601828226587,57.21268015653924
97.88636433613195,996.1878119827943,26.40412414335982,16.382966723844973,53.07037368448977
29.340322880931105,1031.4629380183715,0.754814696587266,21.472968222871515,72.04633229929948
58.930614563591405,993.7733138318732,21.755245922715034,57.381353357595714,55.94109574272345
52.679020254514754,989.2246359078658,29.965132837642045,50.84486863787977,54.443447173178896
27.85012772695123,1007.1328195330879,19.189274057200482,52.10274168862675,59.67955910686807
41.456028967057534,982.7783314883634,12.440368435301963,55.467809401808864,59.294942120921405
22.275297006328962,982.002645066544,26.232021580688457,94.99029159610443,58.955884554406076
90.15634311863656,1007.2807999890501,16.62537739267885,5.383804196694997,57.537053523919745
68.6279623192321,991.8308784437133,22.483225403698203,76.04485206948192,52.49502820921206
85.20147982962006,980.514395111735,17.633369754555147,23.250642240673336,57.504082820800335
61.724356192239185,996.2831301287337,1.148732774638478,37.36776701723821,64.27735166249757
67.96078635375154,1006.2552044615626,6.394349646160427,8.929112296506403,61.418831833608735
76.06835822473319,1001.6858785803232,2.362907219602488,44.56267691535436,61.66323385190139
92.6409301971372,987.4508206388233,3.200632871496689,80.42192522751215,50.382535204684764
27.34015102606766,1011.8821155307587,0.46216480764215917,9.874033853295494,71.29597895256677
46.475871578858154,1019.0683145131201,12.63494937042459,27.560359822029902,64.0421408306365
76.72209525600005,1017.1546539189812,5.359548952624953,37.306170867702505,61.92309840353602
96.66804504011142,1001.6569056705799,25.670895614819152,10.389920308764234,54.00297295964247
98.46459427920044,987.5677883144112,22.501126126219813,76.23168099769335,47.56899802148054
71.048240730981,1007.4717725419897,17.19530984446488,78.69470282174255,53.74921817128668
35.48787822038938,1028.9737465215396,14.670640360511863,83.5894997779968,65.32879623157338
29.53671291311654,1005.7797566917678,7.676059217279274,58.38962048063182,64.35925169429974
95.68349154243404,990.7624577357873,14.248543976249564,50.72388208543759,53.7326642626746
54.714215157000595,985.1179316701551,19.236878275932323,26.2552445471242,55.64985469256518
35.58528266101479,1031.9159650954384,23.466865805783264,65.51579672905477,58.3416235982167
94.71140126220808,1020.8655174882304,2.450461987787802,44.45634856555435,58.39256960834273
28.361941725144952,997.2131834985265,21.2539406623665,97.07764060773883,54.64839912462008
78.36568774856602,996.2443823412846,22.28189630283856,96.81794969744566,50.76792998046224
70.02104220346673,1029.237016769743,16.769166027745694,90.52051318175627,52.92716614084087
27.018773150471347,989.7662529145308,6.429575871096037,36.008913801433195,64.188794714202
47.09990365115537,1009.42705093111,16.17553762503525,36.79724553540591,60.012527183949
31.994455163200854,1019.2427351348616,15.081146454459311,85.26731640437157,63.12843914960963
68.3598874026529,1001.801469358113,14.271302891603884,72.91349317414661,56.017322745776376
58.169042534194304,982.1946288398699,13.819197464015522,70.43609698180437,54.833956168965756
20.34200997283928,992.5267347545737,3.3247669887455924,27.96110110841158,69.97729979255233
98.05684530271265,1029.5994475593307,5.486774545720943,83.33486115544758,54.93049759746566
47.966771991163235,1008.7715431761754,2.91996265354027,57.94205722629432,62.10413610543916
40.656351426964,1024.8492685568383,7.274334830039533,44.68655742385731,66.22852225198204
37.79543646352821,1010.562704853484,7.90430348192019,86.54221241080758,62.6658892053423
32.70527169388543,1031.8981152641768,7.352275844791362,39.42097637821141,67.91078432625362
99.93096609732079,1030.0023741556265,6.327872045568102,65.39258118677655,53.18432188546249
43.608757430528385,1006.5588423105721,22.06266136454367,46.5905182004139,57.35583987367812
52.441079777942534,997.5050713989992,24.556961987943538,59.27378061710562,53.10573675935253
89.70847329424711,1013.0917833040086,9.813276497177096,4.054647164847857,58.10978309007559
71.35100028343025,1017.118822491821,9.153866750533467,46.11151631763841,58.34265513904852
49.4955529396218,1007.4095300765348,25.32097049257524,55.649130749677425,56.574290223988314
91.86627487390824,1025.2255771602302,18.717717049973732,49.27193347496059,53.522931577479916
79.97793617708801,990.0830686981685,8.803149743671725,84.74103725068188,56.745941293969224
38.232040603335975,998.3926506843218,21.408368777597467,31.112397479181652,60.74857703232174
71.49911956799363,1017.7506996551549,10.33778430699502,88.40765310045404,55.24030831636067
93.79187986339213,993.5676125963156,17.596668430265193,40.346196990689045,49.77539434741315
59.716870276033006,1004.1914609575998,29.779020899634045,69.45267322606563,57.21950745007376
78.68899222653337,1033.0053450645562,9.047831256480999,8.672272800729775,59.19249200917241
97.68829951913274,1014.4231784977616,27.915780021249994,20.01540835688227,51.071166070096645
75.23313127161703,1032.198147905262,9.619572428540945,76.11660111412718,57.76103471356881
28.195095181286447,1019.7342771786716,16.208601131244702,1.2328685538640416,67.85247343162632
39.564764074503145,1019.8566723316945,13.7995136879712,96.85277391470993,61.619187233461034
67.60771498741192,1012.5521445529613,23.494786870318084,19.062890106321518,59.25822518823093
42.04446522975249,987.8214727148099,1.8327809844598442,90.13039862451232,60.391250695825434
96.60333643113118,1008.5842859987458,18.813669122059917,51.59450282262858,53.90124443287474
52.4281627217739,993.8966410276909,22.820008330464685,56.45753668971301,58.76039051761141
56.578432458589205,1034.9269904893204,14.164345541463577,8.413178797102505,62.507888291162494
76.12816747760938,994.6829067055671,3.158778196134161,36.52187541573678,61.39009945938442
61.939978507349934,992.6877213903797,7.344150404544393,15.62188607805014,61.93065349927546
50.57167735110147,1014.3135735318225,20.39017110302591,52.59314943609428,58.495536374309744
26.131030012366303,1008.1021847270797,26.863121565009454,55.07321456719495,60.54007524005231
67.71564716062912,981.1744102289982,12.648258210014658,70.96669495843103,54.56482361567405
89.40640246352277,987.1243248445859,16.812361052347775,87.82781579231833,49.06243303169579
74.8609953408045,1024.6073618005132,6.851551101805862,46.81798162698607,61.06931639213715
50.51960080375618,1006.6030575331158,12.366399421106143,23.33603700806066,59.97560933520967
30.218085169850355,988.0308368152658,10.103694233114744,33.35716614416495,62.88309534549466
85.30705495233951,1005.5883409559654,19.66576643914571,84.70898129389373,51.94883645168865
95.33986897849638,993.9231995695322,29.540968550253332,14.586348507876146,51.77257859132693
51.06183926370118,992.2975303611789,24.399103559570587,62.725607833868246,57.69952358193088
78.29137513472492,1032.6748902044808,5.7649375477855545,1.3085883842810175,63.661645980903856
52.861075191260454,999.9113489771757,17.330357799203007,24.566932845424272,58.36868021668469
60.18135510817595,982.5537107569786,1.9923514484520477,59.140849750145954,60.15869127662772
86.91811044931278,1033.3679669950516,7.407464605279066,45.64120400026708,58.75602568302461
26.673947376892286,1023.7161766124686,5.166530281811712,49.35494902432313,67.12879785092609
62.42682790293641,993.9927318610287,10.066366129183887,66.05620504596061,56.75170364049847
37.1696219736978,1002.4890509087966,20.364419071326406,23.458602441856748,62.0632332009007
47.18447563966099,1027.425926602732,14.981799507504803,28.08049403265024,62.019323038302545
71.55430597138194,999.6577435627801,27.98727779487653,68.44582074278463,49.39532399177989
22.178272986947867,1011.2072223103629,6.382465195455261,53.8291407543869,63.586669168431655
67.50600791785303,1009.4171278315537,10.926274387618205,1.4586824258827624,63.104558455578875
42.675379156299975,1002.071200174584,9.895577303774084,67.03277952854411,59.276399387359284
73.55874886464576,1015.1726045997544,7.0789087787978975,62.00920407522781,58.87870550298933
31.326508153044337,1006.0309905516037,29.795123073787337,7.860757379827376,61.39350056286172
78.86492830529428,981.1676770420685,11.616766363291633,74.75194948409862,51.16895283025089
71.65117758103825,1024.7910709206365,28.21526941498795,52.21014589470707,53.279038630941976
97.6993466304281,986.2235680514545,11.714204215589683,20.474728395695962,58.99738635229337
92.89882906065185,1005.524946199025,6.122750362219827,55.93563681164273,55.1085355508474
42.664229055976186,1011.8945435010123,3.576189920481334,59.54585141710032,64.58099179115372
22.185325818034958,1018.802832980631,25.66689579526515,92.01187291902372,58.95048752204516
72.42948488894062,1002.5938094408373,0.9629292145523471,74.21444255511705,55.532085471145315
68.2309911203738,1020.4551667866792,28.93183765017844,30.192435449119927,58.543337597778596
22.194301501315685,987.2242546595213,12.545736353566452,11.813296756419255,66.63224787459527
29.814202336207416,1015.9395051548928,7.421230532530714,85.31840720807809,60.125747029492025
66.77613636287884,1025.4486410172137,18.523383966460873,84.6067687875446,53.68011737643994
92.94618112347935,1028.9194185060626,3.98738975508559,17.531001472395722,59.444282644203994
92.52002212107256,1011.8761572774639,2.164367206990673,6.213118519788663,61.90796483190912
32.11880436896599,997.209235894127,24.83350055728701,71.18646498160389,56.941882717471614
50.76591571241997,988.9846081442495,12.740123238759804,72.2581830836484,62.695433592496244
23.45622914817392,999.0057314082595,15.54764736313596,17.714375370537905,64.45082884516177
57.541747709034325,1009.6985905234942,5.300880266251946,66.82118595574555,61.187357453577846
80.24667677385645,990.7981623195358,1.8427273358082685,27.892374469692882,56.349702250634564
83.19781690924891,1032.38831981312,11.033283979555401,26.061702796880404,58.74994543823145
59.919157327725834,1029.34244858801,15.18438757140268,32.451793409034245,61.45460568156792
27.66957397665747,981.8126457175987,22.962918656340836,52.03963665168543,58.20291927910458
50.50911801452531,1010.9078989026714,15.0315600070639,80.44539233286227,60.3647087314081
94.56815679794916,1023.4119834635637,23.475210530577087,49.86437508896262,52.67536115122041
38.369004521577175,993.4965577963704,3.4629833902294163,29.804269562407438,65.16267138434472
45.58035599301812,1008.8142927816009,1.9188831613185486,88.39742987118493,61.72662263521724
79.74617403704568,1002.3295535325159,4.765828924303549,5.508995744236467,60.43111365364278
78.68646311087505,990.8100445319942,23.160363806661856,79.70914838980804,52.915093316132044
92.97618304199459,1013.8105561131703,22.779906925161043,78.43817579218558,51.46350147684243
51.049495257630035,1034.6530696473758,4.241034135319244,25.35468101543431,66.31216760297944
61.16789790994329,1000.090799315397,0.9296597475203927,19.829518252027967,65.11071657457832
57.39139689763821,1010.3808454545457,20.558458086364954,87.47005614955972,52.01035209179788
94.22017368179625,998.0320074891825,25.658453497289322,55.887129356032425,52.543171716632976
81.54644710597078,1028.2321739241374,22.623230865305466,4.601135763141462,57.69457723541466
86.51534238670786,1027.5531485233032,6.083969418452345,89.08325164671427,56.3222542655427
30.64786150635287,989.8325363371383,17.51303691676007,34.900598435567375,64.17553112584164
83.3477354294528,1029.4971880830933,22.720971618766235,34.21565538100264,57.07771845531301
54.638301284599756,988.3329791080837,7.674861136411186,64.32879371598733,57.38658187978548
21.867094626451767,985.2491977793934,15.83162404108359,66.13109427985758,60.22461134837982
24.80706821946277,1015.9114038635843,9.433812119213108,35.33161208284148,70.7773085090704
74.23263517878756,1001.2247258228442,6.767262519810634,14.327892789688068,58.341230970681686
49.76099529167759,1009.1907326404029,29.087679803125575,55.22697633696724,54.23770331781002
89.44924585787844,1015.8913930065605,27.377458811607788,62.51791646752402,50.45031001515347
78.74185071006931,982.9060480786142,13.370031928544611,86.02223650589737,52.36164092321773
21.73440093335694,996.1124244100047,4.103341831919291,48.443998736506586,65.71094894065784
74.95106494688017,1005.3498471472877,21.83721909961946,64.56960795682218,54.455402701863534
35.388197818588495,994.6623075393262,7.671033903846608,5.440882781587519,68.74898371797703
53.80660549631297,982.6934261357037,5.055534175142835,89.45229002061619,57.783977736310355
69.97881616983702,984.7672115277079,11.445870532145538,32.72158132067021,57.931390149503656
89.81742730365542,1024.0961327814553,15.895494275002171,63.22211243423119,53.419516710913605
56.48783107135514,1030.1262717567108,2.9232098946124383,91.60516313132415,58.77741125985217
84.67923633529075,988.3728316336747,17.152394191455798,81.0525784364687,48.00389649633199
82.63725302405064,993.7094076510317,0.4604512428786456,63.77038574778656,57.67770866850468
53.16308102810066,1015.8737172602089,26.756071817792602,70.36078280700852,56.72111024193091
60.07841307463223,1032.4849476850845,27.622250678365997,92.09051159649762,52.73776324791421
76.03880080398505,996.4774340023299,21.992123205355544,81.2093180146795,47.38136026955216
22.491874771755178,1027.0367494429802,13.996482257225328,60.98590605371569,63.30060863177318
91.26491310393968,1007.8313554447707,7.646888116899336,65.87027062096263,56.0724733026603
81.58529275501547,1032.610725149443,22.323362721341894,14.72684241652119,54.71879969650197
39.953270512186435,987.4942264335505,27.95391605856191,47.01676797705997,59.00954926749548
98.49439625511805,1033.5519819014391,4.756011146923187,30.099764768366644,57.16918683852414
34.3512282071695,1004.253824530623,13.97465967893094,43.19706344999163,63.034243483202545
93.12693389635214,1032.4116114734443,9.457849081077844,66.22468735307562,53.43036799655847
45.95787666584889,1005.2279619378336,10.702253671377298,14.91510936017556,62.40261629366533
81.05173681313087,1009.1545173766318,12.172733439687974,1.7375963661256932,62.60787274677026
56.51012745983561,1024.2626255377527,28.553890331140153,39.69244032327296,58.64862835251658
78.91739099600017,1019.7445675406667,7.759115036042809,32.21843144880572,60.59541863041516
32.4626438351493,1014.0781826229507,14.780275172805199,42.043205970170725,65.27060532679411
41.560516670918624,1002.9339012974256,28.54462414985371,93.12209203689807,55.20224192098844
27.98862595776205,1023.5841102069783,14.28170670654952,70.70841012148436,64.21740728866311
89.21151851502425,1032.1525583309126,25.9079856576436,32.74587745991602,52.612686602013945
43.703439021559944,980.5395993318665,1.762943229758428,17.92788222367031,68.27093813180971
75.55809835333307,1012.3314803048963,28.59091255389708,61.84782942569365,54.38316587383333
85.61769581932225,1027.628951093809,5.625934410781527,65.75762515095032,57.280277597614905
92.11345891034767,1015.9211895540057,29.398051041938526,48.3622683877835,50.08294432790768
28.503769224937425,1024.0456091808335,5.267305957756453,21.276077462216016,66.46499370350682
91.441194681009,1029.2283607116942,13.330978433849225,2.855526083653037,59.30335252472942
35.78022221845756,1021.3023058719182,9.258434747176334,26.56606974672725,69.07801195897835
78.95216092727694,1019.4359570750621,12.996942632851322,45.71704992901841,54.938507579344844
78.3079215491689,1033.0610240250155,7.515742197765764,78.7934286442492,58.22637815499
20.68025133927634,1027.5026561840366,28.95952237282926,85.37538288451721,58.07956734946953
37.64991266482034,1024.8457828270525,9.17174952219275,41.29345596669643,64.05495454280765
59.35268117318938,984.7521848259532,19.59824736192669,79.61240546835278,52.102804754836676
53.60277653306257,993.1466435726679,4.123424687963655,99.3352823551153,56.353283234726646
93.48587839076876,1010.6215813378799,24.731624545496512,71.66103748522293,50.650400113717986
48.779269560201854,1019.0258057736147,16.275238305285402,72.85990316014068,59.934569591543884
94.95869718687699,996.6768191315263,29.383383735939475,90.9536501549831,46.42567478678387
56.75434547140249,985.1330462216453,12.702066505003055,33.81441284169099,59.11003721800166
97.14823173121326,997.1104552748386,5.863436249299811,1.1205393057471258,56.7702782805088
78.9883848019889,1022.4066049319285,10.380569983229508,98.69772716756991,53.66821104802423
86.34676733057248,1028.2570566137756,22.108968182804826,49.046807767102386,53.07036275030584
28.39015106792008,1030.2097006589388,19.77319562987628,78.56775931623268,61.101272273789235
66.89131465938942,1000.8376673529282,23.350422228531755,81.24911376092956,52.08404697752483
31.416028786348065,1000.4896216173108,2.2041087661262724,39.751667708002905,66.04382332253459
43.809680164077925,1002.3689109034485,17.411063260343596,54.12730467223182,60.12648345766424
69.88523249338144,1000.6695208181796,27.96506031108914,53.99155260626778,53.867353108804956
78.09805637551126,1016.6408134128965,3.2370575844473204,22.021600934425045,63.582989931499256
23.134702560900067,999.7077794172596,2.8300577673893668,11.763893389429347,69.26290087821924
62.475498485789174,981.1189165137836,21.49813093558542,54.357230494262545,56.13221084493971
65.22511890319092,1004.1463530378329,9.455473675326058,12.01432268514624,65.30359175864919
26.30623976881609,992.3283636398223,19.75737631082721,34.608872385951315,64.06888209529718
60.05504273606108,981.584392578154,16.3615353915108,18.60833316409385,61.771720580128765
77.10738240398612,1005.8963623343726,29.581999750197166,70.6916108282778,49.50178911828178
24.258182790042476,991.3275007559062,26.67169250864622,87.20088534999877,56.073738503941385
80.82142210591697,1004.9007998161853,20.34218344685135,57.79146098521801,53.0770825051367
66.11412039233095,995.2762492635658,7.8502387830945155,41.01558071715975,59.55483396516185
86.65817666174327,1013.2039878654239,7.857244864514086,99.6642640821311,54.519464803465155
37.44500582832559,1034.4982562780679,26.46731401706838,2.1209135246539224,62.66324668210804
86.66189473704948,1010.0977556391416,17.560231958261788,30.43410842039227,55.42030911345576
27.56487802139744,1015.5792754291024,23.67845346156307,27.867315264700043,65.27412617201148
52.30637571557371,1030.5601666763162,13.495926196104904,35.62035980579197,62.54081842634462
35.95878332197188,1000.5700229748801,3.0922090995457974,23.059574115850268,66.9916946699967
90.08166658326994,989.1601647382071,9.980593747188781,26.42628354314559,56.874201200429425
76.39358530414191,995.5538505611804,4.834475828650895,25.767710991732727,58.06348588760504
22.028942172858255,1002.1537217393002,23.454984492765067,50.57440507524306,59.813353408797035
20.76186844911649,1015.475972469071,21.015359689712703,39.10552770344311,61.263691739751266
43.299940358533576,980.2523416186347,2.65238767164122,63.92801019849084,62.30979209444105
31.46264914244523,1026.9360768121842,18.64156196285631,51.44011598676854,64.23638448118245
70.42435820481566,984.1851685177406,26.224065209843864,18.34218523697305,57.15841756085543
73.10375471060479,1029.5360331905204,20.920928861999,81.00449789345078,55.56381646067096
95.3560722929094,1032.2188986662695,15.333357389532642,47.21951983405571,56.992044162903724
96.16319396366727,1034.4556536761675,9.355898548166618,15.323151790598278,58.64928556428579
72.71173643290766,1024.5230601423782,26.612902487576868,16.68798429286622,56.96960368344309
20.454009028216696,987.8020539267084,12.684146464230595,79.69684104789559,64.55393335366296
48.71983332556915,1018.8391873773852,25.661807407013562,70.29931842231004,55.1443678167031
61.051321059781294,991.1826709834497,23.489995146545912,50.6527952539761,53.44352755672638
59.93438052067727,1029.3420309569221,24.48680895842579,30.60815097523324,58.0031868279258
68.26725036017814,997.413325911044,29.693925604849387,46.0522036797076,52.728449830024495
96.84411862438084,997.9737787391273,22.462755476188935,63.64835371380434,49.77176433223422
90.8154153564123,1030.4709312753178,1.0212280715594524,87.92823174295144,53.776923946167265
28.71264267603906,980.7277088931038,6.163018049422347,55.586786767872866,64.60003416110688
41.27843131147146,990.6681383315963,1.0558545097549354,27.673529477375013,64.93271317821153
86.6487533935709,1003.2062746609901,5.697407098250719,4.27399146934786,62.57543377273403
85.94455270553655,1018.5396862020606,1.8431853205833992,17.54550559167406,58.8352498585807
42.02965792973367,1015.6161391324605,15.048511235587588,65.01776206624628,60.105597032747994
78.44704245488956,1016.8176531341932,0.8461863939923342,16.043696682415764,61.80776169920343
73.76299029742859,1028.4012115625865,14.177372988457783,48.15395531434509,58.090542106433965
57.88191719759692,986.6566726761291,26.965227213600357,69.89550154763855,55.11910046928253
36.11639621432235,1008.7188932920324,22.457280377244285,30.822490140311075,62.33035662549709
91.0914544715269,1019.9012729006369,28.31867770955268,66.91058898072862,49.46835204241779
74.22809474454678,1014.986514360829,6.799403212695613,58.107206164781864,59.36107813437223
33.519433990269974,1004.6572765966597,15.932574492158812,43.89391069283954,64.18116407180808
76.38418758726885,980.9413022229691,9.557383594975164,89.7245478884261,53.69727385507837
79.3146975661584,983.3248746106336,14.814593870761021,69.20588904274437,53.89333604754347
90.95042280968326,986.541772976961,16.712274887528654,36.05970331525752,54.9202064938553
37.82714041935479,998.877526405945,1.085583914275955,80.42645335255416,59.61644964003261
99.10032843307252,986.470939896693,6.9976840564494935,73.81022141696717,51.308100222815476
32.2714738021537,1003.4345272184435,21.14318337731992,79.16839655081644,59.354613526194974
68.05511134876664,989.8253094822069,23.18784073620899,64.09559830409944,52.935244157799204
72.57412042187828,1022.8541408639413,17.0835410246251,37.93706158394986,57.20353298705491
53.516231621268844,1027.9318189191717,8.1248708384603,34.85785156042691,63.9448149561672
58.003016701630926,1001.4306129382496,12.1525235016822,65.41513607592644,58.80119120401845
91.27280773777099,1008.1232470923601,2.8811043564415373,13.090000796690116,60.70723940841076
71.62193837323696,1032.4422932858517,28.595388503777748,81.99143504985757,50.42023681441894
59.7600766587749,1009.4529265441741,26.060324136308644,37.033538399807306,54.384295407891464
30.267964994681975,1034.7290268713884,1.9680704072239008,63.037198936554894,67.76186901715738
20.587010017850773,987.817204653063,4.994719969749914,49.90639149334181,64.84709745806079
29.997489452146677,1027.4224531328184,17.432833235662606,51.932649202465385,61.62370882108777
96.49476539812044,1007.3461651470132,6.972902223876477,73.80061462013471,51.54920432484092
81.12694263930646,981.2492761187317,28.03202094042385,62.66700536714184,52.131418238779965
97.36930620081982,1033.4722617791642,22.667717426132235,25.030898834571346,54.44574153950047
22.85669677665375,1033.0776344858846,8.198745387332483,7.422593142373779,70.86764918180646
74.41763230869114,1001.0798962100588,0.18304233571428408,84.02340673652911,58.35411000905723
23.543482112273438,1032.4778139097248,23.98342173608924,88.48940747518577,59.6163152527628
82.56451750950586,987.7555303231201,12.72269128803197,16.44965329173187,59.45173773395066
50.476013818815545,1017.4060577616375,19.27133135573331,30.947706691953247,58.67694518259038
27.66122880851959,990.5560942788309,8.609244762638925,28.234238193173233,64.1079165934045
65.44373134300122,993.5655979984156,4.286197780745129,93.74485607401549,54.301541249180055
42.40961572811105,1022.8635590461433,20.25934775357237,20.477738193068838,63.609047304417075
72.76591534974548,1000.7546946510912,13.509737644399774,16.6539232099832,60.31710406884086
72.65398076110323,980.3920126555741,7.055091032099428,18.1838549748199,59.24845456996273
76.40059792966022,1002.7831133307577,4.128839986986096,72.98691760937669,56.36168241046482
99.39720630222072,992.5438126348128,17.414387833249002,88.80198442464751,50.616942929206765
50.935816795792434,1017.583145245706,21.76649820622723,39.336741063326805,58.224404301120856
57.22523795880807,990.6946783197925,8.516608863693458,13.607990436635674,63.357989012372194
84.36893608202726,1026.3239440640061,22.054276060413716,58.572199740833994,51.963983788050236
66.26960184175083,994.6901156659491,5.493665961983157,20.99349583289761,63.76702197814004
22.98057685502397,1001.6165542055658,10.152470732853278,6.415144736523482,69.69741350952464
87.44628162078853,996.3920273438404,22.346468603998666,88.62313783824762,46.544212105767606
24.119894555043278,1015.4157841295151,19.80430558941238,87.0841276333676,59.611398720535306
33.66561091934274,985.5639947674518,8.115708807117375,97.59101602592737,55.794297445029876
28.166397357934976,1006.2954654984035,3.664050046407994,47.40047549061329,67.93962851121432
26.234170630489615,998.3950148368282,1.274202748417258,29.400119821042214,72.01527083777057
22.054790024376814,1028.6275879808572,25.13745539757857,76.97837455704024,56.46945718561892
24.40221711778939,984.0376651465916,2.2542584870358007,18.049493208391276,66.12487231607831
55.395135134304795,1025.633228571307,3.445354566191634,24.329207681628063,65.20955976705415
40.22818159860911,989.222426209145,7.131318908260011,25.568262620738068,64.67315321332936
30.1229506735055,984.8717712961476,13.370091127195437,95.161940991218,58.18142888047456
72.69644341812209,991.1277571967654,23.693612407094882,72.9822918831074,48.85094129167795
38.08895285074068,985.6459140106496,7.424409778233181,13.369479258215344,66.3690371415546
21.515932427584758,1008.6541171511169,16.305247450792557,9.284587812390676,68.89722086772214
53.47358270138621,1034.351822410368,2.7111756615012927,84.28148535845116,66.05729655491298
44.83463935826441,981.8880043558343,13.935330154095743,80.22743230447615,60.00141540745796
45.48835450771942,1005.3620592125703,5.329169801319248,67.09945780083551,59.353291332454006
55.621602254524916,1001.2338681009323,6.335746766716952,19.610065239661612,63.5319679349152
73.51311417874221,998.678352783552,11.004853023267883,48.02835388892712,58.3924253162073
69.31832960303952,998.2524985738348,22.84043096102572,60.27259454572739,52.76156459304092
94.98092878311004,1029.2257016144554,22.31959289700704,93.21375268403516,50.28891191091433
61.41733330420172,981.0436882614622,12.449189294559602,16.94237401974106,61.82754031149553
57.805592778005774,1022.6204013059076,3.5601346257722577,51.54468071461137,64.44761651024797
37.07315481735176,993.9113248343268,8.42074860071839,15.775163887831201,67.27231646544574
80.43050310785254,1001.0812530949667,15.160673295904147,44.38493405741523,56.150970179245505
31.262062097142778,1003.1082452066718,26.08235336085369,20.01349746309229,61.165075211818646
59.29063118563873,996.7602464740559,29.04763844439991,83.61862083152113,49.69787443340707
53.70577587099555,985.1457374009469,19.124128050717406,25.473627763751296,59.925269930286184
72.66407027235226,986.2881966856189,10.520594714922039,41.71047162440242,56.858029552810585
93.4097175965327,996.3972118245455,20.803603610831363,40.77876524921352,51.82827368304533
95.7276473198578,1025.1994979087988,10.086904074617957,86.62949600217586,54.21597000283958
33.42394137305267,987.4045209033077,18.764203602498192,75.77974647322603,61.193222236542326
40.94537746137426,1020.8451908230262,7.312997150870299,5.757548901508402,65.17948790462073
84.93082559717652,995.8878351186108,8.009661036941338,6.708745716816433,59.17799955793996
61.462380995935426,1028.590571431165,2.2567676712336926,55.11972451307041,61.17072652246841
56.24276546845855,1003.5580661470352,12.604234566395249,42.77190273577934,60.699932520756285
76.85003619045646,989.4447822313557,18.545235602870033,27.558422053684207,52.13000335551642
68.15399620855774,1034.221444756078,23.66384831431863,79.26209382074053,51.25932040164355
97.65712435370676,989.7148985576451,24.31045634513081,12.863517189899943,52.62184094830597
66.71797218306136,1011.2190901677748,29.773333485214913,97.40569128701519,51.62028647273642
57.27790610778026,1011.3107562952874,2.632671775108857,2.410250675216097,66.14527966526639
63.425388966254054,1000.5047398147778,14.794103053374863,11.823072461084362,62.07072241892641
84.68318533575786,1032.3318725902022,15.641237262072401,31.131665427585197,57.54510963335608
69.01400454281767,1026.4131009326452,24.136002791336768,50.914909525550314,57.894551128744354
71.76384731093742,1025.6400758461034,7.990755467665411,21.613615847932387,64.2088453903505
97.71511040292735,1033.5783564486212,2.081169598184011,73.62151488540263,53.90702091022964
69.47163875403659,1005.1410136007975,9.41276430805259,35.75419034259898,61.16193003812294
50.422819866763184,985.3452176591016,29.51783487192783,3.8538333396937574,60.07723552843283
75.30608216102372,1022.1000758997386,26.98323593473759,87.77219674406442,55.328908649776686
72.75675175818492,1000.9446918698563,11.857408828399548,94.38656730860629,52.17289428505272
21.107810840510552,990.4689833491935,26.288159962351816,61.856362243704424,59.72191478194958
57.38634374286665,1006.5786038771139,0.9826345234997613,80.6536388570405,58.099150314247815
79.43228823059195,1030.914541709194,9.426122323926016,12.111153869330183,59.24503032546744
59.92331661769032,989.4246360458046,21.804355439626335,26.882028178666463,58.68085207393992
82.36969087483115,1026.678434837636,6.643567530505169,32.523168767818376,59.8189165351994
56.07069571420915,1003.0012717888314,5.9517285446192005,96.07531669484962,58.510101011713836
98.66572781097885,987.5241089386728,25.8542263789312,51.22226399073675,50.07532418131667
43.4313271363111,1026.6610267193762,18.478618832302313,0.7413558813959997,64.44862906465718
27.369808651685883,1033.3291187655286,29.670681549361074,38.01858228700955,61.33196615891054
54.400944092327784,996.0198893709256,4.040090288374455,0.775060086557644,63.861188863520184
63.33672198991352,996.6944915413138,10.6838522169944,23.780574047244585,59.53178463742509
47.92749853459692,1001.4800290671964,9.336401154110535,45.47000671411774,61.79613235903698
39.38249280943672,1024.7771700453443,26.403967131567292,32.339305542083665,61.25023000945549
73.76469531083913,980.5729458206725,7.658895601290318,3.2734212285170705,62.26103414245655
50.17000798850017,992.3176103455644,10.603829930225102,11.633572240877943,64.68150914134695
70.50948232805095,1018.824489610848,4.285016270262824,55.08865612227329,62.500948855897036
82.32571588790208,1002.3101697767039,23.262029479475615,69.56049043844853,49.61236423644244
80.8802102208019,998.166259263247,7.131098518765587,40.454901223290264,57.35679837069565
50.0247448508553,1027.975558889611,2.0496081669665847,73.14817464249069,60.65750641365925
65.43185831601397,1030.4533656080432,13.0532619807269,16.33328885151437,64.13249399846849
55.97265795541939,1032.1392420541408,11.74374371884604,12.205794780768608,63.07281847792617
89.66442021677283,994.9902792959863,5.3282761291612655,83.94537159432758,55.38129879388735
90.30067838399994,1030.1881935246508,4.007926796880465,33.92133484921997,61.56175253693524
47.49932663104295,1020.5331055100008,26.896716401497823,43.22479219444243,59.25844928404315
27.338995830298458,988.4818111668719,2.0353345965369165,94.75816023172965,62.876442494362564
33.40659866592156,1013.5648515569516,2.9793287008895986,42.41123279371093,66.4634347255428
49.360139370470705,981.4484150618845,7.351418434152181,0.3490105851904235,64.41734937645192
65.13999638103925,1018.9607985673975,28.585175689695063,93.79719395498357,50.55007047182705
72.54296087715434,1020.3462137458016,2.561527485595654,1.411863348582798,63.91372337628763
46.50968370288002,1023.4136179727249,24.480444802286463,66.2286283729198,60.82557179593417
73.39992956991887,989.4888779767339,26.761564599564814,32.28909095325035,52.420707870491164
95.01919869390048,1014.5537467521142,11.336032243526562,47.0390756560205,55.100432555433
72.16113017351603,989.837117665521,8.816831994955272,54.72851676961841,58.46717657582247
32.6852183555481,1032.0657545864046,20.32133184772224,40.84600572955542,62.51995749541273
66.3735130382102,1017.1255880974459,21.079038018306687,77.43687871821682,55.013235034367135
63.35164134135862,985.242921640223,23.399314884724667,93.0706409664446,48.90320740307819
89.65600887187365,990.2867726503202,24.91700343986777,8.641205211886827,56.6275999616812
48.02424441703795,1016.4903053971361,8.051863680370202,80.0252881234973,62.07705426395137
53.8356488045344,1006.2168772887785,20.60884805659947,12.867114090064513,60.81458001064339
67.89272443891949,1020.4963716415983,4.047171728540265,8.027718324960775,62.39823124414495
61.954024939362036,995.4433839409113,15.321939946324608,95.58314527221287,55.47471167403038
77.52132739241394,1016.1854645265893,18.38660749537783,48.9297781491274,53.44157030708312
23.231119272999663,989.7328092416741,4.8519581002964385,15.26032910092886,66.86250530693131
65.08128153655679,1009.9040644848568,2.295196191586224,56.99571132170897,60.40401731135385
29.733751440310023,1032.6789775352493,5.842388588285789,26.323713876955303,71.01307694871403
45.216719401577706,1014.5522227760042,12.617662435571013,46.43090168079942,63.08374059813038
72.93014892259123,982.7496489627704,26.635229334461243,62.465959387991035,50.54978822948683
32.593136047374216,1034.3819175755145,15.957432736041815,86.92698288699947,57.51501318621612
44.707346840370306,988.6276481306876,22.454786752019718,0.3081398269308311,62.27539276954983
76.24051862682495,1019.4938006483408,5.224335848743396,21.414066091594876,61.777024197019315
72.06441940214671,1009.2891521485308,3.1793459416567638,9.627054291877958,62.865898199994945
27.283173536779046,996.1898378292367,7.188520728967194,9.70977015590625,71.43271071235533
66.18147947938591,989.752076698524,9.416412383710771,94.57774131399049,54.50507034369093
31.780356953491157,989.7736300352194,16.443060564665984,93.60829345150525,54.11664636758181
40.18171029715941,1027.2119824664487,26.437299610933223,74.93080797012331,56.72458200902337
56.7369022908623,1028.0101882789884,12.782778503320962,64.30630424009155,60.08803346387799
28.74774586385513,1005.5830036893592,15.563945635349103,84.7970446357703,60.93282344405075
99.49175743348535,985.6991804608735,0.1384060795476194,5.840873809056757,58.68431126357765
33.22956488432009,1028.6290807115734,0.9993618867385989,11.948579310122842,69.33900894438936
82.50501027428835,1006.7859067396299,2.5130759978264283,31.7112923296334,56.13119114997784
86.387107601858,1004.1319332576802,20.96982256437086,83.24923798965135,50.45920387096245
99.55711759168011,1002.4046363440691,14.58574106315752,47.22325427665102,52.12880121014716
54.29225742818147,1000.0757795622563,5.788835955955744,50.35747634376183,61.83203525945139
89.92756161114721,1008.9302971984727,17.777983160694575,22.926542965380758,56.473779112099244
96.60315512134808,1013.2497674636437,16.338364554571083,64.83874811735261,54.001749511992905
33.83153159157337,1005.6537711965126,2.663979054299872,88.78421540622642,60.66267193068645
58.35488712476261,1029.3156489900275,19.212383181514387,32.95142198584675,57.65101545851209
24.800865508487018,997.4713675691223,23.014646178915307,61.91859397698841,59.43843569758002
69.65792096193613,1011.807152123273,8.596632231272906,33.19489641118221,58.89478032882634
66.5124925485253,996.4974656106692,20.62466585982923,79.271911183433,51.89936814802672
36.33010277305577,1021.4342513085894,5.991585510263519,47.49597369923172,67.71111195644364
83.83222071153008,985.616660463053,22.701864411352346,33.94690222197047,53.725763599965816
22.981497821083188,990.3784448237433,27.353225073681607,42.00488542112919,64.51952425040707
84.49818593020456,1024.0660775459824,13.256013714049411,9.122752139622825,59.23856485118187
22.131623293109392,990.0758677370746,7.338662346348536,86.61171533224406,60.410310794031176
72.54630497090801,1014.4160490407107,11.975301065930996,95.80690553381048,52.58160425524865
26.3015611131921,1033.363389854731,7.502324179671507,47.74141797354166,68.53842656908833
40.09804154498583,1008.7589837571281,0.0371812729912635,22.13372080781394,65.51472700913537
77.75306794494686,990.3068045487038,19.513698354133354,66.46561990889387,53.75781576863625
42.43238397003094,997.6380075130951,1.2757992588659073,45.23814795411427,63.960506501498756
60.89390789741878,1025.2901942049832,6.311722206516931,25.23000808384197,61.607504354453354
93.21986156160915,999.3413502215985,21.673486683894634,3.8433143490149035,57.760573473594526
23.97074832292627,1019.7931247466397,19.9717504174735,88.97044517885121,59.02612065737413
84.88638349885389,1022.7542534586206,2.1998673613849693,79.67343520450476,54.763743112529454
25.221759885479162,1007.565056598484,19.80164223237231,82.90060576393795,59.79487171871428
30.143587546934132,1023.0767361401514,27.91724668727348,43.983973093138886,59.988673947181105
29.54552831113687,997.4296652435518,2.235074070545494,75.32553919534276,67.86752033088753
99.52818265685809,1008.3887805694023,12.470646830299088,58.122526387999564,54.54750313370869
34.414905546522675,1017.7607045184677,21.883016703424243,37.47752964134931,61.01598944117701
91.74094770050145,989.2440231017409,20.0316900953374,84.27420881221799,48.20315273991745
99.27457303572433,995.0492082060205,6.795316274084949,99.87575480444183,46.586886024883654
50.702781632983836,1015.8620131866509,4.892018324901191,89.92823072743599,59.859126815062886
70.48388348229483,1016.0448065906254,23.52741012122796,77.61919716863058,51.6331146201935
82.327300301089,1007.1316455549138,28.6873396571639,74.75079721923768,49.94269257309109
51.411606546896664,1023.7571946230166,23.027504026284873,65.02488430168547,53.74038668135249
32.94513123982458,1006.5130196102737,28.896134465932505,85.36174968395771,56.21761610245742
54.70101950340489,1028.4727245977554,18.149862724111284,49.3081247824666,62.509248745994626
81.75101160023557,1020.474688697957,27.87296582075751,18.1729510197993,55.23171236132781
82.46102101987225,997.3082174816838,20.713070836346606,76.80497242692064,49.806082106355234
38.44310337367307,1001.7389704666506,27.2665425060326,91.95063741758854,55.09356658786214
33.99725119125972,1016.7227677173415,4.847669039087723,34.13522919304995,66.51093970965381
93.64485616802797,1029.194894035292,24.46695647231847,78.29832979571356,53.68576148783212
23.519922444664843,989.828980298693,5.9023740286035755,27.372270308241408,66.80068024084055
78.77907806120695,1008.3064946308089,0.822873058378718,94.2600273358682,53.60294967878603
23.713710835740322,986.5331431728407,15.527584021288888,68.34609920137866,61.59330987372946
87.03200406887903,995.3700335426072,9.54755341685533,56.927598718239715,55.17086430781016
92.43318506688816,1017.7289747611284,1.305940853640536,77.98701579035749,56.29086749321065
43.79352993832792,984.2754049386489,29.40913136184478,81.32311705575417,55.30422583229174
25.914851481335806,1016.4297220038866,19.993982864699785,89.23698982253471,63.15245320989501
58.45476290779429,1029.5446116519913,27.054365196467963,90.11195328474305,52.36882780500351
43.877042939638145,1033.3153660060157,29.972477576158447,5.269082555354654,60.60062266130619
53.37089142483032,991.9147710564033,11.759002100132761,12.290760801279543,59.410500080517664
73.19883627909442,1021.1893876134332,7.642110862023456,82.60608781872082,57.539712101757935
36.78608287589736,1030.950374678804,5.516531780604863,94.60516533801783,60.17539052578447
48.556125561126905,985.025312096719,15.455613233740277,30.767184812394056,62.397491260119445
82.6049992234139,1002.7712984669063,18.182423325064725,0.8601818432715347,57.22073883198175
71.50095599622574,1030.5675371779691,14.172682080975745,32.27051890351979,62.47947040432805
46.10203929209909,991.1533124040157,11.617560445370472,38.286413597257166,59.18321100305844
73.14412802079428,1031.3568376083313,5.04817690377385,76.10333647234023,59.77360906351827
81.22503383135734,1008.9955639098279,13.255788714318719,4.758466563783914,61.10835959107014
67.398846476223,985.4941195395655,2.5572941123719484,21.264023609266026,62.91732998255049
39.15974660008068,1004.7432524215533,25.951432766627757,89.39685861946396,53.6650865674584
20.019623240959447,997.9443657506887,1.4070795629387822,15.482040945143405,71.28056945409286
84.2279285590625,995.5212288303494,11.41938185194664,75.92476519683427,53.48620772405527
85.81068442529316,1009.7811566598526,3.0041360712890555,36.13104155790759,55.583665081402465
75.80836011154896,1006.5975979913528,23.249414984012347,66.26602149213862,55.58390581906998
26.126474509409103,1006.5081937791051,9.382109364837806,7.384650330299191,67.78295665846888
66.81778300064369,984.8477952106714,3.393168379576644,28.655794508604338,63.896680555591686
85.68165370172858,1024.1274999564926,15.944738965935416,42.478973749672,55.606558691359226
51.17346560865325,1006.4791623445687,27.4883102168862,85.7212626077789,55.621555003578635
35.840058737620325,1025.149820578603,27.2593461335761,56.34958576461177,57.7600354168056
67.01018377931766,1025.3527052853024,7.489531233983698,4.522529307768918,64.11437840918828
86.10453018407023,997.4424428666424,21.589790278807005,80.18665733261261,50.42873361837422
23.909596696565245,980.2390467094186,0.9085257852297379,5.452148895148257,69.3773371566659
67.75609737285886,1030.1185122601964,3.955553895102738,93.43665639919007,56.01290383372172
71.45390362714735,1021.8382081197432,14.984171109413387,21.171744604038956,54.19541911953018
68.18936314786237,985.8988576252909,6.862693034650564,48.792614465705476,57.06610048162475
72.00269473896388,1018.5949868701706,23.94785561880414,7.228096876630907,59.63910001356706
70.51002460833236,981.1012797767885,27.93216516157984,56.17123862977665,49.679393931042306
30.432310798427924,981.5267488071385,0.12999949448346704,49.72287007284817,63.547253301381126
38.794942155913226,1008.9202781778813,6.987474888029394,41.0248534881343,61.9259597476137
69.51952042312081,985.282058607999,13.18660038228682,3.5572917034039753,60.77811945836682
21.415452890941662,1033.0385087366706,16.892378650571654,87.8936378651503,60.24650487080278
70.77956149785956,1029.1607174657645,27.47708332776303,80.26365988128626,54.455748210468236
73.23092990280256,1015.7396617186337,26.756504715458803,63.30300203289908,54.21389611464303
39.133980788932675,983.5039933961073,19.115102984038977,57.222998263393045,59.47367032553494
67.85062638025117,997.8659391793885,7.721640422516537,69.49464313698313,57.79417145338661
62.727204857901164,1000.4447648848325,23.49863429635084,14.399001591436722,57.208824634536015
40.8553238522491,1006.4483909705784,6.079553138616953,93.2644246316484,58.77574807900912
57.03792094998037,989.2896580703549,28.955169722904504,28.467329150464092,57.77956720140152
92.76996235297452,1011.7631403538458,0.17519747201994007,65.64902724430023,57.90341535620533
54.12822243679063,1003.9673856350073,17.093115117237044,60.67556811419047,59.17621010088159
70.38753415036012,1032.1013329866073,2.651917407648833,63.66139797156086,59.122983225711074
22.828065683255538,1031.490737629387,12.22798590546064,87.89521230821123,62.04242645212858
26.224009065767902,1011.1010675436985,19.048006209312515,29.591120665061975,62.703987929100606
26.504645864265477,1015.4392134794795,20.68795486775749,74.89481882526573,61.86115434364293
82.25926109011564,987.5788057275558,23.567084090218053,59.83910639391692,47.954743519844484
48.02055158427621,992.2827781362095,17.799831082943104,7.606033095464015,58.46216262069138
38.20893506926507,1029.539347231105,7.539580538579834,41.415468088197514,61.64335417674215
79.78596547613782,1018.4541257592655,26.677597288046144,83.79515732657444,46.54041759196266
33.59680500449396,990.4186608505693,24.33322239041063,31.534738893058588,63.41399459699799
39.71940200562245,1011.3615668340273,4.801569531205501,48.226388331287595,65.85429857763984
54.47451546160167,1031.4118687769196,24.79533552623547,48.86385681536599,55.81988112201889
46.51504552116906,998.9844108389048,29.179335477314453,61.800986680586256,55.552527569567914
66.83137688293155,990.2201206535497,19.11657350423753,88.40178597901833,55.371234712248466
47.02724952598781,1031.8113902300004,8.454156693416813,17.353919878515644,66.61687293430874
51.43613086871135,1005.3695948160655,18.197814938202427,50.46168826401256,62.71885264901176
89.03092865995887,1002.9483099264521,10.27605207444897,42.42672592876121,55.594462963784046
90.76251517024019,994.7161959886013,20.278394119269187,29.592009010059638,52.55802520991534
86.2168952650726,1029.037191222093,16.343998783676202,91.96081769537723,49.840091747536796
89.18647461637062,1026.5089221789267,27.88471836269254,0.8171092407713965,55.688397745205634
65.57829354712936,1002.1644719690215,18.537256296024083,12.21047926303771,61.32359833649896
71.69865718011071,981.6837303943394,6.419450511815072,73.33444499161097,56.21935747135905
64.57385332439524,1004.5658286778377,21.753296200256543,26.344160468691346,57.30594726153735
82.84704672423359,989.9471909119029,9.026349535826458,72.31792610922435,56.390545938717494
64.08003886091554,987.8503738581885,8.17172858846413,83.22536107155628,57.153053865389076
28.886157164062443,1001.6201486542483,11.753298767235103,25.46160168345302,65.55244385115972
84.76640963654879,985.4492315539545,0.3599003718802696,19.19442878630242,58.69761412860044
80.84681365420292,1032.6605478812417,29.07421980483841,14.530063268115779,55.29044282970313
85.62404762261002,982.6146549979705,15.969933340760948,20.008861088244622,56.71873183523995
35.23435707118095,1002.07532950693,23.20481681618881,26.718538911719158,60.45454432560816
41.729364217197364,988.9486486117432,7.735566671336349,86.87498165405087,57.19407582195047
43.6601357810824,1017.8846226840816,22.39854394900877,77.00044132524326,56.54242098504622
60.64644289485389,984.3346297068009,17.015115068344063,0.18443169182416064,60.91930800587208
30.710166733076782,1010.0743065814748,12.724325213385072,87.41191420980978,63.076335110464825
50.830540261989384,1022.5205822361065,29.12007678589386,7.881229970197767,58.27765739030403
34.572652886322366,1032.2532909276933,14.815311424392174,65.52656175468728,62.56642748216548
41.18101704261892,1018.4190159633177,19.723757456690308,15.147476821682638,62.91724192027967
76.51101076467418,985.472046669902,0.4602657446963909,6.227581051095621,61.918663917172296
88.38489250538248,984.8686302342777,9.04365619495945,75.97706975211777,55.568791049846105
21.83246932777471,1020.2378926695936,26.660746984801992,46.7203113855843,62.278015497755945
65.27175706840003,991.8431172751908,22.768771833480564,59.90625133111591,52.753869224799814
22.88478096498137,1004.5981619748287,16.102621085269494,42.53530187974589,65.92247401133099
26.819939600924023,1033.7141605743248,27.004791213398562,6.717186250784213,66.50443600937436
76.40672276912872,1025.0948739122132,14.586615396226673,73.96181662869746,53.17707936030786
78.84864852016932,1026.562634651511,16.99521192563327,82.03511211688266,51.27631004383943
85.1184538538239,1027.3423447600444,11.464585415926368,4.142054308870025,60.86735051810974
57.939320941624395,1014.0749937066857,18.601201101686527,37.571719698393935,59.15671970199572
88.78459856129506,1020.9163658124363,9.570045927626214,55.73165370701601,54.82087220135929
33.34706333132995,999.7428503048858,11.564765326270717,60.518342276691726,64.15633311317198
39.97731309080021,1034.9145424615067,28.98978789621806,57.81529411412988,57.46120897879097
30.760171808157708,995.3792193310055,3.339260393987704,69.29406539021295,64.58161589680869
83.80298084655013,1012.4504071816935,3.157660357381229,96.68162024195229,56.51798431389516
38.29400947092951,995.5133923076656,1.299480583650472,39.05865211287111,65.01643640845818
32.440899420663655,986.163907780804,9.601335592808027,55.662356695558934,59.43472124177329
69.8488550070445,1011.2172198164022,11.946877274037726,69.9078629463999,55.66649017726726
26.166562108853952,999.4341768976377,2.835469322086388,59.242382207780494,65.94483558726918
23.592022177613803,1012.0770597137863,16.47392986100489,38.67510300091816,66.53719905355777
28.537411884196715,1010.7273162165746,17.49904587164607,62.40792879498264,60.84299585209874
20.01927071897341,1009.8241201028959,22.530800808399842,65.01115304401614,64.65804995428236
75.75921233774339,986.7815617125591,29.279043498474046,58.49684753263368,48.76999165889092
64.97882573715829,1004.2099425892696,18.580567418771988,20.511066075237082,59.43100529847027
36.79000872301791,1024.6602166669336,3.349524200428362,50.5981358152432,65.15218198222153
38.64039583820767,997.3328922549549,2.655727297373484,88.43568097607005,63.78323361969004
84.87748787760317,1004.4107327910635,23.326405909511134,86.86018780322435,47.01182470295884
60.14560926882403,1007.1607374676147,19.5100238560778,75.07879249960111,56.1469213090381
75.88226856653918,1027.4502221925459,4.857431841196853,69.71955144372251,57.48412958951348
56.22043610199324,1016.0579873074311,7.600799180506021,15.327913776045088,66.83527488922293
39.01744208166338,985.5111394160523,22.50721161877555,45.94646645044492,57.773903417462456
97.63222405463254,1027.5844042192762,16.984673454169396,11.095130974749413,57.07233659154386
65.25180507003179,1025.7636286515149,17.55000187507617,81.72844496360196,53.80825354691051
30.47855230143299,1021.4505289329546,6.300260138637287,29.10432064397511,67.72133954528704
52.48720337471254,1005.6331910075361,18.871739449731347,76.6865864249094,55.83452858675359
46.34699295575206,1021.6649960917193,23.11885786221766,81.45788915089027,55.92479174321697
37.12699748708171,1006.3308134453516,26.55756676391541,89.24960974115407,52.32743889589346
94.67519913922077,1020.5142943879939,22.101519744541477,75.38300784877634,50.80952265644374
90.47359963678021,1028.4060590734896,17.291269530270483,56.472900050738126,51.77652258428255
35.93176932160931,1028.979787182183,20.197779217403305,59.81849147266962,58.92447865978812
48.17183112444134,1005.00182158031,14.553343875416331,32.05822768226192,58.97179388110537
80.98523133366572,1027.2638473643617,6.806947293528676,17.699619139044533,58.924173994900706
36.680483851217254,985.5801559279242,26.46620918315806,13.063620482378013,62.160355304447165
67.32518900833955,985.600067961773,15.97867899502276,18.202352111677143,59.686478368805666
75.98351536998533,1010.1546820777114,17.82954933441705,93.39518874028474,53.27433727375784
72.31778605686131,1015.8514540150948,29.70326741259548,16.443325420068376,54.196541758199594
76.51269122204005,988.4146576788121,29.550470348179214,72.37374449285498,50.26877240340418
76.53596712230103,1005.9699024643296,17.58932954999812,18.462854331472467,56.77634993680328
97.18447358791427,985.1899467298757,1.0187178605239855,97.52897702157736,53.491442643159665
47.71991116162557,1013.1154717054321,11.884426141345301,36.65845354756975,63.22967449355129
90.28723395006716,1027.0301720214065,28.118798401526675,41.21364290290699,51.02959776764746
21.744565001208542,1020.5701436810738,8.649197771280276,40.45115787821538,69.03576488755719
43.05623706586266,1000.8060353836099,29.978060555889478,81.64591840602085,55.46083705716534
23.892462559930525,1034.6586588150417,2.529525805696574,21.829052474210954,67.92716623080621
72.09631679646722,1016.4614237056376,17.043425430155615,83.10247359056294,50.926215257574654
28.063229658529565,1024.8386638943364,15.463480805240827,65.7058854442081,60.235886593199254
87.6565490921637,1016.8333563010453,7.660587401031002,22.028016779692493,61.81599078533206
71.72733470322078,1034.417896009792,28.458213919353,6.540754584091069,56.15196906147745
22.305232084288455,1025.1747871969776,18.575136299919308,77.49925414389587,65.19453464257161
77.18218923476984,1008.5682769842492,6.906848503340285,21.896304581618676,58.36581275229202
88.96279578055689,1000.1783759560674,11.521445935150087,88.906682972283,49.55686245008978
72.88968061297196,1017.5185156031863,21.636882806461877,12.978527736473911,59.90370007756214
22.441937274802576,1012.4621994843855,8.930901380889408,61.636456480750226,66.63449748409705
88.63356387683253,1014.614282506515,26.388186061835434,69.21683937215111,51.155628366045285
78.59711303472281,998.8656471456067,4.970216938728723,65.77024145572192,57.877883908300866
50.276104998718736,1003.5800631313805,7.93515269594546,31.602981449625446,61.646840889846004
46.29042066524021,1010.6953116189858,4.346958400983,87.55235232204683,61.89272733082908
58.38561451259521,1026.1605871057013,3.1253651627849486,76.98053167487473,60.78079149174605
89.36814007502967,1021.9599904769597,9.009462703917805,51.020634162128076,55.48166649762324
40.1647481495646,986.5260728776535,29.975362390063214,60.329302793844874,56.28646168766063
28.07710489929609,993.5054837510665,2.829882397850043,56.637122694737364,67.19937567277545
89.170909836884,981.4661748713165,6.390065755418649,94.66985773454252,52.41723654702607
22.103187910457834,980.4378312381075,8.148503972340063,89.64132367792892,57.809559408775684
92.87976177952517,992.3406508104133,18.573890534166114,23.549728515607004,55.83842101902305
44.459615544112054,1023.9626521405131,22.360370892235576,26.27597777150451,63.063742493457056
60.65781613506141,1029.7611211995913,22.55801024562137,98.14380721324324,52.91844886590663
30.583641980178243,1001.5472601244229,0.2590794581649358,23.656070195286873,68.72723555558042
92.18039755013481,1010.9759228133673,19.555513763983956,95.34793244825951,49.29819579524452
79.98689787075237,1018.8328931075459,18.92210638101309,64.97537050967452,50.26369757090357
93.93244692864273,1032.411518458845,15.529640456696315,5.010943904106757,57.20030151618538
74.658324089453,1030.2112730513588,11.376256842112774,33.57271994608336,58.826461762117106
34.77550213938609,983.1455766859759,23.923325923836895,47.61540719128916,59.03372532633284
44.661360238899945,993.6491213765105,10.316423863000567,83.30928914504517,57.85638574690991
58.94788600827787,982.7029499175347,6.900368163198038,32.858541327535164,62.30527493305947
68.58065642881655,1013.9098331543978,9.302855237028387,31.057831212454644,59.00252253818359
94.1167549869019,1019.0771324059951,13.189437513694976,92.0263259028664,52.62424549639387
50.71611726313112,996.9555876796081,6.421721640082186,7.903434540117349,66.1414364945995
76.24576175257167,1026.9618549473269,18.227137386164596,55.15212147149954,58.121408968789076
96.88070791286574,1004.9047012726323,26.526276075356872,50.42392698481033,53.11943694779809
32.18992507323624,1034.9109833303357,17.86380372486225,5.733476022251038,69.77613483778038
89.01676710236386,980.0219830924128,13.400049224321439,8.775922051931062,54.662165852244634
53.656485631455894,986.0219339630206,23.90606298674712,38.19674329780046,57.979683807362846
78.59374207434695,996.5986283614437,22.441158686235863,13.416121934478099,55.09928913562436
43.48306709896669,981.4029178874542,11.011743645920886,47.80719044478558,67.06068476503052
46.71873746128013,1023.0286701756038,18.124604119960857,60.888888540717936,60.616402520757106
22.17065798944529,982.9024483329208,21.895285809539736,69.13966845029768,62.534865887940114
97.71233225335676,1021.1938798311605,7.363897740583231,54.64700659207645,55.76183549902826
85.07620601846276,982.8912652334252,10.988216372525695,37.96600158933124,51.02608793202402
27.513436634097637,993.8999995559175,3.1732821164991156,12.975862660463555,67.38717788825097
99.96070365310196,1026.270224861219,29.630408349205002,24.748541480707754,50.435168747490245
68.40196777623532,1032.3102411830748,2.5763295126940733,41.942167701585355,61.33041518697281
88.29829103715065,1002.7989488463281,5.058183753707323,92.41144834023005,53.85697543309147
25.33286106222952,1033.3466430371902,14.394958489924193,20.260058119439506,68.21679119406284
51.156094279353894,1014.4784508067198,25.958155006336177,41.334423093265535,53.380225699830554
73.57208978428879,1002.8709317338112,10.676460688438784,73.23088573740542,55.124982555090085
28.514697495976122,1024.1540739182353,23.057884425940376,70.52033520018945,59.40828339133856
59.112227092320055,996.243068607711,20.281022199487083,96.55925944739431,55.6737613574616
55.41422996353133,994.6187943748121,19.159922314790368,19.09012966796744,61.22146661567257
37.28321795788638,1016.110122230109,25.350517529005202,1.6519611599961848,63.25259638014356
44.021586868144176,1001.4768049082452,0.4251086888587696,32.23232609872028,66.17359638894871
97.36946835959859,987.4754914819739,27.87459115681175,14.969261248271604,48.690769248380796
43.09187888079488,983.6830329409449,24.876785410088793,54.846905238350615,58.467024394625575
37.074090717472885,1023.3313416936662,28.136016589554814,89.87790552502337,55.43593341366815
62.89673368546667,1017.175090249129,23.80763651570061,68.82268329725429,53.3414879734685
73.67664272562382,1002.6489023533632,26.357742223628172,13.57988563501249,58.744250590288175
78.0074488855652,1029.2925199344081,6.092341445984375,11.609002439548743,62.511223388701225
80.3397747597533,1002.5971213843429,9.576872006311516,91.14498132754272,52.16932645930418
22.946599321180248,1019.0662509305961,9.456630404121928,48.760954989240034,64.96771847562805
51.50083203036506,1030.001340136401,3.2750023763417024,92.36729919892973,60.92542568225436
81.91664638264722,1026.2393502289644,21.887377658537723,73.62177155430165,52.91919924643606
92.38816814401035,1008.1107626986768,4.085126780612185,99.3348460635401,52.55110099867327
68.17600986662266,1017.4350015845703,1.5752749823718193,87.12277426609734,55.941316397035955
24.184548280774855,1002.7516177200052,23.263406101651917,41.42121922618052,60.45299816697989
51.7316644684105,1015.5958444761762,27.13989509195788,75.82278275515904,53.66632255468402
25.938169269476372,994.1653841089968,22.923700438953997,47.1228167319945,61.02207595028544
79.88302901476676,1003.9108162573255,24.76056638495929,23.30722930991146,55.04489844345115
25.080437542533218,991.5250155681011,17.86865033492314,24.10292587563595,64.21559049123962
34.85848533881418,982.1001723973751,26.63239013744259,39.73221444618136,59.01291847509084
53.356673917181936,1012.3696917816454,14.901104470735653,11.146622601217537,66.26052273416514
57.01186936918976,1027.5436139942938,29.649678554623947,17.77662848886439,60.244064392495844
52.51853602520099,981.4068051042756,3.102451283083467,50.06086837200991,63.736799671646054
57.07173172848,990.7816357401113,24.275421201041517,95.39224773618061,53.205945735992785
77.05913216161599,1005.310178259873,19.24168248033826,57.76863420172251,54.351950760099406
49.54150583644332,1016.6243249263239,17.419382046635853,40.849674918802236,61.3488524477289
63.82003673204953,989.4176056518437,21.77431592583364,24.270031986930174,58.024993486561286
44.26954060229858,983.1182155933843,25.208745923965463,19.590130470644063,61.269261390248495
48.29019960723861,1008.5476794749788,25.886522005215298,65.84070293788956,54.6042376616112
69.10391672336647,1025.029034218152,5.261428888319549,84.83253174216587,58.83815886907753
59.2395721309616,981.9379200122024,5.911077892589077,39.885592643916354,61.02366969998242
77.84290358874249,999.2153197697464,0.48499528540791315,55.06590463732828,55.51289939237179
64.84308704413998,1016.4933108536335,3.955273733768183,70.6726761249039,59.44493589002595
84.28592683070983,987.1908103356357,7.916474785497738,5.829557505557581,57.04806805039938
55.47265703957733,992.9770727291017,21.631074676508486,35.08970474361834,57.22024349251598
59.282689589344116,1009.4520954082446,14.273025270075303,72.97528897621089,56.79285775475358
73.59770791207517,1032.427743300032,22.73710606752052,68.46190265192719,51.38344145224069
37.69951555296391,995.8038440034065,14.59607543459672,5.334772441609137,65.00469164398255
50.87436295450087,1006.814008167139,16.66792358729905,23.781849837340495,61.695119538425345
69.98729952093663,1001.996197468543,3.3319975978074745,67.99572144450012,59.66822857282374
22.31010154125891,1029.3568169616544,23.296748540280976,27.141604235590457,64.0154643428483
54.957714690715335,983.9539425217114,22.743795965986646,81.44102939373876,54.40732416204048
67.90799490448934,1011.138117523742,9.226847750418587,2.950485919915935,62.544831705673495
97.39004255825583,1026.5365834554468,9.857342334012058,19.034702929344505,56.71295781146597
90.1613249294137,1034.3464667384426,6.590443517194064,28.131298005055815,55.944506079170004
42.45935623541265,1018.4299023636994,24.41519028108458,92.52898348100884,55.66129585729113
60.57680832231398,1000.8964511616589,22.41020405885341,79.63189563706656,55.31635662776509
24.513149812807306,1002.6503393893669,18.27443214552758,88.41450865293177,58.10658215198394
39.26035318542457,999.342522085852,7.164663093890923,44.047914717728744,63.37763800439249
81.98846944544721,1013.1987204893825,5.155599978412328,82.256209127642,55.23340449037403
29.865120982027562,1020.6673173895038,1.5080655352383932,85.34935718467486,66.1263527268996
40.615241986716526,1025.0707159973913,1.3683444533555844,39.99568238749996,66.42299572049015
95.52340013886463,1002.9126210325744,5.61408419424981,99.44618477442528,51.94733626552037
85.90846403939663,1019.4189676242472,3.0159759696966635,85.12386292158692,55.311005188194905
82.54621701191297,1030.3922425616377,16.68323018767329,97.40969687447887,50.98402336884967
89.16459922417255,1030.6453636947888,10.74270383383431,86.64971086451655,51.19141878494225
79.96845492658832,1018.7215951493054,13.34837346504439,77.62036402556079,53.6937433033497
29.646897289458796,1015.0296206046895,17.822015507615696,94.38438734645457,59.85594211417505
61.324906118818504,1009.2339341538753,19.77305236060541,41.981924458459005,58.090341863903404
55.53951366418576,990.0758717500171,19.44605159647734,78.33334334968626,57.807057926764074
44.89212626163041,986.7996308932981,7.825697604624974,21.289120591610956,65.78114591391316
86.72323277756844,1006.7141053734159,24.28881060888308,73.27938547210769,52.55853002925065
57.131136189938694,988.7694285914102,27.531290097576896,78.53532830523929,49.15736002897993
24.823808108603977,1011.7349959118135,9.478150416695858,71.65244098835898,66.48689739123037
41.99724669762146,1015.513650166567,0.5119624969820391,84.98130653571617,62.87472472650552
38.28968464235561,1008.9088578636023,26.97462559945515,41.333544684960565,60.29862747588936
90.99831078490269,982.0034691881938,27.706461988604282,54.47681320754915,50.95848081822748
71.79504805111999,983.1750377341283,1.528393212391006,1.0667410695270996,63.12867786818174
64.83010127056602,986.2337651574817,0.148697755776368,14.6053163006024,61.59255068721611
60.5319393342964,988.4505192743586,24.492143489782265,64.41939256278216,56.786976332995145
72.00904220331724,1034.4435437573134,9.043900634493196,56.2317199645045,57.434072955788295
80.39004374216998,998.9472259274718,27.437465018879656,19.733251354140403,52.68706482965371
64.35077646652078,996.0585355502708,6.502307198086399,24.346479416028156,61.19468815221836
95.06283321220884,982.8746649615326,25.83463848379761,34.40822019234581,50.14943729810914
98.14673365203076,1014.9426214877078,2.0593280917511003,71.64147129435092,54.63639738682848
99.62738532870584,1015.8704931822205,7.819105419419209,60.9716602663301,53.681427848471785
73.55128880709158,989.6496779268266,29.193866374369232,6.957126417528981,58.123090670639336
94.60963734047027,1030.5582847508538,6.93589962993847,75.99391490123605,55.044178367674085
52.35837562463637,1024.027145062732,3.9903895222512342,26.26595630220295,63.4644210116355
88.76739129979083,992.667562424413,25.71163957418986,67.17596784044201,48.2926988160014
92.73394389917448,1006.7217352004095,3.534023752844372,12.336284466155046,58.789629561852166
92.33123778658205,1005.2114970909367,2.923683257385105,99.7921276719168,51.95292137896366
86.46770263267052,999.1686244388277,9.702754025686072,8.033517068771411,58.00168026446507
52.527932931300036,1024.9699092054088,19.059855197908785,74.17340284009951,55.43763476935772
32.71259855845875,986.0095467091633,21.32239121336087,54.133035925309535,60.394975254617826
46.71650850755567,1002.8422831905286,26.437163514821872,8.59391912841383,59.98932253793936
81.38308554384744,1003.5417121802069,16.22734577877318,2.6810457550755507,56.94964292425074
38.63084090639802,1005.7799082537799,11.80253360282926,36.26657175166786,64.45846640451758
58.261765186077795,1027.3742495104245,10.765012855033953,80.2223932007144,59.77274013048159
65.23196143877377,991.9991778610826,25.40708185432422,4.11512402813925,57.772045736754635
68.30868499503002,985.660774543175,21.714459284479965,70.43986633280541,56.3229995608614
94.85804387030389,1013.979465455161,27.162870411754177,65.53762762642387,53.284681482864514
72.9194416331454,989.5608961237926,28.921063671948424,26.553767677276717,55.18435454386095
82.90390528618417,984.1212647220041,9.001525082514224,7.749203573489027,58.21508794489503
66.55026783133067,1003.465707131408,15.890223561025184,91.5321960554062,54.34507293374608
86.68642550895706,992.0805536971977,18.95462422094499,30.034980273672396,52.33480632696922
41.093089045581024,999.8669140377391,4.915468403293727,11.138323178676114,65.14142575593729
36.79021373350314,994.2841094056351,1.6004110177495423,68.1517078360916,60.3717524857536
94.10560390063758,985.0950054497879,26.032917423459406,21.668122879162798,50.91504347819537
75.47847010859027,1010.8190961608311,16.065705322661195,47.56307555626299,54.07098450463417
73.72204616465768,981.4860129921717,17.123226490801176,5.0405544236033055,59.6403847358479
57.38361909027599,1033.150644139692,16.647430362838644,99.2983948908105,54.26426837400924
50.13578074348084,998.7731786954231,22.64882114498071,44.76211267754924,58.685304060575525
64.45529555829111,1018.2336630769393,4.365058340461298,99.91099813095343,58.32313934704449
29.64530795373337,1024.5699579901097,18.421453223145978,38.56748769340663,65.9536561460007
56.37700488664862,995.3507637546755,14.084385347328904,34.785255594221944,59.41739885845988
56.42941635723847,1021.1806290010537,26.90874478523173,91.45723282670734,53.89819538210348
63.06692103554121,1025.783147048359,15.58862813688976,32.94658538444881,60.65490656263914
70.77484914937618,993.2724478596388,28.288049222224966,43.20055473162707,55.87637834463264
96.58546927882897,1034.587207229284,10.597589825397199,7.811043671415751,60.031791489635566
72.17353016734054,981.137877556315,29.006841191699717,95.54623880354757,50.87009715475887
90.69801215627292,991.9350264129548,26.25473844275303,8.51512408509022,50.83143207067667
64.50430891753311,1022.9011415952345,17.527898692060642,77.11849335353241,54.49325736675233
70.15423061019918,990.6772063780664,10.611297999570738,53.861539381117694,58.999476314813755
25.586956248765567,1018.4042924818414,11.277700723576796,6.140514404753472,69.63272523510042
30.661097830753246,1027.0541722740597,23.18256259374875,0.17038280410561768,65.44864896128321
66.37363481580317,1032.7567849948844,17.418940535071336,93.55536385271293,53.661772145392
51.65702959664234,1006.0836133470149,12.047627564079628,74.21734042355439,59.96512814981206
83.90484158924014,1033.4110017640164,19.08164884236493,68.64362435394149,49.92557294467767
63.45422998993408,1002.6392263174923,21.99700193702833,43.8556530599222,58.005675958721646
90.58328311610703,991.9970421820913,0.6870153767539777,23.861378671097743,59.17496396086475
97.7865342769833,1008.2657019196599,2.695884033525303,67.9863074730574,53.66986119734691
31.8108148097188,1015.7402784371321,2.8345632122123754,60.83010686170992,66.18733318746324
51.58622013245012,1005.1879823827469,6.958014157900042,72.63421948483364,59.22445682906746
73.19848201904247,1011.1834844181735,12.809713176819418,36.5792518500262,58.39103235417019
44.43910043202798,1002.9025053249953,24.109496978776633,98.69237605131903,54.444228377793294
41.36258701771961,1008.8619074711687,10.532971049986722,6.700865542853284,67.3209301034341
85.09908485030694,1032.3927619570609,0.5243336514181429,7.970161703621404,63.04867867972202
98.43027752469943,1007.4907133894983,14.500855588551868,91.6875847580615,46.138450857088245
81.90426649979851,993.9248798045093,29.89885786273866,64.77064349190435,47.30922042766778
61.894129824329084,1021.7310641831914,10.470629869647572,32.63340681821044,59.40529391505149
55.400898555625176,998.5671451779853,28.837635563019443,76.19527577006262,54.14930047161721
63.17181764242919,1024.8913943951766,3.040353934092679,45.27733878530399,63.13994190183615
57.027176175018866,983.1263093941137,5.192989737159143,2.1121508807732114,67.31039937731764
60.231044542853446,998.269788740978,21.72366210437125,65.11036694199574,53.430415247017024
36.27624404233821,985.1897949543352,15.036373469121187,24.311193709152292,65.61882167360827
92.29935594474621,984.6924803335207,22.953654103976582,11.533511661006779,50.39351976579601
80.36280012186145,1016.211425754484,25.906750350866698,22.52731824994042,55.347128287672255
74.4781938154576,1001.1934140744484,7.532546281831038,47.615788112924854,58.624973991248005
95.99399767795785,1027.9313418091813,20.484875113192256,4.985643128324025,56.63294625393456
42.75154655302704,1008.4022825830441,18.22803709901268,88.31523867795477,56.743859019415474
26.492752871489138,996.2438771644755,25.846050875763932,55.99180165693619,60.147197369708586
86.09109282842654,1019.6488888379207,12.90311701829648,29.299618011541572,55.07914770661186
99.87335709194039,1014.3209235372135,1.5561129213198,68.7004848088683,56.264057038891636
66.27459504161595,1023.9777041456061,17.22558381817536,80.42364969799412,55.72725375941468
24.70475103301455,1015.3973551988037,28.766349573553732,61.39246279834802,60.459217280011046
82.4374432123953,989.1857379404406,0.4389353851567024,20.249468191052355,59.96989210338763
25.899923907667322,1016.8670520716886,7.207739652673638,11.028842014644368,68.51508789782959
63.2011189007425,1001.5352058688695,9.4820336989236,85.98996970333866,57.27605000814289
42.20259793684217,1005.4728666641662,22.975166636729266,23.46874135517405,64.12918693836741
93.20214244739164,1030.686051665554,9.698307674044855,2.008243067749771,57.15334837250361
56.1064970607588,999.798022546376,7.1725158958894175,64.29021081542521,57.04027418890584
91.87706787828427,1013.6577528644962,19.456740434011234,15.288532986431292,56.156651747719955
43.926486820365405,999.9914953376732,1.392158668829988,99.09698197645753,59.53692840969025
50.9890067057081,985.2100116946785,5.117905798762409,86.97308317394119,58.746116747335506
95.76953505976644,1004.9438938126565,12.240906860083312,60.84457260012177,52.86171220423192
36.105156074530825,1012.8383827452808,10.667998870200933,83.38656426085434,61.879453902349674
66.28009213209161,1002.4126810620679,10.414974575500896,47.05357007686962,58.27136999824828
51.08082628480891,1001.4866401573001,3.2566503935898528,78.84862444624352,58.10050788765505
81.93335080549818,1025.120818264192,10.825200583493897,64.65335523971511,54.41452441472671
30.34370969370859,981.6326844759209,23.93978315974208,2.8644647969655934,63.210834972477684
54.97719752037348,996.2571968207066,12.415326053921858,94.87576675528425,53.65086854690051
75.91461014762105,1024.6466495957466,17.58513554447055,86.0919578196687,53.248696917843795
52.561298800492786,1030.629158173614,4.907382279519526,95.34073905932219,59.5962251925311
24.682539142030137,1002.6764772212456,2.091340904057283,73.13659345608157,64.38686903527639
76.40898090682751,1028.8836833757841,26.39868125794682,41.206092166162215,55.174442352052786
60.255866214798644,990.9411567168768,9.941177884378764,20.698522328628222,58.55238863351816
20.90469493440804,992.1784887323095,10.510116992043981,17.9996347565869,65.7682034711794
69.01247161826984,1026.5405257121643,26.330635484365754,14.491624838777161,55.91090343220599
93.59048180230292,1029.679175773734,21.233140467262317,22.06096426415177,56.659174630961566
28.882075856935117,992.2543172379467,22.687881329628386,55.06360133473953,64.43189807643648
67.25369880073352,983.2628304482736,20.46010452502988,68.37450632878411,52.07199651631062
78.29351054101042,984.9678275380409,3.173767343746091,31.40565610162682,58.925356169762026
25.661893611224436,994.3759459457,28.73987463168683,54.87469695078635,58.10263674545185
21.809236653134903,1021.8796992430737,27.27408861383783,34.12526594538502,63.45346447611676
57.13566933159578,1008.0495505287955,7.086603804943633,69.6509973673996,58.312765311828294
83.2949349787491,1005.0573863233524,24.11982573431524,98.84862203202512,49.27921278812585
32.85755280794626,1012.1276962141301,12.2818929449196,68.90169683828834,63.17091385417916
86.93098177719384,1028.9622712404203,20.51300903593449,5.903057683765334,55.315461821149526
72.52618043388769,984.9736708761112,4.968089994397021,47.72349578339893,58.94884337663507
46.57386302307885,1018.209827020012,16.156627519692623,77.03874926345307,55.310755964544974
61.26606387939596,1030.9734965110472,3.7984889867971816,54.22416062535823,61.29971404581173
97.24599837813908,991.734252296712,16.08501496074348,95.1063029722898,47.87008759131318
37.314957650587104,1026.0774773779008,7.307818681716384,5.477167920421122,67.76828065253801
59.96283181952322,1018.3913590917726,13.57399586306444,29.115554329567807,60.45677745710669
69.95892448860965,980.7957694840229,20.039081015232924,22.07181076397886,56.07160817412343
31.041168438053298,992.738642419917,26.312237449818564,76.76222017635888,56.85592553341455
23.48176708986477,1013.3214618492734,4.958670092558341,52.379306848400674,67.0092291846779
21.0767962345177,1007.6320186720167,26.798073462530947,13.834421135300579,64.81675222854417
45.9754285280013,1009.0364938889776,11.701129437818704,28.5593263461428,63.46247582967216
25.91578355878923,992.7561733533753,25.313897058176426,52.265932299637484,59.280655189237855
84.30159620328917,1017.1251908889744,15.376437552532892,99.61289812536492,53.17123293376179
99.78556217293968,994.6530104015227,25.866257152888195,36.429235741537184,53.18302209315969
24.904305738757124,1001.4189231563149,19.88472202560599,15.682609733969532,62.77617601323851
54.618102074675164,1000.2903753734042,15.261484218503048,49.7066525791658,59.32268092348573
22.058569838605983,1016.9613762165944,9.376158990009865,31.018637723306576,66.7014833289618
30.71927126058106,984.9639018925769,29.06727262855966,56.596682382854816,59.662189134058615
45.833804872853925,991.3048045572102,24.02692972999253,46.67103027852259,58.01403703440507
51.49585704461199,991.0273388876788,11.435615555167841,68.94899217125227,58.63761204254885
95.18263571429121,985.9633570763641,5.0017077917713815,91.42907088675163,52.48732838913251
51.66694470055167,991.4177238360053,23.386062557798812,20.0514350768751,58.920466677403276
59.70221272459217,1013.3883147357844,29.6983286343276,82.11800703683981,55.60564389852986
39.64666946190931,1020.2692493980803,8.369248613774161,94.92657155485354,61.09486318977477
20.01001110052604,1016.3166895833017,27.47589217004987,37.360968151796214,64.47020891455169
91.94675653865082,1006.1353475889485,3.7611211676376053,11.36627005966988,59.206818453341896
26.537180562904386,982.8839014102836,28.566187627555625,82.19111707828918,56.39680250796896
97.13990728289832,1032.7453855877727,22.3601673732919,70.10958094382389,52.00094575946248
30.46752832802082,989.244205346062,10.397886877911105,21.271220483405173,66.97859768935642
68.39027846003522,1016.7631753723119,9.138954668887017,44.52235931825501,57.317854475006314
99.95284702853095,1030.2089838515162,19.303060618180538,57.79922064898877,51.99546816698585
31.077167685574068,1018.3777402789543,17.805214207761,16.985408665142423,66.11630651518998
53.91544679518594,991.9927302103922,27.568101044810593,71.49128266295598,53.74652318990462
82.43389351771812,997.3687964320212,22.987294026276427,68.98827413943566,51.945852010129165
22.575211987997463,981.6613226856102,16.210946177217807,88.71266125116286,59.57203201870506
75.18262009120356,1013.7017032463162,27.826975255189634,56.72729644281951,48.73159588782899
26.42986703126396,1013.7146139484862,17.781918939996565,57.43130306956369,60.184515930735714
38.92161138185811,1019.9025319757009,25.49054506982032,61.93873559693015,60.385096438086904
32.80609299946883,980.6047959101592,25.22827956293569,27.378326138190655,60.366057453936676
92.5869145317549,1024.9812708853456,27.575845768486086,75.86058512780028,49.48984919474142
34.436537342534464,1020.6291026570169,2.0280609383731374,66.24992612626312,64.84609193482201
23.234727641212576,987.7487635238249,17.514590038403334,83.91456254609109,58.447391943591434
67.01005427582098,999.1194635097938,14.051777735131473,76.8586004972604,54.41089667617341
47.694474032776164,1015.1188691097319,14.716271503940174,63.85722305040624,60.25504699776402
52.45649765130931,1007.268828121718,13.797318108606087,16.089215090959897,63.46160478699894
29.525019589003758,986.3301845145694,25.12400068267023,91.91473232088299,60.329412732758584
79.85875931465557,984.8039956325124,9.552986922508165,36.72121813831484,56.227465824610235
68.12429197148144,1022.980096450945,13.882532448893352,96.42985685167623,57.522688886944756
49.137363579862395,988.5781914909795,6.0204762870325705,40.187080200054716,60.90369084567634
33.725995501050875,989.4650970661744,7.551498477742041,14.593829268317082,67.34380394533012
67.47613913364484,1025.7007718946218,19.812602500316252,88.4839747499668,54.194912115819044
82.28778236059019,1013.667679900977,3.508078147519859,79.50587401287052,55.739492391925616
44.99178270937559,1013.2593584484684,5.63465432984032,78.62960561131396,61.072389686814326
22.068830683087768,1006.3640174249837,15.841036787139423,8.941075073111815,66.14798390647177
37.14751878023872,1011.294725792126,1.3131908388904057,87.9279833051967,64.14415304034581
74.59182551142634,1013.0973329704497,3.8078099826117464,59.64006371628611,57.09525482608818
99.12771019655382,1033.230442916397,25.900588169002464,47.03557362729537,51.79361491130537
21.07009915270212,992.2635319107169,25.38440297384987,91.31716214131386,59.23909768919505
44.492284970568065,991.8009330835253,10.433283151409466,66.60413524819403,62.55310853814581
24.961669635907107,983.1470168237923,10.439739459335533,13.303082385298593,68.65663381592421
45.307943021042576,1016.2009339345127,28.09546347792011,51.95371760567037,58.70205562980637
52.4731474501937,1010.1973199452244,0.775234172160697,63.66165888475628,61.10226189278925
93.6689673557004,986.1181562115652,17.408865392558123,89.85506977316342,47.439363940963396
26.4448639523983,1000.0496414315003,17.92171737122182,27.989410167490014,62.2662319149622
82.1707242452616,989.8264762932162,23.63661201544984,79.42338856474153,47.782748300929484
51.64275168503707,998.2314957220474,28.55251547467802,79.98129038347462,53.643687708119046
84.90102797335422,1032.3195293167037,10.674827611300318,12.804948482368072,58.55517413099076
61.072174826049704,1017.5825361384291,13.135004203680037,1.7233182755872933,65.27946485074399
23.142563107472807,980.4163005437329,20.138954415605323,58.140969589845646,60.01712051973065
95.6964707771871,993.8879440581268,29.0181486703253,78.94788862909857,47.00033939510683
26.61872507476175,980.5698850892778,26.723770612101227,55.44308243272972,58.63723861152086
67.81468020270049,1019.3177674322775,20.011590098101337,81.33474851998753,51.563887873470215
90.21342103468126,1005.8181991130513,25.701707150130662,62.23031404675141,52.257856394891654
26.38158382001551,1034.6710280497914,2.5561329267430875,65.32923616723004,67.81609917628616
64.31147107328103,1020.3470793562462,11.31380828555558,2.815442576252558,64.57241479583008
85.94319004195617,1008.4852118489335,0.3927748709654155,8.859820291942611,62.71185461501527
98.90597669166367,1024.2587985514474,5.324167147828511,72.50296177158747,52.636103646633
77.94619206512169,1018.7642008178742,18.91477713607206,76.28432823762891,51.895110542492176
42.26675003706349,993.4076897699792,26.566848712010003,54.217797806432586,58.23073683687014
75.96562638763275,1009.1642051155134,18.983409299753863,59.016512745103455,57.281806120700445
76.46134154461114,1010.5799298658739,19.924143210257,61.436583984507756,54.75279545773617
75.9972809683694,1004.8177434234292,3.114648157686056,10.499131885394942,63.935765019760396
88.34083496744846,989.8555942570449,19.945814727401395,66.79086042509302,50.066805811170504
26.990405001559274,992.2852978411838,13.63040152107573,47.846997676205035,65.3836226069941
28.673587633234668,995.4576070525779,19.543206947454703,60.252297668727905,60.05623748091343
71.24936993804465,980.564033215799,9.78519328589482,56.314182881052254,57.01600957421054
96.31048768785503,1030.431914069323,17.444578249895105,76.3000248454039,50.646466887806724
57.26709111353968,1017.7352795370913,12.722078904929681,31.856826371598135,62.99076279111084
96.845016130054,1017.9289523681459,16.759111663051826,37.3526245067452,55.637389379628424
95.04682076129231,1011.4781837595017,4.412685549894,39.16063065245796,54.30787645225838
92.23277905874556,1017.9120944488583,11.874745608518552,76.24560991740125,55.19876782522069
92.78807798912682,1034.00244024305,11.228359717705622,43.11126218030352,60.46343155446884
91.86550346623888,1001.1838185698971,22.09183561958425,17.70747717000547,53.68837131490723
85.59115068313457,1019.188907278211,21.192285419041966,98.30409704170287,49.53824174156774
75.59831668842642,999.774095240764,27.26576054193999,49.33818639645477,55.11869488879749
21.95265428740866,1026.9858839310755,18.961667768495925,10.924808315606304,67.29231702630953
30.5802873724842,1027.191573378952,9.4364138938042,67.02749559927024,63.7721629498332
30.738564362517373,1029.6246533982917,23.49673989705994,73.91623575284837,63.20126136805854
21.883222742367188,980.3004828333034,14.909929306008792,50.02228389088954,60.76253597366925
29.336141473890933,996.4005294747852,5.804796318872356,64.64572182773213,62.41260949773039
93.5797146853685,987.3658393160878,22.422344049813795,17.267486448272994,54.2227728299235
73.10434295286288,1004.9692408839586,3.97594187157687,36.79223852803789,57.3805733733154
44.965841463633794,1007.2497303473614,5.344599937383876,16.18286033716162,65.24291765290498
83.4688009789344,994.074722355631,22.76267785305442,38.72352563648084,52.766219099067605
59.06955895638808,1019.7895570624788,23.104340822138642,56.280052218691914,58.383851932411105
31.370162953270125,994.8373344453934,23.72343806412646,44.25394071819133,61.86392962344175
90.76016649811942,1026.9640256405846,8.79975373251347,59.32148407357406,52.48906984399841
47.0929556989178,989.7712652477983,25.997623721145565,50.17591733685518,55.76580592280726
75.90873844239154,1000.1979412120907,21.680044078862185,31.781437340175632,54.41697956382682
43.24753283996859,1014.2230767133368,25.019022286540217,14.341599812101213,61.289873007784415
60.005700053904,1013.293428875479,21.2581645424067,25.26728614212772,57.21937317866484
85.30021692243324,984.2916011602829,17.387893762390217,20.071325189459987,56.43691834784098
32.54218771394942,1026.544223670502,3.28184314722058,70.74222936907105,63.451064928650105
98.18011161914227,1012.8935713386377,21.328086358558476,81.99668444123809,49.95648925054221
25.617273828858096,1027.8422751788942,20.71382326374552,72.03886052994257,61.32439763559821
62.72071277924033,1027.7199568025328,9.374733998605812,64.37341469951583,57.45559942938385
93.28204154815583,1010.0255279706267,22.074593071392783,30.78513538137696,55.926154933185245
95.65551079060202,1030.092980152129,16.513636602939826,71.09855591065113,54.5910069056173
38.56871703038208,1026.66242893474,16.78218715630245,60.508345998914635,61.767596701221116
31.51879849718469,1032.6967619508973,11.028140363571378,4.689336668762567,68.01729749594513
77.95224002543128,1026.7774119207675,3.503551240204097,90.76121183934156,54.340148651743064
23.35788546209897,1025.1662118050633,6.507853735979671,7.995384110163927,72.16437555585004
58.819117522425145,1005.8148264372302,23.064949600081746,50.27079041588388,58.10257595887594
83.70841814345455,991.661708320786,8.143246514906817,51.306915271906476,54.50464805981059
64.82037796134671,1030.0889803191517,0.06759163006834545,83.70071887583816,58.531284180354454
35.041061261920404,1019.7402052545342,29.910522633946503,91.30675010423663,56.57373518958404
58.963543957597054,995.4961325309187,6.320467015511126,93.96757915097929,54.76199187640898
93.70197731591144,998.7547647515603,19.661494466111815,56.96721334789782,50.29590774556702
69.37703824354215,1017.7343181521471,27.807660137249812,67.90422302116035,51.045545916598556
77.71925020552159,1006.2799519594519,17.991382039018113,8.851986241256304,56.57230492115297
46.901110373001195,984.4815409015503,23.97091845253372,48.791601084402224,56.151921290670366
35.07870201340942,987.7796370160112,29.291151364464447,89.78567042422846,56.37454618168463
40.45137839196829,1021.0106775931771,25.810902777893574,45.56971510380611,56.516233777541295
62.654207500823595,998.0713240665007,16.737122660350852,6.959393543343062,61.56396139294348
42.4176122888563,1007.9207185621121,10.911087914462284,20.06411424164536,65.08559098026721
63.35718299408809,1022.1641813039439,14.473933474918788,42.95069224354946,61.07146983018375
76.62335419009415,1021.3146576538329,25.254785045716332,23.75283049090524,56.6078486537726
78.75167009362411,989.1858264788001,25.600638304519208,39.22925853417206,52.53427150184579
33.17479517288747,985.411662541947,25.37564767075091,33.2961875336059,58.96508279957681
80.03446790670905,1012.51337611308,17.916732082500328,31.89290528159521,58.24749042840115
73.81505116738873,1020.7898080662181,14.308677532728387,9.116460975683538,61.34735493796316
20.960410669496532,988.1971957097476,9.340141682869854,88.27146910865864,61.09942909268608
24.709774007180066,1000.4575408030001,0.10082565545787903,69.27062534654131,67.38102019295522
71.69996014883043,1027.8652897782201,22.934558125828676,62.33819084691247,53.83634198222306
50.69631196509677,1031.9322727858178,8.309948400421641,60.64694080954068,61.74190639391033
31.68831996605327,1004.9738368522326,9.890336861560122,39.65022247146588,63.713032790693674
23.55172473357066,984.3733763716958,25.304436745411316,82.33153088514999,58.89046011558783
32.75186725379447,994.1733050911307,1.5675347136786189,93.00399939279387,60.2324040553911
96.60111714572933,992.8133456173543,27.82860994372316,0.5617248995441138,52.68281613642138
78.20525132567758,993.1430046297581,0.0408576731551924,7.91984768380074,61.17293344349383
62.216433674743506,1007.1634937958587,28.175073444762184,67.49756173662792,53.98518293149368
95.32324000436734,1012.0774108430364,13.64275473250249,23.606672272307215,56.58466622099001
69.52883501452831,986.7380273773964,3.063678754554587,91.17049987698819,53.99314649535388
78.05161506245338,1028.9145803590584,20.224841017235622,66.74130651162548,54.78490267963991
42.61214548046976,1014.0985602804614,26.875692771636654,36.82912551587131,56.84876526432526
67.11854748713566,1012.8488451647403,13.1421845054286,41.52824027794302,62.783918043516806
31.47817954382722,1034.3003449111357,20.740737120919988,69.0882505246558,60.01739101796472
52.35865161582203,1014.5479187621219,29.38088160567882,14.09641026021433,61.14385498281882
22.65922599892881,1031.0927532115652,7.221024711390152,88.34118802466094,64.33437451542137
37.33024700661444,995.7441334797885,24.613483707680643,0.4771698430177773,63.473915675672295
25.989490353813977,993.2071219690573,8.857113280415298,97.89469533038661,58.685074312632175
51.02230556057851,1008.408527775345,12.790127999704799,16.764548036309424,64.662492980443
87.44281317107921,1007.9734921200167,8.452976054917825,74.21113586138824,54.23994766394419
50.234728507604245,992.4566007216143,13.380352453023672,3.9924707043160534,64.34482042275464
86.53117007957147,1018.4810611294971,0.15267097284847542,43.142889904309264,59.10668221656609
72.519865006311,981.6298600580182,9.103165419908144,63.031368231413744,56.302991351133855
60.762355730466226,1017.9846759902199,13.358821918130873,7.0227457593084015,61.1065996701443
38.95133546090644,1005.1447837367815,18.967205511182883,44.32935288999238,60.79973748304488
93.77248742753218,1017.8954130964794,19.120841735277267,30.31364031102225,53.68884117605342
24.33606470736266,1006.2394346852835,17.513568554114784,49.82436119671928,61.96479849107969
75.11304141590523,1033.7533580586583,8.790954887768907,50.45765359691481,59.09097343171597
69.6991914247495,998.4076723106715,28.422129478072364,78.52316058423087,51.748139482931215
55.283321780522144,1034.0415115351313,11.75909471223298,12.350452844489768,64.59274190622324
39.22567642340843,983.5735668363436,6.506818237171734,8.271960104746645,65.98656041156418
54.45567494762135,1017.6068426116656,16.63538819003962,40.189023323879084,60.90194984795764
89.82181804427366,1004.9820563731702,22.467860096427408,88.75199193765326,49.44478075073384
86.94128882039634,1025.2175694041334,0.36700718466798676,85.5269519672093,56.20915046765311
95.31049999816234,1023.4288838344349,8.290320221866423,55.9992909281409,55.387128859879304
44.62345653001984,1024.0115600581767,24.749335578000895,88.87738189711071,58.098824858137284
50.968332669509834,985.2106229616386,15.210632801567947,80.53435975487119,54.348635626732616
21.498092212789068,1025.2301134923712,12.25464913739742,27.79394600930494,66.92383963701053
95.43599957760065,991.7722086594068,27.927038387469356,17.010628044583008,52.62159286482336
46.35120734538151,981.4124145122469,2.6860529136851605,30.11565009767059,61.37412561797891
52.33310572263946,991.9756295826426,18.46710602333547,22.71178784388144,62.88399186155233
92.62436891579156,1006.3606807584908,10.26566148731331,62.271879265869714,54.27127835617706
62.127874413345054,1020.8161247951288,2.124701948787772,58.48991127746501,63.02551861637198
65.29396334043824,992.024786445807,6.412335258324605,59.843738345278176,60.51188545596193
34.09862705207335,986.2154151449649,18.83799639051853,18.930353649144884,63.85231043046554
59.89280166549236,1015.5281990263168,0.8483080156367229,79.18627252764388,56.07156023530884
93.45668807270194,1034.114391999801,17.76746446168053,43.36260835426313,54.70104728443994
64.69744704863407,1013.0478666147089,28.70551263651913,47.24519203665329,55.242700529582685
40.409309171180645,1018.0081550267882,23.852881871108078,99.69618462112396,53.76365442789897
22.494469130781027,1010.8642094060531,10.367912380015369,28.227178596274815,63.988833401764076
46.90414187632544,1023.0291644325678,4.14622939084825,39.41380041077108,65.52688866032258
65.80727312515663,1033.6692431115196,13.951933017389358,67.64632079040874,55.32744723111496
23.40906306966641,1009.9271076172301,11.788513085352163,88.04130201902413,65.60584338751949
68.7834061832925,1002.9234781458499,29.15198880071556,12.678100668403115,56.97083005195266
61.873106169449024,1027.318868363807,29.69604163525266,73.50458064271639,55.940133040413286
82.67483753332567,1033.3350589067995,12.317539689713735,91.82805259955505,53.562641714742306
22.311053781756947,987.1049902478262,4.4635195058981045,42.292461342686906,67.99103464911734
82.467787585499,1011.7994031010633,27.318286489287157,28.672692293351755,54.07429605664125
61.670163660648555,1023.5852995900299,23.8062682700098,67.77371467749373,57.129454467478176
49.64234662237692,1009.3336672836015,15.338226199670927,24.60736512382915,58.45485151539983
97.23063810870593,1002.5058332506122,10.960639290454239,38.428974654728606,56.299825937727704
32.80956377888424,1016.0376401624482,13.444974827991823,89.69133740898027,61.38729582963052
63.306009527288516,994.8570451982341,27.05643525915331,59.03325525913774,53.5341381587673
45.67851788739827,999.2023558616103,5.539303432906154,9.49772665998443,65.23517756793275
62.19891030362686,1034.575216238474,24.20350563370413,32.969753144637096,57.82633139308035
64.18203620643297,1015.0055933905973,0.5457189848146615,62.72651651173761,61.32734778060387
27.155859873987662,1028.011001407109,27.61715979426255,48.149763715467785,63.47606088576389
72.89081175346797,1024.4272682170429,15.008918389386173,66.03393167515907,55.04698426030273
70.75851967352094,1015.8749904916713,6.802434790235166,76.14414176803406,54.16590086555133
81.55738197075712,1026.2400995352325,0.08569508451547247,48.06151202047081,64.42189772467032
27.25267949273368,995.7937172488464,16.786394062343227,98.69516863019383,59.860468976167134
43.780683752295026,1015.0414046846764,7.334636116795144,91.46738756739003,59.17932268467725
72.0088479782481,1012.4831919238189,18.937930080325298,5.99074060686563,61.62418280577966
30.938466073248676,1014.233078043634,8.435078443561416,26.64311377502183,68.36898352113315
74.20785686307539,989.2747559930726,2.6407208757068066,30.054351230978405,61.26139166546243
24.72213686563384,995.2483671998938,15.15154889530678,18.42903566700106,64.98071103537382
46.794524236770215,995.7662075335896,16.93457208864433,31.201650305048023,62.28287515343494
87.73688978660152,1013.107038941502,13.577700766186522,42.48206329354603,57.53196371728642
81.94330323049282,1033.4900784241881,13.741066629893442,5.155097899245775,57.10430224485707
71.58085721816704,1032.4737153150181,17.689503837000462,12.730023613241448,60.52513314911602
89.6366733300081,992.4954254144333,15.790605282304604,9.624587879348379,57.07341393115154
76.74156353377603,996.7664883686725,3.9770261658797446,4.631693914665059,62.47357094060933
61.55000841686424,981.9834040753542,5.912569394550971,48.14970203016185,59.799846899162965
98.37740003086293,1001.9348574422667,4.253731242871503,33.3803083226145,58.72185835217122
75.58848638314556,1025.90707669242,20.798867466592377,93.54472296497113,51.634344926840285
68.10937414504025,1030.3663456442378,15.85795236500898,10.27605354417378,61.206661520507176
52.709644876285175,993.0073063762369,12.895653705927847,92.60353357356722,56.749846983780586
92.19299988632403,994.6186960418862,23.95016985818548,8.65456173994592,53.95536530583612
43.656727648399425,992.1467399079814,9.773839792824154,61.921734660443505,58.24535946586575
20.737567536872213,999.2556962166018,17.04319989272883,24.773033737632034,66.00238412458056
35.73924179458879,1024.2617669224799,2.232228044705953,82.68056464938748,63.84290370385202
28.761399355388733,1015.5771608436453,22.332122514753358,6.147482703996987,64.57675013888161
45.51950193384577,1023.2267504825035,20.855773344467696,95.25081557696254,56.0289692971966
86.0702941966764,1012.0667108484419,24.07138887890646,4.725720033290015,50.45245305069443
72.1223748292006,994.1753192932531,26.53427874049661,24.111326830133383,57.561311604616655
33.518447138697,992.53967991169,22.740848018862557,46.418472606739,61.89698462895736
83.10573768738708,980.4950388225062,25.334696703818814,75.60578865662154,46.963707506439235
60.33758928795222,1022.954017528074,10.369637968851737,95.1112717543369,55.45037003432063
61.017169929463755,1026.5916674390594,10.30012086044819,42.8042431294376,63.51905999255061
48.96897447846986,1022.2555429795628,28.32902459699449,75.73100938178727,53.325407428442716
89.16930918576188,984.092113175067,27.437236089786143,72.71625544452387,49.17290433175499
45.46618430846341,1021.9221894943427,16.454920233156678,57.116889529090656,59.48824859694299
27.531180853575094,982.5172099232648,10.996763558179376,69.09191761008196,62.632722492576214
44.2183195177556,985.8076186138516,25.98004590776401,3.8066683066177887,61.090260320703024
77.22828370143085,1004.2261455112967,9.702333972820986,44.15774008975135,57.11678327215312
72.6065509442663,1006.1880854908662,4.609052486833331,78.58606940600303,57.61673147565875
35.041372284286226,1024.8865250140284,19.1847802501644,47.422114500273096,61.26180600082804
28.942743928395362,1017.3739790622501,1.2786542919890076,87.35045842269484,60.834228155098
72.8692606721397,988.4326098247169,11.37305718499464,83.36378765647102,52.42464789964466
74.11014685239297,992.438073077584,24.229914470838658,86.34460301723657,48.72980851137012
49.291970976845654,995.7121353542278,8.856485870785043,12.999668562819943,61.29318033066284
87.42411068232639,986.8019950600172,27.939464372206,24.41411245660705,53.085388229897546
98.25641630399335,995.8204687497577,28.67473999849912,2.959727321213035,52.377913075970575
36.451617875951634,1020.0728985546854,24.474489022953566,98.28007268630552,56.99123910860952
66.16549725648227,993.2770808559005,29.62929956976188,23.6138139416762,56.44718107807518
20.42770632031513,1025.9447805883212,15.92292334534313,36.70933344822422,67.4178016694603
77.04435168210298,1005.8234347318864,17.075986564169146,27.492644722843618,57.94033555215804
53.142569085065425,997.7614668684414,25.08500445811435,3.979362284541732,58.586177740456314
35.46153815225318,1002.6829957501881,14.784157673642714,26.125800961010846,65.04513155732977
80.1777537411501,1019.022320732642,12.201600204992086,9.819566620770726,60.29751291779736
84.85190380448645,1008.4235986785295,18.44260773523617,39.42830863845847,58.78643035400718
28.893320094074983,980.4003265186282,19.72978532546646,96.68241183367756,57.229228780344464
23.27966094704272,1030.727811562179,22.526874650884988,69.82623720638178,62.20856529551825
46.72627533352938,983.6297801651018,20.04602091780256,70.69007898078813,56.498852262795225
70.07923726088285,1031.6241741847912,22.371653857899855,45.31759332912553,56.62277297870801
83.47356217509065,981.548405299103,20.23679012666257,81.13040106894476,50.157768231169726
63.684999730436616,1022.4038634226597,14.413357155005365,90.82841669175588,54.6914695160879
66.45990210455845,1009.4071089500809,4.04803753009411,96.15500060838208,57.02212619508422
83.98865774023129,1007.8149399332258,23.56329686805775,9.899022274641855,57.15072173313015
62.30746993750075,984.0028176399203,0.9233745416304917,87.96440086464777,56.99088448752506
68.89235921810405,993.1309755685854,29.775002752840187,22.508288357586082,56.65100330252928
61.29738719812474,1022.7651024385856,24.853754698190397,39.72669019908339,58.61018072063008
90.43665866941632,1029.019290645737,20.12731823943915,34.54771947120263,53.21515365457308
38.84132948680711,1009.1015274579139,28.9982031556336,67.51300400867949,55.15262905958007
41.11948676324075,999.4338867999428,18.37410844368628,59.79245402337916,60.23918514491217
30.23691692814606,983.2968764435316,1.6929864223304414,10.910487476803599,67.44268750183
85.55734011955374,1017.5198189336487,16.781465220435603,78.28226295145167,50.52696523310277
52.942183244988584,995.3145635877455,8.316125569708285,43.96454018014961,64.36547585299861
47.83151527049951,983.0257543245681,11.084325839533104,0.22218433296467,62.61805706014971
98.5078973669725,1016.6218451004243,13.787554675500868,41.45032668608313,51.3833025885226
94.14426931518284,1006.7145886443567,23.238022391663506,51.633157574719114,49.79613684544543
97.7590145699809,980.6579182335948,15.087876431128684,6.887468520822926,55.656464703099275
31.383919740695426,986.1008221508491,14.240408724752363,15.113525941620154,65.09965440761354
91.3001450518533,1018.4561061085269,9.059164132255383,99.3572171490861,55.22683825586905
46.29676795099612,983.5019233186184,16.19616725558109,87.11954020224856,54.993849404029184
21.012541616949,1027.6279685663644,7.451725633059469,13.332741934664782,70.44876826965243
51.3038668786455,997.1229452580963,7.829814462246839,58.03093996962564,62.62068896449575
60.73570825104477,984.8766558740034,22.717763254335612,37.92432972173432,55.38509427869275
28.65763388539243,1021.7866557992436,10.2764179352727,54.374040869991966,65.92049697026748
63.0142093499405,1008.8434978949163,1.5419901881733555,47.053519356738725,58.453921436176984
85.55708673413852,996.8652017808614,10.310318576849424,4.814892502568469,62.24403218763517
50.21207606713552,1002.3354087918098,19.157166235998567,31.542031099078304,62.03951486538915
48.211584522744175,981.1776817582654,24.41956760031967,12.552058202812667,58.6810980406379
47.104833618454194,1016.4484195646686,28.85810044177084,48.89680922907477,58.959613891150624
93.84755567069536,1000.1175528929895,22.386612644249276,90.73167199795434,50.436111063244496
23.900647903215926,1019.2720663350472,12.865548282505106,99.55327725695439,58.68553276586674
55.60609135943643,1014.5494130273901,8.973578376148728,94.42530684824713,56.36386345712858
41.16795633197735,1015.8189802250356,3.888899705126682,98.56971249748099,63.022713978041956
91.50456203099954,1023.6090991052438,18.83059303338343,1.524631578035518,57.51051207596306
27.684181086704314,1014.7136943106938,15.29649942327019,72.94469784440278,62.561319024311416
52.915421334432864,1003.029926108304,20.331045493324236,27.294881017653626,60.04388700091521
52.54529216248685,1001.4460158954049,7.113994693652089,86.5617978269137,60.077284230475506
91.07155340376181,986.577015872067,9.709325043298367,81.37334906240424,52.788425391487934
37.239475603277555,1022.8693877235933,8.762860484959171,42.36745758829541,64.93993351520828
71.5916328241289,1021.8609642965042,23.929555265232317,47.32606751031575,51.58417266503632
30.752490151023125,993.5464101897038,5.136894445900403,26.509166899253888,67.87604505644616
96.31805712644342,1027.447505198398,18.254163510734866,28.880403622030194,56.08885222950986
67.44119674178287,1012.3951791784846,1.5406504727732018,98.11744233604846,54.91389967983213
70.10053842565362,1006.3277763317012,16.485827277051587,88.88528886701745,51.39687232597163
54.70187213283778,980.9622965894023,1.9174192725916772,19.186897211497477,64.95058192078798
47.38261701330578,1001.0507652225374,5.276297723639621,27.552467786493295,64.76115132571795
37.0141143595901,1015.2368922529615,3.3907590616068664,10.864799306226002,64.78585637882117
68.31902030658071,984.9361310728611,10.401760616502795,98.88707829796914,52.15854671150206
96.36493962785904,1005.2762019888152,10.311942531231873,90.72098505305478,51.485560276345055
48.783276327392244,1034.6389773248877,24.79257842184769,55.209798698739746,59.67115750702954
90.65255109296433,1019.4096250464987,6.770623541415861,69.28931039471257,53.89092702529789
31.902105027779974,1010.0778988125883,2.5916022532193095,74.79469395906544,63.720902439009414
94.89008167054406,1009.3168086716493,18.105353724423892,20.381122746022495,53.39949805524627
48.03890271184613,982.4070795242006,20.623520988000205,93.46663373311574,56.84029944203255
50.37817692746765,1032.6522940574364,8.844708480643614,52.67427137216166,62.63850529279029
57.02738056274626,1031.0497713156774,18.084423490841314,9.24515375004269,61.22532668643487
77.45954159581203,1017.5322590871496,23.28169704019932,39.70826078336691,53.00393142348032
77.57227469512281,985.4456407324852,10.426588172283369,60.16465561765669,53.08176766870946
58.36708677757322,991.4308643212191,15.760615197993355,35.28231914667032,62.40023071963501
61.85223194511487,990.1150244731572,4.3989982101696015,69.9204427751831,58.32105989305079
22.400839021931294,1008.576816680567,0.7094040321054107,88.20499804079547,64.03005800032216
44.34373612466605,991.4292130976092,29.441039244324887,77.18921243821319,54.086372432909116
47.68136593844876,1018.2690308849309,8.991925516091099,64.2658020097304,60.05493318978244
64.69818149806075,1009.9876437283164,8.367061521654648,51.215748141166515,59.313134405175134
64.66398138970436,980.9711997373461,29.197353995192632,25.446348578791333,55.26707552242567
76.79198381822985,1020.9231480369608,21.847005712893502,45.49461649974332,55.243813958397055
77.36218369744648,990.3855805159671,17.558936638214497,29.295290713817714,54.005062211745056
38.81685793696664,1025.3686815824371,20.979701852800705,93.40233810897249,59.08148182492127
81.61497208838597,999.5274990417638,21.29779700086208,90.7311156986661,49.160588662650824
21.568285443702564,998.62408239899,22.900076408789474,15.582638330357955,63.55249628579874
77.29295076853764,980.6499534678015,2.015676942597598,82.26202211942199,54.280287688469684
28.16488828155385,1034.3250940607659,12.384942593486638,70.29146967557402,61.534268250144
78.37185667369752,1013.6602386544525,8.853909534990494,97.52117205606046,54.25749569440818
62.16944724547234,1003.2501591402295,2.1170891555101647,46.33065686001786,63.179831991321365
54.98036005464737,985.3141772453737,12.377969905392863,72.21743714143831,55.9922450404137
75.25331118091432,1018.4531435283059,18.485204562394404,51.78839201283763,52.36813014868229
22.90966669977862,995.5501758495566,5.354930399232564,6.94004966923557,67.64281417997331
37.87762605404627,1034.3554450106542,9.150802316635612,4.67647497367677,67.22384060653687
69.31521139741233,1032.2801047532128,19.17512465751462,12.21114428797858,57.90666621252347
87.77723253046544,1020.4413173341534,17.3797397267164,29.61910638524169,54.85888733109415
50.48861095560936,1033.4089561655633,26.06356389519672,25.91131058118753,59.181522499281634
40.700917810684565,985.8098624349569,23.736929089511502,72.83266687059002,56.538529163960035
61.498914863119545,995.39534482951,28.968331568580886,71.59227349221243,50.002593752936136
69.78522019094731,993.9283808835148,17.915799303401315,97.1394579849372,53.08344981343934
53.60824251245972,983.9606962152617,20.954020992348788,31.039082544239616,61.58524949377477
90.13685461278041,1033.47246288843,25.815187764432086,93.8452083780593,51.429367682131556
61.875096708801074,983.2985747655791,25.19977334475804,61.28506034877351,52.79665085507475
22.8658870056468,1027.117889719688,21.56164926078703,49.53087109901204,64.50552982490784
37.84431637649523,1022.2488783517261,15.007686281219252,66.78413778132159,62.109111935407846
56.051762473425164,1000.6726898109303,8.196206646921864,70.27554515855869,58.86970265373566
75.81804152135467,981.0344049446389,26.31647261806218,17.192902885924145,55.2327297383081
37.58017950340711,980.3352747740029,23.29966326711915,75.17155035352575,57.96722305473348
98.10059517739369,991.2196612381658,25.137208558754377,72.51727644669765,49.438089365365364
45.48466065504668,1007.1632119018586,4.223679544416125,99.7532283948779,57.96664114599997
62.59841654884707,1005.1850488001833,9.444386345678238,91.19477806724755,57.50680513984974
21.517310778483292,1012.1910917110711,12.746551136989535,68.46602316842915,66.59575995622244
90.79125771446435,1022.4577620313419,25.15055916901682,71.23637130966529,51.880999282688165
83.10677228201467,1000.7545038173113,26.786600181439663,94.59856338345853,51.065262441875404
35.636640343647414,988.8200032530125,8.546781427658589,96.71782729841749,54.68284769546429
94.65893529918743,1024.0026904255633,20.592875017972943,82.69651972151274,51.06960330266073
45.26718110379237,998.2979874732166,2.334426184576902,76.73935455071609,61.89473970899308
75.37490307040937,995.7785043786342,12.287198159062834,11.13658233648911,61.41093104290155
85.51810544132799,1022.0371621136079,14.600073232556554,83.03221914806358,50.73504774471978
79.27315689897446,1031.3776690945729,22.968984446973476,25.31956784557905,55.68526772435795
93.4066227223873,1030.3228705105917,26.759167105113615,56.37842960192129,52.62282138699863
89.14198082725667,987.5593334221448,10.118497074733686,40.53724704378353,53.451068777187096
99.5689211273288,1007.6736984408114,15.83216669825704,34.5607300637241,54.08487535228344
34.60891300609164,985.1078656050495,19.423446671025726,31.025000146706006,61.84462654456534
44.380944098136005,1032.853677739852,9.86061686840444,85.54270806574897,59.995759432153825
70.89806939453041,991.8375337232262,29.566146395221335,76.91361206718442,51.525022931343806
78.6437748713267,990.8586266121176,26.273231387100736,52.344875240870145,50.07397955045804
62.768404364456735,1028.8887120153563,8.892084865998498,66.44804938644569,57.797212451596245
25.914269190929193,1033.231780531708,15.238386929971451,98.45279503440089,60.50566267557948
87.32761814403057,1018.3697742612392,6.925218397417331,39.75351357779431,55.56193430595946
96.86994848170175,986.6552768534574,15.435117567100043,55.1100606009575,53.8837938062309
52.44134750611158,1006.7220585797371,20.499970344698546,53.35237125744854,56.57171708312815
37.984998535907685,1024.913280173388,2.565632783789634,93.59723751517352,63.58498750946169
21.545100396967,1011.4862451039535,26.10351614421815,35.156241761085916,61.31340041516651
38.98392288748682,987.2927170100584,17.812376053397504,98.62547502177453,57.568543203244936
75.99350198707378,989.4538262226775,29.688086957310052,30.469761357318493,50.42359748892863
92.92715101381843,1027.5277921709144,0.7677452174850963,10.890703532403212,63.63435416968039
27.481045314541266,1008.9866040028116,24.94495053294696,19.13735452420561,65.51332077695002
64.2607349729544,1018.8210225571692,23.758891447636426,42.62213418642181,55.76958674490018
75.64249988094659,1000.5184389428185,3.9855753612009703,64.97559498332474,55.99376799886569
42.11046568850149,1009.2867070605363,10.059169052502202,51.68252200240195,63.22954892832874
65.59176313362416,1033.740672721323,26.54388609132518,37.62781765744445,54.117674304135704
77.21987408046184,998.1336670332475,15.553628852167629,56.20332657067757,55.02024598679417
87.01753945083014,1017.1133690129551,12.03844462401717,83.88062763146682,51.45818329351994
56.199988065598475,989.4878056457376,27.16489296752525,83.89310276384798,52.18908434550022
79.82857751351685,986.6956936893183,2.800335734311843,72.62278881822307,54.8247062935768
44.142637739187975,1023.1002061192466,14.193683487067691,95.24484582433425,56.697540506969204
37.04373974177269,1026.425951549294,19.57122293926057,59.02046674378381,63.95466351011227
34.985099687253395,1016.7571432442179,18.256243170450375,0.7657637654089,67.20217715284194
48.709818546058095,988.7007710649461,7.928293632266744,29.092963281215766,60.268294222215324
22.87037454310792,993.2323381103396,16.899387136030093,32.82227044901007,62.87164479443773
42.639347013219975,1030.114663945231,21.256852928579452,54.73260773033678,61.65927090805728
72.17782595545826,995.8787226839866,17.54656221980095,90.48894713874822,54.12635500683874
71.83352377281093,1025.0373283908414,20.53386677931967,83.81149635430941,50.89492931436222
25.8843045193193,995.7265508900721,7.682362181663713,23.21729853083079,68.42593065746694
42.99324936644961,1031.6704413127889,24.985468508153478,51.93902359440692,59.89339364199264
65.56461317423373,1030.2949102060352,13.490686109549095,65.91486354289616,54.2362378841693
45.484171000248224,982.3794745495834,29.61671532313706,98.75115406311474,51.442526283004696
53.43904193510988,1022.3727692777074,0.6985596200081268,3.1302819360307987,67.2088980515264
77.02486056926112,989.3203968128923,11.4094611374293,46.387731677031965,56.54298821826787
20.741346356530403,991.839939424851,5.4142515691533255,98.81086540077202,59.926914481988334
42.11148352707444,1005.2914866782312,16.6682858098216,97.7205797028095,55.53679120185545
31.389779502801332,1011.6974982362198,7.296152831208381,33.07265175976292,65.16828392587833
30.208734621159337,997.9189845433771,22.124338397024452,0.0016736257934746313,63.89001440925403
96.72321731577976,1011.6460851054815,26.455975870125563,58.67345849523341,48.715294754647154
50.12482652499342,989.3862104237625,6.326530607463327,86.69388507928906,58.300841740346456
62.16708679277119,981.228570990957,4.820328549053952,32.42972241778892,61.681965797234746
78.70575096557062,1011.417341359897,26.260715571854355,93.42699648337701,52.80509870205279
23.795797988804015,1008.4578392979275,10.83815745265517,33.2702437111263,67.96538476992642
39.28181108461587,1017.9309680241759,13.037509048770898,61.02013199725691,64.05433333741892
86.571822987497,1015.7402134082304,6.629085073306069,72.20460731816351,54.34483500138244
88.95924905423048,1029.3617509128676,12.759446041534414,34.54157644953617,55.07033338159636
49.836073651264165,1005.270774108885,6.939002192339908,35.220641201928004,64.62558356841176
49.98892797214146,980.4603211081118,19.977823219025428,46.99948296837741,57.93647951448413
80.55175016871056,1014.685897487827,14.966292374402615,83.5223428104575,54.39588489600241
43.60561813998953,1017.132283628177,23.641813378887267,10.085076756222843,60.83904873465594
29.367526491199847,1008.6822244167784,9.381843482018834,63.147938539879156,64.71230282707788
40.60283601924667,1017.9117678632668,15.167850463771131,67.734792930926,60.099850185689014
50.98757853086199,997.7971097279884,7.785699689314033,55.787275998913664,60.02471883520576
24.176376767607863,988.1844566755094,28.034217907398943,93.58383873756226,55.74549979785446
58.294420336013985,1016.5504515176024,15.658070033733093,60.19907169345468,59.07019191743852
79.20060102182228,993.485253606854,5.203874889538293,63.45767510770375,57.875191629419845
61.099611558436926,1005.0973750106313,8.18296977630087,59.97600279148402,58.535585115368235
25.751627241160556,1007.0392501836407,2.487058923721804,72.2018774928167,65.64066868197776
55.21197050767668,1006.2459752757613,0.834479867932002,13.540941565389453,66.28961765246451
76.71236864342661,1012.9147029023976,15.777654782120129,89.42763235243069,54.24011488391435
24.647732319215194,981.6199539909222,10.113687675768158,4.249232291905325,69.47572515736982
24.78777517815108,1034.432537221155,28.913203657809195,64.07439600539823,63.56508111433026
49.64811225447861,1019.3970760666214,5.139941890844526,61.5480932203108,61.28252657841564
35.59711712989673,1003.396327998932,23.81737958210836,20.812112742665345,64.80498945492079
94.78246330467363,990.5231516659634,9.479143265787082,4.071097368413657,57.918816840128045
66.50748829917944,984.4097527343846,6.706121581761156,13.88353970481091,59.642411122932245
42.98603195247169,1016.9704731344367,29.089104570039222,27.16720549512216,58.614389475502044
76.38213832919607,997.4325588227207,24.07729796237297,88.21056905590439,51.20253980485301
49.99432410874631,992.6213152037427,18.918626743359948,85.57344041799902,56.93294135402371
30.5692515503208,1000.8974912911783,20.913631116712562,6.385557426605171,62.88197740368236
38.97857838748643,1012.610769829424,29.741444245517695,28.926800803068488,58.53314724751628
71.41978275675005,1016.9437869176201,17.796222264746604,88.93162432490539,52.44158856866717
24.150088479759333,1015.4843538144992,3.0570135242088026,23.66590284446203,67.7852728325904
41.8151232038451,1027.4796070920586,1.945983801041441,99.59653038208867,57.988544439832644
36.66491821137397,992.0316587088563,19.998203324216203,25.684019578730656,58.1324915359617
36.09080885412256,1015.0210389758424,19.728034317754446,73.91132566709997,58.655052790211634
74.6209929580777,985.5612906902352,22.44521378934266,41.705917357139356,54.73526856931839
86.06535334034916,1010.1364079444547,3.2633619069784126,13.624455204452456,61.769910515790585
77.26932864514069,1012.1177121369319,28.34706824265515,25.515461332880385,52.314103888257954
71.65822526404098,991.8930514413795,16.534752417319343,67.51180756214514,51.970745147440724
93.31614174542912,1001.543122149518,19.486665630636463,33.705640203645004,52.5459145146278
24.67139043394375,1025.495608927109,1.045571501343907,60.41282206004783,67.23071356705243
33.39864687809926,988.162497956413,28.829226435467216,20.55310427689596,62.48095481623738
53.152548453642574,1003.8978408688712,16.877755462318458,44.85809721828008,60.66684444820884
49.79613148030942,1031.3003189166297,16.900893389838856,51.22457802842255,59.79731273682054
53.444128237041795,1007.7259910234781,28.306659486911393,41.27845633143244,57.56175857545239
36.51639240341648,1019.8823541508308,27.88050534551002,19.791803135059382,60.2459940879042
31.960265246418267,1025.4776321755553,6.60895775451725,46.15535246067376,66.01422022474596
60.735459796634245,991.2075906165021,27.93296465717788,69.29005605390304,52.89917707909786
94.24420192550349,992.0019479543113,22.098638681401845,96.4905662825861,49.82728677807996
51.35755698799336,1021.7225300854111,0.5670218199425237,78.95216204779494,62.595738387294034
23.468257129562247,1021.431870599702,7.19529446215015,16.14704815190464,67.85903570405897
76.49338743116196,983.310082635179,12.38940436414339,27.270184980354006,56.21043061480587
43.28839244217399,997.737403238223,17.484673665172643,7.882389545335,62.81491292407222
39.60760058439136,1001.9192870549641,21.039891914660668,13.564952426007792,59.97442341379654
45.940640055836965,1025.5972221909135,6.30631181870698,25.068296486844755,65.13671452497243
77.9052419126301,1003.2024240486355,25.10101542821067,19.952736629822,55.31225131024542
85.50555094962432,1030.9260889721784,25.371459716674643,21.364925076663667,56.1989003632812
67.04448538711709,1034.8134277427353,19.04996457781732,23.077022643928803,60.829036979541144
45.798300297564126,1022.9399391131892,27.63281731547095,30.06786957836114,59.912268161654794
44.838258649382254,1016.6512679261991,24.389472806915638,12.55860686267587,58.904268332946444
29.94466799243704,1001.5543441292917,6.648709778806227,27.783498381829496,64.48773249499229
94.66408385881556,983.6871695328618,23.960305989310815,68.84118272820565,47.561314224429026
71.05115191750556,1011.5226316017872,28.596062362593152,23.64009998254578,56.93713349473651
22.157969588469122,999.8937698049195,4.128193410552928,17.183842765268743,70.37864272800107
72.98936761493445,999.2993941707789,29.360936543730872,6.7695662184460765,55.692782299612006
55.772273935480634,1017.824008899019,0.7497839031027076,49.997148619703836,67.40741613786706
97.80463704375356,1005.5001647228149,15.665017343213169,84.19827278722764,52.7080165266863
85.52550598451256,1021.3651614624298,23.216794169354525,5.901664426374175,58.98130378050517
33.705260306623856,1001.8995272476958,23.71314307638763,54.232602723814914,61.014482735178895
77.60888950998933,988.297486201761,22.040177074388037,65.06189154224981,53.000945586510134
58.84528030682107,1005.3741139404635,15.880541182594857,59.24616567788439,58.37238082671585
34.963613093594255,1032.305688287895,19.528929662111864,87.76232035658511,55.89541509236945
75.89919258639593,1024.0838546014106,20.99796556959341,86.63955802085633,50.5055074197997
63.79100629553963,991.3162090290351,14.836176726416868,5.73075925284593,60.516646278851084
22.42991030172564,1001.5215275904718,17.870549254039126,36.09439692236869,64.57135598280038
71.72703604230607,1031.0285652371297,25.391041603727196,67.08298304977527,53.5436664171088
70.79896718899525,986.8034482299612,9.386370634374817,95.24446554925309,54.376241154495
31.52681288411701,993.9672633025715,15.69618980905897,80.46847964530521,55.8822017860594
47.91901815973543,994.4222455229543,0.2543916307652361,17.65893105338193,67.0229204500708
66.8719176600832,1011.4013081614091,20.623091993303795,27.920883774729944,58.14766857760114
31.10264112853839,1002.5903325841227,5.8615639384452525,76.35938636237385,62.526665314717974
88.21787022678052,984.3928870697965,14.430037611413066,47.14748472726756,55.43288842988858
22.198883703016303,1014.6049800017397,6.306156488413778,54.7302442022154,64.41744789627127
28.226993197548396,985.4492825486083,0.7060114373547688,60.897982017570705,64.70917016683734
29.288553588390727,1013.3528212588493,14.496616550940498,10.32915177257394,67.2022966730716
62.24857007800441,1007.8854609124314,12.74500819832121,85.59620334332541,54.40876425225291
69.60912097349002,1007.1517763398922,12.75448540573142,86.31344393767272,51.14498688057762
52.29926372011892,983.7122934914577,6.264184797866109,46.823944412836724,59.11616823052529
43.093346213453295,1015.1571245785944,28.41613769244538,62.68452185006631,56.90698982297013
84.74539005004459,1003.7226142224132,0.10521455432083493,65.99041200254902,56.683323924012534
25.462878698113613,1002.6108367257127,26.74636349992016,18.97225847298841,63.047751222992275
42.42334889062334,1012.8048268030195,22.107057694184462,11.258482846627938,61.5345493678287
23.12924630431766,1013.3436432970601,5.162161005998145,2.067294640375028,68.24636006490957
21.11121079730144,980.8268312669094,14.165759589106635,91.28818267776012,60.46851198435796
48.2703909545761,986.8874245661764,29.665502445248176,34.57132889446913,56.753115026515566
35.58589299559456,993.0085021464596,19.31094710952922,8.583093501100302,65.01617466801986
41.4692683870597,1017.2887533340288,3.8213017145600245,46.57999784979715,63.443602009408394
85.67577259639745,1011.7207619866284,13.729267165692956,7.562511334617517,54.942613308291314
33.03840769993771,1021.6696022811615,14.04609289718437,8.525075280695493,62.02946572829386
82.41866937214408,1020.7334293049121,24.067899986493252,48.888534570452514,52.81583441804941
74.00404985170908,1026.9250578063384,27.48488798478466,50.88366597166352,54.26471605237997
46.115642011266615,1000.7248173699828,2.4672462986620367,58.01430853279106,62.43552759628924
63.72449161410302,998.9785126400817,9.421118608584969,65.63114800086018,56.77742445709451
55.5548487819631,1025.7058471679404,8.953143806553449,66.82673701791192,57.24609331266727
30.27162523981323,993.0680843626951,29.88144374757055,43.29966875515176,55.846793182758056
92.57482573873405,1005.3644805520483,16.77681350074199,64.35330585373762,52.64698212357761
65.5694374068608,990.6879108612237,26.394944883599536,30.473975621451586,55.34576433918275
90.4192036636364,1030.2612408176567,12.780985483344717,44.130819115513795,55.26752421651542
85.90612094506322,1002.4291657203144,21.68169451226809,39.33270485322804,50.86905675187701
26.38207402475386,991.6867794026956,8.597569269124381,32.911000121863644,64.18862586552653
36.58165328147619,1018.0607364812902,27.353580704677004,23.85708256109662,61.569407515090724
31.620889149986464,993.4554573015763,13.654387229596013,7.845900054087318,66.4661248240762
86.46236262295349,1031.8926981743623,24.111764919482617,50.591047778569575,52.93549624363995
88.99573011641618,1000.2189358145176,7.674506500276944,53.72881862058948,57.92511476749419
62.23772078466928,1016.555239165601,20.808130257656373,33.61550441020567,57.39938951915176
28.334245800640552,998.9884712136577,12.154752132001075,97.58438630354458,62.18033249988404
30.849329483441295,1024.398507064641,0.9431826892364115,55.69612103064583,67.04741567563427
85.08390499506139,1029.3307507562527,12.390247612771905,88.90105189152379,53.395638422593464
94.33521092234642,1023.3355097678133,16.500649252662612,57.00853095216198,54.77583485268488
35.95805480885254,1026.6674460300137,4.552848417395257,18.991585297166115,66.89202146627905
20.891006117773845,985.60344553657,5.517393155778452,97.46225396019199,61.521592071521816
46.47623241206223,1030.8235572368187,13.945883949694707,88.53350104490477,56.489981537772024
22.439951171830508,1014.3365400881404,10.2818913730022,47.127367843767296,67.55018919570882
86.23799328624304,1027.806964269141,13.22221614010088,24.30578918073144,58.53047220256869
59.32098057810013,1017.6440220301979,13.824809679681685,22.26696162648509,63.546082477881974
71.34886230104158,991.1016217699041,4.202281311082668,80.60204271662562,56.81175590620329
52.91879009092337,1013.5255305905122,5.435837258103442,6.9118611451259415,67.67677049119042
47.64060376099855,985.0020431847728,25.44496180438483,63.80603814135488,54.44314723713292
37.77603304608679,1018.2647666619987,4.881560679314521,64.01349235418353,65.49974753395048
81.64260376305165,1002.4950627594314,19.977429990247828,18.24545477258088,55.683351197134535
75.64380675324234,988.3453245205114,12.555841403033764,70.4912368434663,54.4135401550288
48.858318759686895,1033.8576398727628,29.047100579089225,70.5406289195481,57.43157224660995
45.689290743934635,1029.5596433315875,1.9831308566471262,35.003086744138365,70.22307670528662
20.099430291894322,1029.144904237179,24.911665980922855,48.33759127169917,64.53205300141624
25.084170403637795,1023.385116849374,14.743476933078645,83.27635511489937,63.470624513882306
69.86044199141078,1018.0589618828935,0.16057112592565814,52.31532734672453,60.036242889221846
61.16858481883693,1016.0293714160734,7.909806568186611,61.815710098497604,59.825775067618196
54.7842563588018,985.835161073712,12.230905576478083,41.27696504862779,59.68332330991571
86.20017926413267,1029.531142942515,9.425842603467753,14.959908916490205,62.231764506091075
60.31185635222773,1028.4620617967535,10.873483920418,99.8066631634091,56.12611843449049
50.759486512585596,1021.1318944588669,27.500157274115395,53.153652028260744,59.49539665490598
32.9005078019988,1031.0023227491317,10.828020971769831,33.64464614205108,63.563475733264
85.65504065716954,1010.4195898268896,12.564881382081984,71.3787325993134,56.23480772612431
66.09986000969502,1004.6203284094655,22.833946607343385,62.08217666615021,53.04425182606376
27.39679727382058,1033.2371071191453,23.815006972451254,23.290828029935597,65.93993819154251
71.91187183976606,1005.5272153288711,2.522689553600838,87.69254993975534,55.23243662116473
54.005659639072796,1015.2728442586937,21.122101037010125,7.090293692123684,62.77534113305961
84.91089788703967,1000.5184180772142,14.477158610303272,60.56982518359033,52.086569483838446
93.5131677596797,1014.997942431085,4.0156167971296615,47.78884914783339,58.61159609674425
68.03726505409969,1019.6054447594129,7.941316918406529,31.8198413785322,62.569153331064186
78.52902554506932,1014.3560538908703,1.3510649191955604,82.6380128260242,55.764843704315695
24.527267808173256,1008.3009617668909,10.807115664355056,65.62770742892631,64.7415049052279
64.82043640009258,996.5060938693878,7.662193210020725,75.94994968775754,58.851012784216266
80.42719826843793,1015.4115121874922,11.46310192140053,41.46587426445213,55.7073610292051
59.740971958248295,1029.9635892393749,17.410216425922705,94.23983313065104,53.48445189923975
67.48400716034698,980.3801925143317,21.970186561098597,34.472342271900004,53.91392408875058
91.91585484648354,987.366096508633,18.16055959678589,53.10449244556457,49.73536147785507
35.84796576249595,986.5875237174921,20.35131906779837,93.3650111811559,54.59230830005876
27.85972060415295,1030.776291659107,25.9691736185638,8.318895788560908,66.5589072844915
75.25148905116008,1016.4511228929438,26.21473330384533,10.881043716695771,57.95028441302194
85.82791244179552,1032.3483458558583,25.82158045077522,99.41877663234675,45.95804578773855
88.03921508660508,1012.0547300266835,4.595067464385798,97.13911569556599,52.4381102426036
71.33155976729762,1005.395309343759,7.532074007809361,77.17016058371362,54.375341200304376
86.65707345366427,1023.57886014979,15.069759147827163,48.41882760711648,56.85440174613177
76.05313645786322,988.8518247111374,10.762178820480809,50.60608486364432,55.59770870041932
26.99015327254326,1000.9735963974526,3.9500690483988965,25.72128735374356,65.16523125354041
80.96348063079904,1005.6450832293823,8.632507038169543,43.27310361353249,57.7676033079175
34.34877516402637,996.4152116981666,29.26286284996917,43.13493778663323,60.02946725253622
38.928747407277825,1000.4207086824663,10.407802664896085,3.6090018926738687,64.57018823873985
51.57205015989319,984.295785280843,12.567422048878843,45.31582080336695,59.39205406073411
45.16536530610695,990.8890974197257,0.19204265571890922,47.979440851746716,62.35008129645109
45.73213906423297,998.452319618201,21.58244639370596,66.57831742298627,59.59568023864152
33.54076193632366,1023.7739738278224,12.406501966361393,51.64529133876775,62.910151217603094
43.50968376876355,990.0373545163575,3.0942018868548327,86.16829323752026,59.10871892955212
21.573007198070542,999.0652205691324,29.056702149140158,36.75618252418237,61.42960171490663
57.83287573506608,983.5706158508315,23.322996377552602,40.97175912056022,56.18581465579994
81.48727670158453,1010.6407389654634,21.784502682981806,57.14825136560745,54.4238403823456
88.97978953798717,1013.618798847751,28.736170045250084,20.272272451127947,55.580844222481204
85.63428471675508,1027.6034054904192,12.224402535514134,39.349808558221945,59.257430045407716
53.31661751960905,1025.051379917608,21.556006208773454,68.61674717533278,56.438787993476524
78.4341184931085,995.6957875076134,6.186236921563532,41.18087392748041,58.77088912141473
43.031261927616995,987.5324529054423,20.913616423563603,90.66165100099578,58.244572479627394
24.444997817409437,988.5845750215722,0.4223727656280851,61.530052094044294,68.59723382439591
74.07772203130133,1033.2930168672244,3.789161413218424,15.376774992136422,61.465998938869895
71.90369317891248,1017.0274197704047,12.757767558085455,48.74443409893614,58.87258758650109
84.13035163703005,982.3413933291781,0.3627808441802449,76.47787455957659,56.22694784279072
69.28849653623038,987.5228590274802,13.858975663512577,64.33451653065362,57.16363222233467
32.551329997913314,1006.7190035805526,15.683752471950118,88.52635736721199,61.621525558278634
88.25299136401586,991.4305842361216,18.64819792761246,74.99828965226166,48.883605194028874
70.18022304149606,1024.201244175001,3.011600309808491,6.161377260988665,62.951985103382185
84.60877592280032,1011.5269414663151,5.43035739381637,11.25126492381554,62.14576648922689
81.92856963008326,1013.6947714284114,18.398501121515853,64.97486987710982,53.72734590080619
43.82915897800707,1005.4554051427067,19.745631373879178,23.840795851193864,57.791136673841436
25.96423798816419,994.0834526484474,0.777006846308288,58.783490263923746,62.972463079159866
34.12035272716679,1012.4171987261401,16.211020863451147,79.22175920939766,61.180770741694154
27.428986745060058,1019.4333525388403,23.549451959964976,57.693158780705204,62.670570057975915
39.47299456641091,1000.4021442696592,2.0730263335618226,41.548857000628935,62.82389357467949
56.76258184207944,1007.7718996839809,12.395185957395592,64.62703111127189,60.506031344626784
92.54484839850262,1026.1826183759617,9.795338190903056,14.361944427463168,58.21292217737528
89.76150047365077,988.1774969002353,27.4099687605605,72.32079955032818,46.584265217176956
77.48798520765824,1009.9873430600755,5.5740717961936594,69.70251137120222,55.798044480422355
21.928988763826077,999.1626964006075,9.550812394334404,51.44033649522891,62.973291716360634
47.31113610564428,1018.6537117019477,26.95334234973909,27.88134950131723,58.571994734605205
74.58787411876159,981.0345633739317,9.919599181799184,79.756378662975,50.82877498105571
30.322311747125468,1016.8760314891754,15.940423217567831,51.05503032280172,62.924286959085485
84.0870280012727,985.6593753708903,0.9910601169263811,5.917690585946877,62.14895417680776
93.1658943990075,983.5622264146511,29.547073085251085,91.861255184066,43.20657126927123
48.328355731026036,1019.8542815527237,24.748401236135685,76.77164364868919,56.24672258864729
76.46744494910666,1015.218818409724,19.032028342400288,58.480514768268165,53.253814076243884
31.856330613497068,1029.2214761990963,1.822658192699409,43.68255172829012,68.64398227315685
75.26531592904216,1008.5810225690354,2.2460988411834206,95.98996980416908,51.646788454437676
21.71643298296346,1009.1513434039941,16.349208923720692,77.50205742654013,63.102521890150065
32.061720544888075,1018.8859809567102,8.551933086103027,53.49930672868365,61.25629147129933
76.7905157286936,997.7868666994289,18.6836834250952,65.31538951838861,53.11885266772612
76.94801783010449,982.0301850482062,17.945774455433174,28.075040172979914,54.730505290047034
71.29301646761417,992.6525204145482,25.159541948378934,19.571594274888483,55.50727004909803
58.18912195073626,993.0907376543001,8.441311821379271,27.33195473040786,58.94547351758475
73.9926472937556,998.4612367653007,17.335905734729778,29.313609928272676,60.14873490152924
81.90406386310306,1031.8904503172255,23.32089956516283,73.97384506387108,49.92606239712457
97.3185327229395,1024.2663539264731,14.723189589669786,14.006104071923254,54.39781203469039
91.0912825238884,1031.4775934862855,24.919309948168333,77.75872017176788,53.37556331323859
83.56273620528997,1034.923527456215,3.9382860472131886,52.33953133612124,59.2716595936983
75.58060133714983,1003.8578452247874,22.0169329544143,38.45731043768018,52.978743792571954
65.93244363458938,992.4890324174168,28.289462745629354,30.03961095936887,55.10234237172449
29.6487058681533,1010.8002288690387,9.956499629806983,51.32006045467552,63.96566048599834
33.244547367871434,1028.4623927671466,10.990093272358948,31.751846263004946,62.82637107874069
85.62236485367195,1005.6152523558018,2.5064903157256415,42.9451992428987,56.95414417858516
84.26503297657764,1007.7969616414739,19.244783387241352,73.90152896823497,51.901320073527636
69.15671407786903,987.3941508260305,16.573521769046106,62.59985063531506,57.250442658781736
55.107210617292274,1003.1250520912268,1.2103727619710336,74.79823764731832,60.23257457097015
22.08261198588845,1001.2847145394718,22.56636080913935,71.29736896431221,60.18905569056058
46.17415540228351,999.3428676575998,24.87853487235075,81.50724933229218,53.84007772356204
53.651172605225426,1028.801426845831,27.213588124222625,20.16899597067129,61.66006788051489
58.86530289387365,983.2615788266783,16.372022585119264,99.51229994733013,55.070857229621566
94.34596788489674,1033.468095059354,13.57740104705272,47.57704498715659,56.40711735027068
28.696751984011428,980.4535753900225,26.28411463596232,71.82329380808706,57.79804801148689
61.509353582381635,1032.0076707672395,11.960904572044171,67.77501630013217,55.76424393488411
49.43378375666238,1010.1426126561199,19.66329375703685,56.61500846170284,60.50161864446746
99.20784953728413,1018.6344884420064,18.46086769202779,99.58162186058675,48.385648981521754
88.94912130263242,990.2923067332317,11.164832994555356,21.731584963688654,56.18412428952506
55.10286833911367,1015.9816346459133,2.6066981269814438,42.172886727902814,64.15555597639863
99.97564874838083,1028.5076717690254,0.6424661601205706,12.773055922543197,60.36504001156073
61.12505971771971,987.6714076908509,12.847132216061617,18.183547198254946,58.74707413168886
33.36942372731205,986.989488675031,14.436047244700704,71.29640635767666,59.58400551744024
64.46997534613716,996.718785003221,24.68034804569676,0.48426787632800394,55.56205963032966
38.096461264291726,988.894924086147,12.432349497344134,88.98206513696505,58.76952313078701
70.90502720610016,986.0855216451341,8.434796242004078,63.31844832686516,59.02772183938217
94.99521399071405,1017.3075469791911,13.862894042254597,44.09050537163301,51.21794859282299
82.89588614680227,991.760463765187,7.139714412720634,33.13611072469256,58.03174869309224
41.853095233524414,1016.6858194671092,2.7408183334486957,12.62740485999162,68.89733288232435
43.74868999728057,1027.40610749137,3.3912910105832172,92.15625864538754,62.78305992648993
25.54305624722496,1015.8613635277151,9.574633796907827,71.23223250352605,62.36761748503823
42.86942685170219,986.565188845347,0.3802925267547208,33.639299892604114,63.26196108956455
27.409983974225376,1011.5467665726095,6.606098600437144,7.093617944062047,68.07466544391578
59.955897546051425,1001.6495776316353,23.625694227970616,32.56828315410176,59.70428011796392
76.66776635986061,998.8854015197372,7.038515772909326,18.463429480908346,57.141347643527254
80.09449291993268,997.5192307746407,3.321885331185477,78.62733132312091,53.577196863256425
24.762338579854326,1031.1187723100804,28.472416799836175,71.95986847563597,58.82972135526874
47.19647185905616,1020.837910117275,18.674103490548582,49.81606273229251,58.3440265423702
43.053741323794696,987.3616834269162,1.8007784830699758,88.58411030910086,60.42447176926662
28.344025838986767,1006.1803013852855,1.8673189948470847,18.0680688139084,71.62947961671071
48.997704874560455,997.5022691389656,18.36366377097509,45.196558543349454,57.176921203907995
43.94560873113889,1033.7866071900278,16.20386406194735,71.06203039641204,59.7602354130345
70.75993834714214,1033.7915935124242,2.051243171789545,6.780234971867916,64.66759165280796
90.66421309869703,997.5743960883169,6.729464249200062,37.26773608947109,56.0373036818481
56.38733766985727,999.366221388,27.87128743456765,57.16648021821802,52.134242971995846
79.73321382134549,1012.96778139251,17.160324314430518,36.680353873702366,55.18613385407636
31.680829368853942,1006.3618857880125,13.209761944434907,48.01989892727509,62.215613193112056
91.59731029150917,991.7205479687143,7.504662357610981,60.81183493670718,55.328420110830514
32.20757905720738,1016.3226691843736,4.010941269056129,36.8390614179585,67.62715241395044
35.368094447951144,998.3770754131381,12.078950523320431,10.601435592246823,62.96860402196756
28.51710428701412,1015.9544074082692,27.670996779939017,13.944449734213238,62.630460035126646
44.774360121642914,1001.102483728029,1.4613418703262504,52.700396955419706,62.84611873212883
64.19283573724209,1018.511544162095,29.729364478285998,17.474002563189728,60.79972659196185
99.03952891250614,1016.7289708989308,6.234381606060234,88.98336721438967,52.66212844495801
83.46944277260351,1007.9847015756551,12.263020811970279,83.4185685123826,51.120341808897535
50.43486423135856,1018.7606994890957,1.3515392449715269,34.90320690060153,63.65682072088608
66.06768463228563,1005.3531121927608,17.54346609324094,83.098717199493,53.58882617504623
69.86464247513662,986.3876064807567,14.506657962029747,53.318783034109494,56.73590239042836
85.81817769978777,990.0158439335545,20.001211042043398,15.905092860294111,56.32805461613167
78.91614283358405,993.5296223791087,16.28034381874418,61.42118545413236,54.28085143595471
65.54329015769123,983.4775910524133,11.94533353941207,67.94511172164064,55.708090353713295
73.53464216317253,1019.1259671346869,22.132700934350122,8.38915784701586,58.28573391602018
79.67340887703197,1000.206462475739,0.7506338336087326,31.445309042203817,60.12181937815087
30.651524730672346,985.1437812979849,16.230870626237856,0.5383987611918939,62.497995169749146
36.036436904430396,1025.0976966399069,3.4162861148702794,31.642880335612634,67.10261545540651
75.08674311260134,1017.6009856454966,13.080249992574998,33.54453329192487,57.44834549700206
88.03404495901057,1004.8723330420236,23.733759505740494,63.02086267790848,48.03958328974903
52.74098261598142,993.6083934301004,4.273822387812006,19.9043279649165,68.52457515112616
98.39122579769648,988.3460241586066,28.07431046317456,3.0090986727792646,53.076198077850634
37.28573861386983,1005.2105805465284,26.655140771742136,31.563453349328142,60.450286833799815
53.33594256347511,1028.688515865581,12.447152126000955,82.56195462589238,57.762374465457924
50.28184347706025,990.3617427799584,0.1792452217780971,39.91452055578261,65.14862066529982
94.42367525811433,1011.2762575945318,23.69234480023458,41.50937698340198,49.9515221897607
42.83028140580316,1032.892729737224,26.426874102368487,46.90275628466023,58.96936022475648
57.66326224337725,1015.0414116120537,5.242142770662977,75.17888308099865,57.91341320001659
34.978707169226354,1004.1980601585727,27.48576626449671,48.00248923785718,60.50828876241465
61.701299084995505,1019.4005135116399,27.422918318840882,9.128275253678241,57.446700015177
88.59233355708729,1025.3517855460289,14.138725531025713,20.63997995996496,59.52173166966508
44.32315695124514,1012.4783963837763,23.941044323935255,18.78973669925751,61.18352659805305
84.86336577302626,1027.9507797446147,13.348439348159651,50.786331840433576,57.38259211384475
92.90492657405008,1008.3025467656656,16.921387977558535,2.9929465065225203,57.64632616147525
25.83663117716509,1025.6515951213441,9.595170294292899,28.361660851276362,69.38948438779559
80.51396290554008,1032.3610582223132,4.784080359624734,60.719494104316865,56.48045040195864
40.427474892039264,1007.5683906862935,22.396097514420955,35.46506755316017,62.43250634369175
34.026213002930334,1013.2750943571929,0.04178533557407049,70.77121584188217,61.402268646791406
68.08979136200288,1013.5207148622409,17.386580689463443,39.12213368567904,57.92857219477365
76.44820929829598,1022.978917497906,25.94058079135391,97.92575283777785,49.15006040216571
51.5808788588171,1025.2631212097583,6.638318603293516,96.53562870583143,56.362788581086804
23.133896566575245,981.4976123913333,9.986983703940071,79.98407144645913,60.286008543977275
92.69636193574345,1020.3347760249713,17.624575585933883,95.43905280515112,48.71448832243898
78.4597533477996,1023.1098384546631,7.406107395934203,20.4778241617663,60.31188472630477
41.733344534641176,1018.523619170203,25.42460571992349,75.09231657963402,56.1726769569318
59.74910845957919,1019.2532612627703,10.99809501337665,32.1658633319457,61.62901811404549
22.22342319736624,982.2771572551349,17.448411594596585,72.52943189429237,59.2988303923485
47.142622544475344,1004.3121264071898,6.783634427976263,37.38934616331993,62.55569151275424
61.80281884680946,1024.9998807346958,1.2415901097295712,28.94206597441855,63.58349067990699
61.37788920930001,1031.3703927712306,5.211007980409819,95.87950952216599,58.40279277277386
36.65479024068329,992.6207356314565,1.3859681282640968,20.98854417558381,68.70896043035064
82.13978929471125,1011.8557217194037,14.058116988396577,75.85685946065627,55.1067758833355
43.90897268213148,1024.2381631752821,17.599121727541483,67.46721632045552,60.01349407241364
66.43280185423781,1021.3824203572552,1.3402562305635823,30.347764180806426,63.901946773939216
41.721778043037986,1014.0389564339043,2.714466646137985,45.834301749227954,65.51929119794961
54.01342983894161,981.0280153544101,14.565750804310527,14.294309592432919,60.787767753308515
36.601170020018415,1019.8137212061362,23.975397966029284,92.12086043707227,58.55990442348177
70.64062340256307,1022.5283376803349,18.840275367471577,96.81198015274306,51.203946776270826
54.046748811308056,1019.7567228644099,3.141306603116083,73.24630317513596,57.35156384514336
21.289384359021142,1022.1195038819476,26.626268215244842,84.94203438326298,57.364761800794625
22.253199521341287,1003.7003190973373,27.5235070436924,8.261743080131867,66.79383409554637
57.690745477713776,1034.6563680258964,9.748704835483826,38.39686179563915,61.691938097560886
34.65806935242835,1022.3932803729963,18.480533756440867,33.08111148822148,63.92383066501844
66.80336385157939,1011.8274002903992,14.769814505541355,56.4951565619069,56.74741525271481
52.655342541761705,1031.3805198360644,28.260713058894666,18.335529467418453,60.835896381948615
72.35358684317782,1029.950908670191,15.262455988462074,56.33813206269976,57.14961655701095
96.19161392511613,1024.8011885933845,28.79897441136193,65.43653655765883,49.005173310896716
62.29889078362029,1011.0032205441072,5.9802765159061835,13.235309185726274,64.64620234347741
82.99028828720796,1008.9905560530692,10.366102730870399,13.172070886544397,58.42756735588654
80.24327970527497,998.0789362585987,23.440357202884123,3.5423389843151076,57.41292908394116
93.74328834590922,993.7982888507172,23.508322067801036,76.08924496241443,48.41171919825882
37.12142937904049,1008.1797734336297,21.965498218701153,33.10085368388047,61.42616642532018
86.18615766279527,1011.7779968941586,25.788343939959123,22.54204557448022,52.81927109661696
92.44163028037494,993.4489537302366,21.076385188314365,77.8094395045229,48.989141980817514
51.42103847580621,1030.7430684009414,19.082554334167014,14.325569008953954,61.62564626996373
45.10529556791745,1010.6500698203876,13.767750392325363,42.71834270973049,63.83465976453808
96.16287277426302,1008.9577928960181,14.012632299879806,74.47866755185272,48.441100325637336
70.21062577110943,1003.9601113601377,12.18484479612725,57.383231758717656,58.590608653609905
50.45411881931747,983.1939212644273,18.60635399111461,55.40001434924231,54.536385556721264
83.34621767453042,1028.5320733952917,12.199917876989806,15.74634107160251,60.296651677354376
44.35791212925721,997.4346824543667,4.4248294225979095,18.093272783474102,64.18211687887631
34.11260688558897,1015.3353183957562,3.1958884862594026,58.25587939097411,66.05645930565214
63.517570863816445,1013.408845743352,27.734168257313335,2.3566861080660084,58.6681950327589
65.29696359284827,1012.146775396149,0.7421672261364931,86.91179889634104,55.974604718077494
86.05971858138705,1008.9141711106371,3.164017854169574,35.04708006409748,61.29835156026611
56.5621884016344,989.9791908387231,13.3591462393676,41.66162170173271,60.84008643506341
85.16692316042733,995.4333157576381,7.887788007131395,25.843233473260007,58.908604299195716
44.90581434786708,1008.8303439198666,12.175467012064377,87.66710992631033,57.40744051759553
66.02945617422336,1023.4138348378309,3.5234214478165002,64.25040728059051,61.471199327192814
36.677822312057266,1003.759393385773,3.9272081054212196,44.99084690350668,62.75777969110964
50.83567607332771,991.2157404175372,24.01973726175346,58.53087956597412,52.32611050447284
88.60317582662809,984.8369433642985,22.773262323009114,38.03695959753909,49.55454244747636
37.2790554748604,1016.4656051921713,3.12758597173843,46.55824782844121,63.90063110186035
84.81915703194142,1003.283698384164,20.0337124469706,35.76321934142845,53.180282330155464
42.62973262779249,986.8953990942452,18.2793397006645,41.06747942108353,59.44340436682516
22.759177574356293,1017.0956783992841,21.40088168040689,31.49765440094303,63.697137905325405
28.7947656045477,991.4168301969905,14.233467136874223,7.7641077546022,64.98825405448689
79.67036362566304,1007.9958826567023,8.099604826003224,3.7346278163168822,57.23624274071336
40.96567412017186,996.8403386292273,19.91037508069584,17.41062042677386,62.704141084526604
72.33164737930178,1031.24295354387,11.14072279568466,25.16377438287304,60.125273829096116
75.93591222057864,992.5558436449141,6.568587030364814,89.04718605896824,53.29250681821582
47.60947715477479,1003.0955186848116,12.258870411578496,61.12486545231047,62.54413065956764
57.99351897689122,1032.7721478255403,22.898095068028617,95.82971696239909,53.7850592862892
52.30136723646485,997.5298848966073,14.273795896086057,33.96468601956296,60.87572357322913
95.78791970836272,1015.452623965605,8.995927903002663,40.1738003800437,57.21956126942526
45.59590898812699,997.4199874038479,24.95605844471485,71.9753227589857,53.37862320002781
34.665843377996865,986.0871238514487,26.44931265542804,57.790207763403046,57.96736556582695
49.24742743004626,1014.5150977976361,12.997512713180242,52.788008038209846,62.14765711327659
73.56125660816097,1030.3817344406937,11.24064062180684,57.556404156392524,57.60201637358245
75.78901522891722,1004.891056697875,18.38096841056895,58.413531227645976,52.21294872668943
93.92458522880055,1014.4397098480857,1.7392333817373906,76.57404242045314,54.05971306963126
90.54035879006474,1013.4894127291143,20.739694817027914,66.8082027315009,51.76911873021638
43.06564163338204,1002.8299336445332,23.468628161317405,95.73142486820682,51.33529986871968
56.413059917407715,1013.8193151320602,11.92325781771515,94.79630180564331,54.09150522760876
79.78151905467472,994.2624946430435,5.2384755002218935,42.19228496782296,61.67063666772243
93.32298244816201,1000.7920847531678,0.8645512542259048,3.572260951191042,61.4035797430835
46.973201028551344,1004.3275370999306,19.117367984612997,1.1074782218727264,65.92942808510077
55.55531473415967,1027.5204775959364,8.069802199047293,12.319340488787777,66.32389596756285
91.95826163628871,999.158309215829,13.916687613638528,7.489739889809554,57.803412586308895
48.67870985267381,1014.9325376463704,11.590665649725926,37.33660489708686,61.854557593657006
58.44103889533886,991.7372110580394,5.246543878423879,5.287459888400292,64.85488482123542
92.36033129744631,993.891335097966,15.25106005382112,62.4914036137118,54.69946195030172
84.17945743918786,1015.6635881502988,13.787805682222139,19.017422599527723,59.51724974331739
39.47447400078423,1021.9270460051632,18.724428686094967,51.39653185695876,61.46333956873265
45.98360523295467,1005.4164447089455,7.556549835893602,10.307878263373516,65.29512455881198
48.23669819674713,998.4304833227771,6.439172395602174,82.7729065828292,60.367071435319694
93.01907787448478,1030.064935576275,24.43035179269416,77.9958828193316,48.94480047503519
99.91469896836313,987.4694298276974,21.065767348921245,38.648722105139534,52.05048668095797
81.9203441724352,1019.6392830707141,23.1661935507469,91.05933325255839,49.164904765279
58.74610419948053,1017.9593912360907,3.698694352650842,18.570064618537717,63.859123664402055
20.81390544539832,1017.9634839500287,6.721189299810529,81.39367052130362,62.55479273534478
75.7990445278366,1031.4481244432939,17.265945486109196,54.585543437663794,55.41316497264607
51.14889315982278,1020.0504665539436,25.71604040618724,32.95800682987405,57.83332425497235
70.63891761828843,996.5860854175271,26.763439295054102,8.436093491760776,59.947306174849835
68.5355170769943,999.437507332777,24.95729886764782,17.131112640775093,55.47726664057796
58.466564525950986,1001.5111035259941,1.3019383825328212,86.28626053556876,59.754777555762615
95.55099181810584,981.6944770753959,24.626375539671788,60.68860751917153,47.21905964901185
21.851707628427334,1030.2430673474541,26.97273532563245,23.709555839649955,64.37643111707096
76.97059875780707,984.0453932125642,1.7024727045795618,49.585287745556464,58.94563244256001
52.78718946396368,1018.4886855153609,12.488426813309642,10.783666982524187,60.50468232602789
77.1032360393289,1020.1588552663821,16.09830969890105,9.884249166859272,56.90968876770198
74.01757180317055,1026.4043277846797,6.98251118650499,90.77646516371682,54.22738058695965
20.81904020607963,1010.4349240577537,15.500569681113317,45.785628926290926,62.41072182372923
42.8270796139737,1019.8895433121095,26.578673638831937,36.15671539511369,59.98566751257317
35.12732164030243,996.6497608456273,26.008275190372935,94.90718266442607,55.938893152791174
33.35890823539938,1021.0071206002035,28.195118437724428,39.90006786071698,58.6821340307482
78.27813472969062,998.8878655494037,14.523293951836262,33.624212805358034,57.116591086613454
39.16410792744997,1029.6561163134684,12.317008358817604,27.29861711578423,64.28514549966562
57.979009198984066,988.985999427151,19.973634570970603,56.50628207470953,56.16962052809503
39.759119622854364,997.3666520870675,12.502817328031025,55.841059227571144,60.20664714855045
66.4187058748264,1007.4323198355322,1.2583378800257328,1.6194175996961602,65.76813115264707
77.64590144479743,1022.6717806431454,21.59764356511365,65.40623239573065,56.57094918855715
46.48597909585412,1021.1839507806668,8.429518238484713,78.83071030264536,61.85442637112919
68.24166786296976,991.5894280878476,1.4725593680157145,61.596454243038956,61.63957429024381
85.98838195309912,987.9329633136488,0.6186322958071244,86.98881382840376,51.98021344976568
27.537942813159333,996.7183282361754,27.940838057319546,27.641636103667587,60.32522492075816
76.8536479233017,1006.6064783421747,7.5622802593250675,19.19794027687425,61.32723115724696
45.85159555483042,1009.6452774654163,13.436975775691906,69.72780938199737,62.28553258569952
29.81199652199554,1003.6025675025403,28.51729358696566,18.855910220032733,63.20529977589008
63.6523366091479,1016.4699564156404,14.025509363421754,9.110487937526301,60.028528035722935
38.10098554141854,1003.5157418978481,2.3582797057893403,9.661506853966184,67.28060816726254
85.70894341353261,1032.0480955466337,16.558081417399777,76.8393493225718,53.73904199553842
23.43167276248609,994.3532866389845,2.6459596036219555,2.87373016681044,70.07160509800079
27.892231701671797,1014.5054666368552,2.8526363512060913,28.945670483919994,66.92978075981524
61.67969007886535,1013.6257866263072,25.54431221407379,12.918640994407681,58.351050622131446
67.11534272615654,995.4866097035256,8.682646300937684,75.49101467995052,56.51623539581984
78.39093316181975,1002.6428193482715,20.36010600337309,50.3493085572984,52.27624326437112
40.74085826017551,1000.1010490691984,15.267730059859852,20.54924144976672,65.20415772336143
87.34083265706334,989.487448301127,6.669800736132425,75.04108986512672,53.01632897963607
96.25138718190266,1006.2512366947349,15.53460895959623,75.03665091381635,50.795119870140205
59.92314428758909,1001.2664239162012,2.069806076992583,52.30226470686507,63.22364748441552
80.84250919758409,989.8074548036938,10.416370487691282,27.584978705520967,57.43003329515492
61.98786836350342,1004.7434024979768,15.685086750614749,58.62770992622216,59.04471325483696
25.55736235297685,1003.2014182542307,6.85183014256956,93.35301007541918,60.26069248589667
46.08892102740968,987.2251122712703,19.805643905440814,5.163638762621881,62.99048490567872
26.9989351701612,987.2153148054906,1.5543576508892032,26.694984662179234,69.42536437128393
99.11032954040108,1015.6129058915134,14.544296936118807,28.496919539267807,53.34837661016696
38.32207296587018,1018.8619442594407,21.4498734386815,63.18116635848827,59.268139890888136
70.8720335532575,1031.7649230949899,12.898381768703185,65.11643966619472,56.92206522300455
42.74760815559499,984.7852579753605,26.23759245956814,20.631539494371342,60.14669841210289
72.25969722847407,986.482382080804,18.96578343721997,21.610059766251066,58.004732969567556
36.8321352696386,982.8499970657351,28.754787481762133,92.82126845191695,52.53461008806957
82.82160527280595,1009.2725636916311,8.523654383249362,75.62988176628109,54.65825887468716
28.86492822693084,1014.2510637862374,28.163679925642413,93.42696985317195,59.58959846017976
91.61203200722242,1002.1937898562687,18.2046776965709,82.96629881626984,52.05445168864772
87.23373540326355,1023.8846221528623,22.35536697640196,40.21179802636985,55.49345791085379
74.30458749107085,1017.768468980209,27.06483351130341,12.190763684516813,56.4765778866782
25.393170171427826,1034.2212231520773,16.535915639754627,62.95503662567378,67.22138704488519
36.685522266314265,987.5842240814824,25.86542375848996,35.19910622576543,61.571921724939706
88.74892765528608,983.2073615388376,16.25090818764166,42.54119905918186,53.6172863038886
29.75795474420761,995.1142038063164,17.97596782851713,42.58797409440582,62.836584344003036
32.47456770464161,981.0477607424265,13.352957186921566,93.65196216642127,57.714399625426445
63.52026590044166,1031.2936285326582,4.369156555203086,6.886241919259362,65.78858580798352
41.9341951739475,996.7173412278496,16.605097000466,19.31037614697384,63.9499950918559
37.766055995514364,1010.3836591834303,29.323446907985435,60.79428710149421,58.82072782507893
66.06507454785444,997.4938298083308,23.615579871968528,88.37580658868934,51.690801509124995
49.806134116642326,993.5194742093853,22.424954542603093,91.7942651869991,51.667420192538565
31.2447917415735,988.3800598186184,19.299264081888886,55.86929265149302,60.98934322204073
62.788301403637156,997.6201256181024,10.437260204617335,3.4561218834396668,63.8729833230241
50.96099226228982,1013.8480411724386,5.088455834351354,36.28810343394739,61.97321456161109
78.76134194190155,1033.439165982814,6.736548049280695,91.8833292172679,55.32506335793406
28.220435385647136,1010.6950622201932,0.18966268627950367,49.99440859730924,69.56240730703874
69.6490595156779,1009.2989986354453,20.204412626950642,72.66132791834842,51.894336523334516
54.919466155459816,981.939465995783,24.35632675669301,26.919342044949467,57.2863078341239
52.48495000419233,1026.205445861723,8.067340535941792,2.50069703359056,68.6354349034564
38.5830150406673,982.4662756248665,2.7555119893281566,57.836018622822415,63.47932691914151
22.43408225621689,1029.8427750756914,10.071812034657535,83.49810044364204,62.68397632960695
87.81513554917164,1009.6269448946194,8.761536882509338,99.02686968900596,52.087616800062484
46.11280688275407,989.2656632878719,13.526290823331955,84.66271078388726,58.98576676865869
74.48728317838777,1004.8439065603552,7.923061629630329,55.39943623211253,57.24163351634869
95.8069919821366,1034.7241464375759,10.191981160350872,60.87275888005379,55.67574886658086
65.19922384657053,996.7795568624251,27.22664338047728,82.41640398711657,52.114307819039134
51.7717522015893,994.8202872701718,10.045060586688185,1.9810696827616159,64.92803907790307
41.461885307896296,986.4903242273379,23.56554140189691,95.16443481944644,55.92656475669377
94.72350341179947,1012.8428291834962,18.77501100673378,53.12212458482315,51.830974387748704
74.56614544409143,984.9074849457679,10.126138368941216,95.20522444899208,51.363305677892214
73.22251146052477,1022.1304435092243,24.533648093410513,76.45181665808313,53.506195755095774
54.09266601162216,1030.5572932881807,17.852282087887946,15.231767861470136,62.18845247589611
87.60389702939446,1031.2529111168524,0.258561827967011,16.525981463962736,60.91621270951207
77.09377496075896,985.9353939082591,2.0618460471719935,35.36459760127133,60.4762137130763
42.65466174248129,1010.7044428544133,22.579186783569565,26.39880219357973,63.57250232757423
67.96629280200384,985.3410420196192,13.39583368755583,43.929875929752626,57.07710817478121
54.41551636810125,1011.4608877816363,12.165233752306218,60.39038708753899,59.43877782037519
20.52721302637704,1024.823932186527,4.374815525874239,43.657949948674165,66.20035446171455
84.60987452014379,1009.5784589266807,4.719557818838107,5.642058470721878,60.65955275153702
29.82642791357606,1027.9629604358674,23.932573502877016,97.56316151509021,58.25468073780334
60.79636048020913,1024.0920895167158,24.870514018843657,42.512213420134955,57.188824552677616
46.89809544678525,995.2101592466961,16.800076219161877,85.10750043217205,56.11319246434845
47.3671232960542,1014.6556255585343,8.853834294170623,7.395429226115214,66.9825786225418
58.18919067310464,980.4076669561872,27.981024500034906,81.0064879716682,52.116566735980534
99.7618483215796,1001.7823053758675,18.7188717298568,17.340463771130498,58.6999055457301
52.67037445051806,993.0878092281363,23.899263583553648,67.94049429969621,55.78679543842462
34.58633838532579,1031.5413990268917,0.09848760864646255,66.18066962550903,60.81092459623167
69.0885070439495,1002.2963956447738,13.509588026260815,90.98067182668595,52.07107212077518
38.9030166431617,1015.9735435632365,26.128472589598676,32.06766803507386,61.6637723585351
28.443930937036033,1020.2589885100484,10.146998496981638,10.895975991564255,66.97738455638195
24.01393376527433,1022.5266896274829,21.79653530616843,86.45658162598754,58.88710268159387
21.830501921574708,1020.467635560964,19.730244753859367,33.15775296403671,62.72833498949967
54.4931718648851,995.9040783543254,4.566550990628983,23.25337890604693,62.80216084712866
54.13806238987149,1017.7337233201072,23.247114817632152,48.62086119883625,58.23626193458234
34.843632006236234,1010.1955215244255,3.3758037093839666,14.613569001178984,68.86274389849956
82.72152430169675,1012.8554965638635,21.837422897158223,29.696335307196907,53.43511649573873
30.3416502335903,980.0448039519815,29.72905010337283,38.52806340646531,60.58576802864996
93.2253754111442,994.2041680524071,28.73944295435288,27.725529349106935,49.23699296225902
67.00607821146178,1031.187603319361,24.00725229171014,45.025950074308206,57.38102431836723
22.209310088394368,995.954184581815,16.035522726891067,38.46506722841247,65.02736900436373
97.03781005941732,1004.0908537237303,20.2447372746222,77.45910311105995,47.668205339434195
44.63530076366829,990.2670690207658,21.843251710322782,91.84086769247098,53.211337356350896
55.99799676622827,987.623140354703,0.2520457283471611,10.092321674785254,65.92295172627304
42.741495439564176,991.4767932751288,3.0709866285886935,82.3302543444191,59.88589187688498
78.2737038427022,1010.4506030876835,17.91177396236587,93.17712077019355,51.401956573337245
58.85441765756309,1030.5465758264559,0.1960362042872732,68.66131459686758,63.088990637849165
30.589836752200206,997.9409548942905,27.267169523204917,99.64196761706884,56.4034597829906
28.336316188756303,997.7874373714384,14.689881396752334,33.50429996648921,62.65953559286663
78.03003306596598,1011.0277322787778,7.733012268153651,83.03099415849654,55.064429189003796
38.96651239450172,999.6208494731225,11.814635087927979,67.37025046768889,59.114090946945424
31.0234699710778,1030.0728826391194,25.523292319200085,32.34287871974576,64.14703154244484
59.954207759827426,1000.7816423453244,27.815786212923474,70.46764835103451,56.21250646423229
84.22122300290432,1006.9743238885707,3.4870494143196016,50.962183905755786,56.175880871718704
42.302619669850436,1009.3364106183726,23.3388190186673,18.897389079712255,61.62546680607407
42.11452893606462,1023.0137287321759,17.34681354649591,17.38796824094627,65.52705878337366
86.71050082083015,1011.0148266678186,17.565082729934602,71.3398846765848,52.37913630196873
31.826703565502612,993.1535305081028,23.38356365687479,71.19304623167335,59.42151059003092
69.33820734292378,986.8192963644502,6.685340603578725,53.07737609614335,58.247406911272996
96.40107863860683,1031.577600067893,15.931349039248747,50.14156672777471,51.906532934693736
87.30425196618461,1024.085964705151,9.580578463524276,18.003844568886183,59.24641364280656
24.945218702378334,981.2630865658904,2.835370349295445,42.928612300430494,68.39471963654006
45.59287012493003,1025.1840941377952,3.152383366698116,87.1397521031101,61.97488296250261
31.389957247409306,1012.4828786647623,4.094144118754523,85.4727306095151,65.8520807918498
95.93925101497118,1008.5391829269219,18.44699546714514,66.09189018080987,47.86287263734155
98.8753252977665,980.6726048462957,3.1749059513193,99.73566779697332,51.30531089695154
38.79944164320303,1022.9475231011428,17.103115277705207,89.31783466896205,57.510364711292254
73.5759235863002,990.8935757832687,17.648911739317793,14.523042356810201,56.44914707998507
87.33053856376947,1020.0389667256743,27.116895303656733,39.913640309370294,55.13161632922686
38.69442275315812,980.8727536051199,18.791297889765428,13.193748475927435,62.218413420874654
35.0144507456782,1023.7994507316403,29.567635226445038,46.60896164292031,58.94640320896906
20.896881859782425,981.2671707595272,0.9297773982250446,77.6382824744832,65.2910841971128
52.95699655532207,992.9741097239886,21.12438409935357,15.578870992875949,56.373475985909415
91.95499699157732,994.7553016881992,0.7944023415912993,88.04220324199034,56.19374436582492
92.2383719245079,988.6629750958809,21.881327336241107,56.90575515405063,54.11594553418016
30.219450200721305,1006.4582007907453,11.575506276121065,74.89444547972451,63.48718249515341
36.348198442271595,995.602837778919,18.339232961777686,4.5155812107600335,65.16741054053931
52.64378647476269,1034.6308386649991,9.286142162650131,9.383815335087176,65.02658903906142
82.44996361309616,1011.8982836350991,4.773151174579472,62.08611863976603,55.01287734480545
68.94811868253828,1011.1562803779832,21.70537554267847,83.81919129287876,55.12146909195764
61.10797948161731,992.147829655855,27.1386114081026,87.38650845252174,53.393557657648174
67.35455073780825,1002.4779191293201,5.507473311001049,68.83693252670817,58.92232048346594
27.695975504183732,986.8187896898,27.62109003610802,20.093872014734348,62.406104992765705
58.213091380392555,1021.9391088737713,4.205463276136313,19.502171466069672,65.07512745652987
99.36506316313027,998.2137585384412,22.06985647648594,88.13627473571538,46.508738673468606
27.075691755127025,1021.3581208366265,28.78335474537018,11.323538551727541,68.19335318999254
61.53973421079091,1000.4432799961212,4.421126452687131,68.60708641084764,58.67880016924645
43.651940932589966,1034.3816482063164,13.0527014026606,53.35068390367454,61.52817717714385
63.19306374895672,989.4116892240042,10.123724470751984,42.14200961370855,61.21230748151325
65.90550080269973,980.0838141635833,11.654332505522945,44.03345661638556,57.828697400082966
66.19783184955807,1012.7154047758112,22.594192173953296,94.52073627351906,52.33454434077377
88.17670282487093,1032.412426004831,19.83566797666678,86.14431998969961,53.765753892863586
51.179793173892875,1015.5879730198288,29.060608933884577,86.4983863881746,54.98303424217478
61.308333013319675,984.71479375115,5.564385100692668,40.66183081436222,61.861252441919625
20.874271917419883,1009.7264210356424,16.297826079776403,10.698120873730732,64.77573097442325
83.16404812638135,1030.021781487575,13.473784362570802,99.78394331176406,53.09607480645826
40.759016590068235,980.3578337334008,27.56568326777249,14.53430872554815,58.236201061768035
85.32440192324131,989.1801717060789,0.3185769743087985,51.558233032865786,56.74525448140964
41.251093310425375,1024.800885585644,29.675112023012826,26.461918859839205,60.5847941975347
20.86307970099938,1029.1648908617615,14.392029431175864,51.07428616499084,65.28800578459128
32.38650545547574,1018.8938341477549,18.766189417007922,30.493319410264807,64.94435759136746
98.85463220577344,1034.53580900019,10.801576674171464,89.68866406209595,53.06500960894594
45.584099675839084,984.9618761272613,25.575800090864966,96.83415957088596,54.9423182160362
28.705912161019775,1010.0122083710108,16.85963835355148,41.00642826378831,61.179615963544244
29.500704290060042,1017.6747097456173,19.884328087492946,7.018964057756049,70.00206847148836
44.827417124577906,1018.6454596202998,19.467141241820293,66.33360993454819,58.8039897471098
23.011603289341043,1023.64165384393,10.919464196931976,37.662556404846825,68.93433513533627
60.9190870497563,1030.4694324804661,2.279729874198475,98.59686559564271,54.09746939954548
37.09927323914562,999.8902795089413,24.231186782821503,8.937477788492043,62.1803334361264
61.54485131174978,982.3629866044199,8.691477575529525,11.912644069516276,59.307683072162945
31.261137495937614,999.9343052964527,25.467906854331133,69.9423114186547,56.79538229446607
54.388578321399386,1016.9388119862979,18.25929026372479,75.86496023537596,56.97624669933161
67.83334867209956,991.7400848033504,10.61111874292434,47.10964042905634,57.47050118192594
24.95999506704864,1024.5485123357291,17.827414469208684,27.726460244013605,67.92820140938456
51.899944740084685,992.0870451747556,19.364780770843126,30.98100491304523,62.763000104775166
44.20190567917502,980.5534871309095,21.20050223276017,33.79729664212709,57.847642760882266
39.22878531909072,1007.9444425822969,24.67014403521214,22.5281990641373,60.5856906738321
68.36277008675972,1019.9553864271991,4.7926482665395405,85.06425481473494,55.68453866344258
67.08335886123258,999.2310437295258,28.3243315430585,6.507720755479751,59.38565769674456
70.45598453421547,1021.1892689745233,12.325218432825325,40.727782407831455,59.22592436651851
32.71061363460171,1004.1122383766555,25.81350895129132,74.76031448409924,57.88189119925742
42.856739588986215,989.4443039518704,6.6143878610335545,0.3825474446726651,67.0274999982039
36.7743022396063,984.9807116589425,0.8708691661414436,87.80325167809283,61.0809981007452
63.24028839982735,1019.0822940699042,17.200321308685524,70.62932123793644,54.78517643011001
56.8852551367693,1001.2143133181582,9.739988372173169,7.3373956834068,63.58569407131853
46.423499007420006,1030.2025572358073,29.533860148438478,89.49965889944382,54.22052463218678
82.88118470947465,1009.7140282215672,3.1336036414614874,48.730499263081796,58.899185910124
27.517899552670624,999.1637830021386,1.4190859801056521,65.22393338903115,62.32861879769966
97.99173510045138,999.1945009844347,1.3505345565939975,88.2033374518842,53.210564587894375
29.3235262252255,987.2290825448957,6.506210856713835,88.11623446894653,60.17414008587175
81.84566500546956,1012.6584034474037,17.37573349096015,40.87441185075016,55.88794895362006
49.45841513286655,1012.0191924475678,15.166901209340752,23.768948502493416,63.99792554230542
89.22097833054445,1023.9996530565071,10.502274145006844,25.74215443461767,56.89065252965012
25.933595902732964,991.0658329356892,2.663793222507278,76.59415863837279,66.11320986370731
49.977736815387026,995.9934303361705,7.012112843829565,92.94303610041405,55.02123293913096
46.835472520018904,985.348088300257,5.524411943541506,7.223067331364996,68.20854617655137
99.45256305804283,996.2438211247899,22.370005114681454,1.501972807401375,56.44849857724894
98.84391959117005,1003.545616366492,23.398391490039423,82.29350614727406,46.286297007053555
35.18431669331104,1033.0215623274692,23.310420391854592,38.66026032540584,60.541983323298886
70.39575685586712,1015.9186301581202,29.07121633242446,27.644924495816102,52.907062919612756
62.841553592875215,1023.0580661378558,26.52713839002096,18.837384761584186,60.01579605396814
32.3498792992591,997.9030436871269,14.934142415355145,34.64806098282446,62.963519907303514
33.42237648835385,987.9482047044453,12.448080627274955,97.14680892780079,57.89402102377608
99.14013827836438,994.1195968052332,27.473055531283855,97.70797745436968,43.187794118354674
56.21839948967462,994.1057230049627,18.3367575614444,33.15135265567044,62.35672440391634
30.06410336000588,1012.0713430561385,8.831960010767858,96.36901182891152,59.30475759587001
37.18320309914034,998.7809122850266,16.93392083145502,29.9863449739617,62.78486727045474
41.46784537988397,1027.1569375383303,29.764482680883788,85.44810952670726,55.97787673969935
60.873381065489546,1034.3699485580073,25.48410180457087,21.20042091547596,58.45912352899992
46.843850360504746,998.8814122894896,8.438391481786248,82.64875883719908,58.12557707195622
56.40094287119368,1018.7783150527856,28.58863277751651,35.37303975571834,56.64931919672355
33.31996408810902,1016.1617620056203,29.443863344373476,19.572351994295122,62.73932187032687
46.1382952470005,990.6954368252755,6.9350087824624564,93.47799074236308,57.87037885193492
25.625327417420323,1030.490472715135,26.867763555040238,21.418433242866985,66.8713864849421
91.1768218780679,990.969342295362,26.49608153096496,99.18352257592417,45.00487858684266
35.90019817348626,1020.5326422418334,1.1926071970212182,10.857389238848981,70.62692518009379
80.5520108342991,999.1185303250871,20.09067579185061,1.0020783390207288,54.617586691472106
47.96414305626768,1000.1894861854935,9.15842139093508,87.0793546077083,57.15853920992436
57.95178551518347,1005.0496979088928,20.238378794756276,58.66044083084812,55.28746422497868
43.300883156898145,1027.5479387930327,27.406760825707305,42.16263020750316,57.39504009546493
75.71530168858959,987.7138567831166,14.963377439685553,8.196392553209419,59.26495376691817
87.5637135419766,983.0013267809114,12.432384923659583,57.48925309816939,53.27992261270566
42.90161477916705,1002.112245040258,27.64593813562252,39.37255852358995,54.486068476807205
39.37741149308739,983.0571804528148,29.22344753215598,48.362191298868275,60.83280209785555
74.51522123711175,1017.8180485681593,1.8670898338140818,63.039186140220835,59.342360557307195
35.61224484541767,1021.8178791264967,27.685442074446218,63.993360563056314,58.4921683127195
71.18718124878178,1027.0091817114292,2.4830560056566653,96.05992413530393,59.45494607637598
27.55424637549084,1020.9113235015978,10.11858640150769,65.50534134393448,65.71319167675331
69.61097279685498,1030.3993266530974,22.877223672909803,33.94041401822309,56.80307617789306
61.07253872083465,1021.1565617497772,23.31110945819086,32.96328277650784,54.70601816773545
29.11245724610467,1031.4841601933122,21.77465672037499,47.71609529076524,63.64744017897565
71.92829078916799,990.6210936815149,1.1733746418320512,25.932769986818304,59.73451175493435
55.72457256272607,1007.4924723077252,3.9889814407227986,37.64389781262889,65.16293184817005
37.36920406536686,1034.6661829837699,28.086494946592456,84.21127719298337,55.62564620478312
48.27073245617419,1017.4868000398494,2.4438416518767236,85.97616028671972,60.15644848591915
59.36816845111437,1028.325261489409,2.356377509193499,62.77924782003404,59.198625018657296
27.32433818115056,981.671658660807,25.069378132736105,58.28409419940833,56.966011900317895
96.60875865026834,1027.946684421264,19.237972596686586,42.70998317335292,53.203926091012406
73.2449724969697,1018.3742279014654,10.549681675355387,63.58989155688466,56.65954434683626
28.20279850301568,989.3915488693241,4.971314612148792,80.605334573149,61.79739805609397
85.82897474627676,981.4124526032978,26.525112596784446,73.78470579089803,52.54351820293843
45.80439447569163,994.2959617969109,29.656132728855365,3.5459515677685904,61.290033451903206
67.7439629370547,1030.3675347446024,1.4991518532848747,73.11299986056335,59.84771697832685
42.17142732636586,1016.7473116285157,16.623401462706052,71.99476671750017,54.465560312623694
78.67247559316857,1030.570800735583,7.839107547174452,9.89905366887026,63.156642321794564
77.84071800000818,1004.5382930371843,24.971605006491124,15.024736458912614,61.45070918975576
64.16347654979344,1031.5144902379382,10.382192753244171,78.7908511180327,57.39893138935518
39.27404739772625,1005.4627898494753,21.438878675590196,55.89895782466019,58.03684564781178
40.29630460097164,991.2340098430084,16.18570264578831,82.16289905856623,58.27944149597621
50.62902373559544,988.3266405301446,16.245701447849108,18.474413490598362,58.822797900882335
31.600973391702823,1034.6596497169273,25.739982935412645,3.061476470633684,65.79803510809772
47.012457055273885,998.3624463811014,14.112132777736926,16.194175467117866,65.75945620023637
74.74836809986499,988.8029163924673,25.36798602433442,45.25700452830191,52.169628591409335
86.4676224047537,980.4624636989913,10.902804841127264,52.32927556099016,53.18675852310689
46.60658323946891,995.7063261591293,5.243488273929151,85.77011220526667,59.5213320238266
38.68722066034912,1028.9013878981395,13.664321329698453,71.62005298520636,60.305093228216165
86.61140626681075,1009.3705126372516,14.950673441310666,99.03906405290796,48.000145106731715
91.2563221908737,1014.7839278338726,14.351495929133744,7.871959137536388,56.99185022478531
52.801721864965145,1030.7315107139793,24.249912356378466,13.022107253992132,60.148138884645945
22.15233230797071,1008.2061954958866,16.940368243802915,8.435559382056967,69.55525991612626
75.59692967153215,1026.1053915218938,26.653322152764087,53.84580465781378,55.81335579314582
82.72265889465035,997.8108302941995,15.425564847478263,26.686077080632597,59.02792035469474
21.441940253155217,1033.7406024562672,6.741452486460128,68.36329400971047,67.42201142093961
67.60246826732106,984.3347630431849,3.884875207882579,13.269088845665532,62.57068361267129
67.069500659534,1019.8656239032296,26.05088462833863,10.31913995621263,56.82201305421756
50.296632699833125,1016.3311457718162,1.6851839670663515,46.01654699929478,66.39313930396135
79.98138606806702,990.541932821795,3.528288357592868,37.58983532633239,59.36123147329657
54.25432304914885,1001.3864199365595,1.9097555675292321,82.9164915995099,57.56009549432386
74.14207614330913,997.2056014227353,12.712025915454607,83.75540750429987,52.24351081026717
61.369384370812156,985.1971077582873,15.978468491807803,11.742866787347516,57.99368886105553
39.877168376227516,1012.1633412622963,0.596241930678022,81.23227798420454,59.16366354354199
68.52006904081054,1034.651841506084,15.467585006748129,56.416498237862115,58.42718712631422
78.95267958766733,1010.7773477579365,11.812784138718781,50.355827387670004,54.37835407717548
97.91245387496029,1009.989294878365,23.209355473676943,9.476337624461472,52.791556330019056
50.408715744193074,982.2172539045001,24.898698652386695,73.96307689945837,54.65557331106368
25.157803573308087,987.657112285003,20.54902309158616,5.963378239739603,64.78008066033114
99.03769769770815,1008.2270499006244,14.204866059498718,27.769176964959996,53.416481354906566
69.9045327540429,1034.1848210301239,6.484457851259644,9.54315347640231,66.23121841068259
95.71603665286153,1028.2134254504022,25.413446019076805,53.07676098409237,48.42365105143604
28.30616688088955,998.7115016755242,10.250074201332506,64.52300587095922,60.30811694784693
47.36270718963661,1009.865233982547,10.688756615848476,89.08551464804248,59.315291988710236
30.714935909817946,1010.3986222239776,27.480346415611344,73.38719209962635,56.94060319478232
86.84081236656476,1017.6948337019201,29.26791766793739,96.11043989137667,46.478410887154276
90.42741931434529,1017.8280122681526,26.943928691535124,76.09498328844452,47.38316190155224
60.104935990001636,1023.4385868612286,29.947041706832433,29.807310329245173,57.659219958559724
34.928497412962436,981.3734063661825,26.06726531704432,54.758481056316555,58.52430420324015
30.169517523176683,1031.9024104850596,21.130725528602454,45.79396393200158,63.01889188982735
67.05312880641654,983.8534125294086,8.814581987144186,56.59687236373444,56.515449435951254
60.51010596682404,1006.1888061312317,28.588711466996287,57.20893394123924,53.0952904820371
75.5831281894134,1030.5768601997474,26.29880494841261,70.21010854690262,52.40052634929318
44.4165810095993,1006.8217856077094,7.222403772469597,8.304381464556432,67.88020446921229
52.18943960194898,983.5000258828214,14.674874197254809,74.67451288817513,59.691592431298616
21.70888590809259,992.6082010896566,2.1016698187665037,14.374361323325724,71.7730683602684
68.81144360604232,1011.8266715452633,28.59926589801651,2.620730492001555,58.702202622452674
53.85148170771822,984.8323889844432,17.18304983164368,51.89055419614622,59.636483620726736
93.58117070507583,1003.3022862059513,7.356016377844963,58.14769606621968,52.47661149692082
71.34290381638439,998.1001296405273,8.771979408716271,3.4851070117028926,60.46597970579376
51.895559315975504,1024.8364195303332,29.41969117889579,51.537111478002295,57.67514848111443
41.08713446986803,986.0572566084497,18.46842875412593,53.457020836547166,59.172861677715346
92.42279540861111,1017.5539147587333,12.620493723192112,5.249490126498113,58.87116612121521
21.30120592939546,1002.362398898175,14.995363853566143,71.1585285114676,64.22082916605179
46.15299738019138,1012.3262874259781,2.956502171320301,21.028970178438733,67.63190964488074
95.4804467030428,991.3042474556299,2.2506828021862804,79.44592138252959,51.44802416350068
72.32264055852593,1013.5337026618894,17.781232299011545,31.082212979989198,57.78238666052204
62.617525702663926,1017.0687750078862,15.360121093209493,47.789253146421686,56.96947097254926
36.282777433634195,983.8627360563593,10.774595739103233,89.18508794188669,57.68446438753034
86.66998194035097,1025.3389347170614,16.983418575340934,80.61794668525476,49.23820550981827
36.33592500742209,1027.3689762088534,2.180278483115168,78.18635785854552,64.08487284401657
39.8602825217,983.4954730625537,28.31973514294639,16.043419761542154,56.78477495314953
35.34809142974842,1013.1753118453507,8.811350633526656,4.814238669960879,68.34626183730714
32.651956845561756,1012.6706323334724,2.1533637201599665,60.57589506806041,67.6698249307888
96.26499967830424,980.6852126527643,5.085128177223122,41.06916424888478,56.185448384313304
68.16252769130467,998.8290527675773,2.8642174344755054,90.9077276430474,56.83350943104908
71.02697056080751,1033.290918049256,5.358135130790437,34.95932635631019,64.30331787237226
96.34603725430269,1010.5497913747809,12.502621644798356,41.05483509979223,55.14944610292808
38.44600441004501,1031.3266491507827,22.141526818065625,52.600054304891955,59.18984128090042
20.473403087815363,1017.1604549732562,8.170450423651193,79.64006656321119,64.42678141790434
67.9106919656233,981.5614785022802,13.077798658249316,26.829905410080247,62.187457948948435
60.627588257932686,984.2742258926615,27.862718636647088,94.18206571623742,48.80983597819964
58.212030191863526,1019.7198425452083,8.874652179779263,53.99211127215382,58.03473424278916
24.95041689969593,1010.501228470296,23.841592597941293,84.09772611744091,60.096105930191634
56.35478932598276,986.9933415529931,4.734506174470993,52.56184834560188,60.23464514962285
43.004765207255915,1013.7734473094489,5.349652387717429,77.19931957400134,60.62926107254038
41.965174177945045,1024.5658048312507,13.68458620428797,5.142075248429467,63.58882053924861
37.790526414327424,1021.4140336572937,7.02306751399159,79.92124816830136,58.528313623804486
46.60226878036566,993.5389353017637,27.090842213827806,52.395942980994235,54.16525703318265
48.250646011472995,994.2007231660824,1.5225687337043337,44.94155881865826,66.46133108159285
44.7020621089598,1033.2310792806163,17.91817698431519,11.160966661186789,64.23553863824688
98.30021725756072,1028.8072641183994,18.126881884485595,74.1562538908513,47.41078112601618
94.61848684075898,997.5085522936979,1.9807778255834307,13.116365250413885,61.294420078178874
65.96080796198898,1025.3229969317954,21.97692644612674,19.231781280399307,61.308725709635
98.48438707282479,988.89561913529,14.06692633536588,12.642325570964829,57.46767019519833
99.29584082553521,990.826260572961,21.692201204844256,0.6575607713656173,53.502462779096646
48.4751768013842,989.965782961494,24.807749578052096,66.19137800671837,55.34624806206501
55.615003659179564,984.8246426257433,9.686980559720816,27.08440447716065,61.709967812724294
96.72494215877325,1027.0072963888745,14.53457648806463,14.947045919080127,59.26402645058686
68.69009594389493,1011.8343794012517,7.822823393040341,31.997248251433263,59.65555324173155
37.0343266269818,994.2425850871666,6.04540390567005,49.90846915466772,62.352582060403165
75.15045346692003,1026.6760268000178,0.017842741279722185,50.34125208842861,62.01493056261138
36.459694563687,1024.1455717666051,28.90894536239512,36.71960083319594,62.5087227997861
47.14861949374766,985.5523334970266,13.227854079889447,49.4932271041429,59.98835547792533
38.20481304762812,1015.4276655554235,0.3920931917662207,42.734145779499414,67.57642153881469
39.59841727470738,1019.7008480839174,0.268157327041445,82.26652469844858,63.4023141998476
20.372446525342582,1019.370503534228,8.650577056535852,2.9613967491181947,69.86715686751617
90.45670657595615,1019.7728489319666,0.4181303613035525,86.80301333230469,53.680933556700445
43.679239622063506,989.320178210697,11.23543852975645,24.391525567862537,61.18379168464573
26.909950361823558,997.3297549847823,1.8881550431684357,72.17822150362505,63.50382225284873
26.95899245448708,1026.4298179677455,1.1775477345092922,40.50396163405059,66.72173345162204
64.48146211687617,1029.4115462625152,20.0814418222365,29.433296450478608,59.639486920878745
99.43364404271497,995.3553887610678,27.20523868328654,61.53473729998845,50.36666267056498
31.60179738161533,981.2660733897764,12.28159749906838,76.88844188631043,60.65611543514444
27.969742475972758,1027.287182094136,25.10311290827798,44.99364531036038,60.36349004903519
55.064310432167254,1000.7400510803795,0.8779638340724139,46.6553843065481,64.35771252119487
65.06650030726362,998.1204955777965,23.330701679105474,5.885648476767946,59.395704172083995
43.55042871023524,999.0849823828744,1.8839997696867272,92.39959806278438,61.45855403861646
44.201767401109315,1002.8633033182202,25.15318269592055,84.68966964462588,54.48593589706396
53.958120147915956,1000.8046641910206,26.47099034616192,39.79927875424357,59.17685648874675
45.13164921204848,1011.1536994523458,23.57921527146943,76.49506131605584,58.69287012985685
93.22652668548133,984.3417153174005,24.622470732338673,31.32791757084592,51.39651766073629
23.35636570325032,1033.4347106869684,16.84453698996957,73.04217930127749,64.07263830428187
38.76561278962197,1031.5048068959688,7.946548277479558,51.669171656406036,66.30786002924208
84.6842236981937,1031.3923655638525,19.296930079829,46.076672221975144,54.205024763150455
86.71664997319654,1028.3602693245052,13.186249472290841,5.6522997258114716,59.23193736512045
28.92440631713609,1016.3179466199952,0.16009682757137988,96.54219218088629,63.69428177882997
97.90107600101733,992.1609709511638,14.30477119304505,83.74089698784204,47.749736595762904
75.46838799192871,982.7215917930505,19.535637736516367,79.33880679864465,52.55258401570998
41.80744447868765,985.4626585629971,0.41650979073962313,30.491619765372423,67.44447370988097
56.48302918515636,997.8195875256083,18.64081008324473,28.959018442373363,59.2044102978577
43.77108956543737,1007.7135664022682,19.57595718650569,57.31930965946492,59.8750752497256
32.00177998835355,1034.6289189151637,4.743227347166902,84.62231962261487,66.14674278440532
43.29424517991321,1003.949392048703,12.932225554695286,93.46284061686524,57.22448189229279
66.40735499916947,1008.8555349770257,28.929978026673975,26.892902600780555,56.65766843020327
86.0775755868375,1018.2336485953444,26.525676833993476,60.74148003194174,50.30131003172903
49.08232599116617,989.9403683746287,12.324642685747582,72.39027998934652,57.288091427400666
47.83212324382734,1031.3054850859241,10.495388040724666,22.639214518322394,65.25782461586692
57.44005608650581,1009.0969033213504,3.7224204293056795,40.74686302224243,62.991978791936255
71.56444799714771,995.1940990080973,1.0556725362047936,18.74742737136407,63.30851014814126
80.12930099458474,1031.4309942486361,8.923883323262361,69.89050777683342,56.55271891711947
46.143960383957904,1014.3997840207422,28.208500412467153,86.37851365451978,55.529248178896125
66.90819742601111,1006.6029352187065,28.75840354001002,87.7534354551655,54.01594622315931
51.14886730247059,1011.9085750478425,24.375580217288288,67.0088870492707,58.25724561782941
77.31198802907087,1021.1566220397874,10.524744405595785,34.71523601743633,59.45014875217708
33.17399364136166,988.4995902031125,4.308792986463335,66.10403768542544,64.10719589747639
40.55398920410369,1027.5656736886774,17.86600426817038,86.42667271708186,58.10087005821483
54.08483358741998,1032.7728745664017,19.395150216185442,62.585583393578325,58.05601535496216
91.15318319370941,1011.1849808462541,12.737207077368122,41.289194029586554,56.17341413829344
65.86606314805522,1017.5248965738679,20.74940386675921,91.98027507189988,53.43308382279318
97.23168951851294,1027.2908414465433,22.40045656955206,83.52165932694264,50.6524669587581
28.262214822486705,1000.6145847279075,23.4918499072434,88.24352402478118,60.133538173152786
56.81403309207479,1034.605748718532,15.068943340725218,90.31920210402944,56.68617425163762
53.52628240363074,1017.4275753118794,23.749223326792002,39.381230766031315,54.96376658853946
68.01649411247747,1003.319928409689,0.7642927880837036,85.96390075073352,61.52367782885945
84.95716869660626,1017.2535886250895,20.412131002166088,57.03496712466978,52.10624814046928
87.31584204664482,1008.692401788239,7.069018711514396,3.8158973554040077,60.52908436379955
73.61556869644066,986.1402864346101,8.115608750629598,63.58363565201176,57.59716922920851
71.32290913964428,1023.7725917623125,2.7390511982019694,47.06189242944953,63.33890547555695
95.9223633635846,1011.0406569139112,5.771767907795379,27.515465918729742,60.659954096997765
50.694992131073974,1023.7715056830639,29.760246990060086,97.03831400470395,52.4885128917887
86.62266513507906,988.5201567202106,12.46170391690426,5.507085829297409,60.132855233473975
93.72029816738353,1009.6096436240426,27.832961960660565,94.58773907070665,47.157445248107265
59.32313954121575,1022.1643349717102,4.886985845783942,15.926706063463813,69.42998612754523
78.32820628826403,1034.3567512174939,6.121765262955586,37.69881793005322,62.059492858985074
50.161588533672486,1028.6418502011893,16.734400614452138,41.72351754193493,60.78050081188671
32.71032113563233,1027.5392294883352,10.485976226372474,73.10205186608138,61.29783173235812
66.92031051779402,993.6103075980519,19.317456257243883,21.560920873670455,53.42426648792324
35.71773206796255,1026.0891530939975,12.66139727161291,98.61018432275392,60.84615892362623
56.607930464309526,989.3104702648629,24.34791712396386,74.90118527640229,55.8173629022283
89.83034506626666,990.8959215501638,12.946772135132512,78.99526383470547,52.94679976142692
26.88145500509444,986.056420905891,17.170475473147917,10.642877271489448,61.02984353020076
22.434282853171972,1027.1678091892584,9.632196000711863,47.631200950945015,64.23860508189992
68.51822779055101,985.9539973048226,21.12122962315962,94.56093504782889,52.180725774208256
46.48490612759161,987.5961313859756,19.642026268971424,27.00660715518065,63.67401692050841
53.43501655407322,993.5237932545313,11.910030983221732,14.53836549508597,62.48512541675709
52.45684709266652,1011.4964325016352,8.280963083717896,48.539445976418826,63.60266664898749
26.929618320765087,1028.4099101915222,18.42313124460897,93.03930696512083,58.186094008994935
20.285314614367564,1003.0025485390562,28.294549476330232,48.679062443062726,61.48217284365372
91.87385942914115,1010.0457272055481,3.979290720798047,40.483430291965895,56.89286483457226
37.42388487229971,989.1569169976489,23.973498550366813,65.02724367137766,59.89480087065472
54.08631934914307,994.6270220743785,16.28975318424272,93.68839988505513,54.132917298053094
97.75406373368628,987.3659169367177,15.766790855215774,4.905744920406607,58.515992640936176
86.14100655869218,1002.5455364676899,28.850524427279375,15.33955454766912,53.18699253375442
28.634468421016173,1012.4684612273006,18.176243927056703,13.275431004426041,63.67171933074744
60.681522529006855,995.6210741518399,24.915534832455542,8.533298229916564,56.945713848287106
78.40632211960127,1026.5297720566136,15.434317466270898,30.210608064839583,56.90444571434331
75.871422799937,1033.9681093053648,7.49560101765268,22.930903312031003,61.93665962310929
80.86734819235761,986.608516877302,20.83470814374329,54.86912662093353,51.63806732555392
56.59637239104282,980.9823030808428,27.695307133320117,32.72894217257033,54.73083483126989
34.073834346422565,1023.4377299067131,25.236902868302266,40.520786145787625,62.8771999283285
57.18979551354981,990.485347279184,5.95090818720254,94.18646904998126,51.23810649454652
71.83097993386336,999.4230625963472,9.506673571864507,15.565564126940624,59.806575045068854
68.68736692841344,1001.6827170051696,15.50642021921033,38.845732679480214,55.37831130586052
25.641764303088593,1030.412966389552,17.14809885708196,25.70818405187818,64.46317658267917
25.196194726575342,1016.2361018671389,5.814423433755848,54.91659823577522,66.46183101085863
97.22062649241695,982.2335219666589,6.900370200454937,73.63362265466444,51.72104578125385
32.144436403181686,980.8145632392785,22.764932071063093,81.6987873417865,56.65176232793841
43.55699712093775,990.9762453641654,21.909522501448272,51.52966945173656,60.64686204706064
81.41075857249324,997.4994567479991,25.17626443886673,85.49165915269425,49.53045295457021
52.77416606585399,1006.648810874763,27.987894218406932,78.50755078773174,57.32315227998459
34.51718826080261,1026.081167676987,9.24783356708075,15.700406143373847,68.57962278512038
57.378590584782515,997.3149765819118,25.787848697117383,24.542875901999516,56.13534073036163
65.51599766106926,1000.7095470599411,19.98035373828559,67.1720528333421,58.31349511851123
56.22132874224605,998.1135861505312,28.733112716753983,97.47940197406079,52.010303417654804
93.51568603776872,980.4930934818099,8.162224680702476,37.612970060000016,58.51192320526325
42.77594360796034,1032.5360846514966,8.090145049185768,22.98078406447407,65.54508087995248
72.90657285597368,987.6447736275061,21.1288034607818,86.9129434295579,51.82458582247838
28.983577712791817,995.8217113011785,27.85232322114829,19.961195954288257,62.70316081108338
51.38283661312212,987.1116816153043,24.73667474359304,69.74082740498616,54.71100210075481
79.27946012679789,1006.9798735886197,21.811186733800685,3.4249070355864553,59.949942670284415
37.98535524715724,1031.2691363218375,11.619275941721648,1.898051509790366,70.97494667489403
67.181683652353,985.5385394694017,21.533020041059217,45.15667139441647,51.22033300759529
32.274962336724826,1004.2493307973673,24.032867292924433,65.65401275499032,60.53486411274036
28.216135308909685,981.2306165174368,22.59857039371813,14.243445395876842,61.617579276529206
61.85861991400341,1022.3994021762381,20.30432394858369,76.38824530015378,50.762987271825196
74.00087968688229,1015.2674378954933,1.4139375507210894,12.873648241197156,64.0578221774469
29.069365298758676,1018.4834265038933,19.791447993444258,53.37078078716747,63.09610009950725
93.4221001898332,1005.9784998492653,14.348839664487311,30.829919227708046,56.39645042626855
38.06178101579735,1029.9198166256024,28.847078146490567,75.22532767832053,57.92557994199256
29.598024652744,1002.5256597979935,18.21569650131213,80.4116753563884,61.24950994207964
36.21591266801684,1008.2746791132893,18.24681768705898,6.609123956247109,63.722678083644894
33.56579652254736,1018.2409072248846,29.821655621092496,19.260456930746493,62.17251825135929
27.25397204903592,1008.6308352602503,2.807633693427163,89.26441095693956,64.6707755863141
83.8271387822966,990.413460635398,8.289488553010587,41.56128366008668,59.08051379761872
59.64302197952888,997.4388839924702,19.682383169070768,47.673586537304544,57.29554119847126
51.081555230294626,985.0761957476343,9.45708768103124,16.802384166256644,62.64751987426734
96.05023415873065,1003.7937423469514,10.384504437873657,99.48947965009928,50.089500078460304
49.68067096518326,1013.5165651197481,26.779348193913258,92.30476828393259,51.86087585901656
33.35781808377515,986.5191469348027,17.380617151193896,0.20246709822436815,66.48106522346772
41.9234313541277,1014.6822916808571,3.0859674841246374,55.073468265788506,61.49823719958383
39.117322687087714,1029.107967686366,9.325877571978655,87.22673836031547,61.69084722803884
59.899302365064386,998.5748053142036,2.2817512949825414,43.05336062339602,62.09562378425819
43.32040991636592,992.2118202920351,16.683898003414356,43.681425857668486,57.733172137008445
61.284893774908944,1029.1153335113047,5.1980458912796905,37.934715672628926,59.94848756446838
73.54347399574311,1018.0569879743651,25.713454500753187,2.882833515532346,56.495123461818686
82.18390285706063,985.7967177431104,17.319420793694995,79.02833358537028,50.83306583642047
76.81262250137847,1002.4461573633953,1.7812692579328404,45.678520339109475,62.14121668468961
36.447257316508875,1017.0749279865001,9.026269908729569,53.10656384037258,63.51149263817965
29.271977539420302,1011.59111312365,18.490130017083803,25.568511680663843,65.38851093951834
63.396012728100075,1014.020091564243,10.064949545814848,78.41184920668195,59.542106109467035
35.91294329665161,1011.1924345685659,15.395300057818671,79.3748546704448,61.79364362422933
26.79469774172106,1023.8933750917689,27.28086884048207,55.29208168517593,60.680239114310844
62.167547438353374,997.6234826238339,10.50107911518835,90.46279258001638,54.44756850801785
46.143534808623635,1018.965429134465,10.076185874093639,11.588423072664188,66.28890483719834
80.4919209550803,1034.5093693371857,24.59270523938096,78.66266646435993,50.631367729865076
45.13533044387344,1001.4477371779649,9.562695687503098,55.85841423206646,64.69491123463696
98.2973709644651,1023.5076573005136,2.3387503242117678,23.101316703644926,60.324945028989674
80.68185530085665,993.5360080424894,5.428348627124847,13.23037826518949,60.599297955925316
24.61545771910897,995.5043191756228,28.46400752388903,30.100704032283833,62.52660508451498
60.70981922850209,1031.417513080095,27.998783777331642,85.6315918101452,53.62092003090843
65.00964009712882,981.4266095936779,6.744362723344434,78.7619349676136,55.85557955708807
75.62421685452782,991.9585039673456,16.605056192960575,64.51324258180401,54.91988204656144
59.82374376270066,1006.5606383796602,4.121043012690086,9.032700778367742,64.09878173476842
58.67548787316586,1002.1016191937302,20.240328855346075,95.48306397433038,57.07005343337899
49.43508893420902,1014.6043352179267,5.5591738802943205,30.544013237540714,63.08872941902558
41.7169107119339,990.599712769821,1.4937126876481188,60.69999833450584,64.0528592308041
95.69601695813876,983.8800852402692,24.746904216263978,80.31018708054341,45.98035215791897
45.407733570749755,1000.3133368792617,9.762011481708772,13.285583445875805,63.27032845310066
25.073705966426452,1008.83953831793,3.25567210680291,65.21967422558731,62.34607191747702
33.38277914347298,1010.9101010396702,25.017118525866756,3.229599670421257,64.65699475355704
88.58213088330318,1013.0821437948357,22.871924326384452,10.178931150434112,54.745231905785644
66.93067672987071,1010.1764097668855,20.512753512959044,72.3143634427142,56.40421856140729
82.30244395016526,993.5163584034153,27.337461295335878,15.508215557279414,55.064196881905836
84.70252369117554,1022.0502354782951,14.676782606119055,44.35067233053783,56.22618581193542
85.85891513688586,984.8279143956669,3.8416949276039314,24.833255077736915,56.02829737400222
64.0490966195687,990.90946337537,1.8403922968535857,42.122950866994216,62.25190944726885
34.16964765592839,1020.6657904960513,9.553230538789759,7.722024029147089,66.50325184096857
31.85862017889134,995.3849373757888,2.6049249041224867,75.49005440409894,60.76705923676684
65.918753630009,1007.1410392885173,16.06528321041256,7.904117739411443,61.524102568435154
49.32114829485411,997.9958757470557,0.43497053469473634,83.791449736047,58.44467745615327
64.64385929966139,1007.8839666388802,13.312899045281277,66.26088641695613,53.225659635264954
59.87822753902918,999.066068997105,5.353808695607563,41.65855756642832,63.64461386845939
68.17584637580387,1034.6814394448327,11.048041316014745,86.64865434704919,55.45766033951431
22.568943258925227,999.661267414698,20.251022243120673,18.61312786763285,61.90922491232533
22.62693445040987,1014.4877179568705,10.528913131521046,26.456422741482545,65.70406118929694
77.7276136678807,1028.8588769707983,10.240196616006457,13.712366165920663,59.540281706645544
35.45017950581759,1015.0864246900612,29.72252198518506,38.1568693290035,61.86235914164243
72.1758769753645,1011.1221490310285,21.564441681788587,98.67331847340876,48.34018654846787
63.72607286331636,1011.3076200115914,15.415851355501541,16.102737780069464,58.341180702536484
98.54355771236987,1007.3053391007862,17.381269529927383,83.09764858657987,51.28227602856205
86.83247031064498,1024.416922077245,18.60547894556433,65.1880071673072,52.275876994676075
53.050761706507956,982.773324309876,0.7372619682252579,1.5814130611859545,66.45280510788808
69.3130256074532,1028.682144936113,2.407937715757428,94.48901929377001,56.70556038976343
29.383156578037763,1012.2460721135103,19.475680540699553,97.10912652249847,62.081745423139566
50.91088343699048,1026.6880271690661,10.934065765449411,92.49007018615434,55.97671523430266
78.71101928718994,980.5715986399315,1.6633212069577519,50.173965770703376,58.4942716902239
69.81372673029229,1027.810202217889,8.925397381548784,22.037518247587894,64.35132013104084
58.75770595018863,986.6075635545296,3.9085026126417057,39.126467747048146,60.86842875823673
34.12232832421353,1019.666990351582,27.48941526678964,61.41915464162311,57.525650877667445
84.25167409260357,1002.9086766088315,6.087761776593451,37.88363809174498,59.30674991444562
41.853328352926155,1017.4589815103858,4.310735921821573,70.81716508696829,64.48461947856113
85.63832653295276,1014.5504355722551,18.785064512658497,79.55755477765184,50.23557129958618
68.92872502359948,988.9868100886983,15.65735790830498,20.939289864805765,61.26263485277708
49.818514235902995,1008.3037570446154,17.27797362107376,40.494190828280054,60.39254244073452
23.24841775679932,995.2476760256998,13.078444441209458,95.77443760260599,61.30684859202812
38.593507547550146,1010.8240263566407,14.015079327963885,24.9806801262638,66.82061682301216
91.12567403905311,1020.5901805679064,23.363926675413886,34.6447488594429,54.925998945668496
85.4379475116574,984.469212802001,6.597665544770022,3.566050385197228,59.62792745257043
65.98826503472783,1008.3669332942064,11.895879084937024,33.23660411036013,58.594673684764345
57.305797116970155,1013.9696401419242,28.734761547838477,37.09313981041026,61.687084637567246
71.77141434640873,996.2452099478468,5.699571035581355,9.983555962682233,60.44028988954675
57.29985022746412,1032.4151915537805,8.813207851256012,0.14422499849572334,66.05942253450242
71.54438725753123,1008.6166554028756,5.747007728579716,57.540548436871006,59.49099321765245
44.59232797281263,990.0384399415263,0.614864890744069,30.15266013287188,66.34991641193629
87.07977743291801,985.9283543989607,8.09489775125011,1.7823837260092068,63.039282902559165
76.15343147722133,1009.7912752040951,1.3940233788671752,85.99443039671795,56.82620272128645
46.39805027421534,1000.638110961981,4.640553792199,58.4409677066641,62.059282348209514
86.45328918587529,990.5900903772612,10.88046210202844,17.116835049182043,60.36024841146106
58.98740246825432,981.6884167732176,0.6216365120687473,86.52466229409765,58.09745272622553
33.97110917899692,1011.1630044020834,22.588696977921497,25.358597047298037,64.25183559940398
26.21699696028213,1012.9230130258514,23.867670413086405,22.744573153625602,64.14778923090404
75.96845981097763,987.7991430649807,12.342414072550888,89.4634056997269,54.53177562591959
89.20966433664086,1013.0955927373667,29.53997938122808,17.945787945947366,54.627523076771794
84.5953590875635,1032.358501508918,20.369817444230975,87.89857931690744,50.75509371188864
72.45208241777215,1033.8062585494356,22.31165243942247,80.2973301247801,50.1635157404885
31.31000444838144,1028.8671115106354,5.769012709984002,30.977754082923337,64.52467460285881
27.523526078132285,1024.3893219459658,25.1231286846514,3.4397081153135556,61.97840368175838
47.602369840938024,991.5152310192332,28.351391940645183,8.257310355131697,59.60766698598654
88.3928712319015,988.6039350372762,7.089304997213754,10.952826776957746,54.40194829914802
96.93890162453313,1004.4721181256945,20.593928831591406,89.07988351604781,48.075194015492244
39.3088683877657,1014.0797463225204,22.40823145989994,40.40359780374756,61.07329513018895
80.9676536465376,1026.7873276204607,9.155075154286472,3.252975728649432,62.918545811249274
65.90953735257645,992.7579672625241,14.250270077168892,55.654846205567964,57.71681628266518
22.54458936623542,1006.3806345286183,2.926172807421723,20.799225060699168,71.10144889227212
63.433307994635186,1015.6092133076265,5.1928441187852385,23.512604260801893,63.67518218617304
84.47523223914841,1004.507661999393,1.847115709415842,16.084173491807864,60.178134065299716
42.08982266752212,1004.9806522393607,16.80496471635881,76.20214623987172,58.39757051212134
91.78892991763688,992.3814438565554,18.757886918318082,0.06128938052726296,54.69958425451932
38.90083254997095,1034.2663497701092,27.48358750301199,43.89841638968451,60.5633146723911
26.117850611524347,1006.1356305874094,16.265544318708045,8.687116640248338,63.714840230193076
32.795144755165126,1009.3008069973021,7.818341124242998,55.23746010045535,65.9980422947315
86.96022949767347,992.0207610207756,1.7842063977335643,34.599234616134254,56.700936651518546
53.384473523162264,1008.2775195082501,26.548591582525106,2.8351580776428187,60.73639078903333
83.75564508973261,994.0442257193869,14.365742355841602,46.09742311550441,55.49785383066849
62.49864487916761,991.1284938260907,22.119659683269635,57.05854978648025,57.26864537281054
58.44472998355451,995.1647238018614,0.4394804578676692,24.765403166271717,60.92268304218664
84.55305211939722,980.1517806677905,14.644167679932528,76.55118970710588,51.152149747025604
53.879008936990076,1011.3583111600926,9.771678694994957,37.10487657942833,62.95089740997619
84.16261848530947,1001.3114003037564,0.9099381784148053,74.93465141440143,59.35793690501985
28.052973197075648,1029.4278960556662,23.27018421217375,57.901572900876765,61.449608068529706
70.90486524314052,982.2388945486887,15.387049586808397,86.9253067986885,51.78321678046222
76.20696452415878,982.3760165470662,9.995407289733928,54.69247909822715,59.63832559412727
91.92779169133941,1028.723043452192,24.17395451722198,18.5627193320706,56.275856017854245
37.94591349729559,986.9654553212388,13.407703555504995,82.25911942786863,61.3266156344708
68.33759040742812,980.1188057268201,0.10493869104903908,78.30352501747905,55.48642368393869
54.66052509513784,989.8402625042157,28.333428961149764,97.23558147343266,52.4703603651512
50.62173244352232,1025.3131896303682,7.670482213871565,9.3581919107537,63.80300634271473
28.537084416956596,1024.1492745518055,24.91726566190024,59.12311623058493,58.37716339994964
30.738666447595378,998.7072715963898,24.49246152243819,49.16689839434824,61.3284077585702
86.9590769158117,1016.7417004492919,4.871217940821939,67.08721154801653,57.214350389606146
79.98027458604497,1007.8987339034705,14.220080436443299,98.01798481232298,51.05482782150867
50.58729042328804,1029.7604244415247,1.205969354954789,53.22720771157557,66.62032146990654
86.27892651117047,983.1032911479582,10.63655018665386,68.57386349464292,52.57301043479693
26.461294785886274,1024.7248520805147,21.929365301088602,34.72134437220428,63.2737851652617
69.9819133626535,989.3829268185103,7.112084103310728,29.897048767168254,59.84337534615139
89.45408421714306,1001.5391493587467,3.5138379222692997,33.529656568366704,57.6453243377676
87.10913848249996,990.5576433289121,15.213706528050269,3.860789359694139,59.742717009224506
49.82262079534878,1018.6437925276776,16.109591531208963,28.47406454125949,60.09196953183049
79.61870824455913,1017.3079398864292,20.274867939634742,17.294639380720213,55.939405480032754
54.197451641590206,1010.1343680934465,22.774132404077722,45.74279798355568,55.778266453416606
87.21105315119596,1018.398967024201,20.874285937939653,46.082476389873136,57.13946184400546
62.460956012401844,1015.1760629332571,25.362366248845518,76.52298312265036,53.191334126835706
81.18856392840328,1022.7043130626347,6.687193928461196,50.2291647892029,56.65642644742979
26.285726583333737,993.1673658209802,17.093002386494884,46.3081588323241,62.28877850397009
67.20207772870903,1003.5901938217396,10.802860722639755,23.162631170049142,62.03787140153568
64.0227341975471,988.3394591144826,28.863370710049267,85.24800101446773,52.08926332584677
68.79813773881281,1003.6276460321106,13.208385702444714,9.100090568471908,59.75995939037781
75.6513286332472,1018.5930463281188,28.7914179940067,98.22959649792861,48.62054522769786
93.44871760273135,1018.0265138431394,23.071969621773178,47.60749958514982,49.50731372909466
82.85456654208248,1019.0184796812218,21.553915862060972,18.59869995957237,56.705881221741556
37.57103931479237,996.9822140754396,14.746911357654808,35.432805576848295,65.03045176495634
86.07170154336768,1016.4217685585008,13.301344027668064,1.537018270878876,58.25061915063226
29.76637420920765,1000.2106475773916,15.796445625552208,16.652267925823683,66.40664038599226
69.77588685400556,1031.9470625357778,8.808991887808597,33.53398193126772,59.87872955681038
90.62030465967545,998.8851501234186,27.135298195154,55.44152787519874,48.171045239117156
28.089764337192314,1013.1660028724414,23.829919657960993,12.948084464485444,65.54435243769977
87.97541226482085,1021.2580142805697,24.041875629751317,67.59632961831156,55.46160235225558
83.88965873841966,1029.8524085964489,12.994607863483083,84.42764899891799,54.585946144028526
60.30203470712566,1004.0860731899651,2.1326684473265125,57.23396104739059,60.26131258955899
44.71180818363233,999.8266809514547,20.492319537788358,29.690144722522415,60.15914582047484
52.43505824572351,1003.6515496424124,11.232407519142352,12.139232548587142,66.93809646614238
97.49265085601694,997.803299335238,26.11290937352476,1.5535062983948023,54.18829053345929
36.13580449214771,1015.9658469537022,23.410153153495905,73.18023329982867,57.13265741484973
66.36834302639161,1031.299422020472,4.359844259692682,62.84793683127238,60.066924301363635
26.659259830294708,986.9339053569151,18.05147191615543,47.62834060353739,62.542584845561336
37.43144513513378,1010.8507135623586,20.76641777781553,10.199555222013789,64.65632757288812
81.06531104596165,1029.3706798948183,17.044127394730843,20.70251812639662,60.8194671054733
44.207923228842176,985.506299956081,15.421265284657839,81.51723036866422,59.708986052631595
98.86128564501877,1007.1625975921454,6.835892250178238,47.98514680203695,55.26635604788953
60.0653634475072,1027.5876277723246,7.077205332635531,96.28328596193727,57.54704500128645
61.323146024619426,1029.5248716441645,23.040244159276636,99.99721473679824,53.935459080294414
22.90517914685882,1008.2893688634105,0.5606935669067148,80.07071263655878,64.25514719370119
96.52213996618129,981.3723536457245,23.36730188116729,25.818360990709444,53.633295619913326
33.938675270753436,985.8101548135302,15.803962096174173,23.111496218012164,63.17544544296855
63.06724790483541,1012.2694209882678,28.08667957154508,25.36343204238226,57.86356755393929
51.65396879669853,986.8122233556489,29.919646431687692,98.67850788165526,54.434057802907645
53.24677605956846,988.2179777301199,19.904536953268842,33.53404780682916,59.87789628435438
71.46401328288867,1022.4664403780163,12.367715832604109,70.6446743644689,56.850818414225046
72.96709416739819,1021.2880632216525,14.252577256820834,95.9017709811361,52.73987498818155
32.34308918864775,1026.352501768401,6.126462829545231,81.959614676862,62.97371850737575
59.96693224975138,985.8154325078358,2.9770297197444306,59.76038091306527,57.86759848364998
83.23819593134856,990.8979684603249,17.362901799064055,16.89655246717321,57.417499965732645
55.46291868417836,1025.8128786422258,24.16485293899802,17.49382446783464,56.430507579619
33.26435766612641,1019.6598184783786,7.852995531876397,49.24230855683833,66.63723733963728
45.057355452535255,1024.3275870305422,12.589584307360495,95.1944495874243,59.768578526276606
36.990365128405614,1034.4360121199356,16.643209853309422,90.44936957506548,59.60886115212775
30.065397433186966,1027.5437383385636,27.23693459910172,16.619205545441705,62.49373941556883
50.206490194828305,1008.6254787967368,4.158936829861681,28.771974477484086,64.44328559675058
63.27489945584601,997.0922501638491,7.106495061889879,58.88113155559752,55.71208675012409
25.82012202213054,1011.3322122616086,27.555913553573543,47.74304922529649,62.35468894660367
68.30586977825467,1015.1222602628949,1.1860677946407538,11.936280937651233,63.81270634943654
99.4419552135686,998.4421677692792,19.68346902179576,36.93071869983194,54.87348479223743
97.1299945616067,1022.4015370616573,19.185776496538548,95.47143676552966,49.59798574607246
86.33387855993271,985.1014585961838,11.49763300897692,95.14422247445027,51.38461129625041
41.307289024192244,1022.866606787494,14.044940370213544,55.94258810265915,62.453635425699325
21.792607718349384,981.7599185275071,25.64753854441684,63.526130467722766,57.75161145448492
86.68333623062809,1007.388133339682,4.9494619004033735,22.19062808589576,58.46862021633647
24.457618558297057,1027.3790054915796,6.947024348367813,74.19527264206313,64.99344761796083
36.45024651766163,984.7572400711769,15.370512343196713,5.249618713488136,64.11553936222377
63.55625723574275,1008.4756415071794,12.292362690000903,22.06821881639309,59.92931644759259
34.27024313149148,988.7665291428724,17.231174926355507,0.5883687665008352,64.546948086546
86.70306650389135,1029.2148662533514,27.625175582813874,38.570125875126884,53.250664556543896
82.17277570078633,1025.7790039868496,27.5130605321351,85.02611987020917,54.19862516243496
80.46156045897999,1031.3654483811417,6.900550191449753,98.25064771099696,54.0144900626387
85.29020927180612,1028.1240287841551,9.064338385465213,66.77559753805572,54.50392429942845
37.57614242116897,1020.5104320426295,4.862060438910897,74.48666854264324,62.734635139928145
78.31139009197994,990.1689057573676,27.833711143917792,26.274957821494006,56.502494122097154
48.42252020734118,996.6376438617896,11.935923905945856,52.03326934888148,63.287050295225725
73.34758076547196,1007.3270337069404,13.491154346510315,73.65778988253649,58.53390899246479
29.76173829049398,1012.3893229833099,24.07922342332379,49.72758259667791,61.14305561800094
76.4469264051612,1023.0200867422266,15.389204184308758,8.854639211404592,61.052958411200784
97.76861823206237,992.4827795502883,3.5926644666453633,74.08641931643092,51.318894730771994
23.4880292254973,987.055256678083,13.135461283280899,21.956439187475198,65.28243203591987
27.50631209336678,1006.54355938265,18.915721298358953,9.76976709376558,63.61813127001523
29.89094138704111,988.6812775980106,21.576272632711092,47.8057948825382,61.69694390989995
54.4451123953041,1018.1555241281264,19.360555583486818,7.460907779961312,62.19158556072489
43.26241479464429,1011.6596989550444,3.5754215769708986,62.944366698165375,63.45476239681132
84.55361228325549,1020.7609288360386,9.13033575485455,64.04732503132452,54.21784589651588
57.90297913607692,983.489010781031,22.00693934889646,25.670197313300925,59.63000012298289
58.7629874150842,1033.0583658244311,26.40570583008224,96.45344218075935,48.857533216325685
77.3630481060283,980.0003045171655,1.415592451867792,82.445158674649,55.1923934299415
48.95751860285966,997.8993328257444,1.2668732420993145,10.95869578997275,66.18697128829665
48.25657979363708,1017.3799136351432,19.30213588017187,74.8512127339095,54.004194081379545
80.55411101019843,982.4828140624165,16.44138462489843,35.30746876098344,55.972683370925125
82.40333966694118,984.5842269746684,4.66017151553142,75.02885216489588,54.5436416534832
21.15190180262556,984.2174790475522,16.44874745090881,80.07947923526089,61.68737910242177
31.503238067258643,1011.9830349696539,29.234620305025526,15.137805606046161,65.83384763591961
37.04785449187838,1029.2758923271197,18.927006611898747,66.18419848379025,61.17169296127562
48.12803750063011,1010.5490337741744,13.474234681491557,86.27299604893086,59.6831477196665
43.31584667455624,1013.196424375382,24.82597463818726,32.33736240506734,62.72271288373209
73.48160387106212,999.0300908164394,6.384674569564547,8.032830418096438,62.58581674946014
86.25081870423665,981.0307637260543,12.429792924807398,2.7267479939198758,56.41944362453107
35.366958588481936,981.1888094763169,15.833036754325422,11.000096039672858,61.151940522790184
65.03840484815586,1028.8570481564502,15.136196761522664,0.42059212830138915,63.25470521749719
49.42530008648288,985.6414841295806,27.62917407633457,32.69459423928283,56.76853921347984
60.46223000368495,1034.9884154496926,8.780043217400275,29.93285879624481,65.0510445310425
69.66062734267152,989.0432436331203,1.6951116218885887,11.034126768741814,61.95090590719078
91.48798549456089,1017.1048944175354,27.49131613541226,65.1117878102798,49.85347318385955
35.38341342618246,1032.1925509699497,6.512029714150279,99.19063578396099,59.330712479598475
26.960526964484828,999.9259102703114,11.370839219301223,90.09264148445885,60.28393743360241
70.1769535236282,1020.3938253811394,15.926748735542315,25.285059967705493,57.5876150052176
51.53046790181012,999.2971153893284,29.276414116446404,76.9981632971547,52.230609153851276
33.03221546343909,996.7717581218795,16.05805324885794,93.6863263285019,58.31155294079414
29.366973388387578,991.0992245416492,13.432299196454371,90.63642370455484,58.537481936429856
64.71278294992239,1025.1514198794375,17.5091543855294,88.45495213112883,59.57808334964763
44.03764756225564,994.1562884985032,29.124244797514134,78.64505121775935,56.09254858085514
99.79411036687823,995.5736989598222,24.538337962693213,29.299147611104747,53.32766694680198
52.47206554645712,1034.9433358209328,5.0690440893576625,8.356306621079224,66.39155065381291
36.98292870121462,998.0020739494926,24.09780044712627,48.78193528459553,59.635992639876704
70.30792360938221,1003.2525968857627,25.232971794116654,5.479113435633687,57.06407600846161
39.54039117524055,1034.453050177616,20.72082311875399,99.84736845350288,62.002953695687474
59.52688345849289,1000.3115189979585,19.71700377501793,35.83096830647384,58.09174495939057
58.60609469768059,1000.1383603979726,13.226310025434127,95.83399183888942,54.1545715591744
56.28461037725898,1025.5242956417624,19.250861613583613,77.31209919009157,55.22338933331085
83.686855701566,997.1561702668231,22.127249164567733,41.129095369079984,54.114708583274556
37.32904011729471,992.8582357003324,3.684607442228971,11.831141271603961,69.80516992506772
92.3445844056376,1003.2765640346428,7.71989880550307,23.719309034471603,59.408382585824434
83.30724025708275,1018.5352440316906,5.822456368988821,67.30445761494025,55.043967323643926
46.6497891394659,982.3783663738596,25.23635510718043,82.99352033787552,52.94339785390448
34.44820050241108,1000.5653814970211,20.40007774595303,97.94404918313178,59.16312512948714
42.3628019605393,999.0434696070212,13.523356187255297,13.21621840137045,67.95166844375838
46.61089975272627,993.4650090994118,24.781672514654044,15.594734538493604,60.04296399554058
64.55465350456373,1015.985803474739,21.50344019977532,4.243947669014636,62.41278038489691
23.70945350509201,995.9494544227523,27.407792446358904,26.03645255021887,59.70773724540624
93.14873038816425,1013.3702357454401,2.3042098829374726,82.10674388113107,52.89956378861705
27.893988532888876,1007.7385262800045,15.274721446237058,19.825685673090764,63.903430719195484
42.341871528002784,991.9454428954244,21.202437107287654,54.78647498950689,59.384994541900255
28.742995036237325,994.66113313732,6.224795604145372,44.64071980060199,65.02538274530318
40.533826122052815,989.383002931861,9.813786959140922,32.5826242340136,63.8637562808806
87.01390548870467,983.1146068168027,12.569287539594798,61.83464134544641,55.37781403676253
69.21406491065937,1014.0553654707701,23.829768548117674,50.23257893301955,54.028357299699664
38.18585800715845,1017.0033781652884,14.807286031715854,33.47631734845821,63.741517121635304
89.74068238394702,989.1299996484769,14.786100985433679,68.8850885120005,49.488487306694324
84.05696473747878,1013.846581157734,12.92662855656436,27.996819103853987,59.56873015657349
80.29194258572645,1034.0146607031668,6.857672678889461,64.3183339794481,59.430454836783255
87.81061587085703,984.0921152215802,27.69214606838294,95.72458683415509,47.26248742978554
69.57197452146521,1006.9703979874375,9.534033619700264,72.89519791815164,56.8437804868222
60.11498881689859,1020.317101750412,17.023969823097016,41.839955963632804,58.275780532403076
49.91480209371115,982.530505880635,4.463392065669195,74.7559321202525,57.20568878467097
37.90112163261587,1022.8050421698689,13.027301762971415,80.92418168001501,61.04624896102843
64.59293261175159,1033.8731180401087,27.114105485076532,32.58404669979754,58.64189618177864
91.15938765712707,984.8668324943014,29.863957155317763,70.51322156582887,51.24858703700309
67.51854311938601,1025.2226448006259,10.852555702004013,43.43961960734147,58.98442670168353
93.56854893765095,1000.8219849481652,4.6197163894300655,81.85224817818687,53.780815018445324
48.55338956745308,987.9263911338707,9.433545801911853,29.537759517536077,64.51856758787832
75.6110378021998,1007.1256265057991,9.817253051610583,93.77596700244327,56.04713794875336
71.8932377970113,983.9335304679669,19.33526382846953,57.478693726397346,53.02079637173582
73.63470752501935,1008.7155774491952,14.884701734836808,35.33033139357153,57.2533281161543
71.60336097926341,981.0646233402227,23.053791847968913,41.93712687118221,53.43839150006526
37.73237399496934,1020.0736292920002,21.039098534924435,34.779861331403254,60.47760530882772
31.487271862651916,1006.8383327196374,7.539261717757388,14.624633585715529,70.14466135653296
98.29026049856469,1005.241681351435,23.52767069657334,6.849239688746922,54.14915618619886
23.623610307400096,990.7905321558146,25.423856007444478,32.177869513826096,62.024244344237914
57.41891896226163,999.8694735687121,17.951705692620052,45.86904410781899,58.67036583911558
54.00642537134895,990.0028187831916,27.830031277457284,36.1816939436019,56.743877148088714
48.8015166572061,1020.4464555294657,23.488443682036507,1.3919503667312205,62.11640449971267
82.55870828613676,990.9463914688165,17.86187720619597,57.90062459524785,51.785726941023064
79.62802306500127,1013.9214329878444,27.184979919399904,14.481647989094071,58.47538186536056
92.41799388239522,995.3784125587264,18.01075440721617,21.100527856161598,53.73521651648262
51.639002094953774,1016.134020775783,15.635733820120205,12.074853428120047,61.34966706779511
65.13436223435677,1009.7250227406738,10.687750212333082,52.043273002851684,58.638447009505974
91.38456378736964,1003.2891247408996,26.48589991783336,9.51592924140201,57.92465849414538
99.50784502843075,1017.0150458375759,3.681815126184648,25.63572491839128,56.30428135639983
97.5435489892284,1002.8647139384526,14.20508142652369,45.1708717619993,54.5954235052745
77.42750970149874,1025.1753831416268,16.122399956250653,16.77088851718712,58.57722091115223
31.458204624814368,1020.1279152029397,16.642473203093306,44.624136170183306,63.79648976663599
21.854880943442126,1009.7351446982194,19.556694914557294,34.2735125717392,66.14004450496485
86.01746851223535,1028.2383375422298,15.173868727614469,86.05971773696058,49.45322876924605
87.27536195934603,1025.587400180743,7.704544429197812,79.49032126282893,53.0334159091766
79.70887266107756,1009.2511667041274,25.708331884184993,99.28545834655316,50.67821916110166
42.39387887993761,983.7646231535439,19.725759835065848,52.89117329654475,59.00418122300749
71.18542876788213,1011.1297993709584,25.745634411309187,57.53970935575501,54.10916666118629
45.299875345221935,999.5391344258157,8.281304729411302,94.66458481157328,59.82358161865257
56.051859688073975,1009.7062118542053,19.11170684708465,39.95922146875185,57.40452240806109
50.59480679844084,1015.5921753273676,21.42521235229185,55.568268450819225,60.13183199727926
93.09120694320444,1015.4661216167851,11.502154811035153,37.908549572547365,57.22235185898115
38.732586459510046,1017.0438223934901,24.367323546207036,54.58607058980929,59.84211936614167
66.20887236590002,1017.3597743774758,0.07526324526890171,8.076643251753946,65.94074996791797
48.87852232270873,986.0104780292427,17.847592506426647,78.37940933437314,58.473342699189544
73.04568895313807,990.5441781751512,18.407054110563912,98.52799474290438,50.112000371240526
65.165051294198,1014.6797552498293,16.015292791159062,6.574040243955393,62.47312873178748
93.91821450927524,1002.449481380207,18.901454607583485,80.10397302314743,53.01640860935591
28.128972136097055,1021.956840491817,5.016805710698106,24.17348004950337,69.62397521670292
37.65126718054107,986.8700105244558,20.543444454071274,19.75470532769813,61.71056499437778
81.30783710648447,990.5337646931297,10.073668885099957,69.33703982734565,58.53256485696014
49.502947191587474,1010.715555334006,13.561612277277534,4.4132248556581715,64.67518518118897
33.26270289829792,1007.5411410597344,9.99328091988806,46.323934725236036,66.62547007907735
60.265700739631015,994.651843468718,14.218086104984561,0.14444659153213246,61.421384829610034
72.17136492891089,1002.4588783927837,18.647076795352433,55.43940286464739,57.09777346459508
23.586137132279887,981.9239702931159,25.15030412686653,46.20816677316233,59.771243782739106
43.32975114939558,982.0370959396906,14.50305172920663,91.54826066806724,57.41448900828945
84.75380301568343,985.220985155368,9.696714828108098,72.02719027844154,52.41728282816854
61.61956532881554,1011.7235849260309,14.63825636776153,12.600617187894125,64.98047588790166
22.830337213865597,1027.5044028037235,20.664109922115465,35.45399597519473,64.27524197358495
42.55608042197607,994.3122809092766,10.401021501773869,93.15797696788118,56.341907811680564
71.1312524783537,981.8666906347881,12.428462241702185,72.53341472740897,54.866404354444235
35.94875756624198,1018.9744906128772,16.885194510262092,59.4275114986289,62.35793706761731
86.19131249755314,1027.0443731452788,8.820277914820501,55.90715907869017,56.427554086907634
74.12607256669314,987.5995031894706,6.272539786333253,39.80984664038773,57.16817015341215
57.71032487582345,1001.216123276722,4.211768515897859,58.520146266897754,62.52471262249104
93.24990248534279,988.7305262324612,10.578299493782229,77.16644148675904,54.01036953681799
51.34406167397294,985.849658683515,1.4502871931417116,12.753767635636748,62.38318065918467
38.80587284512682,1015.6492696160906,17.504475801285047,96.98306396481246,56.09167727341921
72.91223940213607,1033.2145061897972,5.2772809799257345,23.936486908897447,61.8705353756397
65.86361499761188,1017.2991094091419,11.321843769901283,44.774268143737494,58.44435347786322
46.81983207449801,1034.164806454419,8.076684461951176,2.2715624647781985,68.0894395839983
47.49316490591817,1003.891740183866,18.911698990252482,55.03459229584854,62.21206171305401
51.856824690728146,1029.3828383855048,25.51036984400599,38.186684726162376,58.27861827560537
43.291085398349544,991.2796323566467,18.99903128965035,24.975587227299833,64.24781764590405
76.8193125088738,986.4847401855936,16.275147860201816,98.55242537823557,48.34051259443021
72.10867240409642,1018.638602800184,20.072512179661263,42.814114267227446,57.30645272763224
55.262212203711414,1000.4274581974449,0.899719132805995,41.42963635938971,62.1179851292305
51.82837406233897,997.4728181510906,3.685339828863593,46.31032644809762,63.357797418806754
49.20410154877641,1016.9204317898711,2.8478170791313273,11.615377906616132,63.49275981514361
42.67746571138028,998.3416222973218,2.9459149724635205,39.309610981494515,62.33709455062488
26.85573305256475,1011.4906994736687,7.81451145589644,33.64042591055614,67.64196861036166
41.45637484180004,996.4700308443718,15.961567811496156,46.512445876255434,59.79495575433674
45.6961078954452,1023.1066673516189,3.4404473597024134,85.66211668412821,60.77515764438901
63.81472050122746,997.1813587272424,28.05348723568168,19.278539455910682,60.06470462320155
81.90308072624399,1009.4246779472921,25.627704079632462,60.77393257196226,52.07031302779394
51.656171586722536,981.2746846033357,29.14933061498946,3.7637089751928143,60.53686200006921
95.58055246816734,1023.5451930847116,1.2750013526547177,31.679250210002095,57.38494462891143
86.187997075293,1014.1185776152087,25.54207341267949,47.265761909269244,50.0555975901788
98.78414783069961,990.5730386846093,24.112022263244683,7.427915079755643,53.03773702271243
90.09624328331854,991.8455356850063,27.06317593807381,54.39679346235009,47.359002547393644
69.33807594475033,994.4371105177652,15.83832502979426,31.032562107208005,56.677125517137846
67.87834302533751,1011.7091557527559,23.636672123270202,99.28100135923128,51.86292423005007
30.362090140337365,1010.1573983201163,1.5386063802795724,63.09695021856714,65.21930518448764
77.79193991132541,995.0625045803039,2.2763336845196647,24.417519601571737,61.2133591011489
68.01654860741371,1018.1734260587352,3.5559672284876473,10.267324544753553,64.89465009333891
60.554568271678775,1028.8972641263551,27.44366589894624,4.071977937153948,57.73372612614252
75.46294980458309,982.3933512709447,1.835080481653466,9.07732643752116,60.09585365616048
55.52382742703949,1002.9458150802475,3.0044858009733275,68.00595270289335,56.67620927102724
61.9087729926629,1012.6436065199646,27.91231207888581,85.49922759943401,51.734470130465795
51.86818438426051,1012.253936194535,3.221777454968345,15.673311471107787,66.97678123242264
77.38967146965518,981.0744440844231,26.092688961761215,40.21344535527545,55.578577528557986
90.12887764383106,991.5811336216733,23.67812364186859,35.42353431958916,52.733367406607705
87.26759513060821,983.4006896721667,1.2084596559646277,64.45180911880726,58.259440628176534
82.88202176395751,1011.2930789902464,0.6554219066889,18.26778817236695,62.08503000735142
21.103016363564073,1015.4964438218207,16.031651505407794,95.33193104475114,61.013346895308004
92.95043711019675,988.7858189882912,29.915262113003017,72.85563818906564,46.20127703177281
41.99005765787152,998.315611563814,26.364904802969594,95.50718788846451,50.109026504623706
91.03791543707007,998.1392058856811,9.300763001138538,27.736924495336645,58.92747728695044
35.75744824715012,1025.089128237438,11.589277023462103,58.77156378585556,62.945098578616154
55.17166011397898,990.7062672491023,11.637179887143033,73.22679371103355,60.08399694883974
79.95190354615309,1010.1572766729112,22.025364477150443,71.09562227677338,50.51017501962379
71.2223156221738,1023.0614531875486,10.233982579871505,2.134609942836352,66.88172272191132
53.273755042354395,1025.6268006093376,4.433911841257822,99.8289163489885,58.49140044138751
74.28990853922227,1016.6611351856603,22.41322225750651,92.8059972768785,50.24923359127906
63.91596080373116,996.4740263744036,13.740468547353139,11.975208127261073,60.49229346391512
42.05890453084258,1025.267561615587,2.3033617105940096,54.35667742951704,65.08431372345528
71.70635563977117,1020.819131490507,23.70156805476182,31.455645531941613,56.509144646471974
36.33976690756187,1018.7458023606098,17.559337918506877,87.88940159242865,57.95028571484176
75.51906274073323,983.7034469386754,14.681079758063529,69.75196305881542,50.52365488117721
20.248870209859426,982.3795684358353,20.200295014418394,22.351715673239305,62.97185155606784
63.901801100941576,1018.2450913735869,15.161030484610988,3.386114536729079,64.01737091076774
52.08541020449128,1031.9637140678662,19.452604439654976,29.17418026147741,59.68515064035786
44.24830190415578,1022.5548160434661,26.024656360959646,3.8137272807838074,59.363177536637174
61.256637378771,1025.7311561571528,18.40543104333376,14.13107129983623,59.20900762866717
71.62493060287105,1009.9740254467384,19.788014935628247,63.613804161371135,54.45955004251168
97.22498129707719,996.752237924844,18.415682082620243,74.50850681180249,48.35514315581579
86.64515919104781,1017.2755293221786,15.935393328998899,46.80169000057594,54.46255702025762
77.37199064670486,1019.1583981520981,5.1591723292641465,60.02878706941286,56.63122551284668
58.31735293433171,1017.1446884431704,10.070329306765963,15.588503626600946,64.99106099426935
51.37152957314834,1032.0689981195626,20.793269020743665,31.67951705327071,61.72788098880013
22.602372366879777,1000.1948468295506,12.764283201053315,71.2883847277754,66.71562365941608
48.72775224472385,982.1811646425681,12.183870357330697,36.4891116085095,60.32588889709504
87.87017109380932,1029.9644394016575,22.77807852391674,34.881122358778946,54.02025997688272
50.7219665581032,988.8274515369744,0.16706581870983728,19.399263702604564,67.48139916925318
56.92679992497172,1018.3525086663088,20.369834407360155,59.482487606524124,58.047837840897884
41.74675392199238,1028.0262441874977,14.67679531470046,80.9538606019198,58.01881697800797
41.93062070506934,997.0577768908049,11.302877437390563,46.94450286056357,63.01299675556159
24.94974087133987,1025.672838247021,10.216098347207689,11.55392564710892,69.51986577577266
69.10431404958406,998.2631969449294,5.186264859455086,83.83674319094496,53.33254250159386
55.84555224362771,1023.6841860529937,10.027562482458093,7.139710460153337,63.32010788830563
68.47686459926356,983.8406424635549,11.742554163311185,47.17273732012006,57.715214824322565
63.750952002308225,1016.0383649269011,13.123467582745047,26.107733615724637,63.31270968482486
83.90756698377399,1017.2425944318338,20.169019160325828,93.63181563200847,51.82716588879364
80.08095298491781,1007.0284206544526,13.607130582690148,73.75431979485396,52.95158534374198
81.71630825103036,1017.7899975124491,23.88852912670052,56.64089829679203,51.67598608930854
59.93912055533404,1030.7751018804613,19.192139921351234,66.77554406893562,58.535977325103204
48.31050810831444,1020.3620153732526,5.687912384822679,53.27272628124905,58.51672068687872
94.67492724263623,1032.8712815941562,8.315195183115403,14.760094521940992,57.40035943747715
24.341581897324318,1004.673677261864,2.377475593241564,70.90986799965383,67.80530587186844
32.20970462801843,1009.0559902437176,28.371652647699666,49.26739522694914,60.03075059808457
53.56792737413117,994.5056283480739,26.596514436878,63.43092713227341,53.655843173991634
69.1166122054409,1034.2080917290477,2.5438867635281137,4.5201663977269995,62.83949666974499
20.65602998453773,983.03252043387,17.2222804754238,14.203479256325313,67.29257026269262
77.54582554489136,999.7241229689246,28.812054565824557,58.93704759319903,51.57917406197863
64.69812342319318,996.3733440622738,22.414283698384672,45.942890308294935,55.477534272246885
58.77622069415402,1001.258144222043,14.75436581912018,22.6873668953654,61.403476861529285
53.87960310622945,1030.4744823285926,7.233089667199045,24.07609205335548,64.6989555355055
61.55896253924996,1000.2420830737683,8.371112252438868,63.16583125559425,58.7880248317878
32.942858758539806,1030.4337158985,22.08713864014082,5.896702692907397,62.89886231263004
28.6969391421586,1003.2836373914762,23.4172581973154,43.425834422357326,59.650858045228766
43.170998300147076,1027.0122823071115,15.860799730542977,52.310350472660936,62.80171836178373
76.76038335882598,1008.6962554175368,3.6284610455011435,30.81426027423341,61.46800921018445
67.06303070683971,997.1244063885573,28.016051208797837,82.05498284923362,51.94492608577975
58.409841409521015,1004.7142389432338,25.342882037002045,5.676958256884346,58.581493383379694
65.72167727167682,1003.3409593438012,4.216163370822685,86.57827852469508,58.67242553009561
64.74064104314746,994.2952734147053,1.7018275088655666,72.32629928877708,58.18181329894062
44.56335403919403,995.9301301495549,16.07603048249201,44.625437893319685,62.9064196779626
27.796475779578067,990.254965672108,8.524278531885779,92.44673902125078,59.569637124347594
91.74258949304405,998.4800306464184,8.49749128243704,70.22382964947168,52.49001586389689
67.99290100991317,1014.3423191787044,2.616647782512352,93.10453496590438,56.999625034898806
75.81983997446812,1001.2606992790297,28.601575058141623,47.258977941556616,54.27148084016466
57.11977794935641,1019.1777766009461,24.904993789795338,45.29731009953861,57.28597058892645
80.51844639812501,1034.2837993328374,3.4150377562775045,53.07426314461787,59.26171275058514
66.75978111829338,1000.7405593716467,26.297963029524908,6.542670398580263,57.21288662716944
24.304089767775217,1005.4451567749289,20.48868167889411,90.84942513366362,59.664633951368245
91.20776283149529,989.0260586321454,9.76323395485826,66.77170516418508,52.97001812934285
44.44289174303095,1001.5718407178624,26.137516632453952,61.75856779093686,55.509630994824924
31.031262193706837,1019.9757847934874,17.94066563345875,92.64635364705636,59.47659203114136
27.043280616345264,991.9572639858354,25.46009533003158,99.36371776083867,56.57913299713168
77.63522510736887,990.0129726760376,14.078037734617572,16.339339065847692,62.35821974984303
76.31746934434878,1000.7006180507055,15.019531204854825,74.89969849050236,52.733698697685455
76.01296998506166,1025.0257217144751,8.730300882328683,57.994517448838614,56.26607041770652
93.26022181452528,1014.3011454341316,11.630780758341247,46.09971885902796,55.48960151594746
47.91544175981212,1032.6668657672633,17.03256207384664,97.76126016471456,55.25321148417186
64.89064450871385,1029.7497239210195,28.41177671125852,85.02630111551132,50.61985374730529
69.55964663954796,988.3125458252783,18.00353279904404,69.67499840934693,51.4372541227937
98.358546285317,982.3404026033968,4.421345753411807,38.26761671901395,53.97885596811788
44.98769149748735,1001.9502103807115,0.2098855642946018,66.60408041546843,61.599258923598846
96.50649599231524,1008.7143713350251,25.529635665260397,53.16941235594036,47.92676663715019
31.89874664659051,1008.3563838370293,10.929762700984591,24.936844974269878,65.37154435788273
81.12011648222736,987.3758997274081,9.448978189194987,45.03813231456741,52.102957318380476
70.63087200163302,986.8649587685036,24.021933688271456,21.22119681017124,57.06196678997468
85.351682981759,982.5773415678563,28.360928972695064,50.04202932051845,49.404517465303876
22.29484589118777,1026.797295933047,22.44135265055869,72.02380759451205,60.61781156395704
26.250483435124465,1032.1259275937498,5.215419387342969,3.6646223819128965,71.80681496974108
25.57566236553167,986.3626761119884,11.741348807731267,76.53797093186519,62.22892185005896
67.43675643978303,991.7217302702012,22.78195657304222,1.9993992008343286,57.56408378864647
68.23488540604303,984.94245866042,27.2077744401172,51.72777029593253,54.035523661991135
92.4883911483981,1028.2626194127458,29.958001918489806,57.34767071501634,52.96794226231611
57.4082811614756,1032.7289803444933,15.346827214145573,76.12434596277909,55.94933211297186
25.443924400397115,994.398811719649,24.675744550258493,76.10288233408168,60.0589915648768
36.762352129801236,996.6971106464456,1.3989492833215222,41.74554458429062,63.660560390964
20.645847585427433,999.9468326427117,8.574742492649039,6.637251089843465,71.34209736976888
82.13716201027239,1007.6355067659402,11.145402100424679,69.35001527758172,53.369025518978496
85.24795495046196,1017.535353825471,29.265715358456823,51.09860073924182,50.15968405087806
99.83523330273088,1007.7414820790043,0.10180944644581635,33.305845666310155,59.71303252698342
52.975555924247544,1032.3050869921933,9.240622132877792,23.487378275299044,65.45555919816762
21.5438700321274,985.4941402186824,27.912367788387115,11.975821311047575,62.02966083060369
38.778390519229774,1023.9233031751285,9.200347051320337,29.51424972086053,65.70821053841364
67.02150941306367,998.396569994741,6.752002974437305,45.8489625125293,58.248805222342604
96.95543736421891,1000.7651228447601,21.902655343079505,47.76091681792523,48.32382416270034
28.286284117663545,1018.9856194040624,22.36016678999596,58.2738931414786,61.60524222232515
29.725841612859423,1031.1157410430908,14.165336479425255,36.246856935405056,64.70311082305373
76.14071882231543,1019.3910428204467,28.4075240959627,91.98978692387965,48.190969510310815
73.37656440172395,1022.6723316458668,6.081212386255256,49.5869613082618,61.76163574765357
40.040508424946644,1021.2928583187339,27.402475019387925,42.37250401184556,57.96358267131029
85.05158328116151,997.6538233291049,22.665242295758873,4.816796835148307,56.35592264502335
30.302300438197058,1021.6311738250237,11.046250225621423,59.90150821328838,65.71005950066514
94.05934758214079,1023.1486418120891,24.20725859170122,60.28689360667185,50.48137777133692
36.08255442659371,1009.3370176357782,3.996065292412616,58.3289630030703,62.97424836668797
26.5081898178404,1009.5215931266749,3.929474795796819,88.75969176082205,63.8574381606216
47.161766917908366,1021.7846441684366,27.89811609742218,76.290083258929,56.53964454642962
35.027303082763595,1024.9366974223424,2.843415235362351,86.74056195924268,64.67108292294351
62.15529800288263,998.5457493116869,0.12238820548214013,5.94225569099307,68.48073477807341
74.94772298973808,1024.085921966641,11.67091474754706,31.812643225484194,58.435414458356036
59.2737262782633,1024.7814953671477,3.1155292329638327,31.87119436947047,64.12416022507992
72.8485865448782,992.8769102505219,25.89109479732753,65.70450577686199,49.77402169744437
49.193641151998754,1019.4322909924194,27.680805403287987,44.86150487045102,59.08860232562409
22.2338077790912,990.2593657009887,14.472790930692382,77.74726032520418,61.76801485933882
97.92512993801193,985.1177012143471,12.764145990301108,38.44305666556947,53.12781660922567
85.55308036319963,1011.5998656627626,16.17117830832276,22.160757731240878,55.7028684537941
25.873505926770246,1029.975870933087,6.7858387453495865,29.09510682942784,67.66677196199014
55.934111692506754,981.950246293917,8.93897584261008,18.246972615081436,62.6187907456845
70.80152560574997,1025.4575900677207,3.0293151145201436,19.789269176290002,61.31849775109172
35.24754164581103,1007.8559165886928,13.3935027333409,21.683891543065148,64.39120316918009
66.23908890902172,1027.3492496796675,18.35074867600978,1.6094711507224524,61.47168226801069
62.691889449414965,1026.3912314344075,27.90671203174806,71.60880347625455,51.17516732674447
36.66121508277638,1028.140774264896,22.172195118802748,39.96023422711355,59.99424596899774
31.29682474219626,1022.2880675143671,21.6919120065956,2.2671331881828904,64.40464216770675
80.71698316949099,1026.3645795000848,9.239968862823066,37.000754446584025,61.499800252074415
45.8069156919707,989.6813863960662,26.648798925301335,90.5368127115412,52.31576809689323
39.52324270737947,996.7119231881218,28.40867090039993,51.12443169674448,57.64744334449906
79.0302682244791,993.3367393944013,27.967888096261113,98.67520113463506,46.11992648291923
78.88549536183857,1020.8335567050433,1.1640907957315516,53.995943187805615,57.99229406410301
42.112132506898334,988.4503715651924,18.130519089120646,96.2798999051064,53.39235815309843
89.80547690014829,990.0225284707784,19.29675317175885,20.18007288044127,55.8980297188465
75.06001320578739,1028.3430596397068,8.851954806495106,28.993481271936762,57.95626993795837
47.66113742572305,1018.8235206102061,29.772365494737894,69.99701101797613,57.19353777908761
54.199172014772714,1028.1458987855497,8.735623764556767,98.68216169994466,58.759696224970284
78.13677487444943,987.664539204338,6.498349745431673,82.5297411019376,54.42337528777331
36.92670663163936,1001.9439222508717,14.524369513295754,55.37052766757511,63.170062915266726
57.50086339801793,995.5733143541975,9.694421393110304,8.51526143589153,68.67873909832167
72.28466738064796,980.5324596903807,27.720883796098327,36.437910999979394,54.39289060552261
63.159883840697056,995.6487628241289,13.202301939443183,8.642570059659061,59.34387772763166
68.66626767235945,1000.8770788587834,12.304486640177503,31.128136186650444,61.84900223600367
63.69699995814237,985.0720800483491,18.775863903255004,25.879210066532455,58.4190310488224
35.93819550320161,1011.1568156804751,2.433440137533701,38.85552966367184,70.13876301631488
52.816427597809714,1001.0744964359948,22.701988404495655,83.7276589989919,53.835915497226964
62.55883963820366,982.555391425265,23.051964654146143,15.037667131038013,60.25988441810347
82.40501938767568,1018.7188375677388,14.22077504183003,30.606394885360753,57.38401305610676
72.31233897356341,1020.1103908612607,28.670938230012847,26.111724432160756,60.48300330537532
54.12727561487478,1025.8959293633188,17.380173323872434,29.614164713690784,60.69568796434673
97.95198657273164,1006.7047329926841,20.857093627349723,36.06234748070922,57.87913367652601
28.623641734378012,1033.276233853398,27.730348665093036,24.431174993363847,63.94210882336462
36.54438948439747,1030.2735279492852,19.99036030274377,94.25812722231231,59.715579006448145
47.30500880253312,1010.3243393805072,12.954780231766414,42.01017139126546,64.7783118846824
38.28576615903281,1004.4723562088179,0.7431352689944504,11.411326519726817,66.91938166342126
70.0353597444809,980.1668935346607,21.848979468954283,46.76586100273209,56.242232355105315
23.16405834690042,1019.1046992456579,28.945980348031355,18.443190186135872,63.050672902325104
34.19494274187328,1011.072497722733,14.107053706079816,21.613064250132,65.32986391387551
43.467779012688354,1031.5649280017344,10.193059133647925,28.504141764483272,65.06334440693455
74.66766200634532,1012.6827668882685,15.577782792413352,12.475985602594674,60.44497615384528
90.06919060649024,1034.6070851641002,21.853116170539774,72.11189325800001,52.59600610136912
83.87934164424436,1026.960059952481,0.020714234461478576,79.19464747312489,56.120399938969385
34.56647466002039,1032.4478864698224,26.616351681955607,39.428492191560004,61.52931447176695
65.23246067528552,998.0214524206772,26.590885790349656,68.89925394335452,48.77452275763083
22.40181162757498,988.2134797121996,16.238938008261265,38.89542901706956,65.77921121753286
44.84294202822889,1023.8279662587319,3.6713629852682383,16.407732363636395,70.04531307733298
84.47870358626614,1023.2408406633023,20.154173838408635,39.71680613312783,55.38507062596748
56.533257099467164,991.629691667306,4.135369888899401,55.69873954816394,57.804617481443245
31.995305782066765,1022.0609559774202,15.226414542980422,4.099431407688892,68.28588996863542
55.084270519065015,1012.0085346922773,2.80889915943351,65.44843906823702,59.90481576463361
35.84263403697826,986.023882969592,17.671960148925038,74.26079690047855,59.0338758444777
51.45531662911702,1007.5980978663615,9.542079753539621,85.99702577085611,59.55426084954699
59.02667781982747,1031.2125900461274,24.929742442125086,10.277056024930697,61.32351251947882
47.964649000882275,1007.8551649994876,23.998383786252443,0.009359385827234501,64.06470400216595
94.95751603470887,1023.378444425441,29.95421626423323,7.326636902216233,53.88031050508887
65.00242380451056,981.5900492653076,7.725095241130944,92.41168037861081,55.501081057286775
87.43141391575173,1020.0444777074426,1.8540327833874104,76.5555721041261,57.425335730756586
80.85828376444641,1032.0760562375613,13.290097954465343,83.5435646761167,54.019783396924275
72.89330474142213,1007.4740281691114,2.5021000489971246,51.70137971659723,58.36510567187343
59.75109986420658,998.5740452164073,5.354991451972894,52.671987456387534,61.24142313420227
20.173902702527002,1015.5657777687793,17.919004240846572,29.85055898391845,63.69679656656562
69.0774080441667,1030.394366830127,17.763925540328955,84.27530519681638,54.52555540081377
48.47659624019982,989.7223307793339,1.299824331890711,82.97695830837843,57.874292821185236
29.420973344105505,1002.203181551249,13.28714254254836,39.21713457221615,63.21716211997191
55.57010108896621,988.5959654540013,15.90656078601725,32.92670704714739,58.67353311641037
78.84426578266438,1007.3159827720941,8.0407271345996,73.8373271253025,53.77724255269357
96.93422357589631,1009.7232107166808,26.16129545626482,2.6168138337933744,56.08008331891447
49.92839128976656,1031.9311988096913,4.832959429392657,85.99488985183879,62.53254309306555
63.41786389639814,1002.6883334572195,7.617054150186432,44.62479893141729,62.48582923877176
88.0995506690868,1011.1826137446834,4.70983245098259,44.134424654286086,57.1860402632196
46.71995359600118,1028.6894415729785,3.4963990161167424,66.90778473873947,62.13236771105238
31.380579597665232,997.6772750096887,26.36937552021378,64.57493603105314,59.88811794765871
42.55054649861513,1017.0790127932174,8.335774952099456,26.597406605636674,65.31998548165845
91.92982638467103,1021.6439016852153,21.675720584035687,94.32786045140968,49.33345455984476
32.75144867694702,998.1790529077855,12.839470791757494,98.63299793326557,54.33509494106176
46.33768488054257,989.0387652041854,19.076204422017504,52.59890142961851,59.995660941884836
57.17122484002725,1007.660024804625,27.84528588516628,56.1380798170347,56.40150437795917
87.7690578792736,999.6240951573316,25.338236011297482,55.43179634236236,51.04075285259148
95.01706269223797,994.6554337485718,2.0695917726071356,48.578740817826095,57.59848673156461
54.06482477066039,1033.5381720881758,25.356076058376534,94.51870536778256,55.41435130495825
94.55632386828125,1007.6184160285843,13.554705458420912,24.47524489774122,54.52055895175306
32.91672758862036,1027.1062731613883,10.50437180639656,10.795817625538906,67.26136817483209
32.54818335170963,990.7424575798848,20.171637763848853,92.95472843248312,55.454169733869016
95.94006557078383,1031.669352069452,28.50623619297744,21.30383142111527,55.67692886106221
60.77441068226649,1023.6937289012963,2.824064927644123,74.9155353542086,61.89125335491011
34.872626828316314,1024.478068590403,23.042310907507172,20.38733092321151,61.89161330870728
59.039229646044944,1001.437068135776,6.105240922738663,96.01860156223589,58.10777585255156
82.65689243032412,1006.7100346192727,11.404083684809965,79.11217703373094,54.191338639027954
86.15362925788189,1012.6344879244274,26.214690487897496,91.87181721148589,47.44420186350289
89.11754053193938,1023.4371044912785,16.37397552037018,95.0984820111659,51.09226927440567
65.56567224699349,1026.6981213633242,2.0236994385127884,8.44243842689998,66.59684653908589
89.35568114943042,984.2924920143564,15.24145650410215,43.33888558249475,55.38272768496898
60.802416704260374,1029.7234313143247,23.689257049242727,64.81003370283095,60.1590284413213
68.56479219128619,1031.5623158877343,15.8664176329678,80.24561041262308,55.76124104127383
80.69758418173163,1012.6088072396232,5.006677169371568,24.147174441440246,59.78825133326672
54.03482341684068,990.2712837290198,13.351232251725957,91.46048593892884,56.862833373569
25.88651897110198,1025.012815798692,27.73036104118948,22.09763290981346,63.0878013228781
48.01330854861581,1010.1723188002279,19.74611970282339,86.61764015406867,55.286127339176225
69.91553734367683,1024.945804954401,21.89659519525768,51.271257966419,54.26824233593697
35.38658957115815,1024.8144469624124,23.57809522348351,51.54221718701897,54.49690831104139
31.8708290799712,984.7701123627186,2.7208027258000445,37.40056154819912,67.26064550158063
43.44644356731501,1013.3861785603865,17.446096778098916,10.35052314186905,60.88056184371491
22.56891698222571,1006.5729364597796,11.277455795559243,34.709006311953814,64.69775925928137
79.47383184695357,1032.0365708499735,4.174774910162914,42.6736714982473,60.42919907370643
40.6972481750671,996.3152710558968,6.081286749120714,47.90210565529706,62.81682124603264
29.939071730927964,991.3300058405009,23.434814211742033,73.90952904101334,62.259608646285145
75.93035327707483,1029.3397770810534,4.844673158693183,35.20701104650586,58.03967696674219
87.43424100346303,988.1793562895058,9.37255821665158,40.65928603139864,59.84585363700603
21.590047668942276,1017.7585702298454,8.546200147892444,90.60986023221193,65.57154909959347
38.68798165929799,996.5010897612996,1.4589109174370296,75.25672946335956,64.3079537483062
95.61858598956667,1011.2315165523613,13.864753477180757,2.2855769503791534,60.04820015599351
50.820330874622016,1013.8920688062693,22.97789526507626,81.20887577230376,56.419750840692984
95.0873650705545,1002.9553105076882,0.6645789824669901,98.99439243503593,49.70355612431798
41.93700306965419,1033.6230739130403,3.3765435143968836,93.9767741367822,62.61882771254036
37.44541084575456,987.2508242446738,21.605600387927037,83.59558994960898,54.11895834463067
37.128672938239674,1001.5269498970216,17.807429720187407,62.91737473372672,59.0554775441715
26.81829283399506,1003.6717429780874,21.45742842146046,27.8192122165261,63.393683935448706
91.71458308073005,1014.70758219479,6.903118646314156,65.44306113800963,53.22997874083503
98.3868018106321,1002.3992867006986,24.113063498922145,69.55924708758644,50.447825601351724
96.36070458173103,985.336980625469,14.3961318033083,28.155816103067053,53.72311166008816
88.16225118618192,1032.1086498999455,18.309059225365715,25.532962440843963,57.176861332269624
87.75103261207802,1002.8843494901278,2.7646025160250876,39.692385909227035,58.069233893800316
72.88683737351901,998.8470549969389,6.150947500794639,64.1146969033535,57.58106645379502
86.09709695604909,1004.5697168295702,23.200736448309243,29.30622692823739,52.52718075147081
36.66738914744382,991.9127625170908,6.717253235663355,55.56665221785336,60.938482040859824
51.03301043097028,985.5121926567758,2.7758948256437597,89.92374018541828,58.60087961373508
71.26690346357984,988.1718163509875,17.91609846756301,29.510032487924953,55.25800422007099
89.98170660492771,989.1660154851958,16.438095484851985,96.59737361275117,51.74047113735922
72.8375569895027,990.8720391018742,18.23681786949879,47.33479786732156,52.88567656806375
87.12175666673647,1003.0978116724406,18.54916489089274,10.09083376458939,60.81769520287605
57.9159612679438,1014.3144597974284,15.005920375935112,5.503939372957367,63.23703418743432
77.38429901640355,1014.5888310914703,14.813217617059673,33.867451429931506,57.687996301359824
98.39846451000693,980.0053663259059,27.724966958683876,25.87589567298729,49.46665233442939
32.27908457038062,1030.652671679412,16.016451746392207,84.37133272032523,61.81288248563008
94.1536553852712,1025.2565949292778,18.519006072415763,73.76384214169565,50.988661580643
61.78911582735222,1033.0165921689822,8.009081758162338,88.45462868700584,58.51450912819772
71.45744245840464,999.7992489601606,26.132796024065733,58.92534982118697,54.54140829860597
90.22952055284102,1016.5639602179168,0.7310427797748953,43.54572475905007,59.66646869467135
52.77233380418536,989.2411412090853,16.716802868933232,27.056792808573704,62.541801597522266
53.49540599120405,1024.9368164971186,11.51550885594326,58.310883442324965,61.39752780442173
62.17454690776803,988.8752247624902,18.11712586681431,61.80247782361531,54.0430654229589
21.528166759748046,997.9292135444263,10.805161493141405,39.294756374186655,62.09945183950541
59.733294475468064,1006.9959170770841,21.530637351529407,93.659542182739,53.82428051198539
43.286981199538424,1012.6992417869013,0.6099432892029244,63.99545883495158,64.1486336404687
94.23633459134251,1010.7798163357702,12.176683163074289,83.74812006015328,55.01839573634761
27.018823900242506,985.6152806440499,24.93790799227241,62.03907473689561,58.965671553230166
56.74563696158415,1003.1921801575118,7.506021533383076,31.653678533170492,62.88112814166908
95.79745363018887,1030.7600095313203,1.58252635140966,73.66191578787002,56.97111501622068
92.0828200254782,1027.9802690263518,14.895722236955057,23.025453088366486,57.664955568701785
76.10787538996402,1012.4930937790052,29.2960038158037,59.66093649986084,53.50576539399695
67.14888415968598,1011.4778516499481,1.9247568460540998,40.23663430194018,60.21388473174974
42.45847497062721,986.1421350457132,2.1016947824937993,14.988486880437012,64.59495210939461
49.35656902019638,991.0142698770667,17.853496948400345,41.324057552789284,58.96277710572798
27.21078918033018,993.8951858432252,7.502031386343874,31.028082945408954,62.403115073013254
82.88866382065902,1006.8507650688093,12.30693700911676,11.22220817084214,58.794976861224626
45.90958143230494,1020.2245826452645,24.915214589981723,82.38282286598586,54.91586704785575
73.42255192241659,1005.3398945582342,5.9654605254754935,49.858255643458286,59.30017141165127
48.60758217588908,986.9333573010568,21.578998109442992,34.63562722714204,58.54347343992097
57.14643531170101,1004.1641882356259,15.13456539802669,50.49642497029508,56.94346782279726
64.4001977901116,988.9448289561889,27.148730772428152,75.45831175084565,54.43345820997243
84.14819267124828,1021.3131043431086,29.18886000880692,1.8295393219249556,55.93525151265575
36.89251020325443,989.1575473222518,14.548823569601876,54.67517605736211,62.57435129997796
51.90123094638851,1006.5393694249451,17.539411773464007,47.91507832839679,59.58865695475916
30.406525751345406,1018.1377481463601,22.375276222126598,89.30701915150736,59.26134171167304
26.060840393700744,992.5508935169864,9.56022425616015,55.59716587878138,61.505288042909186
68.37394849350335,984.181655920053,6.802210515697404,13.732284253906734,63.61262490066106
35.127283548712214,1010.9814711841112,28.940555173290157,38.86832152851403,61.407188770131285
24.783947354087907,982.9811464927416,12.978461736587345,62.106937205258546,62.35457080481851
91.76783449651244,1012.3272753632492,0.047724795473210735,4.593380705578487,61.86691795371039
62.74515358283167,1021.4424195672411,25.131548955752507,88.46490973976132,54.890534275553115
30.770256592238773,998.1123795419769,17.98992483873257,6.77823407129543,64.59961639005765
24.27409019580398,1006.859217499438,5.0567568816091235,3.0591127846373523,67.27479218103753
29.588804273092492,1031.081901102372,0.9041907953123696,0.2015574100220241,70.92690795761118
57.70697922564913,1005.9109875296554,8.744472931251932,68.37444916328548,59.19861953734156
73.47722041351182,1034.8104733766363,27.83661286420994,45.59200872226682,54.7059303334728
71.30240599888364,988.635132624672,28.00473510106837,10.281769422910081,58.397938159246216
31.55384690115988,1018.9913646365809,9.330104589063545,85.6208522655561,60.11655892172415
70.67911614701671,1015.894022900849,25.0779297846215,20.272027409240646,55.642725720246624
52.38924993740795,1027.976764743948,13.255359697712871,32.63241589710692,60.4317661999303
57.1795027439572,985.0843766594797,19.630342474097834,17.772147384827708,60.26882621657842
84.11443249962537,995.4113625325999,10.033316276132702,92.67562977226069,49.53004942001327
46.59994981437107,987.2698574168185,15.47917788812955,75.80667831720358,58.90523460356837
31.7599237730683,1031.3202317249556,8.813383396509796,72.39533966442725,61.81465554239932
89.87625068530724,1003.4649428554892,1.8334308706938818,4.3996030072793175,59.45524990560954
36.97044606930704,1030.0536215044287,4.181345585746166,52.270170423936555,68.61603338741385
43.522389644371415,996.1923846897353,8.720234834197116,57.545243674474044,63.754302250078716
76.5272047122098,986.9502455748908,29.287613519283898,38.25208400826825,52.83144298764415
74.68402536460857,996.3095500142309,28.97016450749975,32.175625029764745,51.47331839564499
84.0320017027063,1012.8445897630427,24.829900274535934,85.19428602187867,53.51192580670303
34.709331315835286,1026.4877925481526,6.9751815328826074,2.3016591354532046,68.57180509610933
48.18239146513626,1001.1964881273748,13.248064216254678,62.53548482770669,59.951291722687145
30.070659116500885,1030.3144762589416,13.19348515472113,39.424691395776655,66.89111436694073
63.283131773488336,993.432763282286,11.609197344545516,66.59506811432904,53.48172460821361
43.4056474030961,1018.1447378017072,1.3464091526923683,19.791754579503674,66.14293254977359
75.11485128068502,1020.464234276525,16.03582122672953,23.86593546286878,58.51057700318568
20.027549438763288,995.0679605631839,2.1843597637458267,58.6853806676801,66.79296109344261
24.77463987676634,981.483343306529,24.057560421538316,97.99385462858012,54.342746959349824
54.60482404154747,1000.0880538127916,20.739214285343447,97.46835829863171,54.41793410141883
96.65473247804547,982.4857881018374,10.58211019930604,24.89809838106858,55.22457895914407
91.26811098873463,1029.5414576471198,19.414091466373897,10.235103032571057,59.82028231662211
99.52072224495866,1032.4438894613731,6.991110196772943,59.03432379299968,56.699647209288194
53.34641798912359,1020.4458953770301,7.9575019486989715,41.99826080736283,61.98197634785329
23.725478901900125,1019.9676521922609,9.424005507762148,76.16867129707465,63.4374640951865
44.47649136158099,993.2490968176452,23.910347998059894,52.798372527849914,59.683127553306896
74.06166817391612,984.0659067106947,6.3207404053825345,51.05868059956411,58.09903021260041
30.81310478139322,1024.1157549723505,16.883436824581157,64.64598682208191,59.48208619053798
43.99777430080008,1010.7539062354352,6.014013432644551,12.641844484898412,70.08446269086689
24.493293163588696,1017.4895141932947,8.551122751872448,67.71617296665676,62.68874842064528
57.99736307121874,1022.8802587447426,7.064438789594741,48.85197006554536,66.0034837645835
36.713654215607036,1002.5188847923748,19.350140132198575,82.01470656344424,58.96531456097212
27.29984215192019,987.9500624488074,15.80186833367341,13.87068337048184,64.2191101006967
52.897264758598325,1023.7270239649592,21.6389743771666,30.074704911640392,55.93811242617195
48.098032349932396,1004.9571101575624,6.598303119989575,95.02463740155243,60.130208826338105
63.00141895563939,1025.4808326970763,0.2744560717811173,55.307287929002136,59.285264358157136
79.92309242509113,1004.0734530718007,20.415287013910046,92.93009997539899,51.27937471266172
29.005498914120416,991.9359024651518,3.445618754852279,68.90351031118789,67.43346461242021
83.29004721680067,989.405275915958,7.389156732718682,92.64313649351259,50.776141894043334
22.10319839001441,1020.9156966107543,9.17058457383668,31.782628436048,69.0143914293164
55.448152199667824,1011.6189017536698,22.404062768726043,9.053375836915723,59.361368174317654
66.99442295087056,1002.2531595255577,18.776754319722816,80.22417648980988,55.96850940546026
96.5598938511838,1007.0664215905233,5.527963095774865,80.44687524623366,53.09941281621961
65.91384214957198,1010.2301232907597,17.93663431859225,61.88267946423144,56.05304155627162
32.699935461711085,993.1679043004187,21.244439853318358,57.95702031618322,62.04717322479125
61.403344427512735,1000.7991068833729,11.666916083705145,91.49081706762841,56.710994618941854
51.662715775313295,996.0826305810355,7.378587420835561,17.649846702153095,62.388822996219204
58.348445408019494,1001.3633115710095,20.369483187443677,61.65379713707671,59.49439524296814
35.76776117272698,1007.5309217434848,18.326736004244918,4.977061082221068,62.19173613495627
60.06616338490175,989.5346646479901,2.3373647541246036,14.086493675762913,64.35645616775787
32.00318114327015,1001.6433284456889,20.000389207012628,43.727234844329956,60.28582343343675
79.52344645526959,1001.2021943818808,14.65553798505896,82.12073693884159,50.20902288200856
67.51250081804784,995.7302099263245,22.601068709331823,73.31326907500593,51.14547875337288
26.282215327342662,1034.917297864135,5.721526256394805,97.40643910459944,63.142831787284216
91.16915743431838,984.049512994686,7.746492537041291,4.484864846989922,59.02070275808759
69.31036836925107,1015.3623126607155,16.299382172925636,38.13522188262349,59.998351253358614
45.28856441022651,989.594123359504,14.452005836765974,15.87908015751609,65.56401811796202
23.651391962184825,1026.173819410685,11.590961131694899,3.696128404950172,69.8056502915672
70.57813566173064,1030.2808094805116,22.380999432893663,26.439755629447482,57.116333819414194
49.87522090786695,1002.0812890434927,16.94254690884847,24.447184418721633,63.28078809745808
92.60944839027901,1025.2913147181391,21.30815561682356,42.002771846219176,52.32662000664423
22.790226617133964,993.7450197142533,4.597648869573472,14.00812079005932,66.1890987631455
23.128194827379467,987.7037679031093,21.869648854366115,48.85675792261175,63.353189367013805
95.94394295255483,997.3733046521436,13.845843243008757,92.0098327314242,52.06413464720069
97.1899156543605,998.7920707640076,1.0130380705376107,74.81889315983149,52.65516354545258
22.219378141811088,1001.8546649632068,7.034746619894974,84.21773294932667,66.77465628063493
77.2826587953062,1000.5127418076801,0.7726917522173393,80.47285933215332,57.84660334228925
37.719588186307234,1002.6129449067777,13.706235659731313,38.9626336440634,63.684141522203944
76.1114213028858,1019.0518351192821,9.776392816652562,70.89610362978351,55.299538736950915
89.49862373263869,993.5069073076154,29.62348679739754,75.42562394229975,49.70668090051386
28.066518308982033,981.0216577670817,26.055123508705893,20.564810569923566,59.12804221270858
39.10131334096336,1006.9324303259699,24.77012581029448,86.02623666197732,55.72584702432442
21.926213466119584,1004.6560184312675,15.033496470937365,45.774739852226354,63.15726158668832
23.506387635555264,983.3035744413887,24.212624980523007,1.6359739509384408,62.26607172085113
22.369428657421935,987.3590770825778,8.006089423882656,64.33841086138504,65.54373097937655
84.05458851411316,1008.0456492076692,16.819484035395746,67.6763091917965,53.70871120486076
43.86341427446213,992.9112918010769,11.7875418395823,55.17622966768333,62.224400406913006
59.45691516575913,1028.2679061777797,5.140257345681891,21.241530084715656,63.72685221298725
83.0275410877613,989.5310867552722,2.178402941052121,48.22780273560653,59.49743054648668
59.595493016537446,981.1067447516684,16.746551489148445,40.01274502455071,58.05614352470231
54.33568500996769,1004.6160073165083,2.9291740464061844,97.46860738439258,57.65464203766183
20.925856519156703,1034.238971083454,21.54009290057947,82.46784347559381,60.09822988425641
65.44316020294049,1014.8629889468561,27.644054361784672,76.18996050872148,49.202608316364525
29.979446250966912,999.4716346694058,4.863183291346828,18.107370300016314,69.91343134844367
81.1718592632821,980.9277406307322,14.128157355306847,33.10400174212166,57.77260056162309
40.61901790520157,1006.6721641858225,22.163237791794757,37.971183556922014,65.86479376594293
73.9349928646924,991.3556301176137,8.605189830990804,49.26275323004795,56.869343090466344
71.69788222597435,1015.6264746995655,27.622935588988117,3.0224512065471387,56.52261817622044
69.3340482344016,1012.0654671552215,26.653966766097327,59.30092280746514,50.612362534263454
41.35616060297541,994.5867576462952,3.1126306718903383,35.78565439721063,66.6669756144944
41.36718217404545,983.788550382027,0.8219931459552043,56.1677145425915,64.76123682146033
89.04384347530639,1021.5260558922184,29.293754489382057,0.8978384256706939,57.902403872730794
21.02458661043416,1012.2005252026119,28.694250743133935,32.14331389975237,60.939349583816245
34.52181067631663,1026.3169437229747,12.668568133978896,76.86660560129889,62.84739368191017
68.8136734113588,994.2890008600194,1.5168997231791725,50.10815525270401,59.12195863426427
85.36370035225359,1015.9074135629227,18.566266582380837,78.88873283456383,54.29776536642407
48.66764069382869,986.5274275290777,8.802303221659688,69.89603925173866,60.33387927022089
72.27547668886402,996.0495449354264,28.101689607016628,85.49205751509771,47.33562403531203
64.5725135696189,1016.1096511532553,23.839857751629104,0.7443588552173641,59.702841192942415
25.163208358562834,1025.4069717829636,19.487813524003304,26.13254918443939,61.7726347375006
69.74001575445425,997.6509025958841,8.535115425405856,54.88017266010815,55.826933989424234
85.11227778179948,1023.9369456106076,21.038057383251527,94.10180766521825,48.41794172423543
99.39586562395274,1017.2763853150306,8.675048002776121,67.9790180132539,52.02089751857827
22.37120581213783,999.177112432918,1.1289295245562814,45.65887862818485,67.20362654289384
72.80465380670944,1028.2018315759442,15.253037628608222,13.014133050768306,60.649234711954776
53.16396425183697,1008.0075986319487,14.660536343660729,49.32153547574523,59.94103464495739
20.783031096496423,1015.6535752400346,22.890179190787002,44.10869724560662,63.21450007486132
69.14887549668092,1007.2597238046914,25.97021647063334,77.84432746887019,52.796251083004144
29.794183884450838,1004.8995978269922,10.634054660827863,41.334864049654804,62.51192318681913
50.28534801513093,1026.6387744481372,13.484190306110127,31.883807483333303,62.73271828657033
40.90936739907218,996.2087428271244,14.112012589335844,8.971968246882088,67.04821024387265
48.89307218168795,982.0146072300049,9.726722531171381,4.65010639253668,63.844489229396174
59.41564652007597,1028.3880453949728,22.30160770875571,43.9134427522377,59.02510846843922
48.73676259916116,1025.376317417815,15.663035556188984,34.686197950218464,62.73680806282174
64.21854964716314,1000.1608261013287,27.418673231659195,55.53241695128591,55.62847210804565
39.0919752186283,990.1998126287866,19.50932315686758,71.19284371150681,58.68828795574706
70.82894139427053,1017.1543503676659,6.3568967668191725,4.000681357380298,64.67421151692963
88.30104032998827,984.3318496999601,4.944259462411091,49.62171097028154,56.83544067779427
37.92536375321699,1003.3065115546344,11.171530137488762,86.19718941819796,60.937911227024145
60.6301772684498,984.7224276847018,10.407796207709197,45.516658614032835,59.84691853217174
71.8951827639911,1012.885032143082,12.213954745875306,52.12422109507744,55.69547667095676
65.17009049707329,981.4964611095296,5.507732109133263,48.679184071667606,57.10570129275678
49.25195569537807,1014.6081106598872,29.34668010079468,38.979291848341035,57.105708273715166
71.37597664045987,1017.0263065309168,4.371293186061866,11.011952392337243,65.79382922798268
22.2596964968061,1006.7929461043833,19.57946322672963,12.635621568252663,65.71807235844263
49.59249855971464,989.6254031113687,0.3920770519376937,17.908924173769336,66.17261521617716
62.60897717128025,985.5766666244964,12.208831149570393,79.25646408976549,52.097843794173315
21.649052706869174,997.2310791475352,9.27550197285109,27.53323005617132,67.46908678336715
60.61190637474398,1005.5863673780007,11.460739132182557,94.81237817754106,55.83612813480944
72.34035686125026,1015.3214574264664,14.942320343193408,81.01701665366289,49.73288922569221
80.7366158170436,980.0687570135175,18.011250045729533,68.45406681986812,52.636720146509745
29.06992651275443,1019.108515557945,17.505340343829,72.03936293957402,58.29260252230205
99.2451899913356,1019.1991562668902,18.92141010363339,4.763220867835116,54.46414905979837
68.49341610680764,1004.4495793570875,25.336430476613717,56.83893669865452,55.81279782711146
49.0555034089864,998.8873545161373,26.601514668439542,94.10569099217298,53.70174747112173
39.927428356537106,1026.3269710568698,22.117509016823927,3.9110183392508935,63.41449570370259
65.83174893467316,1023.1523115117176,2.36826728773212,29.101651851354017,62.1697957914014
90.53693177332566,1034.0801848684748,28.838771745298033,5.151149213393536,54.40849673480445
61.64523169130918,1000.4561942936424,28.421942590411387,56.97415778661655,54.3976448656006
72.91776444839682,1029.8757932671404,21.35111383636061,11.620062717052903,56.82882644365915
48.615715163244815,984.8071037241124,15.523172142057714,47.925015622439915,61.409084031832144
51.05218304711781,1002.6306336437968,7.518550750076765,71.99494367875448,57.742550084885075
42.894008461751355,1005.5955765311762,22.690534184966282,16.443853493546754,58.69287640714773
76.45098354945918,1004.2480873911902,26.335805361488674,75.53644370782709,52.859484763735125
48.7350042733252,1014.3804003637118,19.955628026698136,6.02044619498987,62.00796428796893
35.25731232329914,989.3614311360993,18.87217898585312,14.96244802569967,63.497647071616235
49.552045693299036,1027.6548694449439,5.790141137117585,28.01103631822235,66.16330556468282
88.3061766266205,1010.3470210196801,10.733895686825688,79.60990674120872,51.82070137958082
79.06016348615387,1029.7315251407294,21.694086660975366,85.01368891234009,52.352482058711196
46.77126755708511,980.1447404211816,0.5069621655367018,22.03798143662371,66.46710739382978
92.5447171869362,1014.6493462476149,19.237928315666583,9.578382552549613,59.08633638331852
25.986610809397355,1002.6851815770158,23.000109030307442,84.79537823472516,57.75585211881833
23.980303313091458,1007.7804483962202,10.04113458812345,64.9367437522107,63.175644331031464
30.197628382819303,1020.9092480929157,2.2850330760236712,15.785543639868138,70.48661182088395
29.316380468688248,992.493346158518,24.573581366519957,55.77167851507525,60.07261448850739
27.026745200987243,991.2694689367913,4.255104884550683,87.2371432885535,62.30735492601092
72.90740895983939,1018.6654299755429,11.124033179093207,6.951494205176301,64.34021999237387
68.0673903724339,1008.6751167419299,21.2176231520334,8.37212336482802,56.134333371856684
71.80844084653717,992.8501503933929,24.50957962954301,27.360776066256808,53.0673410852447
75.0692843329624,1006.6210249068179,25.871457554655475,65.22623255986566,49.31089786131554
80.55038019845439,1005.2757123177438,15.912515748333467,17.800850947059853,59.88929837989339
36.57415419891283,1018.0294435078422,14.276150893675968,81.63672043171644,61.06158123071727
69.78428105878399,980.1463606990603,25.449518310540892,75.04301767949602,48.90505012618966
66.40389274690986,1012.2718146174316,16.892312851424133,56.10048536279805,56.597711526352306
95.4928020642779,1013.3122982781751,17.359521852456933,11.606770437034319,55.89033345539819
38.58941793917189,1021.0030575453355,13.019201039814021,98.82198283121978,54.91455540992009
24.697834749946512,1028.9076756319496,11.184419157631188,49.003362956282494,66.0741568171779
72.27960557716345,1004.2104388411428,14.416225718694873,45.207314786727956,54.98625219261929
79.21382721893694,998.8386123369886,10.945424810883818,99.55690796673157,53.64256495498333
42.65568046460405,985.6276207631207,10.306393499077156,86.3868263471336,56.47471403589061
65.66787447517352,998.5259714691279,29.80993026023682,45.63677340314813,54.381920927115885
24.762885242732047,983.7666565444424,10.086404822155442,41.88029859362721,67.09443480136058
96.80358729346312,1024.15511129378,7.691512425980013,9.59093825669861,60.509721336524656
28.79399786393349,1024.385338131521,10.617722695278797,92.65117463890796,62.50268599142934
25.405642892159655,1002.9480711512128,17.723440219083184,84.3774847719198,59.979613538105056
23.528812759569526,994.280267863207,27.329714598694952,31.00024928799109,59.22925258112349
54.18175252026821,986.4911041498749,23.635927505932834,75.33212875687772,53.60645659838227
27.772779476575202,1026.8180441312015,25.267234172271042,76.27294262739242,59.0813497858114
79.57185927644602,1028.2622403111973,25.77025832051573,22.791071722661492,55.392780184769286
91.90993285011245,994.6459288024398,27.61585189340602,61.365546993868314,46.42580045554441
40.81751458598856,1014.196830165727,7.052136987266397,25.502880341221136,66.42396388529947
70.3018495401119,994.2259515634714,13.750980931123067,78.98860519359116,52.3412787730685
23.38707576094542,992.3819644928968,11.555929997293395,15.380970248291403,69.85075319487758
50.92515773542363,981.1664427847278,11.456309838405014,66.89059986872773,58.658996735549735
43.43536907421827,1011.7437679672335,19.568509551065546,32.601171165176126,63.21689700700215
38.28952771522871,988.2467848752057,12.054091809532302,3.6182057535268486,67.20893047768031
71.57787917029593,980.6804150576812,18.48990917751611,12.370464421089311,61.618697233585394
30.418235708682904,985.7668140385249,11.468380911834235,65.4899138183594,62.08903468124155
88.85684186375907,997.2573055373298,9.33384548173269,23.991430322198237,56.60687989606241
73.18687250949878,1016.8039754561441,10.592315353295422,63.103537258467156,56.330352978218876
76.85881429504464,991.1442679332669,24.112711680412794,41.482216600128694,56.46317807937213
94.82754469261346,1028.817480939242,18.03153108686673,69.27134638762466,49.502553302290266
95.38982972020118,995.8668625710623,29.219931990498434,49.294862218548005,47.69700382895614
64.13218590553886,998.2174459183008,24.97968679139198,30.8547097161171,57.022156645080464
59.63038538287844,991.9887448973587,14.573418250021234,14.581917985760185,60.65004856985596
46.83052865815281,993.9592935389511,7.271290052822276,34.109825242128025,64.92894393412833
77.24572881619747,984.0774313004227,20.217273343654355,63.48940779267531,50.23311914279672
63.05671095838504,996.2123818293904,21.79938081935807,74.04735051974353,53.8958525692591
94.63000637920997,1027.2789602780342,13.925279393758771,16.033967483999056,56.795999070546664
39.090075897008425,1017.8633497767587,6.897663972320721,66.42724088881171,60.88238819513548
44.82021490003926,1028.1397512126089,16.717149535897956,17.92795096515123,65.37062256945114
45.287235793597496,985.7672457908646,7.614877570783399,22.181934348998343,63.794118600648694
84.47987636453657,1005.0589146963188,28.19994952891313,53.1317240280015,50.98851552917877
27.923226547372188,992.6090180139063,18.866527441011584,28.920230197607477,62.00116023930575
56.45192967911838,1019.6668574805882,8.757928850076445,66.15954412364864,59.170881055931076
54.206458957843786,1033.363080359924,6.471920650035737,95.57766242415383,57.100431554222126
25.851169681100686,1024.8447713477658,21.501698501553626,14.889220133739423,67.10433265931394
52.86375988354777,981.9402991713054,21.23379840725259,57.05108323094167,58.33458051819112
61.07023866271851,997.4162832054329,17.913966945257247,92.32991826731927,56.895341075753734
25.20837540039306,981.5718829747788,18.42903075537664,17.652897665161237,65.24342558533375
60.78897027557339,982.2091831812043,18.11607008476869,36.685090338485814,57.09560356967752
96.73903237467209,984.3733417290427,10.803103404315516,12.361683498978715,55.33023448039149
98.31314585292259,995.1979810933809,28.1224323002242,64.20377183139485,48.77720402296178
62.5343822871849,996.7311522200972,14.378353927887533,66.91429276947012,56.902911240406304
61.20775460823672,1002.0249432279188,0.6098370043676948,66.41823194356371,60.12034206788884
42.840653313311314,1002.2712101956463,10.450840271649762,54.21270483633454,61.243282517633496
99.76923773696812,1022.427495651375,3.9084773594279856,74.62608677977721,56.0926506406611
41.93833368201808,987.7771783968395,10.901513731436502,3.5877296379979717,64.43061506080123
56.23210403519651,988.6757338692341,18.24787455107198,95.75134874453062,56.31415388046431
20.234724624214124,1014.4623978419729,0.6799342356577232,22.209620792935347,70.9243791468979
47.93858327273095,1011.4458183705873,26.10601593683605,12.156196869174341,60.10586004032218
25.715224048705913,988.4702588015161,18.309273554045266,94.11360429419315,57.16163537115163
79.50598163081058,1026.8745434769655,8.861156287769843,83.04369163615833,55.012155577742966
64.88115624239458,998.0982677755665,9.336155217728448,76.48704192916802,57.64481332289073
65.77375018301252,1000.1832041699467,13.970045295484523,10.47457089389816,60.132165318853815
42.92090287197624,1003.1253044459023,7.442754180053805,80.75292136761658,61.896558487981686
85.19170322023788,997.7486028906415,0.13025783282838654,60.902352300978265,56.457910084733555
20.261674026500014,1010.6600278749945,0.796723445377896,73.1908611011845,66.10808801328152
46.68809433313537,1001.3756247737009,10.732220159160596,97.80702798183924,55.22814363815576
72.75979923670943,994.2689099269908,3.7266502982582486,19.444117711800025,62.3766528263125
92.63380299335368,1029.7461177240925,0.6709102394124566,50.438196081853015,57.611074765134084
38.769276554018646,996.9592907077085,25.77807810104521,75.3351946459115,59.433611961475926
63.28800413819344,1018.4168909007852,8.224119409285596,43.36563507716983,61.986852387890316
63.03931364266568,999.0974723696293,15.093677315004037,5.465308291820847,61.4494574489984
89.93394952349598,1003.9370992782609,5.382272525748695,11.143889887552117,61.63562905801313
24.041351164787386,992.9768937870732,1.401749167312868,60.20919725456228,66.67489593353142
53.958044885656584,1021.3781290662989,22.345988984657442,28.500414639075654,61.709756230051646
34.59725398335452,1020.5461788284439,3.7487056394035023,13.784064730259338,67.04008876797987
21.722608023887844,981.2231970194455,0.7715070721097594,33.98919975245824,68.90866387380456
31.762475241638626,983.3106722165711,17.616909847902296,20.098093204478552,64.46088003316859
98.11765382785593,1030.7307050109716,0.4040271726434874,2.3939466574774415,58.4385236831032
37.18788076162143,1028.8854765980818,13.088578344309648,15.18139885671661,68.80250629042678
94.802461866864,1007.8347956028192,8.665081454334485,88.30779609176726,49.77353042928968
36.42034741047533,1007.1346565357085,9.582539548132585,1.2037282502716073,64.99226874652379
94.50361819075876,1024.6833295911085,0.1169712934208933,77.38503035940957,50.46411124745778
72.36967481602515,987.6147580786684,28.930382411483862,75.34611058715835,51.24179534258757
29.05748620015414,1015.9534516740277,15.508893074506139,56.423768835898926,59.93087259299311
66.55321241012622,1006.1790646967993,17.175363991250514,20.844776570837066,58.372302527430875
45.481123003222294,1020.8832066123592,19.983674547360838,87.80592243002316,58.500930480220745
50.652252478245614,981.6556535221595,23.925653731493007,47.50755687939432,57.23206552337196
55.21367662679785,1012.5999052348166,18.237273489275275,17.320622904773543,60.15432144157021
53.81656180242676,1010.6200518368556,22.86594316479927,42.90225924892261,55.340428152512544
73.12871123864231,1026.2466581274052,13.462058830886269,19.49172277442527,59.96200391588357
81.46944548726105,1017.2259963655265,11.138254212134648,37.60078411299246,59.215492224034335
46.33421513608971,1028.40881971176,24.69401722446555,49.668777101012026,60.30071964801446
93.94911693485518,1028.8000326903407,25.95931572520389,35.990088970204994,55.90680322310152
95.07730512151012,1002.4490200494845,4.134200093608014,65.7044274072701,53.3702353857747
23.255234972091472,987.5588773563497,16.279805608801833,93.59178040884385,57.0861153648467
21.19270311064148,1014.6656010702203,20.50927291458478,34.814934764696346,65.05311732831065
54.00530641208488,1028.056035412468,2.5079620989590046,35.57395138364857,64.92909703062642
67.25162007901268,984.1224339307118,27.88790450228255,73.83024706022654,51.390011151976765
42.23237979616493,1010.6857800196565,15.603293181513923,53.059093152108474,59.603507066238905
40.75310008686195,986.3249739662904,19.363722519502566,42.88394396207411,55.29230541845234
74.26670637673524,981.4847795465361,5.34728244271061,81.38081884565025,53.460195235148454
68.13634277244559,1017.3799444667459,7.933040698662818,89.10360671914113,57.36592088993714
33.371749999448774,1017.5017286529691,3.63003650043607,59.05866060471836,65.57323914983724
90.76007706121271,1013.0361924747999,7.919961655616666,18.51032727555061,60.184094744916784
74.39808561288558,1027.2572542145988,14.771902958753962,46.628588900197784,58.128641911205236
49.006099933520666,984.4482041886413,25.00888798371889,50.43706621481342,58.06465692105269
74.68997519929201,985.7893143934317,16.011702450610905,43.22073571108594,57.14400946412323
29.012246941425275,1027.5494490888696,7.333907946932882,26.243187886538433,67.85406421127598
57.46048996592449,1007.6802195937445,1.3386322467218392,47.23218077238545,62.624400522108914
33.51875276476474,995.017904486103,18.659095077210136,44.65461520976896,56.299807900556075
23.31449969027493,1020.5986337891908,12.60479692099944,20.949352395193866,66.31777162610918
47.06610162306398,1029.1922047432422,29.5306160045121,90.3430652336065,53.393548819525755
32.05883867846266,1017.9281807411629,23.39279656235079,88.5340950847468,57.7815279698559
70.68143655630598,1023.5562928173147,24.25088457820108,75.96164284505898,51.52577375473411
73.92543152141683,995.5373482107356,0.36705068641190386,40.094657761228135,62.12095913248048
31.895384498128266,995.8826447675798,23.333859987121713,37.03419078921356,59.66807991965231
21.9690404482741,1027.5268134195048,5.838399320264784,71.64653773959645,67.59877237521616
83.42484493081284,1013.8174566760368,17.573876168649175,60.81192350030689,52.05046954175999
20.16456165828498,992.8789513420555,13.42264716947156,60.05983239467578,62.443221788245836
47.5130471347031,1008.8288998504216,17.148115517330396,12.411152749485666,61.72261558898218
59.566663843653586,1017.7223259309737,4.003305882689886,61.82837802954484,59.933575530850405
85.49137508307463,992.0201994687933,13.706750442334389,90.18630111233658,53.33705831959488
87.08469141969125,1016.0198524514254,1.1083405785498934,8.581647067043342,61.025721144833774
77.99515524883644,982.3179667399772,1.229980444788924,33.91712990707874,59.0295994464158
39.77580980319183,996.7030392652289,19.732143923222097,50.90142914470724,58.56136585705948
77.61495474553367,1017.0684496449363,28.550951204165397,68.6009494831487,50.94705276092669
39.723135830155336,988.2141986019445,23.321787561143495,8.963492955625119,62.412178559906806
37.168655338536134,992.2209466853375,14.074673417129311,87.28061932888443,58.22513209428895
63.770236338442594,1028.3501309697115,1.6761222027711875,4.054562040815146,65.55454925272683
74.30835550672501,1017.0876604687385,1.350604483713126,85.76896668072426,59.16693934584268
24.24414127293445,1007.4405290641171,4.736767833241743,2.7651755865255145,70.74816298096586
24.801808089968674,991.5991365670099,29.274315118020798,15.352330432735572,60.32533635773165
82.73365494534318,998.7775311120242,11.959831993234895,80.03238271536735,52.99502695400272
88.75978007723839,1011.5881774058048,25.302218756179354,86.01644372037784,47.97365957136128
68.35527330735152,988.5421926647567,21.15427316845791,98.22658292862256,52.0795485076577
54.30624077655088,1006.4959243944004,18.162859776481987,11.571482834367519,61.832758941714566
87.62531836793487,1002.4935916775912,28.43478334961225,52.645111609063164,52.67020060439189
78.30536262202642,1006.217803778519,6.912347118570659,7.715582653969055,59.82550005697166
66.36753587450148,985.8058451704164,13.646689874074609,15.64076259638496,59.46781365730834
45.58056975590107,985.8573397874766,25.941688970237863,17.449385790636327,57.80042954484496
35.8396049325453,1033.0261024010476,16.552839229267313,6.338825145908544,66.22454225731487
53.49384314172126,1033.8652253548623,7.393354188783331,89.29798059283371,56.57250971827755
42.94580607681692,1003.43905618515,6.267492505268304,12.635551801435984,66.69664628398161
47.14068701875688,1023.394749950796,22.586430031269032,62.934084301232375,58.083525439706925
61.25048442496259,1016.0685284807693,0.383666827562662,62.57470645631413,61.632607780576855
33.52751655612878,986.4304270040114,27.42576232208649,19.86452053662122,62.40112973193932
84.49413440590604,996.3173261534084,0.5525396434560903,99.84112612357812,54.45779236523228
31.642356937181397,997.2508274754487,18.929671406421125,34.73677731958863,60.334119955777325
58.47949115367619,1012.7675939172573,18.14243884326022,90.50943709633947,53.96184440914411
79.67770704643493,1011.8987191772959,17.352334531643432,94.82847322537451,51.45560439061134
58.8016566151677,1030.7929781536516,14.230291526002667,94.89888142996963,55.671408191958946
48.8817650870911,1023.4519972686951,25.572909980658334,75.28375876017228,55.81916246086701
57.99130446582008,1027.1266215531637,19.779986108714528,25.3805005311983,63.32954713725271
87.89365590993124,1029.0175737486056,23.455868444981807,12.0655351810258,56.328084440683185
99.23453586271661,1024.070216990524,3.4656541793756945,56.988497715422184,56.34020224792274
70.49146314315485,998.3084693581409,1.4969591237232716,36.003913109701045,57.48822378111829
83.47552341189606,991.8257134233975,0.8558552678933595,83.10390118192245,56.63223248764352
21.15909489274309,1011.4472035911576,4.416179564207782,74.49900526167515,70.35358998095401
90.42915276196581,1017.9262574049326,20.010236707632473,27.64682961734116,57.36054928092024
96.32398079423345,1001.2612382929741,14.820652672235124,1.7015233689728793,55.96822504396538
66.01354734060564,1026.658625748048,22.567567684862126,23.731575895091193,62.72979829855884
80.30438896481758,1032.831162604989,5.751910102263224,56.71155842422665,58.34217941984496
61.01957943680599,1011.3167649375544,11.008891259113847,7.899747221259412,63.467314387240584
42.89629923644718,1005.112563421892,26.65492645648635,65.82725997166149,56.35876005113603
88.17983775864103,1026.3587914318384,28.071436380856,67.16962847722998,49.90797265731548
67.74693695967534,981.3348250844163,27.65187464967515,16.939392235987903,51.77666107113961
66.35064670331256,987.0956938708837,24.549151326022876,59.631823408543084,55.04088630254492
72.73057630729652,1026.5111712453447,20.647076357936758,60.69714279612337,54.59872311709466
88.48025326630787,1020.2615722106395,27.41033682082391,47.7978146354054,51.523506284268315
78.55249006167715,1002.8875184012379,21.42544775497917,95.32458075288741,50.84230658727141
36.88993553725962,1028.8868521748423,28.618087461764812,10.816318029849958,61.855915626833905
57.34588355258556,999.3302058204963,0.7436499611066538,40.662566870292,63.40729605899739
98.42386655889649,1014.8614946826805,27.649262576837312,88.2920772253161,49.02070689824018
64.36485710102197,1014.8883958679254,16.672216084181244,38.631401745960936,59.41090514549257
95.05962827766389,990.138254093783,3.3539325546137477,42.46396090053349,55.83469106508506
85.06955890504447,995.6668454890232,6.447338092118841,66.82738804369527,54.88592323029012
73.28187534470071,1030.3803807482848,25.564778517447408,66.55635495795819,53.868299344567745
47.94921621278042,990.087816958638,15.183508645395479,2.2901958438765413,61.934166881781046
44.34554780203512,989.5466042016194,29.484531704857098,45.56974261129538,57.28746712493825
71.47368522380702,1006.378851055363,3.525933285149131,33.351184469840945,62.21675078622198
54.60489926771287,985.0708552530813,12.375103917003875,62.76952471467862,58.25429033654043
83.90028982533818,1029.2044403941406,9.956233292422802,55.57023156952715,55.88501807701695
80.83653916321566,985.5082026071859,15.484063081947653,65.08616271136978,52.700152106714725
44.97043893908114,1013.9106612262437,19.003134566091553,65.3767386506004,60.00384178717442
76.21830264494096,998.6880021044925,19.848884081449633,25.487186130763362,54.533261608364505
59.56401520777472,1024.2350087009067,0.03887639735334125,24.646476456918485,63.58373799205493
45.863368065119765,1012.4395910172146,2.668813013447038,37.028239502315316,62.096194192568284
53.0373274211712,1001.3568377593691,1.0519150096785568,24.1958460536694,64.96122561929755
91.62814937698096,1034.1130141499646,25.93797439194832,68.2808077818667,52.22473775524922
48.76141536980324,983.6427043656042,9.398767594789668,60.28659752244591,62.255543456284144
42.99194186555664,1011.7782466776872,11.011903256290928,21.63870066420501,67.32586523781536
48.14457765681102,1034.4262571349225,13.51113746840078,88.41048087996913,57.46188734343334
37.169474896695334,1018.002395376716,25.479131917607273,46.0662615071135,60.539646418514415
63.57079899170629,1020.6873297403206,0.4249878288640474,12.705322329166634,64.44503838317627
31.794914905802578,981.7650129518718,3.5585482313955117,21.296558809158206,69.87376063362818
85.39550291495331,981.174973970333,20.55489366422701,53.98505631303454,54.326348940661255
38.04641977965009,981.9860561590206,28.91677568122791,33.84240164555949,58.938421817620636
67.84440220317165,1034.5448146196927,19.28359263891023,85.12219365944684,53.4596182586484
30.002039913591485,1033.8735868407468,7.833704054025697,49.47354074021702,59.73185096823879
98.27625185714611,998.3979909170343,15.59593286359852,91.52948004344037,46.392660567204715
56.36603671149177,996.0039998946206,29.24941426744303,10.182648093835478,54.92416210937976
85.77370726070515,988.0277310034814,15.842296397033728,66.85931329947582,49.74251536198943
81.4918268519987,998.1027164540617,11.205228891846073,88.5784852352689,56.194674300821106
77.0954437716543,1000.3582461800999,11.502766645161609,29.29304755572203,55.89980327156658
86.18918969636879,1021.1555549217469,29.01100525775192,13.568759631528804,52.66989426674524
28.037088692776464,1027.6461454105854,21.567495801951175,45.6644737978198,61.198307220024674
74.27977579775697,1021.0704315857763,20.615185668661418,96.13342263276174,56.53376117813862
41.26617882190249,1015.5561305602565,6.961629650722404,63.34619255033205,62.51180157239366
82.86973312532719,1022.1245042948839,16.78453913290723,64.39769710302393,55.896137330515224
96.54950078783111,1020.6173613533493,10.702355955669404,67.15012545305886,53.6103820515378
92.11916238741567,1006.1662331551718,7.206045775618495,3.9761375593790893,55.73723628775956
29.196177797893288,998.4718271353747,26.866568580423134,44.564980132439246,63.03635690179925
49.56419365382568,995.552939428268,11.494674262878403,7.757201044170959,64.61521803221675
49.14582057580798,1017.364550273203,8.483614874141933,31.585882937195375,63.455851208818395
29.78370130876245,1032.7617268444874,27.95161189825104,82.15990243368775,61.450448144028215
27.850084267746197,1011.9580095414597,5.920391893683762,65.62699497270292,63.946762082381696
50.79121079753453,1030.1889576359747,22.36514354149568,99.55726987353151,54.77306191399015
99.3657240397209,980.7826154035121,19.582414333927883,17.21544243726769,52.43242213464751
65.51541208530202,1023.6958855704803,27.614532851168565,39.705423618542326,57.97778082131179
69.7425302883405,1026.9481461878045,24.961414127018347,80.96402163229345,54.363952319565406
57.68151280149459,1014.7046610869032,21.158856538189244,21.56916023934241,60.42222652090866
72.98644418432183,1031.373354964895,9.437149820912868,15.3721846329125,59.82472375956385
96.53296645958156,1012.4452146084715,14.867070338116475,42.7612556993826,53.213775104865356
67.09583628915135,993.2295296389713,28.334872840415393,38.37264901575015,52.617523929799766
25.20307677769546,991.8644476196507,0.6960789174448057,98.02059409033515,64.96711121063454
59.43124553345589,1010.5709946680994,23.82995471460117,45.62515290266508,54.066142800771416
99.4201018601561,1029.8566161772917,7.554310513616381,86.09463431027535,55.37496913353815
50.99221764754106,983.9802370165293,5.550508298813751,88.79655192338896,60.53680078427401
67.51049897715777,1013.2414781716001,6.966738432669587,15.787171409440926,60.74507395622462
28.53094107430536,1022.3391910140114,1.7925297449054145,71.53048012484547,64.69368395864892
31.294439898925354,986.3471138292963,29.759394728585036,27.760713921140333,58.816638044513915
89.974516252317,986.4223329891607,26.09607429675435,9.473896826262951,54.453206397286415
44.02757026012892,1000.1370398168274,15.63167905896682,87.47049111015869,60.03819380813654
44.43610186836744,995.0634645452344,21.45309535671276,29.243304096335144,62.568499904079744
50.97703968018625,990.907278739153,16.69786088770523,34.53656701908101,59.27306976193751
97.3182938323618,990.928179548624,24.34736833352497,32.398903651934,53.619281453494764
26.751239682950114,987.1867967833659,25.34295574671034,20.029542295336988,64.64596326061786
85.50112820410679,1013.5969707195073,6.983712844596038,43.450338202862405,57.156853295029265
47.324630117278915,1017.8469081971248,13.792433119507372,42.82928208024397,61.72370570373553
87.95744207883799,1018.6614924783474,19.04543202568713,40.875162571118295,57.296557727561144
99.3404519603634,1009.2794686876233,29.35322491824825,91.62977471565793,47.70647413107917
47.89339281693983,1032.4098448316063,20.48068137288494,33.97516286958113,63.47881267005217
30.348509296988418,1028.4293027674537,26.92905032232472,3.0378908344156685,69.26329327050564
31.550039838634262,1032.6697128466453,25.38336152961263,17.84370062407763,64.78602673510358
80.69927127593488,1001.3837512969948,17.461891910356922,72.14970765734738,53.39920626795196
31.593724187050924,1028.2780737975263,26.80966080185667,59.08586063145111,62.40706770324934
40.83372548277093,1021.9581084673786,11.322651834757032,95.17348037411855,62.88680176830136
36.35186749296638,998.6985096668707,11.378505913449343,69.44351071908832,59.994543851911935
48.4542851224786,985.8626292177321,23.42896929728007,19.424167339871133,59.39184135069186
25.949326011974996,1017.5441687443245,4.036309969050329,12.064421862730313,68.00170948971096
88.53939859258064,987.5048778267034,9.174756523752569,52.075977531447684,55.37646794466719
88.81170494407948,996.1576693850611,18.25717352620027,66.52627361423423,53.23882124998505
53.03463187861518,1007.5200517044083,12.60196796600846,16.56367379685364,61.16204227879141
68.96700552187802,1017.393539433166,28.221711296646856,60.169301038271826,55.5225507782205
71.35612567234438,1030.9425211458517,28.755182088574095,86.50286839296575,50.60926855877413
79.9406492276743,1012.6282024666948,15.077439264413675,72.75689280930445,52.96149611677296
61.65520700352409,1016.9277204819653,16.171856710970438,66.41910808818075,59.10622379975571
60.82688363533488,997.0507617583038,21.738812754713134,78.93310545099244,52.883393295447874
70.50430218625687,1017.8010939035696,13.717947757025206,10.408270905373096,58.3479525575165
76.2438716535902,1004.0784566401541,5.702954038214304,20.383145581119443,62.008750159360794
47.735230162340144,1027.1312150586075,22.40907505868792,3.8099497025789075,62.780835202707316
46.429637861505206,1001.5847782645811,22.133576680589947,14.49779454267568,63.56223361751457
41.57747232767274,1005.7549611911106,7.349433101753384,91.31823426695264,61.3501437890732
63.90772442501988,1003.7923266300642,24.987495593430225,22.21449279173131,54.39456403034658
48.81245516446179,1024.6117558869062,18.409475892604824,66.20972163458629,61.13141721898893
63.22506141661055,1032.4534558356547,7.0890483094609635,69.15672491353784,62.92912886561086
52.478781266153725,998.00019655408,19.561174325061128,64.5325459419588,58.85577973229377
86.93873460421287,1006.1265345419142,7.008285788716822,55.392104873586334,57.95376011636319
25.85041917963686,1018.8259446681279,7.956988622400534,48.61303474468118,65.551375228971
65.77684748837397,1029.2459892119102,25.440279204094683,41.99208417808416,55.72582427340763
66.04990004697582,1007.1535383265311,27.884747077194568,91.68986966182847,51.4546806348171
50.69738484309599,985.98914295247,7.706479750746333,0.95143608771453,66.48805281136762
53.68167156505145,1000.2769260925727,27.841531112555572,5.348962602691532,61.18104701720634
84.01050887063428,1010.2699036992062,7.163965395070605,49.25124655026485,56.290119978894964
42.453896820826785,1002.9638533281318,3.51802096627757,33.0510081804193,64.25639733670624
89.71230331409303,990.2605649733439,1.746716342137835,40.823021310325316,54.76878010796865
91.70746433077547,982.034422243877,7.263397224978999,99.78485195589413,51.891075643062365
72.04954435217567,1017.8074766343942,11.55739622031706,77.51346991962201,55.11283447062477
81.82861709664787,1034.6005454927429,27.826451403279144,87.7407955988225,49.59197212168265
69.03580226835908,1030.556364864314,7.264739991180861,36.857456424561406,64.21227806615808
62.02072909972733,1017.5799000973448,10.9639603485268,23.95604400061768,62.81971306396548
97.33422034001836,1026.2841394684035,22.024676242307162,76.79904683224461,50.38235735568148
42.61239713819713,994.0650190156956,9.062222639618446,80.75760942571127,61.13893189879298
32.33207573144897,1014.2338939843146,20.531044550387417,54.98984459741876,63.74470090766134
42.99882905140122,983.3332318469431,12.962334577455072,89.59415146473043,54.563923786328225
69.17004867035561,1018.8951160021852,5.893348579775168,96.73252567953257,55.15022695372047
34.814675048091495,1033.3429786463348,22.02176702907408,47.10206784313101,61.42006806648263
92.70512345810513,1027.3438518969822,0.8111650007005233,22.26666677807322,58.44284548659616
52.881952053231416,1009.3942481124401,8.770044752189367,51.711310705131375,60.63666224066586
87.99703026334748,1023.3807120622027,10.68544617505136,98.95332236756367,49.3560037873455
39.938923562305334,1031.914434547149,13.74654764962908,29.292685968307996,66.16560972620654
45.0534684066198,991.8809667866568,20.39607695928418,61.7599323732801,56.945896317467884
24.737871773799725,1023.6292182137558,13.782149825581106,69.39836640699471,63.59880270972054
40.62141537484592,994.841582688287,17.82972336858649,21.3928794345277,62.62394531977871
59.22510551706411,1028.2321082066817,17.87337235253452,58.845912282216574,59.07285735201994
95.69095341785938,985.409497812958,11.19814949688023,31.450700596911542,50.31754224255704
51.11223791131985,989.8020130378413,28.019137972640955,85.42096090867422,53.89725816686584
71.17951035866767,1019.6339054909491,28.67561492629328,71.47535707060442,51.72633227229338
54.216809397503035,989.6127627124787,17.455526522833974,82.62664274789908,56.210331117319726
23.7433480614353,988.6929866046675,2.1507264088629574,19.968239459195537,66.72806072209102
60.282610071736215,1010.550678256938,14.733826927678072,3.457470568556764,63.164194568724675
25.273091736313667,1025.924298073999,5.532579803820216,85.05256848098749,66.39597908058244
90.69599396780288,994.7657083901046,14.496435656187112,38.675420041642994,54.809665990694036
80.24295695607312,1026.2626000488017,5.654494634956254,17.972241191214867,59.871624016567345
50.292117700189294,1024.4374368100287,21.11565736946653,9.18953652673049,61.20724604558771
71.21749329530317,1011.8507970527635,2.4128736019902752,51.65008060570913,61.093417380472204
28.962252425066566,1015.5609514527998,28.599122291877723,15.012795261194578,63.95265576243455
76.20439895701207,982.224265263655,5.861276683000582,56.66920244412567,57.50123096962235
85.81859271931756,1000.1924557067042,19.819690081477365,72.73065425127446,51.29398940590957
85.73965188305876,994.4867212115093,27.50887052188468,53.50581715162521,51.12616601903233
42.742203815252466,988.250212340011,7.436589419521874,90.3699782688481,58.91309595515757
41.09969562214613,1001.431263103634,28.028906971113898,15.55696243356378,59.95492657268029
61.711815032214275,999.5197307991089,11.66023996980818,49.3953473250499,60.22078763695262
97.42177295438788,1020.0890422971349,28.815924517577702,16.319045938663223,53.239001258293726
93.64183820848682,1012.8952987262214,29.140915744035766,87.59019264465465,49.50006686165461
48.77107854047854,1030.220503784111,5.642397152077193,93.22392763511381,62.03500255579552
82.38636049464353,987.9974170680712,24.932620107931633,39.99958816428478,53.2282854866199
93.70542112731658,983.2861732927939,5.802630385006509,30.574825784867464,57.450675243326614
40.8741172574084,1009.4034283120121,6.793218609932447,27.931609542924875,63.589249051427544
86.42365196823518,980.0564926235932,2.5237951207019482,85.97273459907343,53.59028330127684
41.43165015273412,1023.3245418724231,4.696108394945338,68.24419246266451,63.70146475038906
47.46257007097685,1007.8285088776755,18.966569047413238,88.05930546538343,53.55844324588323
35.90565526806033,1006.8436066831841,13.477581901553593,11.751682948378306,66.3513255744341
60.56638392581708,999.9372788298296,23.728327115065053,47.602792786407,54.44561980839252
87.4648715408993,1000.6235609881819,9.959904444798664,67.61790944650959,52.476551838520656
62.244170994840985,1003.712352303786,29.058737019031764,89.7090760752795,50.417384099247464
29.8752007754478,980.8817789434316,1.4961762245812393,38.20192139129887,66.2688812747377
40.1420745781736,984.5950182968912,1.8880786320732446,31.309007271027788,62.99529790279245
65.02894938250711,1007.777641100618,21.041246964544083,91.29657091858458,54.53468407633076
66.65499644564481,988.2567245870893,26.62616654918579,4.753326983016248,57.81456455155103
66.15247228358959,1022.8319434590849,23.865005749024483,47.95954898555801,59.65235379473312
26.160279400497277,995.096684570249,14.69451263600741,45.86265606065831,64.07732964881671
80.29567141078033,985.3844800542129,8.089240839150602,14.605641389081214,60.20771628986272
92.75425591912052,992.9365459246898,0.4035458791414481,39.49501111813781,56.00688040792838
60.841515818392,999.6404026585683,15.283543617593269,72.25997399834834,54.13044638531384
77.50634294174903,981.9424134727186,14.269085919278297,36.686844455425394,57.264007081743685
93.1212393629241,987.7921538412481,10.327376984107197,30.96604796097795,53.51645022839412
71.40982039584128,997.8115714962636,17.34218363917455,78.18954979063462,54.76560898142412
73.94605795448409,997.076426059537,21.8644409214382,98.8715411027402,53.4870588806108
77.71235307071636,1024.0212683107911,21.026647086847273,77.93523739302796,54.514900643908845
40.84019611632521,1026.379051142196,7.897585253526465,84.63432881590819,62.21079391880846
66.61422997734618,990.6380229528952,17.559110658437795,93.95007498125129,53.21269755606128
87.37400916355651,986.8166936152066,4.463234357519951,80.17724660760315,53.14545012550546
43.69301842086006,1014.878936637678,3.648055316650638,98.0354289816708,60.08014650445812
91.77363996774882,1024.2542955632487,23.575675087773536,74.72842547570616,49.31416140465719
69.63055598125055,1033.0047703473272,20.812377062866076,66.15225511672419,53.0126051499102
53.853988114644494,980.3737956610582,23.03786701894886,69.33485492496247,54.89436767715833
69.85463691202344,1002.7522962384743,4.573868226126626,90.00818267749841,58.28197495280348
52.14879245512611,1020.3693308751912,27.4385576811138,68.30081508617984,53.34891241423795
87.04284814785397,1025.5707614380894,3.993348396670763,76.12051709476738,58.39571834764239
58.585486405407764,983.4257271775704,26.101109045931864,21.600993369706025,59.486781014383034
92.09706878034693,1017.433798570527,10.571378739177938,91.26496129348101,52.65334792071749
60.78464646782612,995.8916294569434,3.1630227910241793,44.72132421792108,62.07858819980802
72.82947117099098,984.1028327633219,8.603068816965777,16.10673309128048,59.66514326422196
99.81955368054804,1006.9006419965067,5.44344042641649,79.97871914274613,52.61956487575776
31.757267280683294,988.698433876228,14.720091560751424,35.63930176329742,62.4187263791587
78.93833189867246,1020.5354134933926,28.492360441193057,18.411914296162124,55.44157204058612
31.109778233274685,1020.76939898347,9.836134847475556,25.625115917059503,66.90695332916145
87.1093092611517,1026.313727074313,18.362969570463413,3.494898039047023,61.502057658692685
67.71627049296093,1000.7662776831264,26.75162627219891,9.0622982893385,58.478428982065765
95.05276484851674,980.7320388476854,18.90221789088696,59.26247353861251,50.12788894752983
89.27652815558946,994.2854766105963,10.86597422609293,86.62178280944556,51.555671623619915
25.989762997505874,1005.7296434738902,29.725173815276374,44.853041339882616,59.02731964534958
30.984203334308873,1018.1706203678827,5.6224080432160095,62.60581422997227,63.6779547419536
68.09367428854601,1001.0122322127708,15.69768044686524,80.97331012292842,56.0634054688156
61.46517119536598,1009.4826617836926,23.90116496210392,35.67689104580693,56.44094748635711
33.485210449075566,1008.8344973100644,0.019466087316729608,65.43140703513343,63.97965453631509
30.348738261731985,989.0740292147074,21.06129756427311,35.0432425790954,60.87534395907839
65.11926267532905,1014.2677225044007,7.994966901178159,64.27153547720692,57.349832641487595
23.91372383799996,1004.1588450512969,5.091801680756315,21.7607720139248,70.59441618066715
89.89882423627512,1024.435528590887,8.225833901048743,97.78396542704199,52.87028733532024
84.56663358420964,1017.9836164470895,29.004492775193523,7.617776855654334,54.665637953898695
82.82959773688715,986.1308052408655,26.758057777190565,50.523284952255764,51.34212226036551
21.279771763259284,1006.8817125520113,6.412633693911075,28.6296413052077,68.58089592720161
23.811275473019037,1018.6371897171803,3.510803193553337,60.08378348160848,65.14426445287955
63.98712969205829,984.7856449194038,10.924578135434029,42.83069799109111,56.13448387656604
99.55405511153421,1023.5873367906147,17.770094403002204,30.6665587609927,56.52384179591397
47.38529607770814,992.210248305442,26.014338857433618,25.003763828293547,60.85517243780119
47.549985312427516,1007.6696637510529,28.982703751202333,18.24986141976148,60.148668570751035
30.742237348958668,1031.730870810995,22.53460104519296,78.28793161887624,61.415763525279445
73.94686429916011,1011.4233829152256,17.970216381049674,22.219993709364605,61.540607366899096
71.73413511952046,1003.3229948437171,4.269960783930507,77.35261963759153,56.153373093149554
28.105793310332725,980.3737210069528,2.220851291199332,48.50386091543447,63.5474968442493
57.39298296546809,987.3377492525743,17.880806355876032,7.222802135619821,62.02726668376393
73.36599270575795,1011.8265136803893,16.171923173007812,16.54426776537359,56.46135268098061
59.481290905754165,1007.1603772359556,25.382643232023064,89.29046441221986,52.94367426956346
73.94908654918044,1000.0106046605757,9.678175525653115,60.28158220051297,56.12881419714229
85.30163179451918,1030.7768736966764,1.1907257204943045,18.43331787216844,62.876481330727906
74.86523464974141,998.2865395584267,12.711248072730996,70.37649152008011,54.02565040912369
69.2891388664419,1009.5432916044259,29.07546911813218,82.326174442849,53.29298519911605
88.28722055555946,1011.2792375238272,23.867247148095693,33.06531475584749,52.25165914017124
92.04708542958305,1009.0107614535158,1.0131652092681942,55.65952128107126,58.11775582937009
51.110914974064336,1006.2671965347055,26.24036711694526,29.344997028313703,57.476814394586604
33.85999101791087,998.538505480655,14.150684688639522,8.006171772058623,66.67159474401977
85.42883232064405,1029.981999817179,10.943040954538674,39.95090777369359,55.626759868010524
37.10024858395865,1004.794179396753,10.402186224083747,75.14320191148862,60.97132226162775
94.31605357992686,1009.0646877040342,17.854327591165934,45.86802788882769,55.46192020456413
21.830235617752276,1016.1062891106633,15.917982553222876,40.52690080201573,65.35507787955184
93.70169460954428,983.7210823337344,19.69881732504789,36.60071888394212,54.57036618595216
67.13463940896503,1022.9708477804785,17.2092439512014,45.89168226695497,57.82769836684828
81.9793693210305,1008.1879020547319,4.318337245251556,31.822895213266545,58.49610608710223
51.879406965152356,1016.1447314714732,7.717080262749546,61.21841949118747,61.3467030793161
99.3373033527104,1022.4606635977531,25.230887163055023,6.3565979524695,55.29469539463219
38.204114205303235,1028.0754664920319,19.8977554408689,80.73881734473142,55.52888548328737
41.14749301105398,1001.5721229324112,13.452018762442234,17.316694715333757,65.08253377764672
24.114595522997835,1024.628644097524,5.47804295501596,63.34447282887445,64.23918455929696
95.23786904491506,994.2360292561245,0.23073107931935732,44.98825230522407,54.687829849930694
56.48234428789409,1016.3184608026552,9.356622095658542,77.34935468788069,59.62272089026819
73.98819317754794,985.6489015373802,1.6454087078000623,82.61399868210566,58.71656028280759
74.99525819702725,981.1016757083241,14.468523992623654,20.420037218566712,58.133575455800695
89.9601673826142,985.2669719361952,24.654043582746255,67.71791474377557,46.89597646153148
73.19402005171274,997.5660367609362,8.56195984146892,18.990750676750622,59.05677952965301
64.96169458433498,981.7102037603565,25.432624846651485,12.399826083488463,56.42113074967566
76.82548193528348,1014.6770199702994,21.136931882597683,93.02961014712511,51.68963121851175
80.07766392025012,997.4099496110246,3.757869880645961,16.43890704413429,60.500784635705905
34.874235699878554,1020.5006837242864,19.336856738087498,22.813193258273333,64.82103599500425
28.77336311814024,982.5253324948283,4.5503942191662965,13.032400778796893,69.60476931013405
25.98790803884505,991.9185861601125,19.64372760824756,47.029188937145584,62.725830464287924
49.92427956180293,1002.4401883931334,4.281434541843183,91.96073225243904,60.79829363243957
59.84001918701962,1001.0458359261726,11.77534098046698,26.40557387122444,60.52407084433477
69.25199186318886,987.2049270059987,16.99782810714581,54.185213074928974,61.44875225585043
96.6427615751688,1034.6775247469911,1.5112251427182521,41.14587370927649,59.216935640087904
46.4630256165605,995.644176945861,4.599250345635822,33.6009410840477,65.24971289883415
80.86992416618196,1019.6567646558304,9.612264751567393,57.21526912635747,59.83931970200359
62.508609567590796,992.1014683466445,13.86960257315584,55.889290116881085,57.52794529123351
37.607194566953346,1028.2818165899346,25.75461881764303,35.93666008840006,60.01469100655112
69.22443433030072,1001.3267070582331,5.618192650619465,85.05632965660416,58.8119298802551
97.37409426317629,1029.5496368944007,10.424128515075768,5.317210774952519,61.00171968541671
29.94466394010179,998.8009205798684,14.273287088405418,8.523839516730792,66.4864196478439
60.582381163938315,980.4754101823303,8.873356679681063,99.07812599667379,58.154399551167856
24.12866833204226,1008.4361237093153,18.772433361626124,74.7682912051179,60.8936586051091
45.697303911708985,1008.8633364883103,7.698073043279104,80.39289034300985,61.822097692937156
69.6482142075193,986.5908800533749,23.1705126333973,60.27010751387972,56.130124625704
87.28455488246037,992.922996538061,15.154622845535501,41.98604260264598,54.653689737318906
78.42627373808568,1023.0922575039742,2.589146503833306,62.92268787323076,59.30088418133451
57.02854225723791,982.0215703545763,18.809966856958727,9.258470560871302,62.130239316384746
92.73782056833173,1006.9239677677674,17.07730511396272,75.7769168302163,50.37567316577096
44.21717320190165,1009.1724467877459,10.15792062620018,54.074304714384944,60.403424269590474
80.31867281801331,1017.8791633371868,0.33471235167064073,95.67318905380922,58.32919965688266
57.920721739813,982.0600947070075,6.021046265231176,63.74752577076498,59.54141040173112
91.89086037382205,1012.2105479899756,12.171285866470576,15.16925371784511,56.53836992748489
83.79462573230082,980.1703920118001,5.997421013798922,47.75501149780467,56.4872758363781
92.11757290456761,994.5848102009055,17.324733628190334,5.7822249219321105,57.0873532042887
37.13982791536587,1007.4826340424065,21.369746817787703,74.54295592918714,55.59771918679738
73.45203456929664,1030.120473558409,25.680529702525067,50.18315215683175,56.04101637441543
79.0770726465312,986.9624398803045,19.40947856051246,36.96533697923695,55.54254326668086
79.3931412226075,989.3109020951802,20.67027663764438,96.85493816720391,52.72667903362591
60.320036037387005,1016.8087535411105,18.253255956915734,94.059851896738,54.14205822418289
20.9000417878362,1000.6173931602319,29.56458172838111,95.28319968261196,59.35469943184448
40.91446270952599,1014.288177105758,7.830017072397246,22.09702422169102,65.62872949756955
45.86407000035049,1034.8599791923848,7.987760415382751,72.85695957189921,61.93980515763209
88.16292938254092,1034.2779413741869,3.7900092426557896,94.53821372024561,55.141831087247134
87.27086536833762,999.4542468721932,14.570529776085971,57.08702567066337,57.445801557733134
28.374408323022664,1007.7158944603658,2.8848511089276574,21.41603439331712,66.38689592553429
95.9868705417006,1029.7579587246166,8.104397906943111,81.78124638822622,54.11482390183126
34.59659893211928,985.0692214324706,14.480427863141747,87.99182473267118,58.6298426601448
53.14875610407369,1004.8767147110266,28.72786847790052,70.3235386386514,54.36354167214781
37.21255728886043,1000.7667541574052,28.91438981520502,29.355287753559622,60.921185465567646
88.82659750634859,996.2185524963548,22.312207024096672,19.069389865445274,56.41195145698618
79.95216254874495,1034.681231655729,11.677504847270548,62.42698011967175,57.437828018373445
48.28230455102432,1020.3452111684808,25.954838201296383,48.2800524802448,60.44371747713477
74.55029008208443,1001.3810845816107,26.26367405722921,66.87827244132721,51.50478941460572
34.74935073372339,1025.596204041598,27.30592142389657,11.169966546236598,63.0039738782885
50.583767390080126,1006.9316355391632,19.20075144645639,13.591355104806379,60.000635968720104
50.168607067048654,1028.0053426802322,6.053783868236414,36.288955597687156,67.74759047444269
39.03493453771183,994.6508915096819,2.7324231831204515,25.876028762887504,65.8415249385816
90.1049639666306,992.2980125062886,27.4432651212039,61.93386310926709,48.82566379845127
74.3076588383301,993.6007674686097,1.6663832436480897,36.754052936218805,61.332954729713705
42.39514484510394,1009.6164316868778,8.876701783139845,68.39707861478838,63.32718683504297
39.36966085032299,996.0222365135324,14.608853011132112,76.87984021056897,57.887093647351946
21.436277679939124,988.0915826280511,0.6593007862042743,18.716757021918173,71.78209335383701
47.726580303388374,1034.7045355178152,27.207367760347317,91.9823835415061,54.52281847183816
62.14170266522545,1029.5238275092775,8.613629846167049,78.71598402865702,60.98412671436235
42.216875352670115,1014.9256840621193,0.8551439676172568,62.678080215427535,63.06282744381534
76.0366621143816,1029.034858065817,29.807699916795553,90.89288547481374,51.35634437280256
52.9399623209013,1031.45045056293,9.34179542452546,26.58687496191996,63.93150249714307
45.305426960853424,1017.1859560526209,26.302947224561184,42.1713201972018,56.91470165740948
95.12461270322649,1008.5273878280219,13.604233617626427,8.578698040060162,54.43631334528581
41.02407018305112,1028.5100985718072,19.89377703164997,45.61818211571078,60.02657943912458
51.860609607732506,1011.2288348302101,7.232704486120642,50.640072959772084,63.59728239918149
50.583263081661755,986.974029856963,15.08625980931066,61.606692366006165,54.69369203804196
39.295867653699865,1000.1770800251628,7.729535772750809,6.403921308436733,67.26910815689554
37.39813918483334,1004.5256523454458,28.532516437953106,3.2466019233702403,62.622850893260114
44.19040150507229,1031.4452958874579,1.8283623724873888,41.98901652810969,62.78490755761423
89.13889359449448,1016.2552009768202,8.240217825145423,18.913331227592522,57.2718417861663
81.36663097834324,1028.140265953774,26.793266296496363,75.87883421524629,49.71417993982021
74.47996113280418,1021.6675435461965,14.401078725218513,66.87362841352302,55.8393922655311
56.568239411399475,997.0423487587476,18.0025233571251,32.58269743830519,61.92861581322218
60.62031877060828,1019.5289946185301,19.550801144869276,4.578326516333275,63.36907703076207
41.371107639476826,990.7414854758131,2.1278253532069016,18.244362384351763,65.78393273688344
25.945273106873408,1002.4480196444607,0.5321622272575521,69.1679342613111,64.04670304126311
46.48324453763858,1024.3350521435764,28.1352315513392,99.01648933369768,51.24071547246377
59.646700479389295,1013.6561039053375,8.145085358906423,32.646040509958226,61.269789233395024
24.585043721546597,1025.3976878273938,11.409393313065866,80.19962869653935,61.44201533584716
27.058664164568516,994.0086970292529,20.46279512170649,86.70964915987571,58.58401117619823
41.042018630765384,1021.2361857835012,7.089116312181638,4.818087215847711,67.53855753495147
49.36642988742093,991.1278398793011,21.992141105025546,91.62215979222145,53.556286373989764
51.465344889496414,1009.9917294818904,13.7472654648981,46.62027043699545,59.695069919784544
29.430885303040412,1003.8444026949937,25.69829415862173,96.42422065371677,55.35180144252751
38.065708362783106,1010.6061721773943,8.356219072964471,53.855582745311594,62.39442615103379
40.931780165088696,987.454338321555,6.114674413898956,23.514350989864784,67.53323745670471
25.410790096099696,999.8675331532156,24.95065061624616,97.46683074076277,58.08012817369643
46.087976047175786,1016.6797106976395,9.78978194978501,24.33049141159669,65.31653771625572
25.77772582044058,1010.7191936744565,12.35605938001515,88.24782275975038,63.234765442516334
76.27662744877361,1010.1933367401501,23.811234980639792,17.312849471855007,58.29074332794513
50.88382132458484,1008.095656167219,19.06729612123725,67.4767572756628,60.090864341189935
46.14019115026998,1031.9136700521383,13.251776712968072,41.129160888619396,63.81139367734323
30.12177372028855,1031.4013333866853,7.496715267136739,97.2018173151445,62.45672306871294
38.120292435591665,999.8079735039062,22.926029065552928,18.477263113925456,61.00119842313068
38.61641671512989,999.3542256371312,5.412931034701711,40.8794673008081,63.074642790268165
98.81633718986424,1010.5194151115184,27.848388017592843,63.97763240437412,50.106081500346555
86.82795036067947,985.2583456276565,4.509482073689917,97.76204232754402,52.23790840669011
21.220983330674528,996.6653685422134,24.148010758418884,30.386307663134048,60.76777638751344
69.34692726147838,992.6977161190645,12.727466001844013,39.68710510447775,54.18157687102935
40.4728077137539,992.2864317585036,5.580186988005361,46.17919873223596,67.3968835415035
28.35015430556674,1015.1178039242398,12.071368147103135,25.27004912961761,64.53805784138194
76.44798104958038,1001.1392683889283,6.646554485998007,81.73547004036422,54.142667662216446
30.52844395746794,989.4140406117068,4.0798095250754205,9.19956057523027,70.451918064893
55.49926236237886,1028.8164514743269,7.174661967916754,70.47899317063026,58.220349418992306
70.57321318719394,1028.0781778365788,26.02195417614758,53.392896995753546,55.71676283599876
64.35958049239909,1027.435460794273,3.178271624394726,24.192695598571245,66.99305610161444
98.21032786421944,1001.4909718241786,29.176187633036722,49.283047353404875,52.89629351473677
82.8594090498018,983.1340349430749,0.14995361063030455,82.9949092194205,54.41396198791136
81.93547009019917,985.870810984194,19.747144631737292,44.54416039221264,53.622526529439895
48.447631526482496,995.1826443874214,25.69535954514258,12.189776491497717,59.42764806948015
20.671639366731334,992.098350225976,28.01872944380293,4.080196213151977,64.21977951559143
78.75287437365506,1028.069209108186,4.319567803702636,77.77962941135569,59.34446372488283
99.97856674365379,1034.2496999214093,20.946254893570202,33.04331458340406,50.97441164155766
52.470328619489244,1024.9170514282491,3.220476484669419,93.12446965741358,61.03737830329157
98.8414799165694,1020.1416896512054,10.578344816233008,61.714718100052245,53.04578620693976
31.336648762747714,1012.3743276960023,21.957790725209808,43.628389116816294,64.27805892683092
43.72098813093739,1022.344956454893,10.379196784892008,56.44649201507126,64.59288730366266
33.65815453939766,1032.0868321705816,9.401241848432035,45.71326449126326,64.49454178608664
58.01407783414526,1013.0739568448895,3.481638564072246,90.58110823832864,58.50454240546578
83.75851212057763,988.5037284210908,1.9931428298426401,45.802186936729086,59.42088459453765
47.25293532303631,989.0122074497796,3.458339738452713,10.406450858874738,67.54542478531751
92.49831497214971,1012.1124541720723,26.26424324835673,59.70880391584586,45.816505038196134
63.58643306638281,998.3407696881644,0.3359557614277575,62.2981046150319,61.929019411084454
57.23395309935018,1030.0636056384733,20.78597608605867,76.53300727930346,59.26198406275112
82.96286737562211,1013.6403283609785,23.058726896648935,93.32841415510089,50.3303250305304
28.115479763342766,1017.2070937382848,17.036649123822865,44.308168212345045,65.37746360786667
81.90019769685398,980.3201390555496,21.923260835494457,35.207660660730575,55.93210887432461
39.43616001382614,1007.4366703634443,19.56809007075301,49.077101574749925,60.96272084567022
42.465003774659,1003.7140596763901,13.66675467284078,90.01989019112972,59.62614739513186
67.95630186560639,1018.8229521222144,11.481312836288012,97.998238183652,54.872121236537296
92.15475400369641,1001.0451263183351,28.239959652155207,97.12350066137421,46.29481931334407
66.27255598166919,1033.711626753794,29.15813977711404,22.969551280522804,56.08970805662919
71.91594790355896,1016.8611749856021,19.53814210875089,49.68953615618763,56.338796798689096
82.12756716842193,1016.2955083228425,5.918965196954153,25.947402585501145,63.17349405476888
40.74598071939894,1030.563762961689,13.436974873133625,36.798278236704704,62.18305659883372
86.1786938243314,1034.736265864409,14.896124702478211,3.1684105541547103,60.59551380522718
53.43681192537198,990.8801379094162,22.73910157381985,16.060117927158345,60.227818039351625
34.052455479293,1024.57932287681,20.03331393966958,39.70759546870271,65.34505845495686
48.009446356889995,988.9275722427116,15.444432882836853,36.470463222306435,63.57014861607036
39.69048893745803,1005.1373899179815,20.410936733614708,27.88325511313381,60.254828157249754
38.29708841085167,985.5101972382859,0.7217054020132185,23.03095770863034,65.6193538472786
42.60505589753329,1014.285403815694,23.299059656530915,74.89557144473902,56.42899186579198
34.47446517936716,1005.7684989872791,6.348967020208329,29.45496998113911,65.24437193122371
73.41614056661143,1014.5784421579143,19.692274186834474,70.65436314627433,53.278091726822716
66.39934056280937,1017.2878413938477,3.4191975641102745,36.86251090816638,62.55252844215828
71.87535143867427,1014.0687737517181,3.433825077741044,80.19792390755576,55.974661497508365
47.497977906252835,996.1716017434055,1.06972931510106,16.723334873534213,64.83744357539277
81.57867220592354,1026.0327536484017,27.306984304605354,15.760388036957817,54.29386963701548
30.36869927633318,1010.3427409656318,18.13676273075436,67.96722670410044,61.773560015017814
65.69093675690881,1006.9418145269242,10.858858086874449,91.49152418088552,55.2752125963428
42.036237779717915,1034.2885092329182,23.633332230579263,14.298670483287134,62.57953538673236
62.208792055808914,995.5929348688562,18.782466018739964,7.370461784381699,58.691761682841786
45.89097401921913,1009.0416667692346,18.60241553738821,93.46372068218237,53.46302169995213
83.24094120730362,1017.5278518234395,14.611283830890203,11.732694386581944,61.56029709241048
91.30174710704756,986.8874263113279,0.23780336004626035,25.03669197656827,58.198138950192345
79.4064978697305,999.4831848280594,7.753875192748195,92.94941674200807,58.57281697482457
34.04669702793974,1024.092879379853,3.2723008380024887,80.29178929602216,65.00631677144254
41.98935187106898,993.0217029029907,19.872295570583283,34.27578136572939,64.00498403298674
93.54864524147327,1007.1309700696984,7.458624653609932,95.45277196565934,53.540341199037115
54.9776102126561,1014.6846833290634,13.504999921536209,56.80485131987375,59.70543679912671
95.29443274794134,1016.913929431918,10.602908948696488,7.224826262769324,57.07789532238189
51.39613510898134,1020.0570743126304,4.295962137760919,70.30668772678146,59.63602530586161
96.1419728472531,1027.628752437362,28.751106986481577,53.727735782330186,52.213230391774395
94.05911901866648,1001.6072693668501,28.00257934881648,57.25880505191555,49.85113496878986
72.8421511989293,1018.8647559280121,2.5382455810992166,99.41042443254649,57.35057408081283
20.70616387692023,1020.2696056273638,24.820960605839893,15.251428329954154,66.74582753460793
52.026774558074955,996.5150771569845,14.651210481491194,65.67959002878922,58.78017097779864
92.89881037564767,1033.2486872616403,23.21207653742554,45.874109722969166,52.07283443498202
90.80882312864918,1027.5870545437135,4.534713927413008,27.189312488799565,60.99619967932203
34.99102400768909,995.9423730784761,3.968224133326311,69.35447916629627,62.69189063020624
51.93459967752821,1017.1287772177843,26.722725026856125,66.821280725,56.03160209885986
86.84079423035773,1019.4790348952612,26.934584755231825,85.64951081235301,50.45873829940847
66.23022826000435,1003.7315999951459,13.977364882608263,87.88692351865039,54.58330052633298
87.78393867569605,1027.505880726753,26.10473392844694,56.18194530492381,48.63977917621633
86.12539075588504,1017.9626144429972,20.023768545108908,32.557256606771745,57.062230807714556
92.59856055619865,1016.1985076833995,5.55029227832976,52.95804504381451,58.39281144466568
29.377647055566534,992.1462204756594,9.868627940464462,35.92551267028629,61.641994797071575
31.617211316281253,1002.431327124227,4.081819515260097,27.73560840296114,65.23744366628421
26.624722317524203,1003.8657369022792,23.218460067927992,55.15753777771667,64.58668640073712
94.82150728763453,1020.3513603118462,29.55752174087249,65.79341741630694,49.355636912113034
58.01299075023145,1014.0116999891654,16.391349796980347,59.057128691039416,58.042503934390325
25.146022678595852,984.7223324844447,19.67593242344678,95.44195213633195,57.29516048813093
45.7223922011233,996.9233873537981,22.3827770440091,29.86361185539649,58.17852868300751
48.113011290397345,1006.017612745385,6.7277730729147125,37.234168505467416,63.01312431143825
84.76478587814059,1020.5203120221346,10.080037429003026,66.76428232235537,56.99890358662339
78.83815137367384,1020.896302154382,12.369636339727041,60.03586275036069,56.086630948277794
75.15096396500553,1006.97988197144,17.837649364364164,0.18633853373635212,60.63074261492431
21.749084207310297,986.4312810243373,25.51477734446327,31.22854685267412,65.49618339285902
92.8556637141103,996.1096871855061,7.626106337697184,25.37618524686375,55.93455580132714
37.24442135325933,994.0080810235888,14.126664021833669,83.99148866460156,59.46784976051331
70.32491237541421,1022.9564525669533,22.54601733614135,86.6248730884929,54.61093547493544
24.945523440913533,989.899247270311,2.621549985138729,28.389314103115826,66.24838220990156
26.522087349764362,1005.5706672317356,15.386803749785354,10.207115362753639,66.90173851085659
20.766183690409772,1016.8895341932914,4.331391100971751,20.520194705869944,73.20637460678512
65.27421156362645,1033.063238412252,16.17446690182048,17.656839891905896,60.46278320031086
70.35037356935237,1034.9582319123442,23.034682839463105,23.74353592850896,60.11064342535124
24.0369842586583,1032.4107178955492,7.108422331348193,23.46449022974153,68.78256989682926
43.238790781123114,1019.5033289889444,25.484353364541146,47.98386489009734,62.323773641216825
88.11635313424134,1021.054245816215,10.044123302452501,31.964138073756455,54.594712791091965
28.10466934583313,1021.7565553684959,5.723545906733104,55.982175085544384,65.86202247315657
37.3237731642665,1027.443268210046,13.959701852125562,34.41346243408415,61.59422384474115
53.95129667779416,1032.3482004568714,26.28225246315616,81.46769299652705,53.85167669178891
87.38192821064928,1004.5138379486181,2.0679918352230873,95.07924777837377,52.677652691740306
40.387924358016335,1002.9080982923169,9.82714398649936,40.391845335502474,62.88948030168425
99.77096122906737,1005.3255454308247,19.594895069073395,4.9468534786554885,52.81398115606052
48.42094505108227,1016.2899444301127,10.727426060867565,23.95782473678394,63.66084232177543
50.91589267868984,1022.6494967952771,2.124719841978467,10.185816420304173,67.75139040395479
29.768496338463546,1027.879941499573,9.959969063414212,34.47639098129067,63.64439402613777
74.41583206852246,1005.0915914855433,24.628781584095908,64.51142341801696,51.58030109762498
39.477214622758524,999.9854944399071,29.041125675150777,51.890790894451065,62.24007873281217
70.3094076236037,1034.0843938086225,1.193375921931552,24.287567802763842,64.16824205405888
37.852618272234125,992.7538191553974,17.07851452905208,76.72590526426568,55.35262480444933
51.029781378117434,992.2102659388862,3.1591029908054424,13.148072937972909,62.671483291531025
88.5337673563534,1019.3474100154573,20.411895874680177,22.819597512470114,55.97191716916878
79.1124729179256,989.8811512581453,0.23676678024152853,67.60471505926748,57.44200508226882
32.36727199549787,1001.9674949860367,0.44224877122119755,19.723438668886683,67.47777467073897
68.6166533899281,996.0812752272839,23.306394792917217,67.87627158785892,57.24201949774248
70.29125213390475,989.2790751216322,2.233059680918934,97.694135029615,60.367391339744216
27.245477880148883,1011.8838981503842,9.155450228611926,83.13532871961532,61.97295534154133
57.26445234687486,1000.5431319915045,28.74121272311493,16.001054036292384,59.537992282614965
40.85347165340863,1005.4228795066646,29.557413523424138,52.049842150325354,59.197252787751026
57.370411421078636,990.7724652654034,4.8420858565820035,42.23215634324846,63.336814576908594
82.16567930583,1022.2326741469466,16.827057643075506,99.16694132333971,50.272181774174285
32.660764784825574,997.3091645897911,16.774464854708995,96.44007017405828,61.57543862926287
29.864336447043502,998.8494998464795,13.5714207159784,12.711205277090487,65.94110297241889
41.54531960846184,993.8684679155062,27.74100474791987,90.87308720163334,55.07742835808554
96.18203602772665,1003.8921964665468,22.62101727372481,19.341833803845876,53.52945975017496
79.82593689479731,1005.496714498127,22.935808070458314,31.94515017127493,54.70497890425115
21.55646902516373,1009.1316803981233,8.087082953080294,35.34079797309434,67.78389031392088
52.08038739867013,1033.2162555090067,13.029593166049162,28.682204512182153,60.83002342524455
40.59183832643082,1029.7580494425138,14.622710954263592,85.32437931669293,56.071842710322024
71.05156546977392,1013.516594704288,8.967361236132495,32.993240587637494,59.6175445548366
56.743396282735446,982.1396907269703,2.844533254861741,81.67384190851912,56.94426777380965
97.15988198911526,1013.6743187482205,3.790776749166479,99.43768165049572,53.05578835260621
37.518276078739056,984.9317733720264,5.420133845427654,84.07615378270457,61.46922604477788
67.02851327991524,1019.068933118531,6.109600030948451,34.61429264342922,61.43620094899658
76.01680119921781,1001.4542705619511,7.2678542763163225,71.12523934128625,58.81550254921129
86.04515914763053,1026.0733070362685,7.663800868904832,53.39234469910733,56.93761079419802
52.55768243424057,1031.8391084895823,13.671490364626077,78.65177838834086,56.05522559492079
74.95375261259852,1002.9410687806085,15.287195724781238,15.309739464624172,58.42544213599137
44.25611771074262,1005.330541251056,9.266376243790678,63.81345926459039,63.26087517165497
54.838087388945624,1012.4581169557067,27.218892597621846,77.36667733417346,50.886895822418126
91.65017049627194,990.8422997021928,16.594191700168636,76.12313354066401,50.478502416661684
95.99260874647635,1031.0033062455598,23.624307841002203,96.35930056037816,49.262251594976256
77.50538775418119,1003.8149959575755,27.7271349726253,5.841138078432007,60.901753087894974
49.948151262094804,989.1751184753804,4.894053437274156,34.57793690922906,65.25989748411382
85.60462319797313,1021.9502508380386,12.836234511469035,47.65535817914388,56.25453876168288
22.069366538033613,992.0533254844191,12.996312051438263,30.976352839208122,66.58190840610001
28.219672843153685,987.894110128952,10.634167513150626,30.978951367247088,61.73010384250475
72.90989891002889,1010.9579641521703,0.2671759965491982,17.612860668992635,61.136510942295025
43.29988602160459,1016.9322390410375,24.479163233342852,81.29514030252078,57.73062483386258
96.11089747203822,1011.3259507365703,3.346779646617084,90.80690443845424,53.22525745590785
54.88484896738438,1016.108085692105,29.864417937652767,8.232735957175052,59.806606857464665
54.34918563113416,986.3538206769259,23.18875475733545,15.489891175829861,59.32680137562591
74.2463608152745,1006.1809920836259,17.400300528195434,22.84529998718532,57.92342281438346
81.40548498449517,999.6360254248698,4.638192532247923,50.898748385416916,57.72844543268701
58.04469905001092,1033.5352738932067,15.46178914179741,79.11720333009671,55.5390192146929
37.120072136937935,982.7293163798707,7.833262225734266,7.145552476495021,65.7991335298801
81.86469141804973,996.4061811682958,7.569675736292084,63.68129856584286,53.35023237811201
45.628101989890204,1031.8024206750447,24.885877481474562,14.933545627041978,60.89645488585743
34.00886154350861,1034.0922900751382,11.41933271878304,97.14570678762652,62.78850166534152
70.53121519400106,1025.3695884249923,13.521714101724122,89.87734308517418,54.53913112675895
27.236293359228032,984.1799034209025,25.28894213340355,94.9582848945752,57.43536486354044
97.70821400688439,1010.8745265588947,2.6337187715652766,10.616387758270807,59.47853844517274
70.59178115297095,1002.0067645968757,17.838535592731485,48.80363828541919,55.43477344950508
98.87164167374047,1024.354891223247,17.346470441191133,16.524656699837525,53.66943557968886
47.11147387829088,983.0263329564233,12.756437078000257,60.03555507831663,58.54227838641107
97.69641289523183,990.8420813404587,24.89323924272279,23.27391126618641,52.22371981012291
31.644979818289887,1006.9057286422446,28.28670184007078,77.06309833689707,58.33703504540051
23.255581787762274,988.6706214621305,13.960075857408324,64.40026006496677,62.63665417697458
22.638724836368205,1018.0993328481864,13.68441152995199,57.160459428726874,65.50328952398834
57.18962964793817,1025.142197162689,15.061911890122342,82.52271579653299,54.32364201845615
26.64033579828758,1018.7485941495204,21.693720924991847,50.02730308349489,63.888271521960434
60.97343073340814,1004.215604250199,20.04180872096887,26.98517403456846,56.82248204372553
46.20004028071204,1028.3113216438956,6.685048476206612,62.07054968000881,64.3358490410811
46.85031939792925,987.5727372445967,1.9168604579802995,95.70626321978061,60.24397592616007
70.84871972361358,994.3186221144455,28.47762389450368,60.115936334420574,48.850414833795284
33.047840492129616,1006.9246826888767,7.832092792011128,62.96194490394307,64.65136552695027
81.32426962717848,983.3736229383588,19.15790054071775,93.47506812596642,51.65999909990007
66.56247358229078,985.26271798616,24.853140082311672,51.52751003077449,56.35483308768554
93.19557030780088,1001.8593854447305,9.008302516415588,99.63574617147924,49.488627637406005
49.18725230140187,1031.9137463204004,19.063002409707863,15.966204353307544,63.178354572641105
98.61719936537004,1029.9627531302351,3.2370072344767475,53.70398430123202,57.55036855717382
66.06621173712185,1005.6286172053126,29.09794333126982,21.290084101438143,57.662908728053466
97.8721564950027,987.8187199480901,1.7447482515187762,45.33263683406926,56.50626468542131
22.164852323769225,989.795921077714,13.14524021522929,17.05739095017681,65.84826242649979
78.23810579299104,1000.765033003502,16.1045772618007,22.25287715258061,59.26680972093126
85.3297219434189,991.554080729773,23.71445335990092,21.08000496322635,56.036567140910876
24.253862934119006,984.5636576914708,3.633855512172637,32.00313390240079,66.99805132633188
66.31757312129966,1017.0577615935998,13.224239215655297,13.460503451883643,59.94137576821062
84.15538348715587,1011.9796750785982,8.99134708630357,80.93421749750162,52.82307929813787
64.88309801784581,996.0213216887947,9.360321470800201,22.067559729221355,63.459574906435144
25.10508723243733,1022.8421610403767,23.363637481957525,41.65689951433751,64.68568311796625
75.47577927186492,1022.6771888238209,0.16382835095499426,1.6057138230024304,64.3802348596981
24.84775317386469,1007.0051083617019,22.47250924007899,10.488154328178211,64.73734992857656
85.39751160131507,985.3092905531541,24.311952903693186,89.62719004132515,45.17184528315937
23.44273466453555,1030.5158170055747,27.04086731526207,83.71602038404454,59.09480203312301
30.991790480829664,1016.7763287947535,18.806454096914504,84.09224524551946,57.449284157598
42.00860724186148,993.5877950533574,10.003659848167237,41.13534172548571,62.936677473459575
70.669183380864,1013.5750000868825,12.81704197646612,14.15307988516642,62.73956065558645
98.10872797050448,1002.2761822705197,29.092082468622877,10.789452149431611,50.473748510784475
29.425828209594755,1014.9442301854776,26.435604793075566,60.56027248007154,60.15962814800373
31.416613537113474,1006.0628992652062,13.905777272983261,82.81932549086297,62.224037154144234
49.509631736078425,1006.7009682631854,28.291890213327672,90.0114482140243,53.964237271151845
86.89753102042562,1020.4735150549047,24.688646262193767,28.873165056022653,53.359126847771634
57.37847622006513,1013.7549160335186,27.032695849793843,32.102656983345355,57.63573421670469
45.72884802046573,984.3973980184325,20.48931703727763,10.087665686142467,63.31027388546681
64.8963065767089,983.5955463745468,25.72962130385985,77.4409789268012,52.454332376181874
40.84185579566,996.7755080623199,26.75298424002977,27.569027112113886,59.844906675558626
52.092792579801674,1003.6635298096311,2.760497536220142,48.09294695634296,64.87611979203344
46.60841193856335,995.1372407548607,28.956509299819757,92.88973045288323,54.07077424413509
84.33128179317167,1015.8302921938455,10.0083929629219,75.2215730324937,52.2984709633382
93.94045811504006,990.7309362449092,13.196985287500663,5.273789628907178,57.953562031920214
80.76577537255295,1018.7277603017893,23.75711277578446,0.8154594459429676,59.33893491517516
55.12668608239868,1022.5232908038912,19.94688916717493,78.7407925880408,54.118773524201366
60.3467981997331,986.8375619177608,26.79179737308172,55.250023697869565,50.21980041509055
30.005895514354854,1015.7943433849643,12.017212523303165,72.03344093627008,60.48843219871691
79.74917689076302,1032.8789786745062,11.198644910284758,15.68153218266135,60.1140993733512
67.71805435160353,990.6053099494841,0.9506654862395902,87.204784997062,59.07007409500026
92.19519969099491,1030.0116557113886,13.881761300089742,77.33249790144619,51.11043245613855
36.04889148601225,1013.332637210071,21.722123109873262,89.08389140546137,58.5679461555738
80.77808975460897,1012.5019677032442,9.035361528786481,34.109608265747084,53.189470158874784
74.77373293753517,982.8557475276477,13.881795410215243,27.57051952832463,57.74663164230401
41.26764270478017,1021.156515311252,6.581933054558341,15.17314399239269,66.06464660670828
73.390291163266,1006.3050178956432,23.18363417614382,93.00885079469971,54.78451824067483
93.94987044613197,1019.6645915509324,1.815346840234413,17.68292035578407,56.41987743957739
93.4748790133695,1024.5049606895634,21.16149165001495,11.931723371150504,55.687953124333724
77.5701259612913,1008.8088005354754,11.368200352349504,19.267820898678234,55.916558934319745
23.84584900272481,994.5004372303073,1.2478820816136238,77.13817267601132,63.730641884626856
89.78114698561292,987.7864870266047,25.604087618753574,88.9529234982881,44.46495271058369
72.62228856036319,988.8276720362828,14.631655895434955,81.09134564964243,57.65596170373019
44.83474025461875,1027.681405967019,17.97956908848387,56.323855287128474,59.741258342886916
34.980028936455945,986.7967952596714,21.960920745733706,99.38842507777231,55.403710189305215
29.29630903978537,1001.1581740175612,19.65223299003566,6.8854064493448774,65.11106913608859
24.01895194062088,998.3851055458967,21.92570612443835,86.71916778216256,56.8755032500425
80.32825983606051,1027.6000616706433,22.868450537335733,42.77138617137689,56.81536968396197
38.86743991546203,1006.273142538186,17.674545916938328,45.51223487054664,62.51354390720524
21.940234883460406,1034.8045529541475,10.969134927232702,12.75948936512805,70.99039305743763
51.78165214735914,1020.538011046673,7.294264491490279,3.3432974353828415,63.77091131439454
58.60856644738711,1026.8007966472358,27.087097099583616,31.662832606943326,60.01951340276928
33.53841847201015,985.4269746314671,29.09774533914661,17.485353311392927,62.54876591754643
23.523866893003984,993.9206240395692,10.729882652946266,48.33387560713116,64.26075675284163
35.13003864784551,987.4495407564506,3.3693218721690066,14.733052605377194,68.8185390925872
74.32822094692595,1005.4992084820308,6.676119813492938,13.792773650227574,61.78909227378061
26.57949418009651,1019.5058118489051,20.12002037961569,87.69789841038495,56.87827222135325
64.4029624445595,989.298496251165,5.188001098749923,92.1294701326409,55.91508697462224
31.712959032653334,987.1592699513357,23.403668191829645,96.42162085879099,55.298062158491376
35.655133886433546,1013.8034811829242,27.690907196241408,68.0502442873912,57.990877540786514
51.446230661335896,992.6672014569883,28.909545452365414,77.10165047958694,55.43226237554078
28.06602688429851,1006.3628789464558,0.2797651792467204,83.57847552426291,61.333977384505744
33.85628022257703,982.8114750250245,28.7446249486325,65.89220591206644,55.9780440230182
47.91619291610833,1017.4337046637106,22.205832573888532,33.024310470252914,58.83720888870939
46.37352043986935,1009.7724009903129,2.5215069679140676,15.638699843352411,65.15139089462613
79.94171885405855,1015.6082594427248,12.457214063361793,23.727330715815008,57.13898628859415
25.98258441011395,995.147350903286,21.00136423738527,84.04140514049627,59.05755954389312
88.83605885330748,995.3231636448842,28.700564779831478,69.60972382868412,49.685314431653865
85.29857365915639,1024.0748293199917,4.924241808341777,45.579576352615156,58.91776548963269
81.27933117535507,1019.5209272141655,3.83199845780862,2.940507718045271,62.72989995397407
44.7497889970506,1011.8850758159238,14.170411597856356,26.62043704338831,64.20983689823038
85.830542843263,1014.5478911680144,29.042966812154678,72.88974931257638,53.89999961250504
34.62416642314246,985.1724298725608,29.141376457740314,51.23872350950229,58.0734347820008
29.952736468402257,1027.089421744819,6.837442231587279,43.553249448245005,68.2350950108399
23.59650667915899,1022.3448868156414,9.58041443914372,31.367940077990774,69.18531083695474
95.14482904044607,1012.4770343602896,27.240959569339633,60.69318305770239,52.761691974848695
44.64087181642189,1030.52273221055,22.045244725561925,96.63853853716891,57.29131820850485
93.40943041423247,989.275084923467,29.169492859728546,90.1123643297506,44.53845734773856
41.80908492154637,1017.7661562318792,26.79445089046663,3.049793808428203,63.04547474159168
92.60527674690796,1032.963997770869,6.4528815094123,48.09538225834458,57.418967178929506
92.31432422768707,997.0504930513456,22.7918057823805,32.94692980469477,54.16849395374806
93.89408360085703,980.841077273713,1.4569569468034982,51.060466233980094,54.128340010301734
59.6922751427355,1020.4177106833023,24.53498336224422,60.62136898717148,58.15878972951432
89.27570294391136,980.383917845087,18.046702873338244,20.00280679975468,54.72152787835406
96.06127169338562,1027.9893507050192,28.68302887909385,78.15680695482563,49.79796415511053
45.96935535177436,983.0965688656963,28.80097366407235,47.50680500859663,56.985083319688414
53.5099524546044,1015.9020601429532,1.524453270730658,99.20060548982461,59.51309118163484
77.53921498685952,1000.7451279432732,4.815644566673035,2.5127385743561215,62.414934180956045
44.02878573786407,991.1837359544203,14.526211419560747,18.97191761864585,64.10331093360155
80.30474471301272,1029.4042119919607,26.384805748384476,68.96298005603981,55.54279556047577
25.911371617082715,1021.0435218559775,24.43335426888169,69.51797465255588,56.65397929955967
61.87987074308338,998.7242311378793,28.931100790553362,58.2188224416945,54.748712949142075
29.785078726699616,995.6284201071473,18.542523513340225,97.19600286906287,58.02520592022223
43.465878114934114,1020.4806761788627,7.696905586848618,41.531500871993345,63.73380704247448
40.69003139891776,1026.0113919433481,0.7531991851553199,41.70368120675194,62.158455873437696
87.11456588501329,1019.3717755362695,6.687794721616468,91.04763632241733,54.79630037876032
35.4813804324958,1015.1994073769658,20.25819593860874,53.84417819968107,60.688738843191224
84.67583361272952,992.5358598853757,27.788244700290395,35.37276615856004,50.72120564393072
83.51682767263375,1026.904219080206,9.627110019247944,71.8937985833859,55.466827171721796
59.910644444578395,1021.2314090902106,26.271129908678862,61.96706181875275,54.810489858334954
38.707460447690366,1008.4500859371528,11.846947450234694,30.64100502865915,60.98255940484847
38.15170719649782,1008.137326924673,9.24813748105651,29.792879808121565,65.066004737083
57.193971769267826,1011.304516529404,15.265327284174543,39.561279752725476,60.93598304798435
20.704720591481305,1025.5552016798265,13.268204772288456,7.162006566019363,68.0378681136919
62.50806036890929,1020.8242751860656,27.413996055510545,94.26169024876391,52.5334108171607
96.22236206136444,1027.0934746670237,14.047708422243796,18.302004019666505,56.86889880455031
32.37655054900772,1007.9005524412297,8.320061616692264,19.38243023277205,68.71081569313058
65.86764971804827,1014.3556982460042,25.276967325057107,64.70384050170776,54.01188509212841
96.94229509155655,1027.001449379279,29.962485349787002,72.42470472998113,49.69608130608085
88.84177115932802,992.7776033097193,19.445142575439718,73.68354595998724,50.06483417735672
88.03040931050722,1004.4211374140923,7.513841068090759,37.5075023504231,60.63440317562241
85.74799443169512,1014.1358730338662,7.1644523103953786,87.33289529099255,53.13917617817034
44.72188848449485,1030.3330441546955,1.7312008864577944,54.399906174804435,63.487247354116654
91.24934650134497,980.8709806075369,2.318791155422546,43.85875521625555,56.27815322794456
95.30722809865368,991.6915236995275,27.449492855482873,81.03864608656673,45.71567780246796
59.66339386392315,992.894777926871,2.8946132114865164,24.35612492238377,60.84655715981515
48.3656837807567,997.9636974143987,14.530315448303364,86.01854434355192,58.459317157566616
53.138321248468486,995.4982641231373,20.943653390795347,53.88293945649275,51.789866188804496
46.73651534650125,1012.4576332059231,25.510643483208092,90.00581576731365,53.61814185327571
36.993475361963206,1028.709114534011,5.138128507611819,20.161253105575916,65.28673585552377
69.47587762023116,1015.0337812589814,13.133360373760706,93.60630760024259,54.664029826213955
65.00775089962583,993.2839607424897,7.544405850413325,68.78767419723901,53.6506721908571
57.00680568314205,1027.5064067538547,7.674692698998049,61.83285268023856,61.670065549415135
27.667630934786544,1014.7625184031133,9.115179224600276,42.206751948300735,66.96598300218196
83.75143717647998,992.0429168743345,17.61348643255402,95.63149999657242,47.12639700921395
33.99468502006314,999.8916595441576,0.49732415056764623,44.391962831151275,66.56386042972208
29.16496347168385,1023.448064370688,12.262988589465838,49.85429524475759,65.43799399800422
69.84571163863579,1020.6412149817913,5.604904056983777,78.14981085853125,59.388121644496984
51.891548899017856,1011.7120303228104,29.013555255379046,28.48424296127061,55.508547821403695
24.784678028186356,987.9622126507309,17.48187477750931,29.149531281379183,61.20108524840778
48.44546839688466,1024.1809113522977,26.04286406490968,77.529768762122,58.69208727636819
81.74242818279703,996.9148390704012,5.870699603088361,12.857978919010794,58.63951465152822
69.2199364173678,1022.4378866449539,24.300470979713634,82.29645202930233,51.906363580904994
49.02288183895975,1015.6161501169242,12.443473839157,62.51750083098483,61.298515345320155
35.344383330767045,994.5293654903935,5.330840665482073,53.908376640327106,61.729574980518926
70.54364966438186,991.6803075472961,22.837356071646983,22.910938217988154,56.06492183332875
91.00442407570841,987.2000457791745,22.86033292845843,78.63681693444087,50.43644935989634
71.7018174412731,993.3070430123464,29.87663720592183,80.49530895087493,47.5102410955359
85.03230837201794,988.6805962347026,23.428117853944922,48.29418678765178,51.17180539417513
61.72222708434968,1013.9378186283263,4.358017437813836,38.91689748572088,60.0682200081891
77.4376885392823,1012.933071543749,9.676342253571846,24.616183752393983,58.12020556326801
91.69814190226819,1012.2394633073038,13.55180751873438,75.4234017089175,54.447200674790146
81.85431826069241,1015.3039395073661,3.7995841712938527,63.94519231267062,59.79761295449259
92.78831627185166,1024.8131493680512,23.64116923343442,20.663102936685775,54.975039423616664
54.49116816928479,1030.2453991352393,15.800956137377595,79.44680796849008,58.6881345005227
92.33762041016453,992.670654584597,28.333487072872604,88.22053133584595,47.62390766899475
69.7253787585366,1012.3275969592909,17.67924433577461,5.924726274824588,58.930303121701
89.60390128653549,984.3084921686,15.686972512147616,77.24206380240413,51.259317169064765
23.15012243502683,986.6078341095578,2.14275458798593,85.28019334276526,61.30213578245752
72.62819055308289,1015.9886622128765,4.480377148337333,99.1507899474547,53.967735340825605
87.83800631023189,1006.7619308929748,25.485782302924534,23.760149893736692,53.666275938414756
33.936162691455976,1021.7082647758939,29.720279334774247,37.10032052142528,58.470062923344535
72.94295467719385,1003.4122614544814,12.455374076948084,96.6191092200879,51.060766250051564
85.99637713733051,987.0179123758116,24.30258251174787,9.401555029358445,53.47207380472474
43.03594957061097,1027.9629509606955,18.827572989919553,52.37078439147541,62.82997030938367
52.41970623251136,984.5588659129927,28.77177821015141,50.67445798378877,58.07534798741075
65.56141747993755,990.393055339446,7.144117063322798,60.65477388811637,58.08449036618953
61.53341511076497,995.2337276279018,16.345072290238292,33.07926148462901,59.8946859113521
23.13515144297085,1034.7404333885984,12.263874550277867,92.59180886717914,61.43174185229398
27.893767846833075,1002.9272901096791,16.251479278290457,27.00612609590728,60.991502292321805
28.037326344348905,1007.5939691762964,8.065742502565655,64.96955175844023,62.2758195839398
40.981432439934,1022.3333213035628,14.93238488147232,49.592702275493615,61.490586324931286
39.66912902419594,1015.0028571936348,18.744124401742955,26.66734524800799,63.08407092143866
79.37779070294397,1026.2781380567733,2.4364765199847627,18.885379572242698,61.84275043220101
65.81955088129156,1006.7538402223341,22.289617644228695,95.6562124257659,51.665357465449745
81.11808677161929,1033.4697728121273,21.19568889481252,56.12914615957859,53.3474845226629
25.591684592869612,1023.8246798872469,26.413728043544555,60.41909122244418,61.296227778359835
58.81713899772805,1002.0750963572295,12.775696554297767,78.28954590419784,54.34833999264715
45.902046341221556,1000.9699502619886,1.850073978441532,8.122665859978317,68.48487217628434
87.9951448604597,1031.122015562432,13.843833870650608,71.37642677967787,52.81910468361192
76.62313255279227,1017.6428599698095,4.128275161858843,16.51401375723204,65.57983147967937
89.54067766614371,1014.1788498989101,19.423404405654534,74.0481085076456,50.78878459244207
23.714169792484803,1021.6806850588596,1.413945723939175,14.132867162737728,69.96166982740577
77.66587916532804,1010.8458605461441,11.219892186830855,83.24936998735963,53.30619476095405
63.20066817276624,988.754172519715,2.4852869546248613,68.10162607270125,58.1542501538015
86.00000232124526,997.5568504143137,0.10099302214809924,38.58902888524204,59.9829136071939
60.57284727406568,1010.6869675039933,28.816716717047754,35.88344439025835,56.19059971606441
63.216726232152716,980.9992301509942,29.883820440788405,14.894706355591957,57.871675651303086
24.14139047536521,1004.0542887729775,16.66508854595439,90.40533557661166,60.97822263747759
73.48182920287734,1021.5691583601765,7.168675498364517,11.852927284881243,62.156775323664945
41.85119004840401,989.0328702483949,27.332971104259723,47.20773885291256,58.34509222245485
21.57551377430564,983.5507422586298,27.691097912283198,23.65184547898035,64.44420490650482
25.314973000482404,1025.9816027400234,25.635266735121178,99.6327508019026,59.04463414508788
96.58284871728205,1013.9500627654849,16.331099537021462,58.584405151869824,52.806050494815125
47.68618316638776,989.7118434869205,2.241064826880823,14.958450339101281,66.43954062968582
89.44605028969272,1024.3467739320756,2.653167826103935,66.7563997621807,54.478326772155405
96.77417872554047,1016.1971209317967,26.898593631379654,99.16090172225513,51.10329061807442
95.46137510698583,998.3765598306641,26.27480542371688,60.50432806153741,50.157434823462545
90.53801925595361,1000.6907949578956,13.031917475436531,45.73790945561945,55.660163231213104
91.58751299690407,988.5738489752877,9.84463858429276,29.32701216186546,55.94586009197315
43.12064354727612,1025.9390576814808,19.323717604323065,9.212341482876795,59.86592646882489
32.117591220828665,1007.9953658404058,24.209638447665746,22.824629898988757,62.14617749318109
71.1410049670339,1010.6360492154014,21.95054826155463,55.362077956487376,54.974392766563696
59.048447349505906,1028.592055335876,18.46808814152119,75.37856986495822,55.157999407037074
27.899737495613685,980.8706839049202,6.945331333344942,87.79308902296496,59.79329100203989
74.20330528179286,983.6807684387811,7.875146076621454,79.37122503726705,54.28759689053887
65.02880059878187,988.8868440022899,21.72202444193105,12.546520137241767,59.755677867198706
89.04539206483513,981.652079719848,24.078595573530933,77.34598850130467,50.96230410065501
68.73470365507188,1016.1985886143419,3.4840556429876965,58.16045461458056,60.12162103529097
65.9156943777403,1014.8633707503576,5.618911431339182,46.910755750482366,59.52831064885819
55.260137866610236,991.5941046610942,20.414107865321142,57.27641184720807,56.036811420082905
57.022965591109624,988.2173544687682,11.669597624142034,0.8075328772487511,63.172408507936964
96.35049815832929,988.0126585762633,16.89878601813092,6.7730242971026815,55.69384739481677
31.075680752019146,1032.4282777325254,18.444448579669086,52.584927907298116,63.600799154110405
55.69750548657497,1018.1427490743608,23.28610401801996,17.36192494815576,59.369756348581106
72.46617871414742,1012.1985855655794,24.171508521507224,54.554095213343324,55.16353590656543
54.64085164723197,997.7367779492802,8.402887357843694,35.42135718748152,62.58933997899199
42.65725016326062,1003.8173758849834,16.238901867665138,90.74120206747527,56.723918916825525
42.988589661028385,984.9173234659564,3.705718158656408,94.96834273044537,56.329423691346896
38.69248370061726,1034.898353843025,25.26045506092646,97.97841130685195,54.84578890209116
47.512256046647174,1021.5297004964399,25.36343814999587,89.89379958828187,58.02365769532832
89.73398204668536,1014.1799236255525,8.985171569983693,98.58908511923329,48.92525106849743
60.417964025839616,1012.3271957375335,4.818606222661276,70.61471257393617,61.948104699596996
39.21909824622547,1007.7372904618245,2.1027533460079972,96.05422799010515,58.105154685769506
50.762137362122594,994.1585085221083,17.249293257347578,64.17924654568272,56.31368628981337
28.466432966285442,992.4514721902854,2.7428430119963942,80.92142068857203,62.594175359342344
92.32285917909904,1010.2242851454073,20.417845338617997,13.190999272371029,58.60894680182284
52.65582656731456,983.8610448006873,20.34379203102439,68.2599587602558,55.95635882221407
98.43129636744605,984.0958939377695,18.419622213948738,93.11033093352596,47.160199984853556
47.80310186100154,1010.8447481738192,26.296815055892832,54.00482415327627,55.68511209175861
86.90848377816968,1030.5896626515632,11.348420781873953,18.681971353030924,59.795180739786765
40.510825063316254,1030.284951812142,27.068087478737326,52.688856072500144,58.22975075727616
26.092231470208176,980.5955565363436,1.1077610653839254,70.69409940594883,63.965312315702214
22.538668933904056,985.9066818606098,3.3827096376422263,76.9788499097398,63.40644342317566
68.49347413158269,1012.0692731567282,12.366166875553299,52.37020099319839,59.22334392244211
44.92589373388715,1026.666164699339,17.819790560657204,21.736802421865008,64.50508828844204
55.48159043806627,1032.4946997661257,0.971269099180968,92.66887885787473,58.718522566414066
85.49176284806363,1027.3320224325178,17.023034142727923,77.36174164533571,51.695754218249334
39.84864685558417,1017.268722441305,9.221949494490943,27.0688400617604,63.935875765131605
44.69219813879306,991.028879267408,26.614404234354875,81.18129173963744,55.119254720075
87.62689480469338,983.994181068843,15.998537750061926,34.78626495180591,56.06524812281456
59.42098186748033,982.6133680477104,17.636817246523012,31.243134466838075,58.836729959770764
86.213213364199,1013.6642231543976,28.3686543334465,86.30766273471441,44.67464446932045
49.958080277305314,981.9903732208447,22.925130799637806,87.32352068171213,55.436294268072096
51.86959846616868,1020.6581976056053,13.14819798440297,39.84814028189791,59.142803853449536
33.3710689422605,1019.1858905543033,14.30638844868058,0.8922805081564511,65.82636302519327
93.30766828759731,984.3785953627173,19.437716056781966,18.65656213999919,54.384216043064434
91.74269552100876,1029.8642300770236,6.005976499515393,90.92963282245586,53.506305581229704
98.73736116518188,1008.7061108743916,2.659525214823679,89.87493370550578,54.253687621301424
52.195770173576925,1029.7441212035753,9.337095478368552,45.33447480934476,61.30001272962868
85.48919534069137,1029.5885530903577,23.35148393808691,30.411670727587857,53.34945337057977
53.196298533769486,990.8368735137915,7.719713963098531,30.27482921051716,61.74115842771588
56.34390311367782,1000.9317695364957,3.922776010077591,89.7194802628538,60.186067695017506
86.39995148758597,987.4044483427099,6.570677953867808,32.47333109755165,58.429060402247295
34.18934167091198,1022.6237905574976,20.36918736017119,51.158025974010954,61.748477867959785
37.62487475694019,1007.7268703545824,18.418441700805566,73.10110505928978,61.59937850910285
45.1782592316652,1031.084416646724,20.649449918893087,20.94810416094188,64.68916820556986
83.0543226000046,991.4518368181953,9.658743680411462,25.383908158589364,59.173794534994094
49.81212394944662,1017.8602213835575,27.02568380799815,35.80618930951268,56.5013032841373
48.653456662460925,1034.408025527499,13.553110719844362,65.422338934739,61.86606799414478
99.90530762041934,1016.5959694001546,15.411390957808308,81.74906511463278,49.92102484069585
50.70449144795836,983.7825663056892,28.464239280063815,54.67057633309995,54.5450233930935
39.82164290524696,1012.3633392332355,29.378318038349267,13.292873664962368,59.88468508245909
69.85709425607547,989.891351232468,19.84628177749655,44.624552306972106,55.27646546696368
84.15039615640006,981.6776527580623,28.344395777273732,12.769072212319399,52.4105652062872
25.568626697852743,998.4228383517868,16.245221590213298,8.829716966669531,66.6394945144186
69.511378491078,994.6357245679736,9.218488367003152,58.961676985144784,57.02586826867327
22.85883647041798,1023.3823994348664,9.452785678996241,95.6212111797923,62.89054647946063
62.10658807836143,1000.5524297592955,16.768217696470366,83.76118333340594,55.80904865620606
40.55932510062473,1020.3127329211858,18.151083619655953,77.4471262542493,58.465212237760525
44.53133581385486,980.8931445572132,13.188512097592467,72.70559658653337,57.11532184840065
57.367677118590606,980.8146673388366,26.513144505355317,89.71278571356976,48.21060140642559
94.16859685964697,981.6122401651156,12.800883561406515,75.28350841427776,52.303475203985236
76.85338452703012,992.064714298042,8.202709409930035,62.687734530077144,56.230662251523356
94.94764770275971,1000.5693281765709,0.23945635030619417,36.468008027372036,57.48620375714167
72.7976803646942,1013.431519171427,29.117078344729105,10.094388985979275,58.64023749564149
20.56861976702877,1034.2252637204836,24.729398494288333,46.10333638440104,61.093762901347276
41.24681578781421,999.4925261857883,18.46678754055987,92.47842361453674,56.878939476397115
92.46180621762991,983.0612398716441,24.91626761710384,58.310026537515256,47.82400408209701
71.47564167741959,990.7195088916217,24.308676907528316,18.450417989513358,57.53504197552597
98.53177892562199,1029.3818508598174,27.955523406774752,64.90233084808439,45.207385573612555
32.477121537463645,1018.465855458124,11.582030500811246,46.546223408050444,65.69508868278312
43.73982664852156,1023.4610453221208,16.645567262578222,93.13800885829664,59.1378236281976
48.98941276136291,986.8292513120036,2.958840711607378,16.09399100620026,63.436106300234115
46.124625453384844,987.424284378913,28.959462771569193,71.20117485067625,54.76172935252738
40.15932241199045,986.1735304149693,29.553812078474994,68.16024648068016,53.95902810469153
55.47725726054223,1027.1443040370239,23.67252743793605,98.35415785215046,54.747392713845294
71.38384986954969,991.5482184781482,13.623629494450105,56.49121266184387,57.505559266016235
44.900553830935685,1015.3733459958847,14.897002527430729,87.15740359336401,56.37404444736054
26.375993865140455,1008.3891501400792,13.06100798963571,2.4713937531430696,65.58205584579345
76.68260215145307,1009.941445153062,8.799319095666913,12.289196822413262,62.685888834955165
56.72132446250149,990.7489447115197,15.833742166462997,34.593857284653055,62.889922059418204
64.51858448720506,1014.9385351399694,1.6033520850170047,61.932739715723784,61.45430123588964
56.43205257311321,982.3705293952082,29.75661185811505,44.907934496740864,55.821420244859134
91.22860027639283,1034.6409751941696,12.721504054924225,20.269624734658887,57.301729931318164
64.69959977331041,981.4717398571001,27.82099752111319,58.92037398914345,53.20910073946202
93.86214718813997,982.7586097393724,21.728143819800106,56.66990593413628,50.8966921951042
60.84602732448002,997.8556080940425,8.698287505918021,52.44474785208486,59.08853723601274
43.40705297922255,1025.7393945673246,6.661578545238073,9.055611211069813,69.55842324224061
48.43540697409573,994.1454066477208,29.870263012870687,92.70254927562308,52.93487608538905
61.77034348678284,1005.9564257585231,23.16379065162107,59.225530370143645,55.993795433073664
62.39915502440069,980.9887532146906,7.489844224480228,26.399174719865727,60.60374835060648
74.98701612391591,984.3383624066005,2.023351445317818,68.74181903945207,57.01168799740962
37.959589774930464,1013.4381326697389,20.90749635904136,31.790799086888732,64.26712731189468
72.70743199724014,990.6897158197186,9.09049370433229,50.58560267744259,57.664633048775045
82.28704067046019,1018.1840009660739,6.639924378831521,34.113177105898295,59.29999976941568
74.12735915735921,1023.1965146259447,22.048122454480083,88.0394026537693,52.58153762571929
58.546248785407265,1026.7683809709756,20.377839679630426,99.39805845349302,53.586370578395375
99.33445208934673,987.3589635899627,14.442380242805733,16.11820653278987,52.15984711869488
52.3850527303373,1005.0529701967558,28.279677983111196,2.3578950556596867,62.916443262889985
28.527249166386337,1032.0894797447115,20.389150981724733,21.932250698204246,67.07555323496304
85.72033723258744,1022.464594834437,26.802586818597277,58.99519830976134,53.868549213171946
36.976097510433455,986.4328210015382,5.716588270491573,17.395113957753306,64.15960806495877
77.06284583219536,1007.6375134760117,8.899377302426661,81.14844246061533,57.63021040011195
34.31810261721007,1030.7309320011361,3.1356040108118477,40.867057679444244,70.56862368705094
21.35019126863515,1004.2021343037752,9.137399936161062,61.05327407141296,66.67762511779345
32.783888303122055,1026.0579684862532,29.153349876191413,45.56178416228589,63.15753563448767
50.15909572606575,1007.2714046653706,28.88568738276902,90.33279216189536,54.75507410392868
28.529459770383863,985.8746422485165,22.811590636529726,3.5135337062277783,62.64769268266852
35.81432673885456,988.1320209332729,15.631447883488716,72.93018956565996,60.324592057155726
81.17010221475144,982.5671664044498,23.42339396376735,65.21721333408667,49.2173289067011
81.59068863817046,990.7423107316561,16.604608536411597,64.951503098576,51.96854330225221
85.39905817527813,1029.148775492874,0.10525514014330106,41.39893930382051,60.58716813554246
87.2924189238074,1015.7608925268792,15.046412218308467,1.567522847589753,58.97720122770393
53.63487156910043,1020.6371314185601,17.967703380331574,68.92407219679578,58.6079386319557
89.40397285548228,1014.191380211633,7.972450725090125,82.94712128082533,50.30241670770037
62.07495000112345,1001.2596610676092,6.098806927249846,8.523031098734812,63.25497141866104
57.64776935488065,991.9273623037801,8.214272844169539,44.161750424396864,61.43161813972294
77.48290631966206,1030.9088021205407,18.70883248553597,16.25948539470542,59.983021794518535
37.10547290879258,1008.3156379856912,4.3819234480665745,61.09377864296083,65.24861279470514
83.15979014619776,1006.4604934664367,21.609849039884985,78.56048763590367,51.549414815786186
54.35726612529626,1034.785724872645,12.680244628848284,66.67065649274063,59.05152192952061
30.183633120300833,1001.1161493613662,10.600435776159765,31.806007048588548,66.22515909179937
29.544953081357406,1026.9768923190732,24.216938750410588,13.973270283238381,63.9357528127752
33.19253950773601,1027.428923317427,15.181897483095797,79.42681460504623,62.590557963777094
91.2458187395026,992.7968615696788,11.352016835727843,32.391685849269216,56.364816890918306
99.2750257807238,985.2161830792589,26.344641466818135,2.213983174442613,52.64301457118403
48.557903936102676,1033.6591063643725,11.047548965984273,57.14212143492507,60.3452304959059
43.37150817642381,1003.4243275274562,25.770008488301116,24.667731023337836,62.23038206366093
37.50167780754698,980.1221177105607,15.125960953876747,84.12059983581769,59.07478381537112
85.90531817337964,1007.4459808605927,6.240212923650217,14.325520439077854,63.491292060246685
36.73659859351009,1014.0615200061097,18.384545643332515,43.48008490592503,62.92462248309804
93.92721039442158,1022.6848536096419,8.559705788098839,25.31302036110118,58.7511949127198
73.38803031770261,1031.8618165023001,4.414653965285854,68.96016192210813,56.0083077996319
91.77022333353557,1030.3343845920006,2.595881141933385,54.85309093574215,57.96949620645748
64.3207883515317,1031.7074701030178,7.25092007392326,79.0987719248596,57.909797922937344
75.25438897459975,981.766883154271,22.096639260065736,45.861257522365214,55.27703468231163
69.55664805261662,1019.1475773606758,25.13997667127228,0.4808431544395586,59.61137626404764
86.49563650590375,992.4221879543128,25.851625379457648,21.51964805394957,55.311555578953225
86.86886489487048,990.315397796311,8.10444821129831,99.91571081942736,55.40158846437461
67.18343998761,1024.0175212729587,19.829187988360257,40.534498930951024,56.24607579139669
70.60061194638179,1002.9421329045084,6.910621797447885,62.02351078862255,59.54212901891699
93.7500736398264,1030.4130041680285,18.68286341904721,90.49316080587572,51.47430810177396
94.38931871719755,982.3339299937638,26.616329791250905,2.0524182145088443,56.87941410538544
73.13998271161452,1024.119945621794,1.2268104780624411,65.96073963973953,60.679930853491705
20.62034225385308,987.5258926205428,29.556770031762184,28.837697397843677,62.79431477751444
28.35289718031528,989.7117460860742,24.812636323753352,27.924825535243148,63.43100595849006
88.6354025419533,1006.2543443538475,22.849863488810954,22.485140324830688,56.10186529081232
26.77712930966412,1001.757446748004,20.740886811353732,82.27292162911598,61.904539314372336
37.08153446840531,1006.739476837077,23.10821666741635,37.29477324464945,59.47183152390056
38.443734417732145,1031.701458711708,29.837860681216377,6.711653826042574,61.798890909515414
68.01878158239239,1016.1563914559965,23.105738913376218,9.685115788316311,62.01570944453654
66.13062383070114,995.9670160013101,10.54802354004981,14.861436268680206,57.56747937722742
43.15340187363202,989.5099791774815,18.417655588005097,89.89275872509252,56.159041651489154
36.60890924547543,1003.1025451322014,10.107690484795073,42.74434265073425,63.955503360700746
81.16256238859806,1004.8402564997256,29.101963297700124,91.60493395995208,48.096898976950015
94.8364924484781,1013.0711925444734,27.004191984771012,81.74794727621244,50.85219651587005
24.224454393315096,994.6301486946873,17.028606823884854,83.7882621257848,61.048013120359066
30.654437016389025,1022.2130085903249,23.43821263480347,28.683181113183267,62.43898175503769
71.3731190964566,985.415313501366,27.290608289152917,27.131441270953573,53.57554054182664
84.35531613371406,1010.824934998036,7.308007909696778,56.006837983782795,56.97943700502507
83.29509350211197,1014.2942409284261,17.384455707864138,41.792496198995075,57.48670925589959
77.57465224661514,991.375736958583,14.45148957757645,50.90606883003467,55.582608341015806
90.99423635984736,1025.4306242774792,23.14774064528824,5.320420185769947,55.91356413927431
37.38791036566503,1013.8487668864223,11.37247564001486,97.1590191262528,58.078413040582745
28.583275719355772,1015.5147218056385,21.26938919124575,5.816880784012312,66.22366966235049
69.22903760730946,1007.3758928169891,12.089792670352134,17.88312976618873,61.03100846296768
85.7820713218746,1030.0276819446985,3.3322459393351265,67.8200524835258,55.771537477017766
66.56348627844585,1018.1660169818193,3.2136429482495164,15.550155172858315,65.54224370340249
97.0397989967125,1001.000956069267,3.571689736595621,10.686992770778902,61.80706449410938
83.64515691134315,993.1233238281247,0.975596277964853,15.362038137092215,60.793493638122605
76.06334407274088,983.9083921152918,15.98919514790316,6.192024321640909,58.998021098596254
24.820583269738687,989.0948460449198,20.15708045951205,25.131874025834435,61.802003997105665
28.619379098534566,1034.5975623646013,3.801852054770687,27.11192710148146,70.29851959366545
82.78701060729554,1002.3721792795402,18.355740006648357,49.862208754832174,54.93443746850805
35.85903404616235,1029.4277975002574,17.93220234773736,43.87225172047751,62.21843800545121
22.306814086319243,989.3813146286896,4.412821541905871,47.37134151488451,64.99803123141886
92.8608548597572,1003.3948479237467,12.122477998837898,61.603950420890264,56.573356593124586
91.26442989609873,1032.8285156868396,22.65407129312952,23.09614312495438,55.80125329471146
37.478706178519346,985.0122738280616,0.502680766560345,13.470413109189517,65.923573453384
82.41650064583638,1012.6691356096876,4.408436516951646,87.88782786455435,56.551134695457336
23.838372896932405,1030.5544545382966,29.874851229742337,63.394133956895125,60.51956188605885
42.80464030586104,1032.2325855124839,22.006346914471788,6.066329393479963,63.98772048911257
69.89335266052998,1026.5304112411477,13.923908376577673,96.10516499008203,56.16922638918329
81.05431969267084,1027.0763937798083,18.894042362748756,69.3068502268409,48.95387563008984
20.831935103055166,1015.8700624764606,25.386629117954232,15.170464208701162,61.69704651740367
46.096689061899525,992.1232709452246,25.269137566609103,96.91344316764007,56.1826613376265
37.14764480509392,1020.1873199466706,9.741043063836214,36.54073432496331,64.64476675554202
99.9024324598979,1033.8111455452297,14.738742676356722,98.45100798647702,49.038124539235575
73.6785785908188,1008.9263433070046,19.14165289495931,10.32756293932885,56.285686105772406
52.453716230379506,994.3383547492296,2.156907495438122,15.996921703549571,65.4354249737375
26.052208158454803,1011.5409087270749,28.373897981722568,65.74195508748441,59.77203467310318
67.8936206005571,1017.9835695932339,12.982254769871188,2.214346516607324,64.70605463544071
71.33611767488514,991.4554170183427,11.125869817737806,1.8689641218235686,61.697215760661365
85.3124742002508,1019.5554141185182,27.213010843494775,79.19828322249003,49.30117584653706
43.08614823354908,1012.3088072386415,3.5485994625931405,16.77803317398203,67.53025568831177
98.51424643840771,1013.6792450031429,1.1778239216132558,91.87899925876073,55.12233632530068
55.15725914511596,996.8293361356908,20.550072369008216,42.58961621713717,59.65909260897151
43.67550037275949,988.5396745561161,11.550089043153125,87.36523542992757,59.23210345552738
47.87594672011663,1014.2897442418111,22.934274264903173,41.77635840865285,59.80876785149954
61.566884237369905,1012.2428144033914,2.056338345802665,53.023000497214,60.45236633243157
94.93612516057019,998.5906703242592,11.512714306061591,31.651416167641276,53.43387830646687
78.81270383355204,996.2741517150238,7.059756361383367,65.80764177559352,53.855699130895
66.16877195710259,999.0984453914256,22.18819598839792,31.82011659430661,57.65510301562273
33.024831038388946,1006.9435836174351,6.815103312821144,22.317009785004927,67.73178620381653
31.948264871269735,1033.6150854311138,13.738360043230646,8.104731196270077,69.43914324873182
60.17575310508512,1021.9960542114413,24.566326534101357,5.766934782784672,61.261660120596524
78.29669636813193,1026.8456856541018,27.461716063934087,30.597435320228893,56.90766773780517
80.08097382040881,1007.8107262896942,21.67817380997333,73.64733452492554,51.753968828883615
38.07315071010067,1008.9367986478327,12.87685234598861,20.56200663436163,66.16984215633751
28.00796102778026,991.2378563790365,17.159576242281993,29.92274501394966,61.961959517833314
50.756879140303155,1019.6575209965594,20.690698414574815,90.51714185221239,55.65038848361955
93.45380345952594,1003.187120318485,26.247978797223542,63.91574958113206,46.13748554038466
63.629380213550576,1020.8345772349742,26.65721954280875,91.97223894219765,52.32374443727859
45.60798134654195,1002.4980459721944,27.92908474465041,91.12260340036342,56.19126084998865
45.89101346712973,985.9684452967649,24.321332967221466,6.341068248568993,61.09384626025924
30.566963617774796,989.5179528282235,4.403938078250004,95.50093249283648,62.55389943738511
57.85789888849264,1024.6363542941076,22.429186001587293,5.117795906125567,61.78178255096791
83.30901428118707,994.2239069257413,24.43777120689653,92.56189177484868,47.73144352838871
97.4846953221873,994.5394932411888,26.33614283029151,54.673343665671595,48.86500617186062
60.12759999663803,1031.1152449501283,27.744506838534775,53.31895828773915,58.147258514428124
33.37719326741507,1016.1699592576767,15.274794405553422,71.3264062619819,62.40542157830206
74.63603198422916,986.2869154636396,19.652780853729315,87.921127076173,50.19751400056895
80.54330741962363,987.8971898572564,0.28658329850907216,61.70045556612569,54.92926042881206
25.735979953848176,994.9802087996154,17.18350703077302,42.53998537813215,63.612059621379615
88.01113037049831,1012.6697628304648,14.19595143221819,11.18893429847735,56.81363467292556
86.3457911996686,1021.405400844812,28.869181340843983,78.92093058948785,49.05399455389826
57.80328432312943,995.0973043899259,27.051278958081813,12.829349247080513,55.72627119827067
64.83380148926946,1027.885312057823,23.92811788300157,72.63658611992429,56.47074104209851
77.07264509687353,986.0049098386281,1.7098255356080017,52.7924945782026,58.05388362577497
74.13985000502875,991.4179542423749,12.060865268499997,38.58359247580685,57.53222490179369
21.322878255456725,1033.3755706628583,20.881266665836804,61.298638625336764,61.51310894399839
29.794824307878862,987.4109675009512,0.8898223069284317,77.2356086074543,63.126618317980466
33.007244462499656,1028.8461219248095,7.074413752584034,94.1139618450621,62.12546541925555
80.45407112576791,1018.7164291472252,26.625215703543862,26.46968828377999,53.80280450077683
55.20668503139041,984.0197899852939,3.893423018982727,94.71301602116982,57.14084065814391
63.64021011094601,1006.603875589497,1.5412051301593255,96.0948045987792,60.1405624206918
81.81499495163874,1008.5438644229644,17.417572688540076,81.36305144796802,49.055992500856746
47.278581525127265,1031.2676797278712,28.393938462833407,88.1437174942349,55.34114900700901
79.91121818550184,1003.1607526192442,25.038742197259158,69.24275137171718,49.92680279737966
55.38394197036477,1004.5719988505351,29.243175141628665,3.9097219931284677,61.65739909531115
50.174415021936525,986.1866065132508,22.60569461088748,57.50785447053921,56.34394085536744
46.642981124379205,1015.1544909890714,13.121093222537146,74.7204562960772,57.46694442768075
97.19558523939062,991.5993336739003,28.39849318769622,94.1703134706335,45.06328911863849
81.75787285671831,984.2643292023039,12.798998353599353,57.045184701887365,54.97286953895714
21.615675261882352,1034.8305450038936,10.50283849032733,79.42006782573834,69.167675885871
96.59323892145613,994.8296295379542,13.445877533023015,70.50387175444939,47.50476216329476
82.03517037813387,987.7579240820842,24.41921863147393,28.080288854758184,51.69540459734216
31.933977156340447,1018.4719706028447,27.53080649546665,15.472807515135855,65.17765001042768
26.10705003290537,1025.1925185757045,10.730463298790266,75.09053286779005,60.685657427232705
44.65552749275627,983.524262121949,13.867423695967876,23.376836117950738,62.32297600866491
69.93452234768495,985.7966319108383,26.949819699131492,24.46915546301409,54.37664278018794
69.32373513195739,984.9595602970126,1.4113099358600678,64.39462387006476,57.34266146432199
42.06801001193764,982.5827616827381,23.516060823415543,78.90684640295285,55.491599339333476
55.65399829259342,1016.2701063248857,13.626532747030172,58.233209286123625,58.63858568137238
36.95121245709884,1012.357225435665,11.295550531490138,88.49831538790713,61.95056519055251
24.046294813338996,1016.4543661107963,13.407638755105172,21.144326925067446,69.39870505304678
61.357637394150295,1007.81169398008,12.560720265047394,25.241442954073957,61.716673782082246
47.759290740163046,1024.962922697307,22.698558545634178,63.69555041574445,57.63940905909066
63.4305945838344,1010.0667566374217,27.83842566732467,82.9368184618297,52.75877495159931
95.72058579763613,1030.5310814139793,14.743674763397358,53.93518016782335,55.31146830277853
31.46962493562569,1006.7106692877196,24.98201357347534,1.0381573302546188,66.02248400290325
20.156961464876424,1023.486226366638,21.958336071367157,67.69431292069412,62.67686010800975
26.150257062570013,1002.4048194525999,9.920423566694305,81.35824330179348,64.93467965657828
57.01666368813032,1003.9373142127043,17.61941443579643,27.654362789597407,58.87806868610701
76.55456238418589,1026.6945624880855,20.004470250470835,5.419822888226744,61.20181608063224
66.46108826537512,985.9212909446715,0.7049811567138908,51.79519781075482,61.41567503691089
59.591568589899765,1011.0704765240764,11.87866653672721,4.215522035095343,62.099174697364994
48.31705048739299,1019.9485057278332,29.779145275423705,41.60167439152443,58.19629697464686
44.79793372252008,1021.273133847938,19.117692812102806,1.781784447029544,64.75184257768665
50.10289400839841,1012.5321439943486,10.027322078753283,22.49667229079365,63.423628962920354
68.9307963207257,1004.6435466287733,7.5007211820218345,38.88224518869099,59.58507860655316
33.4203164692429,994.3430344126717,6.284448063022689,11.170588974525785,64.55122503536863
81.70896664437007,1030.0184429444766,12.049242268956226,11.415590398868325,58.778153938573
66.02025920744882,1000.3383371136729,5.797970718228287,82.70617403256259,56.61543816332637
41.53251020891421,1023.944564869334,4.055585461605845,4.142386675739951,67.35199566258143
60.0922370249027,981.741608712945,10.921898532808767,68.89662486736458,55.47342884903011
97.02229501481331,992.7693068077635,18.2099907793738,81.44820493493515,50.99903836606451
21.639322331615524,999.0071636086268,4.391975462583851,13.072235413563893,69.38355033991125
35.96181127209833,1016.9365734820612,1.3302982158858023,19.537073451347265,72.28778591535405
55.87041919226224,997.563194393904,1.0389845419107469,64.14933015950294,61.53121784699818
71.07517774238624,982.2750090450619,8.02152757307905,31.564661274321892,60.97144825206148
36.97826130283882,989.5627133829709,5.703968715489049,47.64230712349003,63.42377291019868
94.5123158700957,994.254094380313,16.17766080870457,83.6002708279732,48.66986494762462
71.40576099397137,989.6826113964701,13.671605611526983,13.798317138428985,59.827802102051464
90.19455591651445,991.2048508077623,9.742998430170559,61.9652521904706,56.057969789423105
46.345434420025484,1022.2926317370345,25.00628502452882,94.23977222808001,54.988806688281045
86.31631474453036,1002.6618504172753,15.148409789895794,5.746662968717054,58.716392050846295
50.257537351955705,1002.2848584567358,2.745899762522975,6.000676498476121,66.84984345158155
40.2201417968964,1033.1633485162718,8.872930622210859,55.47423726176371,63.46093937455495
92.93242713310345,1004.568601086931,29.200177985897746,96.00757960943292,46.177945070542435
27.377478054308362,1031.0211972892816,29.309319622740432,22.04736423667888,61.24585280710916
95.43110368451234,996.4484704019175,7.640149066413578,33.07919697162005,55.96694087876101
56.68121646940844,1002.0344442947295,5.017083863847417,9.864797454787366,65.71166967314288
99.41003787886893,1001.7955845837104,14.87064438651733,36.22472304368498,54.0769605740526
63.167572298802305,1010.0343357773054,14.443947545005397,4.4332480020079945,62.29211580960549
80.59905376658425,1012.1336009969674,12.304130618070513,38.909399774474316,58.51172194161304
20.56568130704032,993.6468765973248,15.88071682481859,55.548777494203094,63.59782430072944
59.73334559681321,1023.6471337729415,6.965861355546025,97.50048266842613,57.469428248968356
78.99627772944922,1007.3089275072236,3.447880246310615,81.838797964195,57.357130274688174
82.62616159667593,980.3873954435344,17.11384375429305,82.20654107753492,51.21246666649208
32.64388660812784,1012.5237348324174,27.97793990347125,22.814432457219713,61.35885530017573
53.51767603062229,1023.8932692841025,4.1324782986089375,8.723470216884511,67.03996863403225
53.5257566495471,993.7756705798502,21.14444172694387,60.30747041042436,56.54806213117104
28.29126467992447,982.082905514906,13.13690062141155,52.11381950557674,62.07957157987158
55.443640615317335,1024.3948260607897,8.81929769186412,51.65038765776313,61.602151519908254
84.56743669568043,1033.6952193784396,25.593276551772774,10.900798620070983,56.69307376589398
44.01445900951896,984.2109988065696,13.694750836115459,49.38848942633258,58.40497973461649
54.60596175151065,1031.5920244029146,17.499360422039704,15.035574059956836,63.09491552422374
96.87669480497141,999.7600926586834,13.291688608197882,42.21145937118382,57.082783712210755
22.536646071324977,1031.7791784723447,2.437487450086586,6.2162632644816025,70.02069715925956
67.32174143162845,1015.6861628201345,17.847140607005578,85.6892599408569,53.3076230484919
79.47488734221034,1028.9634371846628,12.565229251143638,1.3180086305917826,65.99460358465181
80.87059472249427,1023.2208163778278,2.602698182028891,93.93231394453298,54.153144946690354
77.27504199072355,981.5398758551345,17.87435203256925,86.2891822728939,53.61411828451642
78.1161154774749,983.599337627878,0.29612796117682527,75.26080725693029,56.119988532401926
24.72101325384399,1008.9159532815199,6.255611647637769,98.25505822857247,62.33243055914647
62.73092953090662,987.1290460914702,23.432086107156373,5.3819997127583115,58.550838857516766
82.63752573258049,1005.3568831536434,1.1378227457620338,64.15971060523466,58.16767505006459
27.525203922986368,1032.5046664210456,19.400462941654162,84.9302090471716,57.68331789150844
20.96399379094943,996.2116508154967,28.491208386219718,12.661709653076937,63.9033969184931
85.16494652797265,1006.8901992598658,5.135773745190203,58.477497866652726,55.81267139671276
76.98355100531913,1001.1342796537438,12.513355806287237,39.39219086946718,53.8645913033235
52.97651335315541,1014.6404830336537,17.264930921129945,43.58271133470934,61.85389293115421
95.23171460593376,990.6614711858357,13.512475162015328,91.25240853852262,45.869885202966486
81.32784757211769,994.2966609573856,18.611330585453018,53.86514502747324,57.47784826862353
97.42887532852619,1027.2322318250206,12.122925755009945,9.326204484632417,58.8086459094764
94.34522076379739,1024.6234923123186,4.455123870657614,93.7216173844429,50.77185379970341
58.50348823834457,1023.4054328878852,2.6713307947336706,18.521117056289548,67.41974058300812
80.37671829148528,1022.4005785124842,22.333294685314332,89.2636816472064,49.764414151826315
73.53531110461111,1005.2690621403868,7.158718485657144,97.092072108536,53.354737440642346
84.91561680739932,1020.0889924892715,25.423509383001704,87.78374631606955,46.44589356444031
83.01507218007936,1001.2962649829665,22.29081731465521,67.71337778089205,50.05468200136406
32.25855760265814,985.5390269104214,1.4835955302708503,74.35518198230902,61.92036020544847
38.69884254468371,1001.6356052906891,6.036333511912055,69.98672437647552,63.625239455954336
41.258526174205386,988.7264674325362,8.759779696786147,46.05243878550627,64.58708870316626
85.47988473736085,1001.496842434788,17.834467464781206,27.44197187451871,53.35049656907096
84.85933631433511,996.3583868449588,24.29481000945417,28.50027299510297,54.25868262952048
59.626827755155375,1012.9538366887359,1.8099976547526941,73.11678612861375,56.95982862443536
66.46658074015369,999.8847228524132,7.488268556394328,62.60364483205502,58.638863672210135
86.153772237472,1018.8074314858549,11.286292871391627,58.48840339691468,59.22033025954597
45.00748805421946,1008.1680674576207,5.501314637644988,65.26088379243976,58.77573775551792
24.014302153309064,1030.572075318347,16.358762925190472,77.47862354308889,60.50635729909249
58.60771506233338,985.0063989442713,14.340074380749309,74.83409146455335,57.34644817230176
93.09737150789374,1017.8240053752733,9.494869261534797,10.539640579240183,60.05281598205024
83.23746087680584,1016.9818282663522,15.506606607610703,36.30350497067144,54.71871180844361
49.329384248678856,1032.2844601076986,10.674646930533417,26.396713678408567,66.76401906374466
25.18170883862694,1000.4353526874008,10.295822024018722,53.823866222414516,62.89225179945334
70.95356043060079,996.7990883341689,7.961865760709776,6.141608237157881,64.75937606331196
86.75926366964161,989.4816394317511,16.213138029431647,76.2464047492507,52.25595217799949
73.19588531637109,994.5908683445411,13.323461833569805,10.652733376272383,61.909354901498396
54.005973181041576,1007.6039925015326,5.889743523816713,27.14020259106179,64.22710226194377
29.868289054325707,1026.0742129077987,0.38898782694597567,78.27415052210476,66.386081547496
92.8619395309884,995.6357631914352,4.527886218387582,5.155998291870844,60.629926727905215
42.07666606027064,988.6758164161565,1.2850380449561771,66.02010685559915,64.69328046465878
37.942962919436745,994.9670659090792,12.947965009152963,92.44782717943863,58.41533073152095
85.27813324877232,985.5509836265667,6.75290561737075,61.76378171877879,53.38116351274802
98.49759509790856,1030.9682478969398,12.613659975741736,71.26574874014109,52.4673253294392
72.81282069958083,1027.9943283612236,9.883496201100266,79.22668725225469,55.18736290282269
69.98483912196406,996.9670444341834,16.140444320597002,22.22463221861515,57.48414445732664
45.55446953768501,993.5843298762527,21.716004863658025,58.09639180125632,60.81208923602308
21.633076054810346,1029.7968522735703,14.379418144015691,30.905671603018913,68.00051462183724
35.34382926581677,980.0974573226525,1.8590418281739263,24.949537922530528,67.47972788020691
66.75443492452575,1013.0317640395241,0.5253144424472389,19.245641508555444,65.76788376796388
32.10531694528364,1030.380206852012,6.396934988326174,58.54306153027108,66.22825094976241
90.70686455450617,1007.9706618898495,12.749025336625612,79.4531926553805,55.530024536532004
35.051575028230815,980.1631827779798,1.3471508588180192,87.58890641884456,57.834531037709496
61.76835624095212,992.0379286161835,9.83201414519667,42.85859461418594,57.733905901836295
60.9610596615036,1030.7342876640564,26.61077123685457,37.28990001979389,56.18811841982786
68.31565041037204,980.9362333298906,2.7005706555650812,68.7306902100591,55.3402142314962
46.19472557744312,1001.7128871334761,28.455495293087207,78.03592418523506,54.985819879010286
89.88273608522522,1023.4359599483138,25.70015326527359,25.33193366723966,54.29131382722514
55.54412287800557,1026.0950046526752,24.95343468040616,29.72908842110367,62.65110124013032
76.01228629892591,1006.2684362945769,25.909755326288728,53.33933191509503,54.73112957749928
70.87286887733626,992.7866063453068,2.4015079575894926,44.43856878399437,59.011523853416364
29.37248664957626,1012.9837594727387,4.535042819360903,70.57877330597222,65.22326187705045
69.81114821620892,994.5077917356516,4.031172796832465,50.44849909877459,55.97640209311308
64.05621423848768,994.0395341897754,3.3372543225412787,11.15991057225827,63.6821022130948
91.88832506047247,1024.4179869868358,9.831336585966877,16.595319478810456,58.56782818190755
90.47013091879226,988.4846209413137,24.90650648851582,90.19088438206396,45.90319251188269
32.07638299293171,980.3036813121095,7.558864308936878,22.739836482992892,65.32963154395884
26.534811646928613,998.5226369353217,7.326650369767799,5.008609141790021,67.4817649258907
43.5673775368695,1007.0035675247267,20.276662722618397,73.14545582872253,56.145652350706165
98.9290285347447,1018.7794215542428,2.907753064101514,68.40111438446408,55.926893618125675
21.725902112505338,1022.9613391682359,10.808399770857719,60.00760186548199,67.01790030676766
73.83137916583014,1016.4935566123496,8.86278920532663,50.225615446476056,59.269280826336384
68.68109870727818,1014.457988417431,25.41902592388264,96.95803540468195,50.37616701230506
71.72626243662535,1016.6161797275689,15.435038328763799,11.983229591845335,58.895693400192755
37.46287118165932,994.9339584669605,19.39420692365823,51.016278257815,59.51547370105419
38.137387663987994,1001.0298727630512,3.8710301461870564,56.404494347004366,63.444455467077084
54.45136657390597,1013.904007554976,27.867547816677305,2.2492918380839333,58.671862550151886
27.66862456535651,983.6063863194685,9.673564623753139,41.19924248043385,66.37651439051912
25.969056721515216,996.2428942537321,21.205165135294845,78.28021253886412,59.0265562584864
27.068756278887776,1002.3530419616709,28.638785397466307,47.109875524293244,61.482107375284755
65.83833370450063,1009.3392375569665,15.259465848480076,87.52784497909168,52.16086786982615
51.8193485518315,1006.7565159048529,15.226057762015666,64.47989318894592,57.29343957340942
43.48934245258189,1019.4972532984697,3.5174827067535572,76.60853640498742,63.79534328983875
45.26555037210444,1006.0384671479054,11.708266692693876,80.448013519236,60.66118113293945
36.582664467925895,1029.7271491103743,25.573948166446065,68.95002394401332,56.62764343643757
52.92042682575479,1000.917508818383,4.0531952129684505,74.93806600263511,60.635816222214586
36.24464553599739,1008.8954438396886,27.525123916819723,69.53105398212477,58.06812132680628
75.8436833839466,980.1765714281115,20.019282431599702,55.04637484536232,52.14719567233796
29.91460101231489,997.0762876045404,12.628795051771153,56.6532965595433,63.348995252081316
95.85936676646772,1027.6615137522697,16.39495255576972,18.98847826368013,53.26492607563962
27.185515210182576,998.346701702796,4.514898232101028,82.74392333790568,61.43939702617961
95.47685714239007,993.9252483332854,6.524498794131929,31.21373137718988,57.38538245544582
86.66359772163253,1009.8945329343222,8.592252812000185,53.573688246533116,56.01538386206583
74.45696964907043,984.3301554143139,11.545383545232434,24.954555794251597,58.46850700901733
92.98413244523869,1009.2382822407719,27.465659849789542,69.58649791062274,48.673427794933744
31.137503481390148,996.7016189033203,11.02707074895471,97.51689521839356,60.60574457597247
34.10518193495322,1001.0706589430913,15.715057211586629,80.19402346474074,60.635937295548196
40.172207364705265,1023.525075238543,4.860784842535266,61.90954818875669,65.17190844206233
39.58492214127127,1016.4080210237765,22.07919603156212,56.75065337421009,59.88493580240436
44.867861674172815,1004.5358351218114,16.808425472001044,48.9771257352929,59.631836414147884
66.05047186184747,1011.7633972196717,13.197223739501158,20.497143176360023,59.62125818339027
22.25380890440837,1022.1772315426126,28.415593966745806,34.80100518442455,60.75871503510151
50.581807603198065,1021.0181059857904,26.719525324255102,40.63940741713006,57.59739749605439
39.71081023140772,990.1926940803148,19.785338170334917,94.45690748410104,55.056707305712536
68.53038784421776,996.5505572099563,27.654372184695813,42.55828540360124,57.147049990967645
98.81354648412285,999.1530312031314,16.943453847992178,58.6190354795926,49.33421531101557
61.41236897466981,990.3148259502752,24.808114551458004,92.24245406117588,53.686564540522085
54.05481912947471,980.6688799703468,12.283804925555588,51.84264078113431,58.418241537528345
49.45948361160929,989.5681997833847,2.6023257404384292,25.14497798640344,64.1299744582092
82.79593751038861,1024.4534379894817,29.824457685873288,38.10061065980776,53.77672218186855
25.758474532058155,1010.025624826586,4.9689456247971755,37.55392004527829,64.73733620961157
96.78164115680973,998.7911914842949,7.545301177769678,71.47175647021545,51.39038055088643
53.43343087904365,1013.4589445096206,4.8931016827451845,29.612073046002585,61.69705208024947
45.096058066009036,1020.6908768940735,10.124385539362352,73.02885777603943,60.00535641381947
97.9254493119761,999.4935280661474,8.678404011790162,88.92427118867256,49.37082977260441
94.87030905945599,1005.6341162844236,18.033067456477045,33.607301171371184,56.16882505378002
71.35473118125768,983.5317269168563,29.893800432578534,13.534110024576906,54.03186223617344
21.480589988032108,1012.8399794916863,1.575271664567055,63.85543509686428,62.5079654451605
79.88279809652575,999.6023902553702,23.35329339879966,36.08544675239942,53.6745377827676
46.844592003360106,1003.8438006180434,3.839757732194596,53.398616714457795,64.34865421348066
51.06241846834089,1003.2430339870808,0.5950507389664694,63.416563183961074,65.18275406239474
32.699370318191086,1014.7825108808398,19.157304603470845,40.77429440609115,62.222037387635055
61.876646709191945,1011.4855941924965,26.199456866081018,92.46944517900747,51.30008680801442
79.5642076963013,1003.2158326277113,5.288955199451859,39.961465417047215,58.64883258655557
41.84088944744548,980.93252618199,10.24841353925842,30.73743272400289,63.68717067859112
95.09863264347001,1014.1529438047259,5.062506126692315,88.56752210988876,50.91830334223332
35.57894848023635,1028.376761071888,27.195227079087513,13.63017234258097,62.46899696298965
25.30098724755467,1022.3253364376644,8.110812972543677,12.420892878559009,68.98732848231936
71.54910986799209,1033.9888597737545,13.341386742183074,93.56982076056258,54.8887014249675
87.94549855040374,987.6491435911393,26.84223828849235,20.8968414109449,52.67165670362861
96.25062874460097,992.238602903332,16.586076112880153,14.843740362464054,53.23352393733342
81.3736808413215,1009.6597105872088,27.985494023061175,53.51683040195485,52.51235314455506
35.97200092048578,992.9734936289094,27.79351243941117,4.678846621029753,61.92022278866157
98.21289478429843,981.900237970493,13.848030596811627,62.00150007275601,51.03733945597961
93.55487008230742,1002.125855189017,17.471478382001116,45.29307983390647,51.11193705040099
33.053393820995794,995.8204603784691,6.909428211388107,64.04119644147335,64.17649465430706
64.70286615322595,994.5068465112386,29.716074564034898,28.393690353275048,53.668046547062964
64.44139407447831,1032.4245049363337,8.349499812353848,90.54722143489417,60.209206639656934
55.40278225035767,993.1149763945997,23.499209639428535,27.05807127253457,56.25207538085972
98.7425064207751,987.1187914153069,9.38907180465678,63.75646855428606,53.59757895632525
24.769778974417697,986.8925591849318,9.391267862693551,94.50918506276247,57.4169538563597
70.17671267548678,1024.347824041869,3.115887801028383,40.08092883412826,57.39700770365273
36.42428981430481,1019.3166440989708,16.796874323897395,16.142652829284497,63.819810714681445
62.18649637847677,987.1217407561884,7.344970143846278,6.838247591183377,58.70613179916649
82.3792617430015,992.0864215373432,4.451842732728563,96.30179968076062,54.82296461344589
39.73814425348371,1021.1038654643942,6.800000835502004,76.3701485993939,62.03457465732574
51.468763718651886,995.1039018809038,7.532794711920897,91.89520600707843,60.37088148938395
96.06144594243193,1033.9848141336543,15.122503683584581,69.88330531598115,52.27793721136126
80.91845901762477,1009.73135366415,11.577691096666868,34.24485041893569,58.05514493204061
65.81785476094684,990.5604383725548,2.2647084306588026,12.301658598338017,62.71667934108009
37.759791024537336,1027.2344649982003,16.080857486875832,92.93068592750006,57.39766572117107
54.024434998206644,997.571155024348,23.632423547662942,48.96190441309412,56.24192887970697
81.92490552399381,995.8844045285408,17.22705482681986,39.65089962776228,52.90069013018141
85.6434462487981,998.0092678398324,29.236207567553123,57.77920612391232,50.839818857023495
39.568495851391916,1022.2508486522671,2.974506244334142,10.655932143106906,67.80453308596499
72.96481683336154,989.5267122343771,24.634570102743282,30.920381937448393,54.82362722187162
27.600239369871993,1000.9982179143516,15.170780096919993,63.7876107098167,67.08690342377993
21.856984596037154,981.6958025031425,15.647855326356844,10.012294635715524,65.55084738833567
63.8939138746417,1025.4644639542284,15.572998039486452,13.52427589648839,62.02406572087382
37.950388342434294,998.7395321468853,9.759564837229153,51.05878640910555,62.634985234682915
26.312962499370627,993.6495105894606,9.736650427207573,62.345712460109105,65.46088610700765
78.3862650316184,1011.8941283306525,18.955335199274273,18.700170579379073,57.91220293221466
59.837967069171604,1018.7745536063256,1.3429525614934923,3.3084634455491813,65.6863109877126
83.70216087667603,1024.7092820450619,17.663581359054103,95.83668927667561,55.47674650123754
73.11553917444456,999.1281720024488,21.737721546327464,2.7492657882556837,56.79599199284749
78.3843951932392,1024.6765467581988,10.68978880426254,0.20520415206412013,61.19162854627134
44.58884650367199,1005.5684550204302,6.520708183788999,32.33405688281997,65.96717800886125
41.062066054658914,985.5628247149874,6.401607381687134,22.24531687755682,63.41053470953003
68.0699913676209,1026.546911549368,2.45518960033698,57.35863620982109,62.026991225445364
36.00657123184675,1010.1199130157538,2.691579576192249,89.42088768410802,61.31419625917175
85.2329692505617,1013.1358264571062,5.000636045837781,48.11076724393146,59.44729254978712
61.833613517939085,1031.5620198332103,0.5751871515926132,77.33012088169706,62.41585304832508
38.15919458782088,1010.753331671659,7.987062225725529,90.922703847895,60.27352186404551
70.01345858639269,980.3070941872894,9.192054877438803,18.939965360620747,58.096202182758105
95.60285880668941,1027.8838712551706,29.856637600683925,48.83108861220059,49.69962336688066
26.56757812726193,995.6613094177903,29.750632129683762,64.20699995987295,58.24042830198265
28.747616585080237,1007.5971806431202,5.611465405112543,33.18832379203446,68.53270066437295
87.5071317490672,991.2687631408781,6.390964742907733,73.97521109884252,54.58596682934129
28.767501965349886,996.3340962650235,14.757191116812976,70.53149752218249,62.174654550416776
23.150029548239026,1017.7656866436869,4.463530012131304,42.109428415141956,68.38227829432874
47.834446483717834,1003.6265343070853,15.121182244745752,8.795375342446142,65.00916303821174
57.336470793727806,1014.4921846819763,11.98169114415223,1.1568783482579614,63.53050394578308
65.55555493525517,1025.2966630222122,9.738686731496172,36.93495621608505,61.085867029472546
60.58401860513999,998.745211220249,24.67815512429326,8.206884511759826,59.08719122774423
93.05476501264907,1011.2587021079322,24.843530999791728,78.1624443208261,48.239934892820855
81.49344803133098,1022.7673341355224,29.636684009511796,33.432578326898074,55.42397204637552
98.70482046893686,1019.3317756023156,6.692643422447468,66.60982757916968,55.74875644504176
58.116433858025786,1009.6913889790018,26.648324914312383,34.63789873004583,59.40749720064383
26.746368787134315,1001.0860930900045,16.135377890217928,79.59384168280181,59.25547757766584
96.44245143542997,1002.4126089678159,17.74378293997056,88.84124966197811,49.7183474073868
20.32905292712779,1003.8224366597946,26.888796429975788,83.75141492627401,60.64748790567752
82.08768110712387,999.1865040920384,28.2789238913496,48.44735639798533,54.41400207479436
22.502562461734357,1018.4491599189333,21.804337731019118,8.39516108698205,63.524347860411396
80.89713525213108,986.8978388749506,10.435272958053716,37.17111057934295,56.75364105706628
95.03511518784434,1033.2099766394501,14.69003969005516,42.44559947050826,54.66438470434517
51.14082378648375,1022.8442026084347,18.451615921623297,96.02540108568746,58.81122149404236
39.277188097577415,996.3989678691726,24.85920116958291,56.54973052070956,54.24877209354701
38.102332200946464,982.3401163098849,19.738431161326663,64.08462328964416,56.63170723949631
59.33741153201627,1019.121674480841,10.963428500628691,78.2003581002074,60.446828192430885
33.67096286054333,1020.3897474733408,12.536413540808832,56.820246721033875,62.23972651759022
73.83389045277696,1032.9992435790168,1.5131310611782434,59.84846091827619,57.73609875304002
49.46818859906999,993.953805666634,27.72803581311408,24.53277973346053,61.164959459607374
45.848759392260725,984.5498799612324,2.643570399884797,5.88666075612756,63.79558937414299
56.90284610051656,1030.3324116745139,17.397923720566343,72.13858791090357,59.396966489070444
63.407000195180146,994.2256969037027,26.14955643716465,84.8684697354426,49.12265012562868
31.354420980703665,1019.6842296028135,12.625957485450215,41.20001833251038,62.035158840916935
76.62106910374746,983.3362800805223,24.003764625341145,54.89144532482098,52.808288436701055
90.6357679924261,1021.8321642736892,24.114482389088852,30.72852273357036,52.26406266571104
42.23895329609454,986.9864243425427,1.795381157587408,45.02205934657347,64.58320706233602
34.431272146358786,1018.2572491422882,12.364311771921649,20.888972626645508,69.04708422553863
80.84043389752509,1009.2788676319373,20.730764600611305,75.9886808104961,51.704279002281666
34.68333790125196,1032.5518471756993,12.670605272066487,49.19117877750951,66.92664475833196
23.30041282903653,982.0304703692539,16.355017445380685,54.71565532110789,62.90387526115825
69.53945763062231,996.0626810190032,17.8337371381992,3.708807826122318,61.377020049490454
39.18011330442802,983.8229904533835,4.5368813019372745,62.239839229334734,58.12667606952379
33.744832714284776,1028.3558699381845,12.359436184455895,20.265581200778946,67.5067528016363
98.5282193371605,1012.6645634513609,0.8538966505069756,38.33946443648721,58.31569277377326
43.349198671978215,1009.4233286796845,4.488782495860333,41.27157000958421,63.80250746808447
92.27546321724286,987.230184066397,15.367621901294958,44.87325974880907,56.62807725602845
34.257501271088344,1006.8967741522177,17.207579938164308,22.743638911476328,63.12808458619063
85.51817056499482,1001.9287010346699,4.387032197749869,85.01102247156406,51.45580901013539
60.16150984387856,997.3663527476463,22.668578106372614,42.78501507046225,58.18800457983807
26.28758152927962,1022.4703925524227,11.18963663612978,61.21344579082613,61.69857628802345
78.68842349148579,983.3701821908395,27.61949786483016,61.3937545693773,50.853025185317904
91.3658697387824,1015.5677150049211,11.629881699162196,60.698467442136526,56.56623599246877
33.04135922684172,1025.2646167161217,4.494329292978136,55.931800894959714,66.3535153560573
78.04721938689403,1029.9019005573177,22.73911376042273,82.26257482647887,51.77790996036229
55.6042015258499,1021.0254127115476,17.034024013179867,81.26178137471891,56.10891052533913
80.30963626053747,995.5350623372019,11.600645047324672,41.7144572604859,58.81525594333258
77.11423585482446,1013.0279103288037,10.678714902967847,63.58460481306217,54.0016869657377
22.12801843704043,987.7771986002896,4.523069206718131,10.282924452668674,70.6335830515089
34.29768287737241,986.4383343059627,10.225038823980343,9.077267826835012,69.97893559916663
57.682179434581954,1015.1243278176183,0.8803242293500513,47.99164055212619,63.87142005486712
94.68753375296642,1026.8109210021312,15.072057422273131,90.02040236060213,50.4712271501905
47.36587654038412,983.698646913479,26.90171225441208,64.99997025236955,55.02952098530764
70.30987762241455,985.8302052673314,23.859923886459814,66.92164226475941,51.703329533029276
20.966699641154307,1011.1084019086146,0.8556359161264293,15.76733120795013,69.65215453586036
76.89015372375553,992.0016523560637,26.437809788046973,45.330444426883886,53.12265128994367
68.24546102022437,1013.6499967527707,13.569744866476599,40.079094498449365,59.93348910177005
77.23157972926127,991.7999103890437,5.726743962464832,78.29783467541931,58.2911389776005
92.3728490419956,986.4065085868333,22.57235865646162,13.782409677226804,50.33287859462163
31.7199146494248,1010.0066240190655,9.68620650531139,53.91910073308044,59.51691421682172
40.92716768064537,1027.4207325917941,7.599552694105585,91.13515025488518,63.70119693542608
99.66247137345137,1017.6817084682791,4.839552203446429,89.2459889652398,52.51117663368284
32.502716680770156,1025.0298825644782,14.598657207006683,85.23371097477204,60.854542393868904
77.6501605220821,994.6484345914527,2.801819986483358,37.49853129363834,60.3404082247831
78.00607284087215,1028.7288258213364,23.568393873413598,94.11006906550578,50.690990685858054
74.63949969884555,1000.7371546016949,14.12023729999233,80.53005086593718,57.416379695131035
38.19524714516621,1026.8846217321347,13.409292504567606,85.11413192409033,61.06993580916323
37.210725057109656,1005.9146574581799,0.05561869444562939,93.23537943249872,61.37656212022805
73.30728544278304,994.7321706048273,24.53591580925684,93.7001265614081,49.51847624148024
34.900014756737285,994.3142357064736,14.78511177114761,24.006496325999084,63.66241370380514
72.92506653924299,1011.221733640056,13.196835594040436,12.768771177716687,58.79060831084283
59.40226256202544,984.3455648613765,22.841546558531714,69.08749435713153,57.267174288796284
50.93030941195073,1031.153090702368,1.886956473022826,56.321395663714235,63.852251576027506
44.018587950235656,994.9304922634194,11.000413682856111,32.74265056319321,60.718014951820386
95.80615466584933,998.4593649815221,17.272018726612693,68.44495067770157,51.50321437912954
60.647492619423005,992.8315854557678,13.817326882175632,6.199687731592174,64.2561101584886
64.90015700087696,980.1654378308397,5.449166696339232,4.720831649588342,64.64110522975035
95.94048677494284,1018.0902630244839,8.978295230409353,35.43105842017601,54.885820149606914
72.31018544777069,1012.4804095568823,9.006016729428989,19.384662343216085,58.85408306224564
96.6282342205462,1024.5304497108414,29.75912408295681,71.85560507375774,50.86793354203237
28.509339241815876,982.255592539804,9.785913564199465,94.8021837908192,57.05941107694954
87.73117054179231,1031.0760604603327,6.155461876268969,66.16274136846255,56.919133665255146
46.83317024184727,998.1987817033202,24.679114593124392,65.47843671275638,55.47157661232678
84.8390020056273,1030.2188424378187,12.635137650108259,0.6595573419583167,62.63591187935088
88.45092993559828,985.8922315137147,13.315910834611524,51.22769717246302,51.84233467772296
41.719030891404465,1020.9156319808303,16.46667190487212,81.71013201751595,57.49164801631515
52.70644932123831,1011.864702728778,17.870675917875346,65.41203653380177,58.97864010315751
78.08114834519232,999.7005168388921,17.716668012310183,22.77823846488345,58.45635089720687
27.924450471757652,984.3528317763161,1.034991672331318,84.84752484272008,65.5861700356969
80.4426827471472,1013.2605080415707,24.565272986938584,96.43767242151823,50.45895471531995
28.837834084379523,981.4541935690652,5.845584572245139,27.899284750027043,66.86822600074505
93.15645858144465,1007.5705154530305,8.770263833515825,20.709434216580668,59.3684401859281
42.107143463708276,1013.231471668651,5.202885600620264,33.852690465267585,62.7371540093129
66.04794774938847,1020.2888061008138,23.012299726076332,6.315828387767109,58.062646362034116
29.372280006101825,1034.5234048823665,17.509739778762587,87.34326730868756,58.293964076101794
41.559452372998294,994.3051542429271,22.65888458256154,92.92994805324811,50.60493254938542
52.31640347896843,997.7314401755411,19.601952162879012,63.33030396331303,58.610768654983836
58.96391013464115,998.7629940744946,3.1247590325820562,76.4334812853446,61.78349818952602
20.005399811725955,1020.237049152236,9.044993275530159,66.86506774351561,66.19900919184512
91.09246099043747,1031.2500597540864,15.21795478770364,37.73542292898691,56.44694416325235
20.613984764710167,1033.5878062269858,9.14835094294091,63.204236205426575,66.0609202913404
81.894765039554,1032.0196251606972,6.219117132183493,83.63201708751129,55.850488523195466
57.64631298850968,1028.3660654243383,26.094359071997992,80.9907410235767,57.53624879601049
61.91040199211011,1034.5037555601348,22.43351025646128,8.105752641667452,63.62528508672341
36.66123834676327,1000.6770149758974,10.3566018166253,46.2600960543117,62.18488167108485
68.58946802765632,1032.157672599929,22.950370878866956,39.732146395724996,59.077566485244446
62.97855273355617,1021.8560979317751,18.826158553356837,75.20087457798647,57.91782084781759
33.13891252962363,989.2652922740388,0.11357200897190278,50.13759395457833,66.73108228645091
39.04952010793753,982.5005853332461,11.407860780349049,34.97011085694196,63.49066661650579
25.352290320996573,991.7966176828677,8.714624975829913,70.63497605932015,63.67545814674097
25.302685767156213,1022.8313118358194,6.537258651176906,47.35785203358988,64.02728093205357
21.102062876194125,1014.7433284674237,7.547681822125347,25.6624027752975,65.65728100755955
37.6379460386467,992.3395941540676,28.270945397265677,89.04169226102256,56.26674462822612
74.37289819176445,1020.8056799959247,14.589512039746118,11.304784815305169,58.14384896574045
45.2972310513885,987.7727231691011,25.431261546723587,1.8087706885486554,58.71309356784536
47.41874158939013,1025.201276662228,6.426514564589477,14.39110326480394,62.40147601910812
30.552431460435578,1023.6788536783903,5.232113989378449,16.364325349734422,67.8908421916292
66.0376534125136,1033.4916783888327,26.66368764941729,53.804220004756566,56.137564729023985
47.37149132373898,988.2653760546125,14.871140573474035,62.48655006370375,59.52703965912386
74.10534427441718,1029.8637146928031,26.85456375937239,44.86111340587991,56.307288127842455
79.31675750740428,998.7606465047011,1.8908655861382473,20.417124527897577,60.2421282635631
66.77543001987057,1002.8832925637421,27.493065665289233,13.21908987939252,57.36132599614861
42.0855629449629,1005.7644784587724,12.463359490266692,49.21519691237265,63.38716157045195
60.68862394698034,1014.4797229261405,4.661114622655433,56.548308761981204,61.62191242206347
40.154464374584265,1034.7119853564923,20.501480683055824,30.396137170347405,61.7554842228654
92.23302682831344,1012.9977341680378,23.90708049882771,22.043994734097417,54.48402659702185
81.31086000660459,1030.9693725772224,1.4212418274420113,8.059272684742725,59.470477095469214
59.4404724804453,994.0265511146598,29.615879232560584,2.6244486992232696,58.23128696720927
97.23657145425173,1001.9126413998332,20.91080661948541,10.57364308361799,53.3043032169718
63.74043573841504,1007.747474119122,9.64205974973533,74.20794122839406,60.135121451668574
46.282838156555854,997.7596094382669,4.538813870861718,34.40186501538894,62.32210257790755
27.63738406352377,1033.7276906630382,11.775942440346443,2.741891540190222,69.25018453743245
63.49965158507309,1019.9125954643475,6.6169698167587745,50.81652718543446,59.78009249884029
88.83332892650765,1006.3384743700408,14.824596707942874,53.60672668886253,52.929047180652795
89.3374982525159,1021.3217585665386,23.456781254709828,42.86887796123935,53.837737430146234
68.36536533461987,1005.7093374495458,19.803911668516598,11.06828120354859,58.38436229702704
51.47506905873702,980.9473930052359,13.078047143451867,75.49673976059636,60.540967303061684
72.02370464725439,1009.8756374295685,3.568317737401486,68.9081588236619,54.632470422956494
80.97122836472316,1014.385187031866,28.71470767104021,39.47291382715882,54.229320628525215
52.9299827515301,1033.9664080295208,8.1111157635146,38.0815356748068,63.19222654620716
58.10033353719403,982.2436066543339,8.33503637625052,15.593511494594313,62.152885699891755
74.44930459023544,1008.1653326600324,19.365066655155974,75.35493470877495,53.83337669164853
90.13220848821972,985.3985116189599,23.115288664413082,59.95739043397662,52.116650741581715
83.28083025138199,988.1947745864028,29.524582959520487,8.579344551294565,54.44530463308323
21.791309545627897,1013.5754836432661,29.074927818834187,37.806345843691346,63.78347723715705
29.949787502767027,992.7362241746573,27.41281572696242,90.35609425685026,56.21881302409563
88.22225442284174,1021.2045761212264,13.059407021500494,45.23746016562262,53.86959885227025
86.70582624360269,1008.28092809274,5.0000897926934424,32.49274993005772,58.31546170345719
51.104542651896736,992.0017086841156,17.534136098598832,64.37840754485948,59.555847039422375
66.74223378861325,1007.1585422680586,0.5176951664030416,20.29723776840583,62.78257759854627
92.4675985942917,980.0484949799467,5.887465169861804,52.38033982071795,52.720460039493624
92.92469448056771,1027.4507024011812,0.07588190384293814,66.95227535636455,57.899189502152296
82.64742766087126,980.6973107380669,5.416077377146164,85.48784159750778,54.243632345749425
36.76711506877432,980.38554408707,14.242713701887682,69.250430277787,58.21206901570724
78.42262458831559,1013.6327168748805,11.799729332802478,38.44097971685644,57.3372005190883
28.08787458776453,1033.5436509184547,11.078896947799176,76.7800173348311,62.889431554949866
91.51507675636553,1027.0763416394689,24.928585918015873,89.83999280708417,48.94793373210721
31.93190428629716,993.8610401924199,20.24988913937034,47.77636246599396,62.24389296030471
72.98789120891607,990.8166746131227,28.09295288613318,0.45007854832823657,55.895872920419535
68.81946194018789,1014.43616993484,13.360232720330174,88.0918025951844,56.12396484852609
82.15197247036664,1025.2450760862143,8.166890264278553,16.544199160875095,59.36146800517828
64.12620018867644,999.9143268995016,3.6805361410006663,12.632550498037332,66.44625831607006
24.765326030058574,1003.7795024701892,20.16082187055438,30.76785657400315,66.97288401451587
76.46770032353193,986.3519232522763,25.252232654149708,37.99837453907612,52.089462370544
50.65236470682144,988.4054531690448,5.512180927852689,79.9376698186652,56.95940089260768
45.62280009752879,1011.2593377264311,26.362582335376086,38.91833851131287,60.66361489457706
99.33388396269878,985.6460880161641,15.788286050859991,4.882116635418332,55.652310328305965
67.23198127677821,991.1125368637746,4.322418964228557,63.59616799906118,59.384408874835245
76.8575258615529,992.9072363206536,19.285899747052646,67.12210234300083,51.81785809443578
62.106090954851865,1004.4158493267497,15.601582246116404,81.42209208321036,55.208140226575
81.59781167613221,982.5086580268,0.8455064193819695,39.88660806611317,58.037667808458934
80.16581883999802,1007.4874034431116,11.977296141798726,8.607107620767707,60.139292440606326
72.57168925441283,1031.0770923516745,23.54363978828733,55.30622776945526,52.80462611028816
99.81944491550215,981.3455013615489,16.662712602663213,12.099738257750658,53.96844410300733
56.783482726651016,1014.7041675864106,8.461233787875916,1.7075323024309919,62.55833208058011
76.4953878638524,1025.9713300833348,27.85925290147649,77.85834718513456,50.44304922479431
83.82223702439346,997.1853463402048,7.133371141315798,40.3410600338384,57.12822464982671
50.082776767563544,987.2335199760573,7.582080207978484,52.5005172062436,61.79474356901319
56.574002204289485,982.3836883185095,10.639180388407892,66.2849202768534,58.909234935862344
97.53338131124683,1015.4146682689691,26.83613583768385,40.10276667112384,52.43897091185042
22.583281370128645,1010.3728909125988,15.22876186276549,5.113159247739574,65.1421581123552
46.823652316873144,992.6112243615598,20.465371776774866,25.27436577079606,62.81796443409613
58.8970369870936,1025.7389519197461,29.287925175308416,19.434119133794546,57.157652689711995
20.11719944553522,1020.4528493683789,23.498888906770933,97.73940208242655,58.077434787907514
91.93016808052894,995.203583174273,5.178003559532797,73.95054540254598,54.29181918022568
42.89955201697269,1021.4349662575548,23.650617871199298,45.154999826319255,59.29080877600254
40.616386568755544,993.4746817425425,22.450114476780566,6.3367396457514324,63.178347969020116
85.62609562829935,1017.1397104026498,6.978509834316768,11.585052247827054,61.15554905226807
42.23865828019803,986.5199772590634,9.760494926628478,81.28995692714147,57.80796386879932
72.6098075121618,1018.0731704833264,21.303847195892306,94.54490938370006,51.61119424897258
85.72025151215674,993.1325930440244,7.151792822035757,3.1350184475328446,59.55110579322465
83.39814781682979,1011.4858144832942,6.245606070078579,91.03971226882759,55.83002255594814
82.5560589940743,989.4855126768535,21.104183163909934,38.05637133859919,53.038162998927824
27.09100558921879,1019.9281821162374,26.417864784592908,21.36326606536739,62.50429712465357
26.387757405789138,983.3483765916178,2.250500478663601,10.223235741319037,67.15637515571385
44.541602858991,989.0979782741496,13.377232057743383,77.17489419531948,56.7272539654615
22.87583049568142,990.127506392896,18.215256609870234,46.891048518181364,60.43753730940355
60.03437892154115,982.27389722197,20.28830357496204,83.24237819352568,52.28881805690168
51.582565301617464,1020.9756883888135,29.88587737124487,22.615715342496213,61.689333190544694
64.56207300345193,1033.9523877606964,20.480758809501623,67.85680368324246,57.36868377938312
43.90308309357523,1022.8118783626426,18.60462338991462,11.812170486612805,66.03010660010314
58.86032023923416,1027.3347579167319,29.692024569270057,8.975068413476972,57.4130593386611
46.7795812687243,980.3304213186052,1.820044211345514,13.33998503617515,62.16815442378141
35.61664737786469,986.4828480076027,2.2331068845929467,80.89013005603071,62.65681728615639
71.9493344910252,1010.7461186612175,16.820475792722526,65.561973543264,58.52384395068358
73.87487211993482,1033.7827886636792,10.759938430487725,16.596389193365823,60.37878067986197
86.33853541998,1016.3392112076511,2.900925412411678,38.47722106851854,59.082648536232846
89.98014265229799,1000.5775181555942,9.193466882783717,76.36860097564568,50.29306124842965
76.35695234943324,988.0382118014802,20.23063462222932,28.567438941388723,55.77570341150807
74.99984693580096,988.4059631910458,26.418448910598904,92.12637123130958,49.08656154755226
24.5340532269178,999.9514261274231,2.829734299696626,91.46027913502571,59.52621331379491
28.782339316653722,1019.2595608539204,16.204351874523127,55.290082569472354,61.11153151393268
85.00501683126987,981.7500610063701,8.883466943892657,63.19742691521149,52.2324747875746
38.636100929890524,1026.8697675303902,20.01978489881419,65.32183533878299,57.20517477908633
48.445204817366644,1031.7853289629393,16.483544833725205,25.846845775507564,61.51126013503253
31.623788294070145,1028.8849053291958,27.80133018066538,36.532138872398704,62.454710974095654
35.61215748599352,1030.216480016829,1.1305166084966434,13.594111048988466,68.35694911691101
82.0333788296165,980.8436603680045,14.10111824820424,92.48713416538689,53.07176998108271
40.94876956124306,1033.7785773772443,5.782786660521269,72.3849438695552,62.31936809271425
55.92279730113521,1000.1496413189692,16.103451259927372,4.6356266332647555,62.808045814878085
32.133709844739144,1027.8104615100847,25.607380322005294,54.93874500979167,61.390880730085094
74.23439250528789,990.2744878884788,27.339495833581758,34.307373473795934,56.6573407336536
78.2615787306781,1004.558915846423,11.946949896516054,81.52878770614092,52.64508143249031
48.9353854318971,982.4290413743187,24.35341569797477,34.38000878335128,58.914346326505374
82.77973168982004,982.2041798263555,8.415242241765164,64.4150124600895,52.91026772773027
39.19253215377012,1031.88018554233,0.1891483895754198,16.574033345657256,72.12289007215121
75.3523089680125,1024.583363689097,25.657171725689068,55.875548964905875,51.92471125429351
78.39716651363631,1009.1404324427587,3.582367272198439,29.38857325535492,61.049981854668864
97.4925902231021,1008.9001995460496,0.5283337008884537,16.488842236251276,62.08795730437125
38.5857332149373,1021.1815040161903,10.613929901038459,61.9259146936456,60.298105474550304
27.49683840342022,998.7917829863769,11.381399688748724,63.86412000153757,63.94384100876483
41.04283378318293,1021.9028101724074,2.3166051231681752,98.33537811337865,59.4867018683042
29.828975726569524,1006.67546089963,24.42547939453413,66.91060596611158,63.52450976420728
33.57554467954478,1015.0854571601305,12.167781906250003,51.57099385271282,59.994993577102605
46.729160948477954,1033.0656197556732,14.697708413087831,91.26208430847497,55.60669998157765
53.11925973776007,1005.9223556636144,7.938758038584951,82.82808186884559,56.63933041681786
92.29793806011037,1003.0122562860547,15.345202570397934,54.874627844017866,51.08875330456905
35.64926172000169,1029.8162045667748,23.00194171852001,51.13490777408073,61.94154681205821
97.7407180736973,1029.6419272203989,27.185481465015506,94.19691857158769,50.43187001689774
84.81225679169373,1034.5830286035746,29.115888022054477,61.712704395893084,53.52472662212176
90.51771119147529,1010.297464961957,12.801717738040919,71.3779169169507,53.34460324804817
94.35551917921947,998.9343847564631,29.701015763053775,8.667904214720313,52.70261044765205
80.25929577128966,993.2214534747737,8.848671351680439,71.83056212492592,53.63989884577689
83.10238652936489,981.8752996323414,0.20927805855180392,26.468184220668324,60.343811136561285
55.025463728449566,1019.9700743315987,23.02851131692904,11.553792320629174,60.487705317264776
60.836018774099514,992.8411895554495,5.353069456235959,84.96661088053098,57.793588162410146
94.59883414133074,1013.3652486874112,1.573645143715886,69.1191086652746,54.08821597059034
50.26047292421196,1030.4125800950417,27.720267677930963,40.75643122381304,56.32355936369393
23.355765845136574,1032.2617484066989,23.754324914909606,43.141672620806645,63.44303483993987
81.02035083798184,980.2425573689171,3.079944046147689,19.711772220981636,59.715787565773326
65.85260093740146,997.4391267256996,23.307304571529993,0.9550995466275247,58.043761669571346
85.19007698746493,1026.0557916205876,25.31999092280989,34.93591395693767,52.759131102375875
26.04410132887697,1009.5044862943345,27.15904995547713,14.841435968258555,64.5016182064453
69.69855923806318,1024.4129803415185,16.3108220239908,42.17267956873153,58.889122208812914
39.81647103926064,1026.9327805560865,21.10236211584288,83.38250879299584,61.536439615905664
92.26148755955873,1004.3444420967728,22.867178368830327,11.475436340271973,57.185398738126516
28.792795179339656,999.7440615913632,20.659168054683207,9.175360213614647,62.623105898147294
87.44554181800504,1005.0488296327788,19.40500860916781,90.2102219965562,49.67356551399218
27.084340157752827,1015.9037361443346,16.42677758333651,74.51395624383233,59.04910383772169
22.00778843975985,1000.193753408775,14.375863625867083,5.306986561759008,64.37743247465438
38.80475440335378,1022.6243558783764,29.883750586944917,7.957048525758381,65.9286399035932
46.643563274134706,1029.7196036526761,10.126823412664693,68.49242281489275,63.84568368343052
70.1223017449497,995.52711611873,2.6480631133364585,37.034420214768616,59.54432293971808
30.537967788884302,1033.0744304295831,22.95110895010883,72.41732955444422,62.44919549708263
54.986394687285994,1014.249888569892,6.414731336084825,40.44540693004777,64.98781751403895
36.3410881682299,1028.2992824170858,15.98080078856117,96.77866873211677,55.48647886950135
88.42426572376506,985.7154039399658,2.8740454980171206,69.44166122606511,56.422218609075436
23.5973206361044,993.8324525380931,18.578515824503718,4.661576484567487,65.31116844913129
48.47501813508168,997.6560493687925,28.320222117096666,33.05017748773662,58.60049057727611
70.50992639752872,996.6552183145982,21.681141378208732,56.36061861360293,59.778336891732444
93.04705424415512,989.4523636129193,6.436043346798405,14.187363820035737,60.73068879534962
89.43947381551162,1027.7510521138659,29.134141358665822,0.25203000752956894,55.15964143974167
91.61535996137309,1003.0236677709253,9.212607930736446,7.93081323217163,61.00003798256524
25.028263494638566,1032.9721616856734,13.098449594740632,52.4263477696168,61.63612667342766
87.27386091707676,1012.0909801734581,14.943510611184024,63.2255090885571,54.505072785434216
82.39300628352953,987.6117049604675,29.721562301204184,9.290337569421247,54.92135777648612
92.19453194204951,1010.0247590408676,2.066742021575496,66.51565239056131,57.00412033001141
44.926101380640105,1034.6449831248333,20.9018488330671,61.71241572546759,58.56915250905016
92.94120850186934,1011.0844427904601,10.857926270782075,93.98969820112626,51.95609179877129
52.21128680691582,980.1028139821259,2.34975957307318,84.067549156227,60.60032656671119
70.727974842064,1031.319394697473,28.050949728985692,94.32418637389651,46.903575838462785
53.93431929655986,992.9191923370504,17.69574957429196,96.61076231567661,53.90470323033624
54.21187444125209,1017.8690979187926,22.605540227663273,44.0808535979622,56.77916732458196
63.73096150359213,1008.3294085225493,7.21156306713839,48.791068127801076,61.259207089243034
48.474136769665805,997.8988566262487,22.84622767888271,28.1621968289101,62.16041005867525
83.41895954153885,995.5451738022014,24.854263200696497,50.84324025948369,50.92660314745553
70.69109883321912,1031.0817924378907,12.92488191643429,15.071469819921191,59.243020444607666
75.18046092311565,1030.1559242755911,17.15869418243896,67.1430960758198,55.47894170266274
38.48278401774109,1008.2224162029579,29.15617604788664,2.4932534665029538,59.992194934937295
97.56602307851139,994.2172357544326,25.401889251232767,23.562775628554977,51.49071224668323
72.81408782183723,985.6288117694598,13.345501832044928,20.80716981913151,57.904702251256836
35.77566916243133,988.6117010572497,19.937215762675375,93.7889071422054,57.73488609976304
80.0392194776827,1008.7238449157333,23.526944304075393,14.490175170784914,56.86947283785465
33.89712825660982,996.9306478318455,0.7298646173474543,89.07754507830941,62.77450135862193
25.070791703960673,982.3137478242976,17.650979598758113,12.435822136816377,68.07065140706581
62.20427169166675,1005.0342061921106,29.53585840238125,65.06979862804624,53.76669215185283
64.28191633298778,1021.0404110855372,28.41541949478994,31.988596817333814,55.7842783773872
35.11724597852789,1029.0432313777992,24.97321184287333,31.60023685469916,61.591477708652924
47.87031554337272,1012.1906225125699,3.186422793920559,99.82711001214652,58.14855451877863
95.66154365429576,1019.7810668113345,29.82124357548455,22.60428577929241,50.344812048499165
42.80025856699919,1000.0238758975713,18.286144594138477,20.256006793444257,59.88808320196955
32.44544486122949,1007.2930998569317,6.687247482884715,58.93347490979636,66.08003580566012
99.40495669323633,1020.1294771080516,20.228060688429498,74.0752397028573,48.618448528884436
44.18444291043734,1020.0212025054761,25.695706862390438,98.25045235234477,55.45786661518015
74.4202938516863,1003.3489445513227,3.3698328254290755,70.14137742374608,56.977386082925655
38.52481451514131,1009.9017037857077,27.49314429868274,56.18710662504095,58.196488178022534
64.00969575891115,1030.8120436753034,27.606128442569855,40.91317177580876,58.533283542983355
50.902558928769245,1014.7598682718778,0.40393218693953514,59.51128089726664,63.4111069440952
96.92634089273508,1015.3416044127624,27.009573649901828,60.08349967526917,47.85482510632135
54.624469964039015,1023.1541160811948,28.404537547204686,21.771149386432377,57.87426524110958
66.73393473453794,986.3372592973785,1.1307539094103558,67.12085615338033,60.33894604240753
95.58130127201177,1008.75863604068,8.82498970524152,20.44237906644041,58.04123386658278
99.1387439950364,1032.7687454949041,11.193225204483795,48.99548233953591,56.38233730970721
28.13266912039972,999.8913215696855,10.466714161991703,25.98695126299123,65.65081527299112
86.74565696339111,996.220938053215,22.770097118105674,31.280102372975104,51.12917764050959
50.569319534979904,1013.0664381082617,10.74313377671601,61.38770199960298,61.25242636958048
67.58629649644902,992.1615683510917,28.69736429684227,6.4485114737800275,57.31337029635891
50.00384631641964,1010.5769836088007,29.84977875914214,1.2034815324227455,60.86599518139857
52.08929645238339,988.5608605971702,9.504566121187398,13.062000954764363,60.82079979499549
32.708602878808925,1011.8886403383848,15.264022596195206,16.87069780744975,64.2512040688476
65.82131667422928,1013.1308551004847,16.731175209000224,19.787296804563393,58.19719630457563
63.737275675577976,1003.0120263456745,17.38208489901185,77.39310702144799,55.74177987358383
35.14846308307199,1001.0510533991279,11.226269825858989,44.68579670378786,64.1691708143328
63.33843434671532,993.5002053120247,4.9798050587648905,46.99361338442721,60.156524520810315
97.84815061048688,998.2007269308477,1.6368162519338303,64.43341628555434,56.42858161339796
77.15268766830317,1007.409028195525,3.190459969494964,72.91087684128476,59.776253819724914
58.478604766668155,993.6212395566006,27.038737127815235,0.3508349553436041,59.820809259703154
93.28671884651003,1023.0558954854524,8.411250198615212,85.67253358051695,54.18054061021016
66.02514852042447,1018.9969382729174,2.304689496331336,98.84348472741084,56.39766402889301
30.80383989822427,994.8118226930297,18.705890986330587,12.180743223842171,63.21519345158211
63.80077182499651,985.3589339705851,2.2592145378385586,65.10805836569035,60.88833227569039
34.477849229269424,980.009902144118,2.1015881900707276,0.24137544009764644,66.90947555604588
81.40038709981394,1012.8195368809819,18.647115176136644,4.902948617458236,59.50342276403312
97.37393714357667,991.6250060549506,17.74185732595592,28.50010200860553,56.438485278254205
48.86548676346642,980.6920358555847,1.2443186084988034,84.64040844196342,60.991813472808
54.79343041001556,999.7496898825613,13.814335033108463,65.25009014377375,57.95170363875951
53.71971734709041,1032.9099154274588,13.073049237181039,44.58209319723269,59.0110255776604
42.82399806359055,1017.94685441964,16.40067389107665,43.85984736023928,61.97926322972203
83.53439719029049,1027.1770036607352,22.135341313103623,46.60535743531267,56.11102968669123
69.41826661975966,987.9606504043402,8.484001426865824,31.10331078010038,59.17429290690882
25.12412454852477,984.030848504069,12.983408507514309,87.77145176255144,62.16373606013456
87.10450680185085,980.6341369930348,23.78228053082895,56.78691311997973,51.3282095297524
34.967058492256584,1032.561425951072,27.67669171381706,48.39499635258528,60.79103861499914
98.33209293672968,996.5111504444452,26.739689191496343,46.50766031571039,49.134878082926214
50.13305112020526,1005.2727718287472,14.328928562821252,93.58264668979426,54.00123043412053
69.3159717720259,1001.6987992980976,15.625973910063056,72.36619282196818,54.20956779505708
26.225889511682432,1020.1751314466072,15.87316326456478,14.481455471658567,65.96681679378814
47.57306197506853,997.0480685074009,26.061467091224543,43.69701699432651,58.77062879863837
84.1883165888625,1009.4499085437728,25.198185208140025,28.83722104145233,54.115820541140614
58.17667935626068,1034.7570245725508,9.345975856360353,98.68686577301627,59.38203829173636
92.36827868352182,1004.423495323933,4.885490682661057,41.53957063131808,57.28359513155744
66.01107528406457,1010.3199347384866,11.369236844763048,6.787010302978236,61.21803637985032
94.28577563165982,1007.6390434270961,8.652191497482034,41.12120014628044,54.24317510859183
98.60879256100449,1024.1752386974817,28.523421744447283,32.13502806059353,50.38795854048443
56.31156476146208,994.6761809718466,7.977470383159547,59.95826470782478,59.838667837025866
65.21252580622465,989.3740908878539,5.436200451808066,22.607817522902984,60.95438147481942
86.79365146010159,1021.4751237045674,26.984371876776464,3.597364969938166,53.868484346268446
37.72264044286504,1002.859000250276,2.5943581306821306,9.588037515889136,69.85241995047956
88.93036590248877,1030.254930493718,7.807981542793806,28.314758953436538,58.92762667644202
67.35361123018157,1015.4287607186369,13.173335820017652,34.83226315331076,59.92868882787716
78.04001083076203,1011.0388711441458,17.853221344790462,83.44505400447329,51.115920788371156
26.388321813075617,983.8751380154232,9.83018689119919,27.00696840143848,63.90377712362031
81.29501467627229,1020.1726547825789,14.887019907630151,3.149305347604614,59.34692980346687
44.862952365892674,1017.7322201032127,5.964935592918195,78.07334832028542,57.59195643036656
84.41858214798737,1015.2039558467935,17.228223606764562,86.89175700889626,53.090638407206605
60.73220306421655,994.735023796388,12.234504248389785,49.23062374005278,57.41525245794064
41.96914678525065,1032.0706626920944,25.47779061805351,28.492723075647074,60.85672045013876
96.22077576173233,997.6910319868051,12.472024001659571,77.2139880118416,51.94785461070482
81.20499181691994,988.3727026214664,13.314462536461507,0.889840668199049,58.550013305058435
98.85488590989175,1034.2960635214258,17.765249680272376,92.40282291078947,47.60699738105272
49.157591872976305,1021.0435453518072,3.6951001223082436,86.55316448773112,63.33033549118971
71.9375706833311,1002.8132785279399,4.703855301188432,54.483320995483574,56.02861841831729
68.92709422909815,1031.4754036988788,23.70713241681721,27.75811879097886,53.7467382128156
75.00453928550424,985.0114555901408,8.202563374186411,3.284488274899766,62.41065803025992
23.065325283306464,984.8213669034607,20.54090786785368,99.98237501968622,55.172262772118614
43.33754591018993,1017.5348060245722,2.922809099316064,76.2073723038684,64.6284774694774
92.74700590326458,989.7884626608364,24.655399809540395,33.870987580815836,52.48435742997439
53.90560438977815,1030.4426733356306,29.646843327568714,1.927197163878458,61.07538637647104
96.85149432652378,1026.2197545864378,11.210728356233531,63.92917284607711,52.57979917599864
37.08025381159806,996.8501973255652,15.1659030574469,98.69040057516955,56.13954119827697
99.79391787848715,1028.8861770248154,13.281359395194068,70.70727086326673,51.532180370988044
75.80647271676258,982.358822785403,26.825632459170706,8.371440856980527,53.96826643384184
82.11147392531902,1010.1750819005622,0.2980211309063885,40.22783721735562,61.97135233597794
51.74889377620286,1031.4559525539858,19.60377963491508,10.918346272755809,61.38454365445219
92.56064970084967,1027.0460638414634,19.571048184105983,91.21605496009477,50.91912372472513
63.63703207668976,999.5840328090547,11.471550248938593,33.04144709525808,61.735977081639916
74.47507041797081,990.0578739379049,6.580009263510437,73.33765293406711,54.33290767218142
27.584661706902878,991.579732362206,7.19048044245107,8.469035800910662,68.72821161691688
70.53445607143146,1008.2979332943123,24.013923636416735,12.84146957954395,56.111966778397154
90.32631906097252,1012.8225119110061,1.983092891248771,67.94876620506847,55.71993179517709
34.26265825727904,981.8047874143,16.91472438823077,84.34799483621693,57.33072918841396
79.01807477078768,1002.7453357579188,9.205218089347966,20.144995633127895,58.09240513365917
22.032060719572364,1025.6712913604147,7.957434374049612,41.83372459970634,67.67000145444017
94.09624132500151,1004.4380922629689,15.172129965931077,61.94170347031267,50.129308419137864
98.6333692824949,989.3046465022176,26.93584518839301,79.62763392602726,48.34561509863052
48.33440534384756,1032.5173161160503,18.542757571119925,62.81966103792811,57.44250170413958
28.565907977226786,994.6451546959556,23.658318832659706,9.542592064257672,61.542173517900814
72.6861094530516,1023.9135546098734,18.02051337788643,54.2819328334084,55.75180903118604
22.386761131798323,990.6586791486415,20.93147339618222,88.460668147657,58.28810695808722
58.59890250377494,1003.2745001071875,12.972229463798868,86.80237210239841,56.793900465840565
41.74233401103092,1006.9732396876146,27.779449056245518,58.50156077509613,57.54529072596334
57.867124316230154,1007.5349412771534,15.058170613174829,99.56962067708389,51.96196782565959
21.462041179068557,1008.4060627455387,16.553240076802894,10.51237223843554,68.91345681893083
24.12897464565652,992.3721147379368,15.748965097645488,47.85953573916528,62.81032323735154
21.27806630747059,1008.375353707846,9.485670604947554,77.51236393527404,64.00552417361463
69.53054960376912,1006.4942014632765,6.93715306797557,14.103811811415923,65.93147180146242
64.80743341401669,991.4795723419445,2.21504892346665,97.27497614828546,58.91790366258846
38.652639882928355,1034.350535772704,21.54524946007646,35.404654518364495,62.73639339576043
71.7314503123217,1027.6059866032604,8.678257895111123,35.013975397859085,57.90231371099802
90.736580551598,1028.8166993062366,11.675938895868216,21.319430114120618,55.476238810225674
42.18576808208909,1017.7064077710593,27.59784488178638,28.801746406659433,62.26846997306373
86.559504630319,988.7943366880467,16.99342048235621,57.75889000730974,51.97551310662384
73.00073088017453,1011.2450635144862,2.9123419171181473,42.93542890509545,60.03362637271437
22.705635453838653,1025.1791797395063,23.988357384715492,19.33781783267302,62.99536385606819
50.01199166635476,982.1305068778764,7.6839179732836635,80.91399403164694,59.191854719473206
60.62057726872137,1007.2713706808191,16.581175279385477,6.223930712405967,63.609103036853014
78.53593519637771,1001.7867583997205,15.299444245919718,83.46527445002718,55.53138726552845
42.97044466027336,991.6668601312617,7.142365270556422,27.493872464791245,63.42933691677205
98.61840838863459,1000.8037502070924,3.473131043837432,49.59033330959718,56.56466056284383
74.76317924040686,1034.09236309782,6.337848194849042,38.10645385883918,60.34508300661679
49.82509417314884,1019.7783829498977,2.9201339869189678,57.06021133897141,64.60702221029908
27.762003126168963,996.4745394008218,8.268840568563036,79.59899951401755,62.25241004277659
34.50942082166479,1013.2945278314456,29.918925322123936,98.93197934746951,53.47765133855043
59.00862080441253,993.5660932157124,12.062767957241476,30.605914565390158,62.8034691208147
59.57562839666934,1013.596414996335,25.91665174005031,55.38044123635337,55.87528458413296
81.41750118570828,1029.2891679216712,16.475330763871842,46.60075487749974,55.479420902904224
78.09413004578019,1010.6282239968403,19.997492380011987,99.89281593131207,51.04021532450409
36.101843081425386,1020.3336986498975,4.690439092516686,80.8913630499449,61.42820011787163
67.5965296446612,1004.9336449293963,8.244176022659262,39.70838585801928,60.567605303965834
21.649744059431065,1008.8268154715198,15.313302690867767,47.68790556076464,64.10891335533418
51.88379195074667,1018.2291293315184,26.434303026805217,24.595659442659333,57.93973703665701
81.12841924572847,1024.6822752778269,1.286641076548205,75.52473197488266,61.732808096447776
51.96068746297332,1016.2698262588997,15.207598786971626,84.52117863784422,55.479969753204216
86.84769918411394,1033.7620596639551,1.5303663752528973,96.49868236229203,55.85675193469247
98.09242321002253,1025.0902423289056,13.704680293478477,56.582889681779704,53.439178733709184
68.57700821594926,1022.7438112534331,18.866044779979106,67.06830022374395,53.69515090742903
31.60032610734053,1026.4805868439564,22.34169574284922,44.60588316694594,61.55808472641821
50.37417663243286,995.4666014483392,4.155960157818801,60.91285103376437,58.93392663564923
20.75866840547001,1003.762593467161,4.997258503840443,34.87490302401308,71.7170772058762
68.21807390726022,1011.0454605117025,14.101947650753718,73.76891165206392,55.29978376481932
85.72548007790385,1005.4312475143477,29.94109373937222,2.2700365754377394,54.36248761362327
70.39520631384343,1026.6101800023243,10.681405069702903,2.845684969198359,66.10848558420604
82.88689833467599,981.4887684723577,12.825822820887309,71.6120890186598,51.40793482404336
83.99231418207094,991.5046479478051,12.973402284436546,93.0682803125166,53.702462035100375
88.0810060973971,1028.493859755102,2.4210246407128633,63.22489344364464,58.330903501985965
41.33310263980434,983.2505075722332,23.22516435869986,72.65282990036968,52.94936402367334
89.70148182563375,992.4843566984839,7.5930457327832235,82.39342912181677,52.086452928482764
72.32751987707928,999.3187681707068,21.110011706487597,36.16742644635794,56.73861648721107
43.17804452755895,1021.290730844643,14.252696365067722,10.811365755940837,65.01086849362613
98.98357719970089,1010.8099382891767,18.353392266581523,93.30922872500963,48.60064270176231
96.01459149853352,1032.5032586529182,1.6191490948498877,93.85705650024401,52.891693291813894
65.95527865651195,992.5331258290136,26.698970532496986,44.1840555572079,53.31539566911527
87.45667027196508,1027.9666222743801,7.3157030825914005,21.716965699461376,58.878749220658264
40.91955909758973,995.5602419362087,20.10286162502511,89.2354382769989,60.05028224197462
53.2829597288712,993.5024042519608,23.940573361984853,70.84266970852532,53.4612792661435
34.7177408595067,1007.4106358954643,16.201161518495912,0.8228350546961805,65.1046768988903
61.60821141033984,983.9162477891072,10.120020662358725,10.771970145908249,61.77557906752614
59.68011440573322,1001.1368857146306,29.337101234432303,98.31996427717445,48.25990922901108
37.02505807692531,999.562178246036,8.353191398120869,3.8128178808144675,67.81291193995756
73.82413549728781,988.8055855635976,28.459870113698113,28.255501036362208,51.78478716162958
29.423223642033,1027.3437164901202,4.686724010541953,54.84963447061364,64.16357737203822
24.935316085576893,1001.2239304040161,11.676663945670306,18.43556162055455,64.87119135433957
50.79239749299089,1034.0056098732525,4.154867524419067,23.2054086362959,62.89316932817293
52.7859822227764,1029.4839371970777,0.06721419221088043,35.296748656200215,67.70390702856288
45.579248522118895,990.7145884763459,7.8077562118942465,26.95542683229536,64.62218283602216
40.63573100626003,1007.7817194785866,2.6163120275686413,80.33562279200072,63.79527831539215
47.10210760076243,1013.0992276101604,29.590365692710414,50.027447339260476,58.55513921585617
33.07004591616824,1025.042827661899,22.849599538554077,27.862014757761045,62.797246804282324
52.276197530630185,1028.7103512308267,0.11114388966026456,31.30960334946984,65.721292630113
92.36826988139549,1014.320991163552,6.709397544707763,3.986495958803138,61.54601273462191
37.95415049670706,981.9323811728218,20.10372723851151,4.9392076180875595,66.11227665032874
74.75608834802803,1006.4702047234971,11.956563394942634,71.79075663588841,53.04843040364973
31.34276083182715,1028.6641944902483,24.955276891326818,11.291083707111405,68.8389821277392
48.31252992081846,1019.2749281399343,15.145823351271948,47.57967746817818,58.56311544492852
45.6939824436205,1027.8578067775202,19.609542591972875,84.23656428557968,56.78738502574109
94.96235155266622,1017.0743884347489,17.91112192783442,36.845350572720115,54.14653720190827
54.238564464144716,982.4219255398235,19.145067018709028,34.575222701070594,58.90743626706325
75.23727550251071,1033.2403660913635,6.902965614815403,87.30482757869719,59.86879346441009
68.19702471770634,1030.4910197313322,11.19868317618575,86.48503966496726,58.0930458340398
31.28240602278091,986.9618746951943,1.5188775859347414,88.01368014602838,63.10840307976835
95.16323608244947,986.1980141764062,17.629095440646264,57.19139601317589,53.05473756912828
47.669543348461055,1009.6493175262361,13.777753862273268,95.23042735732604,57.795022630527924
23.58066846269198,1021.6377959006286,22.821484470572166,81.89639478173773,58.855581678328875
44.03549654753501,1001.019526656604,6.191473938649263,41.56344269523687,64.43666192537033
46.85069807058609,987.5010189948783,13.104363482034053,62.95551419400384,59.28149990941253
27.419626190298175,1008.0805854329745,5.422362991721586,12.178908275830969,67.36323564272824
69.59819251039542,998.5661374920435,18.41937675745326,55.13321859508514,57.76043737788522
47.74113644332363,999.3474575553229,25.44090769534356,26.31490835542687,59.2492882658279
70.33076850647767,1015.474204526221,22.96329745346955,28.35472265113689,55.04324952215961
20.539245087125373,1028.7084454576227,28.325939178926618,12.571823292792484,63.24744116382125
98.5638719192602,1010.7225451970604,29.15177345590773,35.819922357392656,51.453776731094045
33.64130868357453,1017.8181380956299,23.16101602745972,48.139033029915765,62.91413069404465
72.74647893639491,1016.2970845336683,8.60418256140776,60.03544411868631,58.653004482522384
77.26274426236124,1010.3130405906312,6.577841316459548,30.486933626930956,60.61491151803482
33.72866797979809,997.0916980070722,13.42647103646831,79.22482343100914,58.67118190701042
28.936982568193486,1000.7786801700631,29.81651083731362,52.095996160371804,59.235984609406316
32.20617534758469,997.3637089169729,12.380040624514661,63.80521089557307,61.26999646943101
39.745460467595564,1030.462395306513,5.972052317168063,27.814360897853284,66.18757566771596
33.45856943943271,1025.4640268780743,28.33028633349723,81.41358790122646,57.20289098163569
73.91995415648653,1011.8641055068172,11.577539327880682,62.427445056593726,55.310106322503415
53.66665629808538,1030.173390903581,20.72696661682893,86.2348749449157,57.429405354342215
63.023327561229046,1028.7524781231389,23.644589358437603,15.995157893829449,57.68943133347003
23.78694310473266,1031.0231919863509,25.29467706178602,38.06632669309986,60.966380499528206
88.89991704805786,992.1975621710543,24.63841161368371,11.301618405725966,52.875817674710795
33.64572425649538,1019.4626670770142,25.087405889999403,21.55273109043925,64.3256892757148
48.81218651640705,1013.5073474957926,20.029602827336426,39.454750448487,60.665170592454096
25.75213118622136,1020.3606850809034,12.114932078173798,89.45819076593742,58.5563840172905
30.943450771866374,994.4858650155059,20.018605621915114,55.704066907190395,61.75203286392841
73.26395279805291,1018.2144989291064,25.102030021797397,33.03783307142582,55.733138343153065
75.40696018045512,1002.5405683389913,10.519273938732631,74.68991628795924,54.4342781125411
74.15723877002817,1025.8750487968466,8.895239708761203,1.9682706194301458,62.094580518257224
64.17094302768177,1023.7451148838975,10.311216513154905,37.00922112426679,58.385089229247825
96.20173312095253,991.6246685972404,16.53850188088105,60.08316965933784,51.60528117266659
60.57417286148612,990.1120402021817,1.5733162444183357,58.323730386220205,58.17753547618649
55.952962343715726,1019.4752446706676,23.3691245705052,60.75578824424942,56.05331037801562
39.80364525737148,1010.2761192100488,4.165558753506058,21.1500764814466,66.07942349036388
27.90796234132901,1010.6463250875127,3.985159703522964,33.70791529934788,68.9325724673899
63.852394397294304,1021.3883427902645,5.92977418068315,93.15654521146267,57.414247038464936
45.191214935426245,1027.0233936161985,17.30782304917495,97.39755312866974,58.45427736526356
61.922030655241215,993.1430145334795,8.567051274118679,31.20383513318947,58.64700967912468
36.489526260838375,1010.5546750734802,11.042709869596568,64.45037034087542,61.83801070168153
87.05381377663291,1025.5925090220642,27.949473329343835,24.129677913690585,55.002455329819774
99.97577677272552,1028.0036794157252,25.416065399309556,36.85286669737145,54.05767342674295
45.792280809651956,995.8075163586184,25.565715993143474,79.23346968159638,53.182818080881944
87.38620858082638,985.7284621128632,17.329254999779636,50.117873000641566,51.46575120319968
89.8388909113926,992.8052789632779,25.99398441871442,84.95899598415397,48.850678301877075
99.68590310056638,1032.002473270799,23.356974760216605,62.87402456590569,53.35891574445993
47.41761038223835,1005.4363841839368,28.597104087331868,62.89211851461486,56.438751976227046
80.48331149712845,1003.0215584805813,1.9310521506574663,3.388002814782509,60.29663305975583
38.304720291358834,980.7196391803816,0.861814009617986,74.96703592419095,60.3074616403258
69.98368010337146,982.8058075606743,5.250898221716733,97.7866527950497,54.921744904579775
76.38740555782701,1016.7782761211098,27.872544615239267,47.30285602533847,54.10429350660179
79.28965540280771,1012.4404887798748,18.166953178627377,15.858001495917218,57.39550035132116
36.573773486756934,1011.6540564172473,12.783375530858427,97.69776713805392,57.0261037327903
87.89804563969558,986.0677581813459,15.381331844284553,29.012587481786632,57.07421094318328
53.67774883140335,999.3633643260945,24.8881376468301,40.919795573717046,56.799558526363434
37.3095614187644,1024.679697625208,27.873299874117723,7.736641410153167,63.75203471283465
63.40248706975213,989.6201173154151,21.890965029327297,11.083686569241857,55.52329316122317
89.06857036855537,1028.547798804034,22.79543498811889,21.656567055940634,57.51232021604402
97.3670327822491,986.6813065191897,9.61134132491514,54.8466065090201,51.83897521266631
79.85662573822995,989.3032131568193,14.011055858236176,55.77892018644081,57.048988961868886
20.449830901708992,1006.2762478634551,26.55630580413498,60.62438228428819,61.79747578848487
30.77606083727649,1031.9914947446696,23.578023302177325,58.38169570075963,58.526477250042
26.10191891510926,998.1251222979982,20.52812755384043,49.523698308341444,62.35773744367753
28.097099439510778,1016.2019896456927,1.9574050766436124,80.2098654602109,67.50913310593077
50.64279648158201,1012.3769190793992,1.1852165836186457,93.38996973738725,59.054904336567
47.07946518629022,988.2292450075306,3.912328293419851,26.976133327922934,67.31606325944941
29.094798501464805,993.649179576679,17.441732975935,13.01936823064349,65.67408508406045
90.57882812913992,1031.1584024954102,16.091605420234497,42.5087293905958,57.648556131246735
69.23420610658881,990.1656293009205,28.280724796411615,2.6422375093975936,57.22700843175035
83.71706471651592,1018.2255439365313,20.84278920130189,88.33188737116765,50.67105709743135
49.72395110843447,1033.0581965430167,8.81917852036278,23.970626024632413,68.04818358331998
52.81888130300543,986.5728295711253,4.844888814470919,54.9296629748295,62.233009182395335
45.40969684293824,1001.9550094603023,25.48599717985146,11.509498989647572,60.55090697856404
55.07412896787929,992.3162679443506,13.788723110670725,55.325733924328425,59.32128833391208
68.8301809884043,992.1858834572498,19.60408492226546,3.89934529018644,58.13321752550312
59.43872062721931,986.5442214199825,16.954308197724085,76.88066955890585,55.35112118145493
87.03336049507601,1015.7253151195306,3.2236903840990507,95.54214626439148,56.27683350792226
92.01113348878594,1021.0488930450891,1.7117515104548109,30.69760649435954,58.865202749501904
57.574708269407935,1017.2236650512681,11.310545691492406,25.82146104542926,60.58524905077517
39.17983842789195,1030.8561051690533,10.84650892637153,44.79949715868402,62.3212926352919
95.6153935567447,988.012334479493,20.21394338906719,61.99736602503758,50.29742177882045
78.80309144407381,997.5914955361753,18.966012273034853,18.8962461991808,55.37639773984765
71.2101668843104,998.9515045336351,29.068227853919833,80.33079972628775,48.00408030945052
79.63309868991807,992.7645157115797,25.74298508314715,19.853481335041078,52.58413223755551
26.07854259175383,987.8212719286331,14.897475773258634,0.5474219983708006,68.94808625220001
25.4101062110138,1006.7686911759445,15.000760576880866,52.42505835855745,63.25876657785954
32.24965220647899,1025.8941795426085,20.22387687338083,11.514971116591177,65.3251273310355
31.796077395242595,1032.4996849081824,3.4227174831982667,69.82387253870641,63.34909004652975
53.65363798795236,987.1137347720173,29.996716938941773,16.74699958685052,56.55087520696882
32.59232658282913,1025.2736475440004,15.564243037308719,81.73803955200354,59.58723463254953
88.36205154132772,1025.35196176309,27.2971462172691,47.0368132875998,51.67435467528335
66.24775447424207,1001.3937966853912,29.020690039566237,56.62779046166625,50.348075048329285
49.46095170802011,986.051629328,17.449282197067962,18.658516530271175,63.12933548482851
25.569803058021368,1034.4504403716294,3.1004594257432605,14.668807753046288,70.56436241973462
67.28222367673001,1016.0576166790851,17.200374252599136,63.129246652021195,56.56329277327409
29.322625647370106,1034.020763227287,17.9292731149796,25.54606153416852,67.08224257182385
79.4576200322085,1006.6010533626562,23.67579410319993,38.59255683177578,55.84698264234384
84.22064773950572,1001.7356149965201,1.4468780098471845,47.944915393698594,57.203869039018834
63.518100636787295,993.595201178375,13.989461015852818,22.96336055809397,60.9697002175761
31.968228731268596,1034.096460097461,27.683107750104394,79.54238105597035,59.3539785804359
82.94901789923725,993.9291498204251,29.738972360359604,93.94244089089055,47.93344062348135
44.62622314074672,981.3069515919927,5.741480362777129,43.189316206022774,64.5778464249683
37.81225142027679,1008.1857627473663,26.117969782051055,91.75483844887637,57.22487116535158
57.64453128147402,1000.7377771178003,4.387516848919323,88.26828173423586,59.53375494537777
93.81169931063343,994.3760376886096,25.235233037036913,16.60472287201258,55.523606543304375
43.78986336596189,1014.9034464064646,8.318331824029906,17.338194582291322,65.61260685206592
92.44628007780962,1000.0347738193802,28.788757981474273,47.74050614703837,50.22200297281608
24.29226469918623,1002.123798857428,20.86490252701911,52.58571792319536,63.49259551660592
26.681896401435743,981.2675082141724,11.973318041692785,34.112972565239154,64.20483166760114
75.88488201081975,1012.3989010704181,8.429199897244988,31.292097983861723,60.36944973803848
35.24741291585404,986.7139066415873,7.057125824233362,43.13672898015456,62.95803140118904
45.32965465573003,991.7592672392482,20.423769809987554,69.04792813992009,53.13805171800621
30.909838478446325,1019.4414801336951,26.873730077306448,8.439363301188108,64.82377501454708
46.579861530603864,997.2283499401151,22.64825908843031,71.05820035123403,53.767809360746085
42.43679951139707,988.9765608591109,25.043746140496268,92.62402616321349,53.26427485014931
78.90701111911869,1011.7583280884364,23.441513029036116,76.35067088410295,53.14187065609818
76.16187105512351,991.8197472215867,29.37442999494058,19.167685634615907,55.86865955733708
96.39417411426923,994.9038017677287,22.734147804789746,8.748118877714194,56.0691288899926
