humidity,pressure,wind_speed,cloud_cover,temperature
71,997,0,13,26.908251033527886
34,984,1,37,25.75102100196447
91,1033,23,78,29.43921635171339
80,1015,0,46,30.3606880160091
40,1009,18,32,30.84926079563244
94,1024,1,42,30.69326474325713
94,998,20,90,13.88079209534903
43,1002,19,28,28.435072223866268
22,1013,28,56,31.52961243315719
41,992,22,4,25.997842726728457
72,1022,20,92,26.85517241908553
21,1033,23,95,38.346963895397316
49,1008,3,59,30.415717304436896
57,1015,11,69,29.70732916326997
21,1001,21,1,32.880699835283224
83,1031,19,69,30.646797316663424
79,1031,17,42,33.53340780953807
40,1026,0,3,43.90101730775275
52,1015,29,55,27.772488580363852
95,988,29,92,7.868133120809747
77,1018,0,58,30.58634298607444
41,1030,23,88,33.984503033436795
68,998,13,8,26.6642949835607
78,1017,3,2,34.7881996702522
61,985,4,89,16.451459461366692
79,1031,10,47,35.222336465296785
99,1026,23,42,27.90369603704184
34,994,27,90,19.84804024426058
81,1036,22,99,29.576013526496798
81,999,12,95,17.039242943757383
66,988,15,0,22.411920086391618
81,1011,23,56,22.746883168901743
70,983,12,52,16.688610664835913
74,1029,23,15,35.390403294227504
83,997,21,50,18.128597751215956
22,984,25,74,19.94939040596107
70,999,1,89,21.57422552584863
26,1002,15,54,29.222824108357937
40,990,5,0,29.55013759007262
92,1016,13,89,23.669933477802754
58,1001,0,27,30.521578993496107
37,1037,16,52,42.05632753573855
23,983,10,57,23.62105519759481
79,1008,18,72,22.14530861423307
33,1023,2,59,39.8316893283493
28,1013,10,58,34.57664206671963
72,992,28,21,19.122541894331018
21,1021,4,7,43.32229077239857
79,988,16,48,16.194418612316163
90,1021,25,41,27.026818074321117
63,1010,21,26,28.631986372034685
27,986,6,38,26.55945160493456
66,983,9,82,15.000327323595444
54,998,27,24,23.45398899843236
97,1021,28,37,25.26052673324052
55,1009,10,84,26.653517182004254
69,1010,2,23,31.530870404266288
23,1014,19,23,36.026067286557456
21,1036,9,59,44.59706670715636
25,1000,26,82,24.445666195252933
73,1010,9,49,26.20888917062798
23,998,13,65,28.366252390686885
73,1010,11,13,29.892007978320304
82,1032,14,52,33.67265943522412
37,1011,9,31,34.312251844485864
63,981,29,95,9.843125187765123
53,1038,9,91,37.754037088033286
93,1031,25,47,29.352592877884437
81,989,18,38,17.1241650228709
33,981,0,39,24.50858086807202
67,981,23,41,13.831199867415853
34,1039,28,76,39.608685435044016
91,1003,25,75,16.17075117321343
97,996,9,7,21.423703222689333
81,1011,1,78,26.683393693300975
59,995,16,25,22.920109215394955
99,995,29,11,15.61686959001518
72,1025,23,42,31.46096684354426
43,1018,6,50,34.31073164207309
45,1032,6,90,36.62825324875743
79,1010,19,81,22.457578913147067
60,1022,26,99,26.475563315797952
48,1003,8,62,28.538044779648406
34,980,21,48,18.342615110973217
64,990,1,26,23.96075910056476
84,1034,13,8,38.030315363089294
90,1000,16,38,20.49576424208762
28,983,0,64,23.752550192255573
20,986,8,70,23.87576999452879
27,1005,19,89,27.145681162170646
82,1026,20,70,29.188442943087924
30,1029,18,6,43.40140434478665
27,991,3,71,25.753765791844934
54,1010,27,79,23.68411367696033
54,996,7,66,23.273605506145017
52,1012,12,9,33.24312855731709
24,990,3,70,26.273704741163616
60,1007,8,84,25.88689308936714
47,1011,8,52,31.554330000749793
26,980,21,94,17.23988339646476
92,1026,17,86,27.207707287577346
91,1007,11,56,22.623867634414214
31,1032,9,90,39.500968870238346
53,1021,10,85,31.199771011015276
52,986,6,26,23.139596753080415
67,981,8,53,17.14613518888327
42,1021,5,3,40.57036369135578
81,1003,18,87,19.233689903508225
56,983,15,22,20.596282051037416
63,1023,29,47,30.56581198052318
54,998,14,82,21.15365255517018
84,1005,6,41,24.764006757964836
66,990,15,2,23.262104419422066
97,1019,4,90,24.55712596274899
22,1029,15,2,45.04496137639171
20,1022,0,27,44.01606547456382
24,990,18,62,23.555913886038848
33,1024,4,80,37.02677275436568
46,982,6,30,21.399612770605916
28,991,18,9,27.68668290114284
98,982,21,48,10.44659075640507
34,1021,4,85,35.263548162336754
61,1006,28,93,20.21893605323385
96,1028,16,20,31.887895364102967
70,1033,25,99,29.44668822201598
82,981,21,52,12.158852799687946
71,1028,29,86,28.691136140582948
23,995,7,75,27.65216897182085
42,981,28,88,13.112031798774643
34,1039,28,53,41.65618283192297
62,1033,0,56,39.92070145511504
48,1009,1,19,34.45132146551785
55,999,29,48,21.322336808944044
32,1017,14,6,39.280519631922466
51,1007,19,28,29.19688460097863
90,1004,27,47,18.514617575656136
78,1011,17,92,21.865945510264062
47,989,10,12,25.38640159105932
85,1039,24,2,37.47797044065598
61,1021,9,1,37.87729312663074
64,1019,23,15,32.59086209415715
81,1012,23,93,21.029270738779633
76,992,3,5,24.81233519665976
25,1035,4,44,45.4719831276462
47,1020,3,70,34.4481563641015
47,1033,12,4,44.159328761468835
63,1021,24,55,29.804006061219503
49,1026,12,70,34.31476465314785
81,1016,17,97,23.198472163797877
94,1033,28,31,31.347395630834068
81,995,26,48,17.072020718685106
20,1024,23,12,40.57106519841918
46,1001,1,29,31.923360779628776
81,1036,15,24,36.57970270644562
96,999,0,84,18.53544821508171
22,1029,25,59,39.448276426383046
89,1022,18,58,27.505828541967723
91,1006,8,84,20.848109784525676
46,1020,27,27,33.013417925414934
28,995,2,57,29.01352322879843
81,1013,24,19,26.71169866865253
56,1011,6,33,31.594977915417815
70,1005,28,4,26.01253574473748
63,1004,9,81,23.460256630674664
43,981,0,59,20.879537683915732
98,991,9,42,16.756289661042423
78,1019,20,56,27.34837727717749
51,988,8,56,21.554644011828007
71,991,27,74,14.32775017061508
81,1005,14,53,23.51653042175202
77,988,14,80,13.987484676380692
71,989,2,44,20.797595609896998
31,1011,24,85,28.390585778789614
58,1036,4,36,41.52604108317949
21,1013,8,83,33.29388830880207
22,1027,25,47,38.80887194700157
75,999,21,53,20.34367668945944
78,1018,8,47,30.638938907897124
21,1039,22,5,47.69586993799365
21,981,6,33,25.073933670751337
73,980,23,62,11.627831598817128
20,1030,22,77,38.72306915435619
38,1039,11,47,44.07093032964514
21,1015,24,22,36.907084929395694
72,1003,26,83,18.052919367372517
63,1033,8,12,40.841511991178216
51,1006,5,46,30.61767459719936
89,981,22,43,10.473490084742366
51,1010,1,31,33.400307136459254
87,1036,8,25,37.38422985263682
74,993,27,52,15.757897549326515
94,981,28,13,11.56642559767954
75,1008,16,51,25.043146929944225
36,994,0,35,29.478163957760554
57,991,18,7,24.08980189265104
43,1016,27,39,32.025977983821484
88,1007,5,85,21.60718411952724
89,999,4,21,25.093423011494366
30,1018,1,15,41.12729228796808
35,1003,8,90,27.043734487078158
92,1000,29,59,15.326189731565615
78,989,28,59,13.852694740462335
89,1025,25,9,30.784748290511512
99,993,13,24,17.7905538890425
22,1016,3,30,39.99739349688702
39,997,3,20,30.636047726386558
78,1003,20,90,18.379143014699288
55,993,14,80,19.524888223481682
38,1013,7,32,35.33835220904145
86,1037,25,30,35.0364257453105
38,991,3,89,22.83323876805929
39,1001,15,20,30.14177620185356
90,1035,20,35,33.25525412975578
71,985,27,64,12.607654986423563
52,1015,3,3,36.74371971875466
59,1024,29,67,30.517216716680913
58,1015,15,89,27.867729838834023
20,1001,21,3,33.257729496639335
30,993,11,8,30.935551360144917
76,995,15,29,21.665143025691563
69,1015,18,44,28.444012128175583
42,1035,7,3,46.246259833545835
50,1004,5,68,28.34039317773957
61,1011,9,22,31.249841912496017
26,1012,4,15,38.31359110636672
35,1024,28,21,37.27303958331497
79,1015,17,71,24.77657513322563
21,999,9,47,29.760049316270766
20,997,9,61,28.498533326544713
67,1017,6,96,27.71428782532323
31,982,17,59,20.054094377373954
88,1002,0,79,21.31898454969165
56,1011,6,4,35.48259817011772
51,1024,20,79,31.526187371649456
28,1038,0,6,50.65906274476806
38,995,14,50,24.687053986312748
67,1038,3,64,39.41443223084237
99,984,27,8,12.877099471585883
22,983,28,81,17.132370259509404
39,1000,19,44,26.36300402018152
43,1019,9,46,35.914584316918436
73,1030,22,66,31.09683686784404
52,993,8,23,25.908729114245013
43,1018,1,91,33.540388759479484
94,1010,27,9,24.798436085897908
91,993,13,72,15.079107399460803
55,985,15,76,17.554599039438724
57,991,0,47,23.110613169352202
44,995,1,34,28.554181429340993
37,996,6,53,27.242955396452384
85,1024,28,86,24.103770507965802
73,1002,9,80,21.97903378777843
54,993,21,70,19.192689667307388
99,986,19,15,13.537523332553388
80,1025,0,52,33.04581537587471
60,1011,12,39,30.241013479178225
52,994,0,99,21.061386046537972
87,1023,4,19,34.20441059059039
52,996,15,87,20.70238674395558
33,1020,14,68,34.7248577340871
40,1033,16,44,40.43926291340086
67,1026,27,5,34.807379010090045
39,1023,22,91,31.08125701319678
27,1013,15,68,32.73114554699887
26,984,12,48,22.890248602959367
86,1024,10,38,31.741822388001438
36,1006,16,1,34.04323839309917
52,1031,16,38,38.44297293140616
67,1002,1,20,29.2543010819653
95,1019,12,39,27.479992582453356
78,1038,13,81,34.388909972839706
41,993,10,53,24.691012093437553
49,994,27,11,23.818280306431504
57,1022,9,80,31.64967941777406
70,1012,2,36,30.804088725287528
73,1032,28,37,32.73364770249675
27,1010,26,14,32.78292266908771
46,1014,16,6,34.66964166972962
46,996,14,77,22.85297982439058
40,1007,8,49,31.397032995527834
49,998,9,64,24.30169839787637
47,1025,7,66,36.06699432330981
83,1033,20,43,33.656232170682166
88,1002,12,30,22.575754315106455
80,1011,26,42,23.131116903435547
67,1019,17,76,29.19881427320718
38,992,4,47,26.45652058467352
23,1038,5,81,43.68821055000049
54,999,29,80,19.385631762910098
83,1014,16,80,23.507198333843633
68,984,10,60,15.829260947542814
36,988,19,74,20.126684430401586
63,1008,15,83,24.60186775569782
49,985,8,9,24.213544896254877
65,1004,1,28,28.37990072639165
25,1010,4,47,35.86096080529466
56,1001,0,97,24.54145002262408
43,981,3,80,18.65679396158604
65,1024,3,61,34.08046919933039
72,984,21,12,18.76892815012883
79,1039,25,43,34.980892850578954
82,1006,24,46,21.059059516832875
51,1004,2,63,28.52255704201301
52,987,8,90,18.4874211628852
86,1034,21,52,32.60621686435516
37,980,22,89,13.695966122847153
44,999,11,91,23.189634247055512
73,1023,9,76,30.94644402256437
77,1002,1,75,23.21334473267086
86,1011,10,43,25.442104294246786
65,990,9,27,22.9112046539481
43,1018,29,1,35.35244885955309
51,1026,21,56,33.92169919598856
66,1033,5,56,38.25973359340558
42,1003,17,33,29.859877915979016
85,990,1,86,15.642809902377294
46,1008,29,57,26.217723091101465
21,1033,1,51,46.762972388044005
36,1005,9,28,32.886514776647765
52,995,15,34,24.10280857031785
28,1014,11,74,33.39945662022069
62,999,0,47,27.224941629976183
67,1025,20,32,32.88211676653792
58,982,7,74,16.764951646354735
61,980,15,72,13.968258589109137
45,1037,17,77,38.17429418162293
69,1032,12,8,39.5307774342382
44,1026,14,47,37.18964137297201
43,980,20,66,16.59167508978487
32,996,11,92,24.61048474712822
79,981,7,82,11.953584789773023
26,1008,9,35,34.73376553199026
76,999,13,95,17.97343693062277
55,985,4,70,19.45170733669479
64,987,17,91,14.512264577616476
39,1008,18,43,29.819668543884983
84,1027,14,81,29.647374767685296
27,1030,5,59,43.170380573101326
35,1012,26,62,29.66344485172584
33,982,10,4,25.829050889880577
95,1039,20,86,30.535524581980585
34,1014,10,85,32.1846016108895
85,984,19,89,8.708427347384633
51,1006,19,75,24.948068860604067
82,1023,20,39,29.493686498652252
70,991,17,18,21.13290904901064
44,999,24,46,25.066313782586555
77,1024,17,64,29.539517088108045
82,999,9,66,20.039753830664665
81,988,1,90,14.948364485129778
41,1018,25,17,34.63536174389081
77,983,29,49,12.266138848455343
77,1030,8,29,36.109455936494015
68,1033,13,65,34.19833007149528
71,998,18,4,25.76712007560568
61,1017,9,92,28.657587742050353
89,1006,22,96,16.85921320570452
34,1024,3,41,41.31549740260218
73,1022,28,83,25.6807396707419
79,992,28,93,12.576015905815613
27,992,5,4,32.053180607938614
72,1039,13,49,37.64273956305743
79,1036,3,84,35.459997308206525
24,1001,25,57,28.10264282848467
87,1007,14,78,20.2106746548261
25,1031,15,83,38.51681270397383
66,1026,6,7,38.331399465248985
74,1032,16,30,36.545209292745106
59,1024,18,11,36.412192856431794
71,1001,28,20,21.582113834580184
35,1022,18,93,32.68047306175846
32,998,16,61,26.194042533564428
49,987,5,90,19.193862065674917
38,1031,28,89,33.56148995177944
36,987,10,32,25.01412911075707
82,1021,15,25,31.62522914015348
38,1005,29,89,23.059016816333756
77,1027,24,99,25.688771984531538
74,1030,7,39,36.228442839241644
81,1005,10,64,23.108143364301114
42,1002,6,58,28.44948482706875
28,1022,25,14,37.731225519419915
31,992,23,0,27.93162142445969
20,1007,21,10,35.50767407349915
77,988,24,54,14.540007775055463
20,999,18,1,32.117104570009204
53,1035,25,64,35.771084728990225
67,998,9,94,19.905769440412637
20,1027,8,43,42.355143346374135
35,1018,3,15,40.441686115635704
80,1030,22,21,33.4662694425501
83,991,14,17,19.80281383620101
82,994,12,46,19.105838957830823
88,1010,24,80,19.907927399075042
41,1034,1,29,44.92286541120272
86,993,1,9,23.281754149960374
95,990,15,98,10.508567379883036
45,1005,8,57,29.10738450729663
35,1021,27,61,32.73989624932052
70,1006,12,84,22.344734871885997
76,990,2,79,17.95974551220922
48,1017,8,5,37.78198567002804
97,1013,12,66,22.80079638897159
88,1022,20,40,28.865784615531876
66,998,21,42,21.87198715471808
81,985,1,84,14.288073056570683
88,1025,7,76,29.98869699745684
95,1031,26,17,31.973493965690018
35,1017,8,57,35.89091560563076
67,1028,15,59,33.63025147843139
58,1021,1,87,31.371136429736488
52,1007,5,26,32.46630929562841
42,980,21,67,16.170393841659997
29,1014,7,21,38.3466095909154
88,1019,25,23,27.830192023886827
53,987,27,39,19.29813855632228
71,1038,4,73,37.63688815776696
29,1031,8,65,40.98979850488027
38,1033,0,39,43.95448273914522
77,1026,8,5,36.315028724302444
20,1035,9,17,47.314234383207655
88,986,22,80,9.474117626864789
23,990,3,86,25.283327905296236
35,1018,2,29,40.223903282381045
43,983,29,20,20.375787160910104
99,1004,9,61,19.643815937979
21,991,14,9,29.59392281118038
51,1005,10,12,32.006671090225396
43,1017,13,75,31.966173482103883
31,1025,5,8,43.77725783579731
69,991,11,67,18.361632710578714
54,1022,12,38,35.84915072247161
52,1030,16,23,38.62347452064677
52,1032,15,33,39.600437532722985
80,1016,2,60,29.372466921261307
70,1025,1,40,36.12168597834167
62,1032,10,4,41.57386482871679
31,1003,28,78,24.7268686474664
86,995,8,49,19.312736205031275
84,1036,2,3,41.206255654491066
52,992,28,50,18.603948165181087
59,1004,17,51,25.576357365598287
93,1033,19,38,32.84411462674979
62,1033,14,7,40.21169273427693
63,1036,13,44,38.38274438919086
48,1031,1,87,37.73012417166445
32,1033,16,27,43.00848851131006
31,983,21,26,22.3779429790178
65,990,25,64,16.937745971945038
21,1011,7,33,37.95454550805558
54,1028,9,80,35.31577133253627
27,986,25,61,20.530630331174596
45,1025,17,61,34.5065379569502
93,1037,29,37,32.929818616710634
53,990,24,25,21.126178934658842
26,1007,28,23,31.60068706696762
87,1033,18,38,33.82367619427219
77,1020,7,20,33.48079792768634
94,1002,27,93,14.435548672724408
48,1024,7,46,37.54769597205126
55,1002,2,47,28.884319261069628
40,1029,2,12,44.46367277965317
55,1007,11,2,32.171050168890716
29,1022,21,31,37.80709280576109
92,1026,16,34,30.648879760838003
43,1036,3,18,45.26785709078527
83,1005,16,13,24.809590269508195
68,1004,13,47,25.41027376791184
55,1033,18,85,33.920314362517026
43,1008,8,80,28.547888354812407
42,998,29,67,21.21494821526667
81,1012,29,44,23.101140525980597
56,1015,20,18,32.08236534794813
31,993,11,63,25.106883120816768
74,993,4,65,19.38581778637496
32,1014,10,78,32.46723474882677
42,1009,19,65,27.820551919276053
49,1007,2,74,28.811721395136946
36,996,20,44,25.85026007665
81,982,14,86,11.447696498228682
32,995,13,73,24.104514582138556
78,1025,10,66,31.80433294853907
38,1009,19,68,28.404956711640512
68,1031,7,2,40.33949493968406
31,1008,3,37,34.54417260632961
80,1024,26,76,26.347956037493272
38,994,11,41,27.410775125024465
95,1025,7,82,27.020170290523556
28,1035,5,39,44.65155686828921
90,1004,14,49,21.514255262873544
47,1030,29,34,36.714669586462655
97,1017,11,23,28.23633610490761
71,1021,15,87,28.087899737708167
35,1038,15,16,45.10436950330498
88,1026,26,39,28.40756511385213
31,1032,20,73,38.371978966252954
44,1033,19,65,38.479034680364414
71,1031,19,43,34.790340330045034
72,1037,27,22,37.14360199487213
42,1017,3,5,38.96316175221637
35,1002,10,65,28.56120254141596
76,1004,12,20,25.608925375599103
58,1021,28,34,32.263878678980106
72,986,8,28,19.254036345318312
61,1001,3,6,29.771759690750816
77,996,11,92,16.553462178467697
58,997,8,52,24.382908159778196
33,1028,12,36,40.99189582393155
24,1020,15,22,40.39662054058836
54,989,25,96,15.208207459319215
94,989,5,7,19.544616643372475
37,1036,9,75,41.48669776820864
95,986,12,47,13.36824216383795
28,1027,6,9,44.32082348058467
93,1029,27,78,26.069229774369614
77,1017,25,23,27.844056810733697
36,1006,18,89,26.81232942520407
26,1031,23,46,41.35965641742401
65,1012,18,52,27.14273895459368
32,980,16,38,20.634156540654402
59,1023,12,66,32.60520519466298
61,1032,12,65,35.771313835744
28,1039,25,5,46.13086521909694
69,1013,27,20,27.188797759648587
46,983,20,72,16.699253199300685
85,996,1,73,20.565961619284913
24,983,9,35,23.99892872337972
48,1022,29,2,35.05567628502985
56,1033,21,87,33.41747132805637
57,1005,12,85,24.520946410237954
27,983,25,77,18.435191047882526
84,980,8,41,14.924967246250416
36,986,0,44,24.634149088702504
90,1009,13,43,23.722827086701848
64,1029,28,90,28.749841545940953
23,988,15,32,26.157400557825085
55,1014,19,59,28.839140042879414
89,987,14,85,11.165386443264708
50,1003,0,92,26.120222822457123
38,998,16,82,24.03025927279785
80,1015,23,82,22.525834582705222
73,1029,29,69,29.22988333230499
58,1031,29,82,32.18844490979032
93,1038,12,76,33.76501475675959
38,1022,29,25,34.21931945368732
58,1006,26,85,21.756948785999242
86,1011,14,20,28.558516385604324
64,993,15,99,16.919423433916286
32,1036,15,1,46.52924502947358
77,997,1,46,24.02634408922483
39,1007,16,29,31.53904640323083
91,1039,10,26,38.22456857275567
80,1008,7,70,24.094847752503977
58,995,19,19,24.08175518020746
20,1014,2,49,38.4933153450211
22,1026,28,94,34.41277938283699
96,1038,11,22,36.62413965895529
81,1038,19,12,38.060550456104565
82,1010,15,80,21.336258786232957
44,983,13,3,23.566424472075084
75,1016,15,13,31.586517682548877
52,996,26,19,24.11161222800007
57,1018,20,12,33.191624048797124
25,1027,16,2,42.7380687624379
77,1025,29,89,25.45878963245622
63,1005,10,89,23.891888926321986
64,1027,16,81,31.28055083409509
51,1018,18,95,27.6275387479271
64,1020,21,77,27.74524641384769
80,983,0,46,17.683079431957882
66,1009,29,2,28.361218643262852
40,1009,26,0,32.27165248593781
99,1001,11,89,16.75744620627587
94,990,14,23,17.73202107407454
55,981,17,34,17.441667421307258
38,1023,27,13,37.685354059134575
39,991,29,66,19.617556383538567
76,1009,22,12,26.236658473127893
37,1015,13,46,35.05041566996887
66,997,29,49,19.11721220603496
68,1005,0,77,24.66827842384454
33,1032,12,84,38.376866826047944
34,986,29,25,21.023772879142385
50,980,14,2,21.199130032942566
20,1037,6,50,46.37740729392087
73,1005,14,39,25.001305366857533
22,1002,19,67,28.19249864574143
35,1005,9,35,32.10125738701148
76,1024,13,50,31.893696693208778
94,985,5,0,18.526781820386358
31,985,13,32,24.780500265501974
93,1023,23,6,29.557408250714165
35,987,24,51,20.97755942791271
91,1003,21,10,23.37163566384297
95,1001,11,26,21.781321725680048
43,998,10,13,29.806732685494122
47,1016,28,85,26.466013804812267
27,997,29,79,22.374109137937484
55,1010,24,45,28.133839268607325
27,1016,19,75,32.92424114719182
77,1009,21,9,27.339272160046992
79,1036,23,23,35.14101272639172
69,1021,24,60,28.091763549466705
47,1012,18,17,33.659495905163425
60,989,1,85,19.805415981562078
83,1016,21,8,29.377797698422025
46,991,19,16,24.50527757697305
82,1033,0,57,36.03350525553323
36,1009,7,12,36.006270795228225
92,1006,24,49,19.114892927088743
52,1018,13,5,35.59727265048047
96,988,8,84,12.112362640311224
48,1033,1,50,41.89608211801663
32,1000,24,35,26.81516343748577
65,991,22,70,16.71352134600745
54,1034,4,99,36.28272037683426
25,1008,22,24,32.700087264606054
88,1012,28,10,25.8497942388326
66,1022,24,43,30.678647039910338
44,1032,7,13,43.30809731078223
85,994,15,28,19.703416736380476
29,981,21,73,17.275190847996853
75,1031,15,49,34.42116516389994
49,1018,12,4,37.68365909325797
24,1032,19,71,40.050864367510805
52,1023,28,68,31.43885715221899
84,1033,14,87,29.870804469368892
37,997,0,56,28.833484540039894
68,982,21,25,15.728249635087742
30,986,2,5,29.01338928432412
45,1022,5,15,39.85077198420612
82,997,21,59,18.719922741487263
78,1023,13,99,26.95011144480383
46,1017,3,11,38.38078488985768
68,1016,17,74,27.382579553345046
96,1037,14,2,37.413589130236225
52,1012,8,62,31.355573537627315
20,1023,17,63,38.09484224465826
40,1038,2,61,44.33425153991001
74,1010,9,5,29.76621803178062
25,1037,16,18,47.402606409418276
88,990,6,17,19.91177053984897
24,983,14,79,20.475134916245825
22,1038,0,86,44.693648047432326
72,997,26,42,18.927874344686067
42,983,24,72,15.73891581641283
72,1028,26,2,35.09162082934955
56,1013,10,71,28.135051603279706
93,1008,16,37,22.968598856344023
93,1003,4,67,21.61888432365112
36,1001,6,75,28.115971118871094
97,981,18,43,11.026217693828032
92,1023,24,94,22.632307728904227
20,985,23,88,18.566952403840546
70,1021,28,79,26.500897059510795
64,1004,14,62,24.015520092029913
96,1034,2,41,35.47846077951806
23,1036,14,63,43.01120271563882
81,1000,4,53,23.146196484940436
84,1034,22,77,31.361658023062983
51,1038,11,76,40.00118707571172
53,995,29,70,17.483880742401833
91,1010,19,75,20.39573051435548
58,993,4,36,24.146628240740732
45,1018,2,3,40.27921442879009
53,1007,8,1,33.17199174081204
73,1011,25,98,20.913075935767683
22,1007,8,43,34.2629377647211
69,1030,6,66,34.650314197034504
31,1034,25,67,38.155859634100025
84,1028,1,75,31.633493666371134
73,988,22,82,12.658182965249212
24,1037,22,73,40.22285347224574
76,1024,26,61,27.602148661093445
36,1001,20,0,30.453860917984407
66,1011,15,16,30.41704655251411
42,984,8,15,24.6774308223275
98,1002,12,8,23.256502103429096
33,984,27,52,19.677497681125786
85,1021,26,72,24.650831054311944
94,1032,18,58,30.069592701458546
70,1011,19,8,30.5657017879651
57,1038,16,11,43.0228229516519
83,989,5,40,19.026159896602277
57,1038,3,14,44.97143722699617
69,1018,0,65,31.794826760450153
49,1037,17,74,38.028949359822896
98,994,18,10,18.564112270751906
70,986,8,7,21.989689830307896
82,1008,12,54,23.816731893017227
71,1038,7,95,34.732942074081485
57,1026,22,5,36.012178616055195
98,982,12,52,11.983949409466858
49,998,14,19,26.73853791864127
70,989,10,38,20.29267199697894
24,1007,11,98,28.58282205247593
48,1008,13,71,27.150877026970033
23,994,3,33,30.550900619747114
29,1014,0,56,36.86706607600282
75,985,23,18,16.0657041458112
36,991,3,70,24.49153376485294
93,1026,18,30,30.437140463909724
36,1017,8,81,32.71486910457653
88,992,9,39,19.394117107237346
53,1008,3,13,32.7487311287031
25,998,19,99,23.620915408774586
72,982,29,80,10.436270316292752
85,987,8,36,16.907766718054695
96,987,12,43,14.505187074756142
62,1034,11,8,41.526429341333625
94,1037,10,57,33.73661477399874
42,999,11,19,29.541258612834064
74,1026,29,91,26.50072223042997
99,983,17,49,10.796429650841052
94,1030,29,19,30.96216480706519
35,1000,11,35,29.946365470190994
27,982,15,26,23.378549899423284
23,1024,4,71,40.23372718356128
23,987,19,31,24.699531443158435
75,1002,24,0,25.177946652702605
44,995,11,16,27.558492150856964
86,992,20,8,19.101963320579134
86,982,24,83,8.378677855111428
46,1027,10,44,38.54929154544318
51,988,8,95,17.14327591485826
69,1039,29,65,34.479007775744925
80,993,17,31,19.268760388428795
70,992,29,44,17.122870080638297
38,1032,24,8,41.91124416181105
40,1036,2,29,45.87690441899563
24,986,19,83,19.35631957387047
61,994,16,37,21.75949470060599
80,986,13,59,15.246407967163032
41,1017,0,0,40.749848098312704
40,1013,16,4,35.28522315724184
89,1020,24,62,25.258819600029938
20,1001,26,98,24.231787415435708
24,1003,7,35,33.84286317694093
31,1028,4,64,41.23501065572288
65,1016,4,77,29.829151025781588
53,1023,8,72,34.167776240916275
68,980,2,93,13.65576995928387
97,989,18,23,16.056104936405
64,1022,22,3,34.669062184840506
46,995,8,77,23.192644480577908
92,1025,21,88,24.350590833391177
45,987,29,67,16.64727931544795
66,1035,17,24,38.22526222758013
75,1028,15,73,31.49074486946968
82,1004,0,98,22.070214954794437
67,1029,1,6,41.32813459946494
80,991,13,12,22.083010123138834
45,1004,13,67,26.659796539251513
55,996,0,42,27.088286172441773
20,1039,25,56,42.52932251770858
27,1005,25,35,30.051374679823855
71,1025,24,13,32.77132539557257
98,1027,15,81,26.904097158652394
66,993,14,71,18.642254168542898
75,1020,25,95,23.12270898756904
33,1015,14,26,35.82749077853247
47,1036,11,36,43.166557163803745
97,1002,15,86,16.575214943625454
21,1022,13,70,37.83454633147788
45,985,28,75,15.71277263964988
33,1026,23,24,38.83922053920238
78,984,14,66,13.827789506904772
75,1022,22,89,26.152716362111885
26,1004,14,3,34.1116737771995
22,997,18,99,24.361531007869274
42,992,7,78,23.420913745993747
37,1022,1,95,35.35170530152783
57,993,1,92,20.82847978519171
34,1007,26,73,26.289045500177593
83,997,9,84,18.709608301781216
47,1038,2,15,46.323864580403225
93,1039,22,18,36.13665715710728
58,1036,16,28,40.16521315225867
76,1007,7,50,25.87818497214104
36,1030,27,17,39.45762514989714
63,1035,22,57,35.10485025195299
44,1006,3,43,32.12996038012327
36,1011,13,15,34.70353875998496
32,1026,20,64,36.711259619796046
44,988,9,1,26.765291961740747
87,1019,28,55,24.926319267239624
29,1011,0,78,33.505023044704714
86,999,3,27,24.480072083260048
37,1007,0,64,32.05940470895484
53,1012,16,4,34.625847360654774
27,983,25,21,21.662911832517583
59,1025,16,99,31.24446736903845
61,1036,6,12,43.026817000971924
60,1013,22,64,26.79140105085943
25,1027,19,15,41.747855284195424
71,982,14,85,11.765559353488307
45,1005,12,63,27.545801613989813
83,987,27,31,14.287156507563774
78,985,1,79,15.871400856365371
75,995,27,50,17.910569172505177
78,1003,18,78,19.755365363303554
89,1027,23,57,28.39407088164132
52,1018,12,45,33.59218385825841
72,1009,23,51,23.24253490344188
41,1024,10,62,35.658737748931955
40,992,26,75,18.85150550556785
89,984,21,59,11.143363071002325
89,1004,14,64,19.39414244013798
23,999,9,80,27.605106227635446
94,1033,8,54,32.49587537750949
81,997,26,56,17.213857713099344
81,1026,27,91,25.788827814454127
43,997,8,70,24.99967798013201
74,981,19,72,10.790019540916525
28,989,27,85,19.081428045281907
22,1034,0,25,48.46431305768805
50,1024,16,11,38.4253633336195
59,1029,11,70,35.82670231365648
55,1026,9,45,37.30924909021084
43,991,4,46,25.55238826453396
25,1026,29,78,34.46737932984631
85,992,28,37,15.118532951854359
94,1029,17,20,33.17783094794496
23,1026,14,13,43.19329528984955
98,1036,5,1,38.93527210434173
25,1034,6,71,42.67489013103532
70,990,16,69,16.159545467245096
81,998,5,32,23.289831140863637
76,1014,7,5,32.24853586709719
85,1018,11,89,25.225886216822072
98,1032,20,36,30.851283055508013
94,1005,13,13,24.27248493169098
27,1025,11,36,41.45885317717751
45,993,22,7,24.653519195231436
70,1033,9,76,33.761548704021834
64,1024,21,12,35.462956924309225
63,1023,19,39,32.098186770983865
24,1003,14,91,27.329964016553774
89,1020,6,57,29.19423984065324
45,980,25,17,18.860386915664613
87,1030,8,56,32.83335606049821
38,1022,9,82,34.77619832390914
39,1034,9,37,44.24935704964723
31,1001,15,31,31.16031247795861
66,1002,28,85,18.153137345565806
20,1035,6,65,45.12544412047343
33,1033,27,76,37.0227538787959
83,998,29,86,14.06024259862415
57,997,4,24,27.0760655957613
56,991,22,91,16.545684015722735
30,1034,2,57,43.98697726746779
96,1007,17,74,18.890219962535426
22,1007,10,32,34.55646432434056
52,1039,14,87,38.53991176053122
25,1038,20,65,41.866130990685306
69,1012,19,29,27.94917738053212
29,998,4,80,28.038968883790155
24,1007,23,33,31.887834766098447
42,1038,11,85,39.84129073810703
29,1031,3,68,42.526446742045835
63,1028,14,47,35.84685030589597
21,1016,8,39,37.46607713903324
32,1005,6,50,31.935612872607877
59,1014,9,79,27.924867735913
21,1013,28,12,35.29660333107134
84,1014,27,89,20.476631921942946
82,1019,22,30,28.3225727134629
92,995,12,38,18.247362284665154
36,1017,28,62,30.301996681142604
28,992,7,47,27.80397069451612
94,1002,11,86,18.38740490305193
34,1039,21,47,41.50976153553325
43,1033,23,60,37.18619066696724
57,1001,18,11,27.735982068697158
54,995,25,77,18.723698119799575
68,1007,25,55,22.643156689047235
88,1027,29,17,30.201105297968212
81,1014,0,26,31.521075118715935
79,1039,15,27,38.43640394530983
69,1024,21,81,28.546010033040716
97,1025,16,79,25.92041975120918
94,987,24,51,11.557859195170849
28,1023,29,15,38.40828451198552
53,1034,17,76,35.93125420157945
95,1034,10,57,32.28726600388388
54,1001,17,92,22.654819716711597
20,1000,6,8,35.12110295528129
59,1005,17,25,26.449939649900507
83,1019,25,27,28.617372418668822
41,1000,7,76,26.995764434606954
79,1004,5,35,26.178587765578516
83,1020,29,8,29.425817604910332
91,980,6,46,14.54987115633407
30,985,22,77,18.458599118015748
33,1002,21,50,27.7166200269874
79,1030,9,75,33.334851339525564
49,1002,10,56,28.0607845404841
54,1022,24,31,33.23695384354613
56,1022,12,66,33.72507542504457
24,1002,8,56,31.521315350661805
97,1011,6,53,25.157607248934283
45,1009,8,15,34.434910451578894
81,992,12,61,17.52272312193019
23,1022,25,83,34.814693562951454
61,997,2,95,21.38569501788113
37,1002,2,55,31.40114157017699
59,994,0,22,28.020344466863957
91,1012,20,16,26.551524160638376
58,1000,19,79,21.1441355090945
33,1036,1,37,46.4122176739895
51,1018,24,71,28.432597192363566
70,1002,2,82,23.11371001502841
57,1006,14,29,29.04035587655259
42,1024,23,57,33.42664384711669
82,1023,5,97,27.99104433600097
34,997,29,77,22.712414320784045
44,1003,12,21,30.442817963613063
36,1030,20,16,41.83681416774376
85,1026,0,14,36.81325122752761
97,1019,19,47,25.33615528174655
72,1030,18,31,35.04247567057419
70,1021,0,76,31.90343262372083
58,986,27,84,12.554488755736951
70,1029,20,39,34.45348740043776
89,1027,21,96,25.510809962472937
25,999,1,56,31.660958581634446
86,1006,14,57,22.334100306775976
26,985,13,90,20.218720191262467
70,1006,18,98,20.558774314025072
91,988,10,15,18.45045546866421
61,1032,29,27,36.428095049864915
83,1024,14,97,26.621327246389335
34,1036,5,0,48.44408275382104
48,1010,19,40,29.169055108636606
52,1000,8,47,26.81647827585076
46,1005,4,30,32.627155050898246
55,1019,19,35,32.96441050300608
48,1027,1,32,40.29949396511871
57,1024,5,32,37.0030858320459
76,992,25,81,13.549252286294667
46,1028,17,22,39.63981552179675
74,1002,27,59,20.01827025614615
52,999,28,86,17.592872573579506
87,1016,22,78,22.66930715285794
85,1033,18,89,29.80381905019346
29,1032,8,29,44.048928235570344
24,1007,26,88,26.764762501528054
93,996,20,44,17.595499274564848
57,1007,23,79,23.53442160590725
32,1020,26,38,34.71020867984408
50,981,5,44,20.28634581919598
66,1004,13,77,22.82606343550222
71,1037,27,80,32.49097759909276
75,1029,25,11,33.755134671882
34,1020,23,92,30.605122350105024
48,985,28,31,19.237698224902367
27,990,12,55,25.11371675652041
24,1036,10,23,46.53504587361993
48,1017,11,12,36.03566997917113
66,985,18,19,19.340421801065343
87,1024,18,78,26.451097367334942
95,990,20,55,13.605451689543292
64,993,26,52,17.92658283955426
21,981,25,67,18.325017553666672
46,1019,18,53,32.98222397924872
55,982,23,33,17.261309497043264
55,1034,25,27,38.53256216920765
45,1032,12,49,40.172062160515694
62,1014,27,1,30.64101655562331
46,1012,13,93,28.03446691367556
88,1003,23,25,21.205595107270312
39,998,17,50,26.266823482035697
30,997,11,46,28.53670773055365
93,1028,3,25,34.33808174131861
57,1031,9,83,35.056211054490745
25,1003,28,91,24.704333962551917
91,1024,16,83,26.691095526326293
42,1014,3,74,33.23064810560302
66,980,11,73,13.58849529801005
65,1015,12,60,28.63107835198872
31,1004,28,22,29.244761144216792
32,1024,26,36,36.421718535207674
81,1028,28,40,29.341669948240447
79,1039,3,51,39.46502160206486
62,1022,9,82,30.912058632313986
95,1013,24,81,19.901037127948758
87,1004,2,48,24.152120995891458
24,995,14,26,29.508517049842773
56,1013,1,5,35.85740706079475
91,1008,24,73,18.89587112335088
50,998,24,65,21.264377094092744
28,1002,16,23,31.549580223614374
70,998,5,37,25.468611537532976
48,1004,25,27,27.500302359080496
97,995,7,27,20.035525950513186
59,1033,2,65,38.090129590983004
60,1030,26,60,33.283628201029
30,988,24,45,22.632226692179874
42,980,17,68,16.9941328547661
20,1021,21,74,35.38714124586906
65,998,0,73,23.53990940319457
40,1012,28,42,30.16470125791123
55,1013,15,58,30.008505277493263
73,995,6,1,25.93526408645271
76,1023,2,14,35.79414141036155
20,1019,22,36,36.87239142792372
82,1034,3,70,35.463119936635486
73,997,8,19,24.24820429748964
74,1013,4,97,25.640527493655288
59,1004,18,34,26.257228629291255
34,1024,14,33,38.52388202332235
40,985,7,85,20.216134794287104
66,1000,5,30,27.05338519353095
92,1037,17,86,30.04217534836599
72,985,18,18,18.400721731155915
28,1011,23,67,30.407629997474682
93,1020,14,23,29.82872860117925
71,1027,25,83,28.593390969327828
76,1022,6,38,33.87341807087783
45,1018,9,91,31.306669559234614
60,1010,5,53,29.623952801257914
54,1021,13,38,34.17260456120108
82,989,16,16,18.353029046291
44,1009,8,18,33.44775750049228
94,1036,18,47,33.04919982270538
57,1031,29,34,35.195450340661765
21,997,4,31,32.535346613328436
26,1039,22,46,43.015375622769206
53,1003,6,46,27.942153899913137
36,1031,18,63,37.923728311612244
62,988,19,45,19.584635367562843
78,1010,25,34,24.497159335544314
70,994,6,93,18.426816839114473
73,983,23,16,16.33127349636686
43,1019,1,41,38.446414660099414
44,988,24,28,20.753330299125267
90,1024,22,69,26.15005023784287
71,988,15,16,19.458642974827075
89,1005,12,80,18.66009285878482
52,983,7,13,22.592880026154184
68,996,5,23,25.56608192325175
48,995,5,56,24.9211096369629
82,994,8,49,19.977882575762564
41,1014,3,56,34.42323815225241
45,1036,26,60,37.5804672007654
47,1031,10,38,40.94248177988583
68,984,4,54,17.98198172507623
90,1034,24,95,27.89032771068014
68,984,16,35,16.498456619127438
39,999,19,36,27.11938971877553
82,994,6,13,22.931391981577658
80,997,26,26,18.9288767990058
68,1026,14,82,31.0392493893642
90,981,24,30,11.330524488049063
20,1008,14,72,32.50609228858879
32,992,13,80,21.783091747327536
70,983,12,82,13.864129270880841
75,1021,10,43,31.73134863722922
81,1024,27,67,26.549568122212523
51,989,12,47,21.525382149738494
49,1010,25,56,27.20431409996638
48,1020,21,74,31.21109565381359
68,987,27,21,16.68390724546194
64,982,23,3,17.957006551594908
49,1027,28,80,30.92484143283893
35,1025,8,71,36.921353865138656
59,988,9,45,21.12137450271771
38,1009,3,58,32.95466864236692
37,1032,16,33,41.94255143436602
20,990,13,10,29.902548916314792
97,1014,23,30,24.393070962120888
66,1016,17,10,31.594095889629344
85,1021,10,55,29.99178162081298
57,992,15,37,22.18512123462275
70,1015,0,20,34.416498039548195
82,1035,28,93,27.971916491791035
23,992,6,9,31.309290082240885
20,991,27,25,26.47150795428387
27,1016,9,90,33.36396222133974
48,989,8,7,25.863015057354794
74,1039,26,7,39.394906667596054
22,1035,27,59,39.99429280395301
51,988,27,71,16.459786628876493
29,1031,24,33,40.93008535544132
93,986,2,15,19.897845164980183
53,981,21,12,19.060822203627144
74,1033,22,86,30.681774373170082
51,1035,13,75,37.52765443332476
69,1039,25,90,33.16923507945727
26,1002,24,21,30.71396413399893
27,1018,14,95,33.296656689334164
84,1019,1,26,33.0980238879904
76,1018,23,63,25.911312925174858
86,1000,13,1,24.826685511314714
78,1002,15,96,18.465772822022366
91,1008,6,25,26.722626114409103
73,993,3,91,18.771183716447936
86,1005,17,82,19.955062873004913
70,1030,23,68,31.28270468374851
27,984,26,96,16.397223698631564
53,1034,4,83,38.43358170654286
54,1010,5,29,33.171258458835155
97,1004,29,7,20.719031915012224
51,1010,26,37,28.81385614592991
65,1029,6,60,36.19502916990434
35,999,14,80,25.049392261053956
87,1023,25,64,26.31166775152946
56,1034,0,66,39.70258660436613
73,996,23,45,19.369300036633046
33,1024,3,89,36.39342042758438
74,981,28,94,8.145921684782778
67,1004,24,71,21.56984457697268
26,992,0,42,29.92357345071787
93,1037,10,58,34.52042087401667
26,1018,17,45,36.443739837507415
52,1007,13,71,26.799923024856398
42,1021,21,34,34.546471448967466
38,1034,10,38,42.7569573134807
38,985,9,91,19.311307891832694
55,982,26,50,14.787798252129866
48,1037,29,3,40.68412204160504
79,1014,16,79,24.794416373471723
21,997,3,76,28.995419263304917
20,990,23,83,21.86498964037889
66,1033,14,50,36.777813411397446
88,999,25,4,20.588916524757536
39,984,15,54,20.228252102968685
30,998,20,19,29.932033802260097
21,1001,12,23,32.76567230169413
86,1038,8,35,37.76707235227658
31,1039,10,33,45.97525591749891
39,998,10,53,26.739572886759667
24,1026,5,33,43.71274067617105
56,995,0,82,21.801659221984988
57,1003,21,16,26.941493090073905
28,1020,5,4,42.592705071314995
72,983,12,88,13.808395549370147
63,994,21,17,22.022387322055778
43,1004,23,54,25.577164326481878
93,1023,21,52,26.45994983933597
49,1034,4,49,41.880852698394776
78,1014,14,71,25.482642731639345
33,1034,26,90,35.528682164493404
28,993,17,78,23.409778798799984
59,1028,19,44,35.805718882944646
85,998,13,12,23.022240200536565
44,1017,14,15,36.282278945314324
92,1015,25,85,20.51237105979109
41,986,4,83,21.01725136028143
23,1009,25,12,33.556449219299076
45,998,3,19,30.21403799894319
77,1028,1,65,34.160121933461795
48,1004,6,98,25.11826549001125
56,995,9,46,24.463060804386934
94,1026,15,18,31.54300326837174
89,1033,9,44,34.35001578928794
37,1019,17,36,35.13991365967291
61,1030,16,53,35.59915527982042
60,987,29,5,20.070951480880513
57,997,20,13,25.029489741198862
53,1007,27,3,29.613695205326945
36,995,12,85,23.3265216122814
56,1031,0,54,38.416275314971166
44,998,0,99,24.65424233264776
95,1021,14,33,28.622214395407976
46,996,0,26,29.471497799880844
76,1024,5,6,36.8465927175703
50,992,24,2,23.998039237325262
25,986,25,46,22.70565748887997
59,1006,12,96,23.436919223097206
31,989,26,1,25.570168162906796
72,1013,27,79,23.05226480415071
90,1015,0,24,30.589269972644516
29,1004,4,59,33.012920829622196
64,985,8,78,16.455046104446016
36,1003,29,23,28.33590772545695
45,997,24,14,25.755423672566465
81,1002,16,94,18.36526777151913
65,985,15,13,20.36435919709692
83,1008,7,53,24.94051597458833
21,1004,16,77,28.65378095069917
73,1034,14,5,38.79528885019935
84,996,23,77,15.249357279437893
70,1025,0,80,32.40656026473649
72,1003,11,17,27.494237084600083
55,990,4,19,24.798577375115816
45,1005,23,61,25.680812540195863
48,1030,5,80,36.95922936396308
40,1013,24,79,28.09634311721929
30,1007,0,39,35.19325358968765
59,982,24,38,16.332401499009787
30,990,0,51,26.656860503082505
55,1017,9,31,33.88814867041052
78,993,9,72,18.4252737255761
58,1030,2,26,41.149275801002005
73,1005,16,51,22.520258735861823
74,1027,18,96,28.608614793297424
43,1000,27,62,22.673767512015946
41,1033,10,73,38.91408856164737
88,1035,28,62,30.126336206342827
75,1018,17,16,32.048695078824835
52,1009,1,48,31.238651295408363
55,1038,8,99,36.72805332429992
39,987,23,80,18.175159413390357
81,1030,16,81,30.155991188833006
92,999,27,22,19.243501619376275
45,1027,13,97,33.51358304707432
85,1011,3,71,25.975408629595997
92,1001,28,12,20.04813429885914
92,1038,16,22,36.70455755428186
59,986,16,56,18.681971743508132
36,988,11,61,22.636376047630417
20,1024,27,53,37.482333117837705
80,980,19,19,14.373200714130995
62,1008,17,85,23.813769476948124
61,987,2,51,20.447670414158356
44,1035,10,22,43.387840015510385
58,1033,24,34,36.450982370570934
54,983,17,66,17.030376301627363
22,1014,3,33,39.929399180475436
63,1038,16,32,39.81264902783403
70,982,17,45,14.913480908799453
31,1033,4,80,40.693027751645026
38,1024,13,44,37.91227068805103
63,1019,9,18,34.6088568226658
78,986,14,93,12.185641829325863
68,1006,0,86,26.13479430871597
80,980,15,14,15.731800674226909
36,1006,10,77,29.133324785169336
93,995,22,65,14.476480544957306
76,1017,19,38,27.88239729632979
74,986,5,17,20.017559813580945
66,1023,23,69,29.42376102934784
31,1002,28,58,26.7620552604334
81,1020,21,31,29.327493767710255
99,1038,15,20,36.06204509159207
27,990,29,39,22.577646847207262
40,1021,1,91,35.4274471710315
99,1032,0,26,36.371252227441026
89,1012,23,1,26.42190076384791
91,1029,23,96,25.942704386916567
44,1015,8,79,30.596791074663514
31,1016,21,38,34.87195598337949
34,1020,11,85,33.613791207109976
78,1038,16,55,35.28643543154499
45,996,29,12,25.091319978496
45,1014,24,55,28.76413501744218
66,1027,27,65,30.471206790384166
51,984,28,77,13.623860435227552
29,1027,14,55,38.57686193838408
35,1011,29,27,31.219926480689836
90,982,18,63,10.573724371242568
36,1031,26,70,36.928394725545246
42,1026,21,81,32.77759937493869
45,1014,9,63,32.69752724558236
26,1031,28,55,37.93117769786536
33,993,25,40,24.50972120821252
98,1027,26,99,23.533046261426687
26,1010,11,40,34.86072939294546
28,1010,13,99,28.884523059730785
67,996,8,3,25.74852276402178
91,1039,26,56,31.294111758202405
78,1003,12,29,25.706145477035445
58,1031,2,87,36.191572553134016
37,1002,20,83,24.05766622613624
78,997,28,45,17.328419696979957
36,1029,13,55,39.28393119680338
33,1033,20,30,41.652573948197954
50,993,9,87,19.980353710571514
43,1029,15,6,42.10227033473173
79,994,6,89,17.597491777748964
64,994,3,76,22.239955499584443
22,985,26,53,21.830395723777272
56,1006,19,7,28.090926422739606
62,994,22,54,20.288486986918787
59,1029,24,68,33.113745624637275
74,1015,10,43,29.091813623822
58,1034,15,12,40.72371212143847
34,987,19,92,18.74586255362062
23,994,3,19,31.52289249560158
44,982,21,77,15.718635565893585
32,1026,21,31,39.42001872291296
52,992,22,59,20.13886395434504
35,1020,16,49,35.296607618019124
61,1013,12,26,32.08138027832062
85,1003,10,24,24.681447631271467
74,1019,29,51,26.75435272647344
61,1011,2,67,29.2325338185094
53,1011,8,20,33.24673072816556
49,1009,5,17,33.50295425919011
32,1031,21,38,39.38972420764817
32,1028,20,14,41.14010391715052
37,992,10,52,25.028923876952604
51,980,15,37,18.45864438974383
58,1013,18,47,29.746077299184247
65,994,26,51,18.24385757763665
48,1023,4,87,34.05612399824264
81,993,13,71,17.153088798810607
81,1036,16,27,36.513738942709075
76,1008,2,84,24.75687476440424
35,1013,3,15,37.94585899321782
75,997,15,15,23.22818780864429
29,1033,15,34,43.509072444605344
49,986,20,16,21.583273472009775
44,1008,25,72,26.235372003619922
24,1034,24,98,36.38378344589742
84,1010,3,51,26.00519266304027
68,1004,18,92,19.28089995462558
22,1017,25,81,31.43711469141651
64,993,16,11,24.448421831424586
33,987,12,82,20.881232045658273
49,1006,25,47,25.92934862477127
87,1033,21,21,34.66140341249621
37,981,22,48,19.072005528628587
81,996,25,51,16.55957609296874
56,1016,23,78,28.409100058987054
44,993,27,0,25.338165421500523
67,1004,0,65,26.551175994227176
84,1035,11,63,34.40861657567893
72,1009,3,7,31.887568935022987
98,1008,10,85,19.38926329764276
92,999,4,24,24.136259645481402
34,1000,1,65,29.35740577662817
68,1032,16,72,34.11875888882167
87,1001,7,72,19.95253268888938
31,1014,5,76,33.543866748448345
78,1016,20,69,26.1309323066255
56,995,28,93,16.505814481690578
80,1029,8,78,31.742946399505225
62,1037,12,50,39.241808602752506
89,1028,10,52,32.9908852356604
58,1022,28,14,34.46438058396072
75,996,15,49,20.871891304162883
82,995,15,70,18.526811291370226
65,1037,26,74,33.45771164003954
30,1034,1,37,46.267941995345694
81,981,9,39,15.367911465490218
96,983,11,65,10.515456133982074
44,1000,7,38,29.191548465331888
90,1018,10,73,25.61458676004298
71,1013,29,16,28.236750420490157
23,1009,9,6,37.67248906778082
78,985,12,38,16.63405401538858
91,996,24,67,15.356534412925653
39,1018,16,34,35.397273010788915
82,1004,6,50,24.681438846873583
73,984,23,46,14.582179719961648
93,984,2,35,16.668885730651734
76,999,29,63,17.2379763135598
60,995,19,94,17.931105022853504
22,1030,12,88,39.194254094005395
25,1020,18,12,39.288098276171816
24,1016,6,17,40.18787284234177
24,1019,8,20,41.44391539433752
73,988,18,64,15.798004612795683
66,984,12,99,13.764220365663386
68,1021,21,7,33.44073368572105
28,1036,7,47,44.07110492190925
39,981,21,84,15.019285750790461
80,988,17,42,16.295497223228065
54,1022,28,52,30.37246882724136
69,1015,22,84,24.267821218704615
81,1001,1,26,25.689722715142903
36,1001,17,18,29.89479562993622
22,1001,17,22,32.65858492765206
51,1013,10,49,31.603510862535238
32,1034,0,50,45.26733507905027
92,1008,13,42,23.521972472279014
87,1017,15,98,23.617873303830056
33,1038,10,50,44.760489802573815
30,1025,0,68,39.764242065164716
75,1012,29,40,25.530814736649088
86,997,6,71,18.792738796490795
48,986,28,10,20.900000332915823
28,980,15,79,18.66851341651516
86,1012,29,87,19.384182380107248
44,980,13,84,16.478089947488115
95,1003,14,51,19.69160779062615
61,983,13,22,20.046167633406682
28,983,27,48,20.050572778504336
98,997,20,37,17.140236017394543
59,1006,10,46,27.775128248022966
44,1022,15,71,33.11594917723715
24,1038,18,6,47.76017558106223
30,1011,16,65,31.169765240020848
78,1012,26,93,20.578940385099823
98,1007,25,76,16.969335488590957
57,1021,5,61,33.30291962212539
91,1020,10,86,25.003280743063506
24,1034,16,28,44.76238792888676
67,1015,8,37,31.127840943015297
37,1039,17,83,39.73078991575624
89,985,16,32,14.508026298877825
56,995,11,28,24.794994238567757
79,1013,22,78,23.531333258928175
67,1002,21,22,24.230030431497696
96,1029,21,2,33.57645162283259
47,1021,29,92,28.024634389600863
88,1003,4,44,23.353122753711062
96,1035,10,7,37.231911781915635
59,1028,3,85,34.97652039213523
64,992,26,28,19.66125002456567
81,1035,3,1,41.27994181524674
77,997,2,49,22.94859909846814
86,1033,25,64,30.072201124330086
75,992,23,19,19.89783718962537
59,1028,22,51,33.14651164224443
59,1016,24,84,25.57266758841779
96,1022,16,36,27.92589241634905
52,1018,6,71,31.99103166899555
25,1021,25,26,37.6129633046662
38,996,3,46,28.67270977953724
99,994,22,98,9.528734752739538
59,997,12,5,26.912973463482096
78,1002,11,59,22.019168209725446
78,1033,0,44,37.83707202192128
67,1030,20,43,33.86745601506674
60,1009,18,82,24.283339563586182
32,1037,20,17,44.18443855406495
64,1013,19,64,26.51281144664934
72,1037,17,24,37.82018624066723
61,983,10,26,19.806220288315508
82,982,19,6,15.860483202018756
46,986,2,43,23.528759476126556
57,1035,28,28,37.76039635515723
79,997,16,94,16.20763246979239
26,1021,11,43,39.256697600887776
24,986,9,35,26.019616793401823
64,1019,7,18,35.46944240893255
77,985,14,5,19.812493553190084
50,1001,4,24,30.316879852731972
42,1037,3,30,45.48960108473389
61,980,25,8,17.417181042089396
29,983,27,83,16.964541808727223
51,1025,20,73,33.01062150404663
72,1028,19,36,34.11689972975494
49,1031,18,26,39.77291360521239
58,1029,20,12,37.96201297878091
50,1022,3,40,37.670613316346234
21,1008,14,65,32.21126313162799
97,1000,16,84,14.926310298946152
96,1005,11,96,18.25445800921266
31,993,2,23,29.47535473502777
58,988,9,43,21.616093328813516
85,1038,14,97,32.023498048428856
32,1026,9,59,38.9378558861154
65,991,23,8,21.60559507941312
46,1021,22,1,37.229284663114726
36,1030,17,55,38.14610004662347
79,1035,0,29,40.53806314104075
83,1030,2,21,37.50606902692583
54,985,20,74,17.137366152270456
89,999,25,80,15.244885514318355
49,1003,26,99,20.754698673457693
90,1006,11,12,25.39498035700369
93,1017,0,70,27.194580231403634
82,987,2,15,20.974915364291338
47,980,2,96,17.602715077163865
79,1033,4,44,37.64332991715526
98,1028,18,64,28.00574424123747
56,1028,28,10,37.28459558461834
41,1003,24,69,23.721909435199727
87,1026,0,19,36.06139369326415
39,986,3,98,20.737825959260213
87,998,28,62,15.863718885707776
83,1001,28,89,14.563596010588247
36,1036,25,11,43.81472156675889
31,1034,25,61,39.450674281686716
41,1039,3,93,41.58150598010673
36,1014,16,91,29.76417899557804
29,1009,13,90,30.446851034074374
84,1008,17,41,24.14225877186647
41,1001,26,82,22.369040170631415
69,990,0,68,19.80431074955222
33,999,21,57,26.268764569604304
83,1008,15,4,27.923116697637802
66,1030,2,26,39.64825777724185
48,1020,22,27,33.96111076007696
95,1021,20,25,28.815028299106025
55,1013,8,90,27.706292291151584
71,980,22,48,14.094722690665991
95,1010,3,20,27.18273309082598
26,1009,20,0,35.06085099307567
48,1027,4,91,34.94481665131831
30,997,10,57,27.185139585853378
52,1034,20,78,35.44170194798158
25,1037,25,54,41.495913742199576
98,996,8,80,16.212319912415357
51,1017,25,25,32.59103740764475
70,993,2,83,19.548244470492154
94,1002,5,24,25.331692202882437
77,1004,23,76,19.251619466607508
45,994,10,32,26.23824182246857
65,1025,8,88,30.97129102593381
48,1035,28,71,35.47972983768751
23,1001,14,68,28.858700345695542
32,982,22,5,22.6078895530531
58,1035,27,22,37.890654287595154
34,1034,2,29,45.94350536498781
48,998,0,77,25.57758226044961
48,1036,19,53,38.79292041381452
94,1023,28,86,23.011066507101972
51,1013,21,10,31.90894309443347
21,1014,18,30,35.90603881070317
66,1029,13,5,38.78868967029214
97,980,16,10,13.873079631370144
41,1031,21,76,36.12276198311331
94,1000,13,11,22.308056372321893
46,1008,16,65,27.74730569039796
86,985,24,52,12.64522094141327
75,1016,26,98,22.539500716485342
40,980,13,35,20.62492462592145
66,1030,11,16,38.48119065043174
99,980,15,27,12.007636096322651
78,1006,0,91,23.056401275703465
25,1000,12,21,32.09491217430255
38,1032,5,6,45.375231664004716
76,995,16,14,22.22957759081077
88,1023,11,95,25.973157865169547
22,1038,22,10,46.96197593696901
20,1033,18,23,45.16920269992472
77,1019,5,66,29.580142089892657
57,1005,6,29,29.524060165566638
34,995,0,69,27.735810867092084
53,1007,0,65,29.742379406394214
80,980,28,60,9.416631960741487
54,1015,4,77,31.627775956681603
83,989,5,40,18.667482869766754
44,1022,15,81,31.72353184215991
43,996,24,50,22.796020314683997
31,1036,15,43,44.11918923844566
37,1038,13,94,39.371148134466594
34,1002,0,12,34.48228035428202
99,986,12,89,10.043301560626778
46,1023,19,11,38.12553154394646
91,1032,9,81,30.82855000464142
79,986,23,8,17.605673790954317
65,1023,9,84,30.8353668845316
36,994,8,47,27.139605585573182
72,1013,12,48,28.25013139695076
27,1025,2,52,41.1910041125554
98,1024,26,55,25.429045988300675
46,983,17,39,19.508745046142636
65,993,19,23,21.120905824083447
69,993,1,97,18.880056103073926
90,995,16,71,14.975312821055077
22,986,27,32,23.438714767764445
83,1011,18,22,26.57125461413759
63,998,22,76,19.98164597421192
72,981,12,53,14.794881444487876
43,989,12,52,22.579986401578235
79,1029,0,48,35.17518697442674
22,996,1,77,28.18795334441473
39,1016,0,77,33.55063861882574
65,991,23,79,16.268746905573078
34,985,4,48,24.030222842502937
44,1001,23,59,25.1435398756967
97,1011,2,89,20.989694432963084
90,1020,28,89,22.554037199272052
36,999,27,64,23.64598855464756
28,980,6,31,24.289923694482663
57,1033,23,78,33.27852863490842
67,1026,21,20,34.81364495941866
79,1032,12,17,37.0030429269724
82,1037,28,93,28.863022888977383
21,985,22,59,21.12616682354904
91,998,29,12,18.177324781708847
30,997,27,23,27.25011979789841
83,985,17,29,15.512184192069201
96,1024,23,1,29.699953122145086
91,1012,20,82,20.774649757018857
40,1002,6,24,30.593635238398665
37,1002,0,49,31.994536048497046
83,1005,4,13,28.703205288136626
57,992,16,5,23.993788162236637
51,986,27,75,15.876225315807021
30,994,28,83,21.034549001202752
64,1023,7,86,31.06998066172536
52,1006,14,29,29.25331378968508
60,1005,19,29,27.207239156455053
27,1012,3,37,37.17002460119827
30,994,1,57,27.04289542134658
70,1015,4,93,28.29650720150176
60,1024,0,40,37.616587092992404
36,1034,24,93,35.93399460959149
95,1006,4,56,22.510788380157575
65,1036,5,35,40.75551974816678
51,984,1,63,21.3445936294256
98,981,25,97,5.0708092172731005
99,1034,25,15,32.737687312224
73,1037,0,87,36.265414690176556
39,1012,3,77,32.015184861886645
52,995,6,89,21.905525753371677
93,1002,21,71,17.318283171728773
59,1017,25,13,31.702091895060676
51,1034,0,30,44.01393438273761
21,995,0,65,29.07782339582728
52,993,7,67,22.674768161543486
96,1008,19,64,19.83119256055077
49,1005,15,54,26.572236769307203
52,1014,20,83,27.136145921662056
96,994,12,77,14.348697739716934
45,982,22,39,19.236887363746465
41,1002,23,24,27.924871982039452
85,1008,25,24,23.70543526729636
57,1013,22,2,31.47447900859234
65,1012,17,68,26.328284446706604
34,1020,29,25,34.89247684569522
63,1020,19,39,31.24186175801601
68,1002,9,37,27.25694611596872
94,986,11,37,14.963275485625063
80,982,0,67,15.334025535338032
86,1037,9,6,40.07099672637508
25,1011,8,93,31.225786659237
28,1010,2,29,37.28163613870543
25,997,27,18,28.46516020622209
92,1022,18,34,28.802350213230852
51,986,25,32,20.33816965796468
60,1020,8,32,34.43786547523566
95,980,9,77,10.558800300786988
27,993,18,37,26.826070201212787
91,1031,15,9,35.48472480659497
69,1011,23,56,25.14061718584171
81,985,17,27,17.229138675872093
81,1018,13,77,26.129961038363938
26,989,28,99,18.428610119221684
94,986,2,37,17.592736470285335
99,1005,1,15,25.470578651464372
23,1013,0,20,40.650218338648344
25,1009,17,91,29.160680872202832
77,1015,23,96,21.552558186332814
41,1000,8,5,31.12420521072506
45,1039,12,40,43.204590083312304
22,996,1,14,34.275442560802176
60,1012,6,2,33.40051521751624
79,989,15,42,17.490225019564424
33,1030,20,46,39.81618856744245
94,1026,18,98,24.221025057339396
31,1021,24,13,37.59301668718499
31,1030,14,65,39.63618347078883
32,991,21,28,25.584268973670994
44,1035,10,3,45.96204911109952
64,995,0,25,26.106829599349968
38,1020,20,11,37.012211572780906
74,1011,6,1,32.84634273234097
64,994,19,16,22.542529066910124
27,1006,7,34,34.483642753800325
72,1007,9,9,30.57155742821606
74,996,4,85,20.07635434680309
51,1025,8,42,37.781635108468365
70,1038,24,20,38.93903305238271
63,1029,24,14,36.492433788942655
89,1037,0,34,39.12403520080149
37,981,1,84,19.758705192931355
41,1015,18,84,30.109981233420708
56,1029,13,84,34.08674080793978
75,986,19,59,13.890965454703728
78,992,9,43,19.981471956175408
22,994,8,95,24.015175958907722
47,1004,9,4,32.78695648282944
93,1002,28,72,15.37322422821181
54,1039,5,17,46.09277633357187
80,1001,16,20,23.844815632345075
73,1005,27,71,20.432090795511964
82,1012,24,97,19.41538837497649
98,990,5,73,14.802287362517925
26,989,3,50,26.77967098869862
95,1004,29,40,18.895258837371337
68,1016,19,23,30.000823886999758
50,1027,2,23,41.11490367642846
77,1022,22,95,24.671058784041705
80,1032,18,96,29.582904976742643
43,1017,17,37,35.001243453000285
39,1020,25,43,34.07063404012826
56,1024,23,56,32.10368574904532
23,1003,3,58,31.278920438307473
39,1019,7,33,37.442156440928215
79,1025,16,74,29.26732682287867
43,1035,4,94,38.97457116219881
69,1012,12,81,26.28357512398172
68,996,24,22,21.675769081225297
70,1003,0,85,24.439297558055934
55,1016,26,42,29.69245042898856
85,1036,12,81,32.63200892844663
98,981,3,39,13.744336748214803
53,1011,21,46,28.063922980838857
55,1036,25,40,38.49830659173102
25,1039,23,46,43.3559940339729
58,1003,13,19,28.641148420808296
61,988,2,76,19.307127508365976
77,983,4,64,15.188485547703841
31,996,6,67,27.467570405312784
22,996,0,23,32.88664805185955
37,1032,22,99,34.72975637756643
59,1029,28,35,33.72565575728571
40,1027,11,44,38.83343837421026
34,1009,10,1,36.43205358414395
45,1019,23,27,33.94625450993773
27,1037,7,25,47.75911330822981
61,990,24,22,20.362760371532755
63,1000,5,78,24.853656905556175
33,1000,27,35,27.062125293834427
97,997,21,90,11.982256232416182
21,1034,1,5,49.74355879204468
56,1008,18,34,28.41687592612521
88,1003,19,37,20.933184380809855
57,989,19,34,20.566305417118116
60,1024,23,99,27.75830146889981
81,996,13,73,17.976409899471598
79,997,0,93,18.555656143614588
33,1021,9,52,38.06207923589595
21,1027,15,37,40.9008548119248
89,999,29,92,12.958222223991733
36,1016,3,58,35.39364660545141
47,1024,26,42,34.14296003552371
85,997,27,3,20.31837944463234
54,996,28,4,24.505825332839816
24,988,10,67,24.795596205727136
84,993,15,99,14.064307718833481
59,1028,26,44,33.64815367087078
95,1008,19,79,19.059753883319328
75,1010,0,24,31.810003759407795
55,983,15,77,16.192119147341337
64,997,18,10,24.65323103285639
42,1038,20,28,43.29893216869507
66,999,21,33,23.055655160409724
50,1035,8,85,37.618612574366466
30,1035,8,13,46.76963885490911
29,1026,8,23,41.87387131825851
86,1022,26,58,24.917489948033975
33,1023,16,38,37.535479854392214
99,988,11,25,16.211290534340236
93,992,24,42,14.752754437241094
29,994,12,35,27.344212157437465
95,1006,7,38,22.52061903637065
20,994,15,60,27.535381237160358
24,1007,17,15,34.64764655958011
39,1016,28,58,31.08785598895812
27,1034,26,95,37.49929554841785
62,998,0,5,29.8673548337865
95,1005,0,97,20.019571790845898
20,1031,11,55,42.601174592902275
76,1005,5,7,29.39929826162502
83,1004,8,93,20.03007106708213
47,1005,22,26,28.17519036871976
56,1005,4,70,26.151047657855568
66,1025,26,26,32.7784473457917
95,1007,15,88,19.058335443748067
56,1028,17,45,36.42965828994753
68,997,16,40,22.226639355282437
63,1011,17,78,24.865644824696638
75,1032,0,24,40.0813719277594
47,982,18,85,15.342317276176633
98,981,21,17,11.957162332636697
25,1012,28,11,33.84204254026709
80,1021,7,86,29.171880738472897
39,998,2,50,29.319199224530273
97,996,25,38,16.233124254286253
21,1023,24,88,33.77859536819596
92,1012,25,9,25.319874833744255
56,991,4,93,19.71925306702025
39,1028,22,73,35.501047305509786
45,1035,7,97,38.769859228072406
48,982,18,76,15.20289220132151
20,1022,17,53,37.62266120100844
54,1028,17,28,37.78286892518895
89,1034,20,40,32.795985320278774
78,1005,0,8,30.067437058937386
88,1014,14,62,24.453470327808994
52,987,17,76,16.895612684662506
70,1031,28,36,32.54032525560818
97,1015,24,13,25.852063960019617
31,1032,6,72,41.444325271773714
39,1033,15,71,39.15510787113561
72,986,15,38,17.723936803155233
62,1025,14,39,32.90128233937042
69,1025,5,53,34.661717053923454
48,1015,8,2,36.31127126774572
76,995,6,54,20.14614100092016
58,1003,13,32,26.34592269053925
75,1033,10,95,31.309906013679065
62,980,20,70,13.239489050957825
69,1028,15,18,36.04440787954298
42,1004,24,33,27.100447354378723
63,989,5,77,19.0015412778512
57,1033,21,49,35.97703338771002
42,995,26,46,23.31053546193936
64,995,15,45,22.525109686916853
71,1037,19,55,35.841198882110355
99,987,28,56,10.558637193254231
69,1008,15,82,23.977795380326203
27,1018,11,50,36.99230387185648
20,1007,16,53,33.22672673330239
27,985,4,89,21.719168997476242
48,995,26,80,18.222372420454214
24,999,24,27,28.262810960438202
66,995,12,18,23.926157672653385
53,986,7,26,23.23715102486508
84,1020,23,47,26.462588566136855
74,993,4,18,23.522099573285747
62,1022,11,96,28.99526175572905
93,1005,8,50,22.123549007410773
49,1005,2,6,34.44135471947205
36,993,2,28,29.338787945414655
45,986,0,42,24.001505366703917
27,1012,24,68,31.12023556159336
66,1005,21,93,20.47283261899879
95,1036,17,57,32.256827750528124
91,1024,23,7,31.361387633333774
65,999,11,41,24.198689435076144
87,982,8,75,12.60812023148497
52,1031,8,41,40.142464320882794
20,983,17,12,25.76722751318011
38,1005,17,25,30.201903341977054
50,990,28,17,21.546345882056354
99,981,6,41,13.638626623320839
33,993,26,50,23.459884034737744
72,1023,3,83,32.01512519555866
67,1009,12,15,29.70479989671342
88,1028,16,2,35.029650236366116
81,991,23,90,11.946856123081027
85,1005,1,78,22.91079198032018
83,1023,13,97,26.942706202607493
89,1012,2,44,27.98321229370052
82,992,4,21,22.07153652096205
92,993,13,22,18.905973918719354
52,1003,2,58,27.862584504315368
60,1013,22,61,26.8071133636421
67,1023,6,67,31.93489807923064
32,1005,29,53,26.98840297586779
92,1000,17,56,17.41688839233005
96,1007,12,22,23.580666385985673
50,1027,28,59,33.406402950278384
94,1015,22,72,22.110697045750996
87,1019,26,87,22.24557608063402
23,981,21,84,18.062384394809815
38,1021,9,54,36.67944783617459
89,988,24,79,10.960164195005587
32,1002,12,62,28.816658353625847
42,994,15,55,23.231612060862382
94,992,8,54,15.558458189075521
20,1002,1,24,35.17155572543544
73,996,22,25,20.972834812060142
90,1027,4,48,33.14009183468717
34,1039,28,62,40.05717984536449
84,981,21,44,12.347188281420022
95,999,16,72,15.941559189282819
90,999,22,78,15.424635550239495
34,1038,21,38,42.89274242972861
40,1025,3,96,35.34216158063555
38,982,16,64,18.245220047061338
79,1034,8,68,34.59666111145198
52,991,19,55,20.730618174057433
68,1019,1,8,36.107524255543424
54,981,23,69,14.075903633609627
63,1015,17,27,31.667494817170805
30,993,20,44,24.920329344559438
91,995,26,25,17.15364149352521
97,998,21,27,18.23714595951216
93,1013,10,39,26.03610418592193
85,1023,12,14,33.76423908216701
65,1025,7,5,38.60287665451703
28,985,26,26,21.73490895013132
22,992,0,37,31.304209923286546
45,1015,16,67,30.827406730598746
91,1001,11,74,18.443212818173514
67,997,3,84,22.104721252819417
85,991,20,63,14.22065501843747
89,1031,12,29,35.1878500464403
47,1038,28,81,36.11665132128378
45,1033,8,98,37.51277942350309
44,1009,26,2,33.17375105579333
31,1032,29,61,37.56004576940554
24,1030,6,11,46.27158404997991
67,1019,22,90,25.416485197702965
56,986,23,29,19.01971477161539
98,1011,4,84,21.661914112366336
63,1027,4,37,37.496515785266034
34,998,16,84,25.62734206523667
62,985,29,59,14.239798977287432
67,999,8,37,24.71315624203795
89,1006,5,14,26.82514096158858
65,1032,24,17,36.68406430037843
62,1022,18,51,32.344200936570815
40,1016,15,28,35.114887701049916
42,1027,20,59,36.58444404670657
99,986,1,20,17.591950357974472
66,1038,9,16,42.09421036148656
34,984,15,17,23.691607807138794
44,990,4,56,23.928309048869362
55,994,14,36,22.803214885789274
94,982,12,59,10.515094908070067
70,1037,12,37,39.252336676849474
34,984,12,11,24.34727968503953
87,1002,14,74,19.232982749591514
40,1032,13,83,37.309751575077605
32,1016,7,72,34.90976448608171
38,988,10,0,26.638297789643065
53,994,17,57,21.98912540684068
97,982,23,2,13.655799977139532
87,1008,3,62,24.771258112640883
71,985,25,20,17.31194943344567
46,996,9,22,27.975143533544564
48,1005,0,8,32.93608055830039
47,1000,28,82,21.014554045345193
54,987,4,54,21.739836306288023
27,1000,12,18,31.987687458479368
35,1036,0,61,43.84911354616056
55,990,22,86,16.289540338503357
49,1017,7,90,31.579029888324552
37,987,2,90,21.190046077713056
21,1021,2,38,40.93979426297198
68,1003,6,99,21.145868656518974
96,1014,3,75,24.58235204140566
23,1034,2,26,48.50542526472183
94,993,14,45,17.80242536103907
26,1034,7,33,45.985115754724774
93,993,2,32,19.799377025699666
58,989,28,91,13.582454122312486
32,991,29,94,18.717918664382854
50,1017,6,95,31.165817714983916
90,1023,17,49,28.059001502773334
82,1034,10,19,38.49222524745364
75,1025,10,39,33.51521991349814
61,1013,16,98,25.367141988050694
80,1020,27,94,23.65273349327967
61,989,5,57,20.14911607551321
75,1037,7,30,39.975719383266735
55,996,0,37,27.904321272007277
87,996,28,85,12.669667489819668
26,982,9,44,23.051709282211384
73,1010,27,40,24.697392717665046
20,1030,24,8,43.626721639521996
63,980,18,8,18.14634798436281
64,991,2,62,21.43889364502012
66,1018,3,78,29.624852997122076
32,983,10,76,20.522237661425272
41,1021,14,21,38.56629892767018
40,992,0,15,29.242662105107964
28,1013,8,31,36.50579153477484
45,1021,10,65,34.53628087199544
28,1000,18,89,26.502938725144496
34,1001,12,13,32.409941636776736
29,1036,25,37,42.042912607635344
61,983,15,97,13.309799409026068
91,997,3,7,24.589423437808378
43,984,0,99,18.77531237623546
99,998,19,20,19.2558713033322
68,981,12,55,14.841272495552902
45,991,0,45,26.51245733460927
56,996,4,42,25.69302280389289
87,989,4,91,14.570347062621465
69,1013,13,45,28.47056195756593
43,985,26,47,18.939343354676655
38,987,22,69,19.09265904170525
79,1030,13,83,31.988985843014127
58,990,7,30,24.20943379490111
93,1036,3,32,36.63785566884863
37,991,6,43,26.30572806807497
38,988,19,70,20.46757761599462
55,981,18,7,19.760920335703393
93,987,14,72,12.896238351981006
74,1037,21,1,39.96732540795514
88,990,3,16,20.878218723403567
66,1039,29,51,36.3106079420367
68,1032,18,44,34.27466865254593
52,1015,8,36,34.39879410463842
40,989,20,41,22.763254401037763
41,1000,12,43,27.46616115263437
67,999,13,80,20.67594018004643
56,1027,22,37,34.02685824431639
34,987,27,98,16.078288183571885
54,1015,13,93,28.407819669041203
90,1008,21,5,25.093581920797426
51,1021,9,67,33.55589851373823
30,991,15,50,24.92261309532328
29,993,4,34,29.29428517688125
92,1027,22,57,28.53374485848436
97,1033,26,56,28.66050519277607
96,1029,5,72,30.649673036830677
76,1000,25,5,22.627691167561707
44,1001,1,12,33.010549614133346
21,1000,12,58,29.649314449073906
83,1023,28,85,24.32950623357769
54,1029,12,91,33.63891453057077
26,1009,18,29,33.6621732997424
37,1018,17,99,29.827636886177277
86,999,27,1,21.384625031079672
61,1003,18,57,24.167332048684415
58,1002,0,35,28.63467992307699
60,986,7,71,18.021800047010096
94,988,21,44,13.395006921308312
43,980,15,8,21.610675930900328
79,1005,28,64,19.318589192906632
65,1017,1,76,31.578050870245008
38,1017,7,49,35.270918607270445
87,1033,5,78,31.753906498530856
61,1023,15,31,34.27063009384685
51,1001,22,97,20.425920157510156
58,1023,10,42,34.89500502555936
55,989,16,94,16.764405598591022
55,1034,22,77,34.27595912007841
22,1037,18,53,43.07235994170187
92,985,10,46,14.182756412809617
27,996,27,13,27.583075631760423
89,1030,7,47,34.55042047397456
60,1029,21,54,34.85622377396415
87,1017,3,28,30.07523652535261
32,1003,10,46,29.75509554355447
68,1030,7,62,35.397123526189766
79,989,8,18,21.66579750600218
21,1035,25,90,38.98304487091324
79,987,1,8,22.093557150398603
24,1000,15,36,30.29196286364418
63,1035,5,91,36.8085812382204
46,985,20,51,19.108994689801655
51,1000,20,56,24.735879191590175
40,1036,25,87,35.59614756878709
27,1018,26,27,36.0018228942666
91,1003,18,35,20.868351166227058
69,1012,27,63,24.217137608756804
86,1038,7,17,39.66542812579821
63,997,13,88,19.964833104500013
77,1035,23,34,35.618791073388095
22,1007,15,67,31.834896289880913
89,1036,11,77,33.6658615852018
21,1031,4,38,45.41789715052869
63,1011,23,89,22.958825013194843
21,991,25,7,27.077089115659135
54,1027,23,87,31.357443170181792
49,1021,18,79,31.547458673713372
27,1006,17,83,27.635776125484448
41,989,8,14,27.30233249212437
63,1025,1,6,39.819324844808094
77,1036,24,16,36.14209160787883
55,1031,19,85,33.12585640275268
88,1021,11,85,25.728378618678114
96,1011,28,63,18.89727237595047
50,1021,1,11,40.104950698221316
66,1005,9,81,24.251913864344274
74,1004,0,55,26.949572790761604
99,990,3,45,16.60088888383075
81,1002,24,46,20.341478133727655
49,1013,11,78,29.08648709985067
74,1036,8,15,40.510061951497846
35,1031,3,68,40.36980980633717
31,1019,8,1,40.70840142983011
36,1002,27,91,23.12153024432939
35,1008,5,53,31.968267023947128
31,1010,0,26,37.57741548383885
27,986,9,30,25.811925473974142
22,1019,28,40,34.53723180764673
35,1012,13,35,32.88071533028426
49,1000,21,46,25.501730673276672
42,981,24,42,16.98729176599206
24,997,28,64,24.447813691992963
84,1026,17,49,30.65697539718849
49,1012,5,92,28.43339888547677
40,1016,17,0,36.72323731582322
89,1013,19,71,22.609411955003903
41,999,15,56,26.11665809241024
91,1014,14,15,27.719712216762876
51,1030,15,27,39.30845231483766
52,1029,7,85,35.54888266790722
35,1033,12,81,38.58479171021874
95,997,22,21,19.070245228386863
57,1025,10,40,36.35371029248072
33,1003,27,75,23.928984411380466
55,987,28,18,19.77083732458587
42,1009,24,88,25.152242075003187
85,1023,6,49,31.185281904675957
21,1032,16,58,41.814097417098374
92,989,17,68,12.563526248506955
84,1002,21,33,22.261518931447174
94,1031,22,38,30.11334113736579
86,1028,18,73,28.888343738649226
71,990,24,6,20.26067579057746
81,981,12,51,13.790606387514002
42,1037,14,59,40.884507095761016
45,1005,22,51,26.58149335850661
87,1015,29,78,20.508410027101014
74,1012,21,23,27.249543420913582
25,1026,28,25,39.629271725633885
54,992,21,89,17.159126638251536
41,1019,0,89,35.396092833403195
62,1004,28,9,26.31447015939789
34,983,15,16,22.486185142696783
79,1021,4,77,30.03162950811378
31,998,25,1,29.443420097138716
68,997,2,76,21.42502412630809
61,1016,22,26,31.422127599912983
57,1009,9,72,27.272041533273242
64,998,18,70,20.139533819859103
54,1037,4,47,42.32759500847116
49,1002,6,73,26.981415169778113
49,1038,13,8,44.66670759909908
97,1033,2,85,31.470909673947677
25,995,12,22,29.741566992773375
86,980,12,70,11.66287842451605
99,991,9,72,14.051525393279386
26,1003,1,26,34.907278436291506
71,1013,5,87,26.41524656152062
33,1032,7,92,39.603412797793524
92,1036,3,80,33.46883820185044
34,987,24,83,18.774698809067658
40,997,11,70,24.764212648321728
54,1036,27,42,37.901152741891366
85,1027,14,6,34.873548090171184
21,984,7,91,21.294622505708023
54,1005,6,82,26.096511951186635
97,1009,13,62,20.394698541799432
39,1033,22,83,35.93798007948408
29,992,18,43,24.62109679737017
44,998,13,38,27.958750046589838
85,1008,21,39,22.346984691991693
44,982,12,6,24.612895313608988
73,1005,28,69,20.18713976633424
52,1019,20,24,33.62056641602349
55,1038,0,58,42.71318005031041
33,1037,26,12,43.36774264042022
84,1037,18,85,31.0952255597962
99,991,28,80,9.58953513410441
73,981,27,85,9.600036348163119
71,990,0,97,18.229205447630946
22,1023,3,61,40.668865054779495
60,1007,9,7,31.17532723816533
25,997,2,44,31.823138041040412
44,992,26,17,24.221487913118022
32,1016,19,87,30.97450876388577
27,1001,8,59,30.63538887341175
40,991,2,59,26.372405155492405
87,981,27,1,13.598208029953136
44,1016,5,65,33.150161158858495
98,986,5,90,11.213655404786017
87,1005,22,13,22.835174985017083
64,1005,24,47,24.13560739230834
79,1003,11,55,21.945048399328154
31,991,22,11,27.10250711703585
51,995,29,95,16.613909181913254
32,1002,0,91,29.399353899422078
50,1019,15,54,31.501480850839776
97,1039,23,27,34.097406186148085
39,988,4,88,20.86349479212187
37,1011,8,3,37.686677461294096
79,994,9,89,17.66951239925191
82,1016,12,35,27.72796055132531
25,992,14,49,26.76293077916689
51,984,11,2,24.124343676829458
62,990,4,0,26.062842262605415
21,989,4,16,30.664081654706013
79,1031,27,70,29.80802750738778
42,992,27,61,20.654754241000067
50,1020,29,47,30.39376647976183
24,1032,17,61,41.52024717222001
53,1025,11,68,34.51467316794771
29,1029,26,18,40.6846669198849
21,994,2,33,31.693312474620537
30,1021,25,98,30.42461560558523
69,1035,24,48,34.233278907625305
50,986,6,79,19.31948391884856
75,1019,16,46,30.241769465690403
98,1007,18,90,16.707308685649757
92,1011,27,49,21.36757722033324
28,1014,17,88,30.60165804603196
40,994,0,25,29.174510785373524
92,1027,24,55,28.05037418298842
47,1015,23,77,28.56968774969473
81,1000,4,13,25.61622426551839
26,985,26,77,19.433625127983394
99,980,27,24,10.041251813246268
35,983,1,99,19.709161017743366
23,990,0,3,32.48375901795263
23,1023,6,78,39.3281737573281
59,1005,28,31,25.44676537555034
36,1016,10,81,32.17065153237059
71,1002,10,77,21.980646252361492
71,1008,17,64,24.095634435585755
55,1000,16,60,24.082678393822476
57,1027,1,19,40.64977386043461
69,1024,6,73,33.157661954476076
82,1024,6,9,35.26665678564942
82,1028,9,87,29.275047151286607
81,1006,21,33,23.517264284748627
26,1018,20,60,34.27943740040195
46,1019,2,91,32.26798450492558
33,992,29,26,23.61823800916644
90,1002,11,39,21.80080601591134
24,1038,2,64,46.64990210812525
74,995,10,32,21.598375841051062
21,1009,28,67,29.664892633787645
81,983,11,70,14.360240310760595
40,1019,24,8,36.07256918216166
98,995,3,15,21.397879755167413
40,1010,24,4,33.23988825973885
29,1032,15,97,37.95109079795681
77,1021,19,22,31.998781111952013
58,1004,17,42,26.05644443605066
24,1023,3,88,38.31109645582482
84,991,21,56,15.479050394437008
32,1005,5,50,32.03222205342435
72,1016,20,12,30.583009905008986
64,1027,14,23,36.55440041427012
51,1012,0,10,35.7311500926798
55,1007,2,51,29.87566080327318
79,988,4,16,22.018082263383434
30,991,21,36,25.338858307835558
82,984,29,12,14.250032042142257
40,1033,16,61,39.11212892573368
71,1031,29,90,29.235694944713767
74,1033,13,83,33.08170284377111
45,1007,8,96,27.1699554762454
87,1035,29,95,27.81706405939734
53,1014,2,7,36.79770570136506
71,984,25,55,13.467053658576813
71,1013,12,92,24.1924457198699
48,1025,2,82,36.18611744273412
57,1013,10,69,29.019123990996302
61,992,1,43,23.18605655307158
40,1018,23,59,31.607170503394286
61,1021,14,40,33.67614484472641
32,1024,12,20,39.84191780936703
83,1027,18,85,27.4352377424021
36,1037,21,41,41.98856670065961
28,993,15,73,24.862859321697133
60,990,17,73,18.259988034466907
20,1021,6,28,42.71081730931498
21,1017,12,79,35.033890924363114
79,983,3,64,15.52540978276648
67,1032,8,16,40.291653337216474
48,1012,29,29,29.030316360081365
29,986,9,25,25.761308374882677
77,1035,8,52,36.112455112415994
79,1020,6,18,34.05444231048253
40,987,14,52,21.42270971126142
47,1016,27,84,27.73030170425814
94,1030,7,16,35.29422514182553
53,989,18,45,21.00086982477229
27,1022,10,84,35.47730890931747
78,1036,4,52,37.427242171659
91,994,1,63,18.936994532189775
68,1017,9,44,31.06452004664992
98,994,15,48,14.813324975758656
36,984,22,18,21.673870273795103
79,1008,12,70,22.7933716529895
64,998,7,80,21.280426934819786
88,1033,8,64,33.62089159091732
51,1030,10,36,39.63852434542237
63,989,10,69,18.711112306689078
84,991,22,25,18.404334504119582
27,1033,25,1,44.65761222778392
96,983,15,58,11.560909645100526
91,1010,9,95,20.202366969999286
62,997,28,4,23.6097699681155
20,995,23,36,27.66934833116063
70,1019,11,30,32.29238638536959
43,1015,24,75,29.6031898903912
43,1004,5,98,26.335601955286982
36,1002,27,93,21.945825617381043
24,991,11,47,26.341311314625454
39,1013,9,5,38.29117116911329
40,1015,17,14,35.26993851136406
77,1016,17,14,29.290735528399694
50,982,3,60,19.60032775971675
30,988,8,15,26.986690253258082
71,1032,6,19,39.8886553992354
34,997,17,76,23.242573960434427
26,1022,7,43,39.358897454831606
47,1014,10,41,33.27199428025556
70,1036,6,45,39.654690083508214
77,1034,8,94,32.89528296576034
24,1013,7,33,36.93117728110048
24,1020,2,63,39.05128149534767
27,993,16,28,27.476101268011938
83,983,1,2,20.956351086608056
29,1008,14,8,35.837394000706524
57,1020,13,74,30.661420268759667
27,1024,28,74,34.41988640520157
44,1029,17,24,39.815612807099576
92,994,15,85,14.683404733360145
85,1007,19,41,23.338590653349286
98,1021,21,45,26.17349786243882
69,995,3,72,21.95397973933548
86,991,24,83,12.0677023407788
68,1031,19,58,33.37344977203047
55,984,5,20,22.850419869347053
87,1013,5,73,25.132292847935734
97,1021,25,21,27.47209827457485
60,980,10,28,18.790972017489093
81,1018,25,62,25.29146843621027
29,1011,16,72,30.487942633552244
40,1005,23,60,26.85414326767781
55,996,27,63,19.067388606572898
31,1027,2,68,40.790880090767686
21,1038,12,39,47.011627188294526
32,1006,21,74,27.653977066303394
72,1003,2,0,30.15504345417627
51,1014,15,64,29.718171964693546
35,1025,14,61,36.76838566418481
51,1021,10,53,34.502510397285306
51,1033,17,59,38.42134246080459
30,1018,14,45,36.41465945839401
29,1005,4,4,35.857125447975214
34,1028,15,21,40.56582051688043
36,1017,29,89,27.760962824254904
59,1002,15,52,24.60120170986577
37,1001,16,69,26.762899542183174
74,983,8,31,17.50825810681565
92,1028,26,10,32.11087324229776
44,1038,22,9,43.56972419586829
78,988,2,38,20.301721834139162
97,983,19,97,7.318019794191849
41,986,12,30,23.745332648352193
49,1002,21,11,28.164317255988916
63,981,2,79,15.06279220539243
51,1028,27,37,34.89582148876718
70,1003,6,66,23.77606040723191
65,1019,28,65,27.205281241852134
40,1034,5,51,42.629619458745175
51,1010,8,4,34.293810188457385
58,1026,11,10,39.57776249003505
31,1010,14,24,34.30963569368668
66,1026,20,34,32.66713333130556
37,1019,19,34,35.589728336702905
40,1027,2,21,43.31459748604697
32,1030,9,36,42.66358043880139
40,1022,0,85,35.821680752930476
27,1013,18,54,33.35022375257001
65,1034,18,74,35.249453282154754
26,1003,22,95,24.862435986019662
42,1028,22,98,32.67543659210213
94,1039,12,94,31.91497138808031
41,1005,11,71,28.0969435953328
41,995,0,63,26.68606647037737
48,1036,18,19,41.866837066779084
32,1026,28,97,32.09740276265411
21,992,23,3,29.07601616271133
48,994,15,17,26.276886180929424
98,1006,24,50,19.947359291924275
71,983,22,67,12.021605243006844
46,995,22,19,26.0589533449273
69,1009,27,8,27.10776183528775
98,1023,14,79,25.334706489305944
42,1009,15,25,32.729366567579675
63,1015,10,24,33.056204205079986
96,982,23,67,9.018309016957508
41,1001,5,40,30.737388644460477
62,1028,10,58,35.240084502358016
56,1001,2,44,28.773815440392024
80,1029,14,40,33.28542190693915
75,1036,0,37,40.03735151213905
22,1029,6,18,45.568992465508586
82,1034,0,13,39.99668519355174
38,1039,16,20,45.12992816217293
42,1028,8,14,42.62821236095371
48,991,28,2,23.765672988725818
49,1034,25,36,38.063407833395864
58,1000,22,45,22.952239642446774
44,1035,12,15,43.37232650213036
27,983,10,13,26.154395911158904
77,1010,28,8,25.41957827122879
35,1023,19,6,39.224699800573944
91,1010,5,13,28.08058946366245
20,1037,0,5,51.927685478931174
24,1002,6,84,29.213914864414573
22,1033,11,14,47.082929492232935
84,1032,21,51,32.01378739659549
23,999,19,71,26.43285041709021
83,994,22,33,17.893429050281682
29,1002,18,0,32.26697094071083
40,1007,16,95,27.201590962848584
65,995,3,68,22.76525627575622
46,1016,2,93,31.96186278772877
85,1000,0,85,19.798345158195993
60,994,17,19,23.454186955646936
32,996,26,79,21.59233316115489
28,1029,20,6,42.983784116526955
55,1016,14,6,34.40634637303469
77,992,7,49,19.594854709775284
73,998,0,1,27.719422524330525
31,1009,19,46,31.350123337617934
97,1024,13,13,31.445712490218405
33,997,3,30,30.743369027993502
53,993,4,49,25.29645323270581
72,1015,22,60,26.40555345222657
39,1015,12,40,34.15848360070054
94,999,27,13,19.222802840721712
35,1031,23,4,41.87966944896835
89,998,14,74,16.932438035859654
75,1024,5,4,37.26959860163802
77,1023,0,63,32.942824995291964
23,986,22,28,24.0162839928555
23,1036,18,74,40.87756520660724
39,1023,12,4,40.67385174886217
29,1032,28,95,35.46731120429097
43,983,28,35,18.030855584691633
45,1038,5,78,41.6182772587828
56,1013,14,18,32.87964650163273
73,981,15,63,13.083564482048198
40,984,23,21,21.885081092929582
93,1034,22,33,33.19036364215875
57,989,15,55,20.683834052811818
65,1011,9,16,32.425879858991884
23,1021,21,75,34.29869338873788
79,1020,8,88,27.9724912604329
76,992,8,55,19.839814648294656
64,1018,16,16,32.94575840028856
39,984,16,73,18.937462364033017
36,1037,16,91,37.98118817488809
90,989,23,81,10.067307166053517
23,989,11,17,27.732679029766324
33,1017,12,44,36.12462846071335
22,1006,29,95,25.91825456596003
99,1039,11,77,32.25305794341279
77,1030,13,55,34.31058456437963
74,1000,9,79,21.27353770145464
23,987,22,49,22.230843407605086
43,980,18,57,17.304012897057284
53,1007,28,17,27.42015734190934
49,1028,1,79,37.536997934360755
38,1018,3,80,34.48471053761732
50,993,18,6,25.178510813046778
79,1000,6,75,21.79723626526397
79,1009,25,97,19.018698453979376
38,1000,14,9,30.571980230264877
68,1028,14,68,32.63343002526985
82,988,23,84,12.389334023104315
41,996,5,2,31.54563731991703
43,984,2,82,20.10882444591744
95,1037,5,43,35.61395515995019
49,1036,15,98,35.7919024309202
77,1010,1,69,26.488928694497655
50,1031,27,13,38.71358287960778
83,1019,6,3,34.08826595049335
38,1017,29,17,33.577229420512474
67,1022,10,92,29.79038009168575
64,998,25,98,16.30569205601595
74,1015,29,51,24.71411317301724
74,1029,6,37,35.61523823964727
37,1012,3,79,31.590346126908305
82,992,28,19,16.920286319601736
66,993,23,87,15.727134122055322
94,1035,19,98,27.763009309694606
76,1012,6,43,29.50904218085286
64,1008,3,50,28.53375150683552
52,1022,28,18,34.05197320125071
36,1028,11,67,38.900121483626336
89,1015,4,96,24.216256302136877
23,1037,22,65,41.56804208791548
39,1023,28,12,36.863504293276776
66,989,29,61,14.739132667969681
34,1010,29,60,27.799595402978653
89,985,28,29,13.036353143017232
66,1036,25,97,31.448444261456782
97,980,18,29,11.998376631765217
94,986,25,50,11.698131399763454
28,1037,4,87,42.92315825468756
35,1006,26,47,28.67544294454408
88,1000,29,32,18.167970390990586
80,1007,18,73,21.751888452827504
29,995,20,81,23.55928644863892
69,1035,29,18,36.25928925537754
22,1025,2,70,40.48514030545042
96,1002,26,56,16.884514272913737
89,1031,25,18,33.59412222758088
70,999,10,87,20.023882269338248
38,1017,6,78,33.4346138133533
61,1033,28,40,35.839197400788386
54,1004,16,41,27.054066277849675
65,1007,24,86,21.803010532492298
45,984,8,51,21.907315563757564
88,1035,20,3,35.606488056965084
83,1000,8,3,25.69121020427554
56,997,9,4,28.165098148342114
68,1026,12,40,34.11883461627746
40,985,14,86,17.360682954569633
93,1036,21,60,30.654250922986336
83,1008,4,74,24.082184390934707
24,998,28,54,25.412981985340583
89,1012,2,74,24.729083206540118
23,980,26,12,22.437213689857376
58,1024,26,13,34.313926474811964
54,982,7,59,19.225090319389302
20,1021,19,71,35.60955788040637
43,1000,9,24,30.582660759986275
76,1014,12,81,25.30499213397605
89,1020,28,43,25.284050203062474
60,1019,2,81,31.357717621229412
73,982,28,9,16.286897127565524
65,1004,21,70,22.397916689977826
79,1024,7,49,32.05029090854329
79,1017,28,43,25.969538284112303
76,1024,8,13,34.38066059565983
50,1034,29,14,38.51419784069401
43,999,21,15,27.37485566541298
55,1031,20,1,39.682591368199745
49,1023,11,29,37.936507360040004
43,1024,10,29,37.87290666362959
49,1013,1,81,30.456096735457816
26,1000,17,30,30.52619724164519
54,1035,8,76,38.335136156627534
74,1034,1,19,40.60511458220932
33,1027,1,48,42.83624446439844
29,1002,2,34,33.63870354593399
99,985,15,22,15.001412352828048
35,1030,18,96,35.44459994078344
73,1032,3,98,33.1382089282266
96,992,22,99,9.813935311301124
89,1028,24,60,28.713832455686273
63,1002,17,83,21.69637416885236
92,988,19,54,13.17069593375794
64,996,24,66,18.955792027314505
75,981,29,7,15.271309027008606
76,998,17,39,20.998035260108857
40,998,9,58,26.588302262637853
87,1035,10,31,36.693320250827696
69,986,28,92,10.195669871183659
52,1033,16,6,41.95279608769761
26,1021,25,1,38.85747547022635
89,1021,23,84,24.200826695470248
34,1038,24,5,45.97389241362026
51,999,22,91,19.921415842591884
94,988,23,35,13.025178132568744
39,996,19,31,26.180045684599232
34,1006,15,44,30.647370108440107
67,1026,19,41,33.600361912229495
90,981,12,52,12.457030655447154
40,1015,1,8,39.011834858675655
61,998,23,74,19.57530680086239
45,996,26,86,19.00892379244574
33,984,1,74,22.94460752169413
76,1018,24,48,27.96898057147745
56,997,13,1,27.121201431110315
77,1032,3,66,34.580373511283746
40,1033,16,10,42.99895578662608
88,1038,12,49,35.06926476143834
22,986,3,34,27.141891158449425
56,996,2,14,27.778990752176064
68,1018,11,74,28.7831988019963
38,1015,21,30,33.49428876517197
31,1019,22,91,31.456628462067588
80,1024,7,61,31.038492902543666
60,983,1,27,21.231678452229662
52,1017,5,95,30.39155851004244
69,1004,21,24,24.600721978827856
87,984,9,83,12.366085559643599
90,1009,11,91,19.786888599580692
52,991,20,24,21.597557095543973
43,983,9,74,18.225113649832302
80,1003,9,82,20.63084029002927
80,1008,22,91,19.376435071885062
47,988,2,0,27.818470891734055
77,983,19,58,12.927648823001029
62,1030,9,68,35.0367460211149
60,1003,28,73,21.47663728531344
58,993,8,41,24.204442709283526
68,984,19,33,17.45310121543076
36,997,18,99,22.034448146634645
89,1021,13,65,27.444253161929712
89,1036,1,17,39.08740105713894
84,998,4,76,19.792179144112712
93,991,19,4,17.860066389989257
24,997,28,19,27.553363349689906
21,996,28,65,23.641255110379213
41,1009,7,74,30.333035790980027
76,1003,6,61,23.80183588111486
85,990,5,93,14.658557561059908
93,1014,10,95,21.833096706456093
35,1002,11,31,29.954946755641206
70,996,17,57,20.068199779621917
58,980,18,49,15.622229968551824
95,994,9,37,19.037998605206816
59,1011,24,54,26.50310567794879
57,1039,28,27,39.64289194260201
79,988,24,73,12.706379800702924
78,994,20,85,15.190838936077796
29,1007,13,80,29.915563138843915
83,1003,2,21,26.573805367830797
82,1039,17,42,36.77592744410075
68,1014,23,82,24.018237792599795
83,1001,14,80,18.684446545187747
51,1006,5,87,27.58676199930474
26,998,9,35,31.020253340978552
40,1024,26,95,30.52927054569818
39,991,11,51,24.481459580113626
45,999,6,35,28.210009363187105
87,980,16,27,13.479403892690387
34,1000,0,77,28.263287849588746
98,1028,25,57,27.165953098816665
33,1024,17,35,38.35553421416591
46,980,25,69,14.721739237788256
59,989,14,8,23.697089759271613
77,1026,18,20,33.419892870461474
47,1038,27,63,37.49775784173293
45,1038,0,75,42.43148140970044
82,1011,29,60,21.069751862802267
85,1018,4,93,26.204393505908858
44,1039,14,94,38.70078139631678
22,1001,2,39,33.694470107582276
91,997,0,55,20.959775220956956
63,1027,7,3,38.9084418720349
61,1025,11,30,35.60743925071769
25,1011,26,26,32.786407873076165
58,1006,21,57,24.98630400061325
71,1007,24,24,25.287812070459665
42,997,18,68,22.326137715932475
69,1038,24,69,35.503522404236016
62,1018,24,4,31.78551546612708
38,1028,11,90,36.11521184002123
88,1008,12,7,27.32168652088244
70,997,27,8,21.90010651282539
30,1023,0,14,43.89997984533077
31,987,18,99,18.125911260307593
93,1033,5,6,37.85555070096634
27,1010,7,95,29.859726588754256
43,1013,3,71,33.056614545646745
60,986,4,14,23.480437793120306
55,1015,24,36,29.272643797728588
91,997,21,82,14.704377157263927
74,1039,27,38,36.87607612192265
28,1017,6,5,40.536794767703086
66,1038,22,82,34.23489402905175
34,988,3,56,24.76258805181963
67,1038,19,91,33.68489154263435
61,988,3,80,18.612218949783365
79,1025,29,18,30.586770895239844
89,987,14,62,13.393809769756311
31,1030,26,30,39.57176829309848
21,1014,20,74,32.315461674514786
26,997,4,78,28.240585506536828
99,984,23,9,13.7659381582463
22,993,8,86,24.653249694594017
22,1007,1,66,33.723204820304716
46,1009,26,61,27.245278623255203
59,983,6,2,23.137012479805456
52,1018,16,17,35.00723535252924
20,999,15,24,31.79948920903188
27,1004,16,19,32.69916945697877
51,1007,19,57,26.769476104680113
67,991,25,92,13.788050544567795
23,981,22,85,18.17786762598809
89,1022,1,49,31.13261087162316
38,993,10,78,23.203521767385443
51,1001,1,9,32.197668726626254
28,1010,0,20,38.03610399803641
31,1002,25,28,28.87463997554989
30,1027,1,95,38.3209010043561
65,999,28,9,23.485332538271795
35,1017,22,12,36.0278389795449
20,1034,8,46,45.052071636715304
82,983,21,22,14.58602353468205
40,994,25,49,22.593774618985854
49,1003,1,86,27.27911910554932
32,1004,27,94,24.19184853377899
53,980,14,3,20.22040916191446
23,986,9,66,23.65542525316669
47,1036,14,84,37.51083071557006
78,1010,9,52,25.558838419199983
46,991,28,1,23.95763926455041
88,1021,24,67,24.991954390415636
44,984,22,64,18.49147103815329
22,1023,26,78,34.2929898328812
87,1029,16,56,30.481912217551063
44,1021,27,96,28.28353085267137
39,1017,8,69,33.60420467337646
53,1039,17,6,44.06516331222084
45,991,3,18,27.962434040898533
24,1018,8,43,40.02307866925915
80,997,15,62,18.23670923564626
28,981,3,64,22.52311743764859
69,989,15,38,18.867859231787147
25,994,18,82,23.865249885895697
79,1009,0,25,30.441578584566734
63,1023,22,43,32.34105568951687
30,1037,5,11,47.816197746216766
85,996,9,21,22.512328770501522
66,983,15,76,13.163324603380865
92,986,3,91,11.530040318909489
22,1020,21,13,39.33547471940016
95,1010,21,85,19.05534011210623
49,1030,12,29,40.10409842650899
40,1039,15,43,44.11289411718134
47,1038,19,83,37.76466349148123
81,1034,29,90,28.396570649605444
52,1018,28,37,31.41759642014063
54,1034,5,58,39.67293365925448
71,1013,25,41,26.46437415179524
53,985,10,51,20.194488072210838
60,1029,23,62,32.55411597113005
70,1017,28,60,26.093733396381705
66,1024,2,33,37.75251346432222
77,1037,19,38,36.97832485318778
94,1030,9,40,32.48035523164576
76,1013,28,36,26.489325470277283
42,1023,27,64,32.724634834562664
67,994,29,78,15.722124776487506
41,993,0,31,28.521389220630958
36,985,19,7,24.581352823873452
88,1029,10,96,28.775892315664933
30,1016,25,17,35.54982222798042
34,1029,25,44,37.913445568241315
54,1011,11,92,27.226883467969547
52,982,13,95,15.231469855621114
35,982,24,32,20.115302893198788
53,1001,7,4,29.97050770822229
85,1001,10,81,19.18803303019116
59,989,3,73,19.951061820210434
47,1030,27,35,36.51321034009101
66,982,6,96,13.957573790786668
58,991,9,22,23.609842004984475
89,1008,18,39,22.324850922244416
92,1027,24,4,32.02598660003339
39,996,25,33,24.923414765462404
20,986,3,23,28.954295460572414
91,992,1,16,21.925383294296957
82,1035,25,94,28.850231063868446
86,981,20,70,10.066236715541052
23,983,17,80,20.618711020786357
77,989,13,91,14.042647029564122
44,1018,25,21,34.86969188048398
66,1003,15,14,27.20499721356015
57,996,21,14,24.103810379070605
34,1031,10,24,43.804842012464185
82,985,9,52,15.683719735426912
40,998,16,20,28.926275247299174
76,984,13,65,14.606673144344105
72,1011,21,90,22.036085515443
65,989,3,31,23.5305074706712
33,988,18,20,24.800314397840417
95,1006,1,67,21.5071905030761
36,992,6,43,27.200289835427178
58,998,8,82,22.51496599737222
28,1000,27,65,25.841859593866605
96,1003,18,89,15.639163070820906
98,1017,15,97,21.216424171294108
25,983,21,13,24.029979113083776
42,1003,24,14,29.446881037624966
78,1038,15,19,39.30542509000613
65,1014,17,33,29.917400187858572
57,982,22,35,17.160622351994387
33,983,20,82,17.114514418913128
91,1036,20,8,36.49434106844336
81,1016,10,70,27.0445605117451
54,1019,6,29,37.12555358730937
38,1027,8,76,37.655392487197616
49,1033,3,90,38.36622934307409
97,1014,24,62,21.52880056383115
44,1010,29,34,28.531647616350607
59,1035,12,12,42.41470071490542
33,1023,26,78,32.78212691093806
45,1004,25,45,26.153520573716648
41,1019,24,55,32.1825932371528
67,992,28,8,20.477028195833523
70,983,3,86,14.976795455666474
22,1025,18,35,40.40761930659386
61,993,1,2,27.641695757571565
38,992,8,97,21.649145303986593
92,1006,11,18,25.20491247742325
47,985,1,27,24.627894343926936
64,996,5,22,25.762932026894834
90,1015,4,6,30.83822970646207
97,1019,29,75,21.299200833407436
82,1028,4,13,36.68668408048155
92,1014,19,45,23.990694123974826
38,996,21,14,26.977761630964196
66,1020,4,66,32.14749236623887
33,981,26,14,21.726771235502465
57,1036,3,50,41.42388032411345
72,992,28,87,13.883410856213693
80,1031,8,7,38.205149040441086
55,981,28,68,13.181112600348188
59,1031,21,61,35.296497834424315
49,1007,26,50,26.664352493803502
28,1022,9,62,38.30851336570442
83,1038,15,67,34.25789768483342
52,1005,9,77,26.237366111673758
71,1001,28,15,23.152832228599944
33,1026,9,83,36.70679911887653
94,1022,28,23,26.078410469479383
72,1034,18,5,38.998233485814424
78,982,9,56,15.300683244024965
97,1014,5,30,27.677600876897596
60,1039,29,5,40.10204627959348
87,1037,16,98,30.54465192727861
87,991,4,78,15.295863479710603
27,1003,25,28,29.7433870063188
21,984,5,66,23.612457596462352
60,999,26,74,19.130179188966263
74,1018,23,2,30.75715836317479
35,1018,26,27,33.94951128278074
81,992,14,73,15.507943787620778
67,1020,24,96,25.786409318054552
49,1036,26,47,37.83510513552013
31,1032,18,79,37.67603738690257
54,1024,17,9,37.75700703569725
30,991,28,32,23.804486053905947
83,992,3,99,14.648167229997936
69,1035,7,66,37.46781217112788
40,989,26,68,18.996036696068227
88,1012,15,11,28.105186964537033
67,1036,23,56,35.157388830819535
39,1019,18,43,35.51234531494052
86,1033,19,12,35.34905567827034
63,995,2,23,24.992080515243398
52,1024,9,43,36.11531486688758
92,1014,1,56,27.371069564650558
80,982,3,95,12.679543262921932
28,1035,5,15,47.53874288007759
87,984,10,95,10.456806964351708
54,1005,13,99,23.389209593093266
84,990,15,20,18.792812193440174
27,986,26,75,19.13767546532817
64,1032,20,50,35.468835059100954
66,1035,18,20,38.990884447691904
59,989,1,59,21.703852162060763
95,1021,24,50,24.84871757500122
73,1031,16,20,37.329997635281224
95,1013,8,5,29.940800701325674
65,982,16,72,14.96210491129603
66,987,14,64,17.32954044337209
34,1010,29,75,26.262459599769116
38,990,6,57,23.64133251103336
45,1024,21,77,32.21578855543595
71,986,22,5,18.922624222059614
41,1024,18,64,34.68208645962085
40,981,29,85,13.896875916337935
70,985,2,33,19.763776736748408
57,1020,28,55,30.253709673540676
39,1011,26,74,28.182619344703202
48,999,0,2,31.58432305404006
70,1036,3,41,39.08922823591917
23,1013,27,61,31.425127331992442
74,1029,17,5,37.33104524801293
90,995,25,5,19.083909717435493
47,1004,7,62,28.319977653272122
23,991,18,19,27.61014421978183
41,986,22,20,22.323139521905677
95,1018,22,1,28.942238566099256
64,996,27,89,16.48605460256861
86,1024,24,94,24.667754363878345
85,990,5,89,14.298382760380255
53,985,0,55,22.719141158229377
74,1002,7,95,19.87437307845499
20,1006,0,9,38.75821101021033
91,1025,18,86,25.794776126874257
57,985,10,69,17.87654675495463
25,1017,20,22,37.724912840698
44,981,23,91,13.566094599501653
36,1001,24,29,27.663646186031457
80,999,14,77,18.066697401827238
31,1004,22,36,30.231079425207554
25,994,24,54,24.86304271053352
46,1039,10,95,39.41860904567766
27,1028,18,48,40.11599192631701
84,1008,28,33,23.35570638030692
76,987,20,43,16.868472912602936
59,1016,9,21,34.23152081189369
33,1028,23,30,39.32898134887648
54,1031,11,6,41.35392906501909
67,1012,0,20,33.52207888944732
75,1001,23,15,23.703556479481
68,1029,6,19,38.31530433281491
32,1026,16,42,39.39989147583365
80,984,28,43,13.064177246847006
68,1018,28,46,27.159176688525204
65,997,25,18,22.704956985460054
81,1017,27,47,25.457135527823784
27,1033,9,95,39.74730674669296
62,1032,27,78,31.383673385300263
39,1016,5,68,33.19672212043538
58,1009,16,10,30.522291849875472
68,1030,17,78,31.712270843140296
83,1010,4,28,28.68661153377343
81,989,17,44,16.714756558158214
73,994,29,67,15.646296115076764
28,1021,25,35,35.70163466338594
56,1038,16,47,39.28022081276423
68,1027,21,86,29.211663657460885
60,1023,15,14,36.091571506282975
36,997,7,43,28.392446227335984
40,1002,23,66,25.07531954978239
70,1012,12,95,24.78773515836875
78,995,28,73,14.360353096186834
58,1033,23,39,36.299364750424765
74,1017,15,85,25.96767999304611
60,1014,10,13,33.518984681845424
58,1013,5,62,30.911681780753455
32,1007,26,80,26.403788329889032
83,981,2,84,13.700260614918697
30,1009,0,50,34.30606261556931
38,992,17,78,21.88010842998204
30,1020,4,57,38.23966309805258
96,995,12,14,19.37849946648623
65,1038,9,64,37.496020356323626
64,984,4,87,15.677490466709678
20,1034,25,54,41.88454385573638
59,1007,13,75,25.89761577796418
38,1032,16,9,43.11567375749731
95,1018,0,41,29.488863508253694
91,1024,24,94,23.2019515016894
91,999,1,10,24.85630534032175
80,1003,6,15,26.56291915725084
31,1006,9,72,31.0449710254998
80,1009,19,77,21.021722199925634
52,1037,6,18,44.556218852038114
64,1024,23,30,33.87853567076559
88,1006,15,72,20.827291407911233
27,1005,4,99,28.66786164823792
44,986,28,52,17.26883490120532
65,1021,27,89,26.267200602526174
49,1026,11,7,40.365261602784344
66,1032,16,23,38.47620454862334
68,1038,15,7,41.714223924342214
66,1017,19,82,26.29758003791557
37,984,25,47,19.013642635696044
85,1002,15,29,22.076921149760523
87,1007,18,57,21.65468216913988
52,1013,25,85,24.897775874583374
55,1032,14,54,37.884995173797265
38,994,11,72,24.234577605609434
47,1011,20,61,28.748728000236337
59,1005,9,47,26.9290864441261
95,1027,28,3,30.635018299444926
34,1010,25,36,30.825347189623212
60,998,28,7,24.091403192229713
58,988,21,0,22.564256440402975
21,1008,1,91,32.31320147478233
82,1033,6,69,33.942008237837385
48,1037,12,46,41.85996391826765
93,1030,2,99,29.165250018608415
85,1018,14,74,25.356669281789653
70,983,0,4,22.38291841601702
94,982,25,49,10.229860186514767
96,1035,2,23,36.875612630795494
29,1008,24,46,31.26484949479819
33,1031,9,17,43.61466861941719
70,990,26,83,14.435139412039282
92,1012,26,27,24.23979507449671
58,1017,14,76,28.50494920387514
47,1037,21,4,42.41389833151449
22,990,26,29,25.539932084423615
89,1006,5,0,27.861299407474363
46,1012,19,85,26.796526475195705
21,1000,14,81,28.47585060449075
57,1018,23,45,29.853048779900227
22,1010,20,68,30.89653070121399
35,1017,6,30,37.6458008434511
59,1025,24,69,29.430275586281752
21,981,28,90,16.495683879553326
60,1006,28,55,22.94422072233041
31,1015,29,88,28.91526805741487
54,990,20,92,17.01063136147988
84,1026,26,27,30.555860500107098
74,997,29,15,20.821523314826823
64,1038,4,53,40.64179455718314
98,980,29,52,6.98979790766592
81,1014,3,11,31.662586024775493
68,1014,21,19,30.341613473887453
44,1010,17,81,27.887620722144806
42,1007,2,33,33.563043492252504
43,1018,16,52,33.69003266317618
57,980,17,63,14.979458235610126
47,1004,17,22,29.48247338466305
40,1022,23,26,36.41725845558505
73,1017,23,16,28.932859589835203
37,999,1,47,30.543069459045693
55,982,12,20,20.96717011057855
64,1030,29,49,32.28965586144626
92,981,21,39,11.902051258078362
72,997,14,94,16.57134260766966
49,1023,4,2,41.06647654240688
79,989,2,16,22.089966523278125
51,984,4,60,20.195264462650282
86,988,4,49,17.58968366374366
86,981,4,89,11.87136527916378
47,1013,2,86,29.967215873007408
63,1039,2,5,45.8504822951445
98,1017,19,27,25.93486324380959
60,1010,22,71,25.427726424087343
82,989,27,54,13.901758838824975
42,1029,27,57,35.12446492952884
94,991,27,44,13.34033690181189
67,1015,29,71,24.45971028645457
51,1033,17,18,41.51313019036334
76,1000,25,28,20.789777106614974
52,1028,19,22,37.62096357160936
43,1026,3,31,40.078905974562424
58,985,0,9,24.641954122818035
53,1027,25,90,30.338245493254824
75,1028,15,48,32.85891424657371
47,982,7,64,19.972345201299383
56,989,16,28,21.348315238693232
26,984,7,58,23.580238975966942
87,1025,6,44,32.000699856905065
56,1005,24,66,23.322084811665036
75,1000,7,50,24.735894804745822
84,1024,20,94,24.612512151527064
84,1005,23,10,24.322034271497476
66,1017,29,85,25.513686692189847
39,1023,26,81,32.2095428856736
38,1005,25,98,23.483471082724876
48,987,11,5,24.413615839937453
93,984,15,66,12.022387167021702
79,994,11,61,19.13867298904785
37,1038,18,4,44.965153781499176
54,995,9,8,27.299859385019488
62,980,6,27,18.736953026860945
30,995,11,82,23.31023998066278
68,1016,19,91,24.505321259690838
57,982,4,90,16.302719613090687
83,1031,15,76,31.16015958862978
88,1026,8,37,32.478281523428635
27,1010,6,42,36.07706269625108
53,992,19,20,23.964719956371972
67,1035,21,90,32.48736118144371
75,995,25,61,16.743698656189423
95,1034,13,45,33.34136980935423
84,1022,10,69,28.671076795103257
50,1000,6,37,27.62715795921375
23,981,28,48,19.362309007655394
69,1033,9,74,35.462783598937655
88,1006,28,80,17.857370132410658
49,1017,8,38,35.29008194840281
78,1005,3,70,24.26715134881263
86,1037,15,29,37.30868582123229
94,1038,9,20,37.91197583403161
64,1017,18,0,33.5557249742285
23,1025,23,88,35.649355784016734
45,1004,16,31,29.530129329416393
46,990,8,7,27.591001546879347
65,987,12,68,16.616196566237125
83,987,0,29,19.59986568553534
70,1012,1,7,33.13129746279754
69,1032,12,18,38.70088831239738
25,986,23,58,22.322174766581146
78,1017,8,54,28.610526563971433
34,1000,6,29,31.832682502901523
49,987,15,78,17.608715727875918
61,1030,18,35,37.50875970086552
56,1033,6,54,38.481674169874616
61,1000,5,43,26.780150164380764
54,1035,17,26,40.86018771152729
25,999,18,76,26.48000249445038
87,987,10,77,13.151375215010635
37,1037,28,53,38.88182826395038
92,1025,11,47,30.876200313724535
48,1010,28,29,29.40420331611748
96,1029,25,38,29.67738040355235
78,1036,9,12,40.51798599505794
66,1008,12,15,28.93195916221705
36,1027,11,43,38.97701447569634
41,988,20,70,19.11433809617151
87,994,9,26,20.43017929730319
88,1009,19,44,22.78689889069636
56,1005,17,34,27.618748986216936
68,989,3,78,19.117625246640884
32,1008,27,27,30.693002395698226
53,1033,23,98,32.40234138166606
72,995,4,6,26.326461550444975
70,1015,4,61,29.6790177557854
22,999,28,50,26.753662441567062
61,1024,27,45,31.283763373744208
51,1033,11,19,41.999985179784616
70,1016,25,95,22.793047933503512
65,1001,2,37,27.653136112938572
40,986,28,60,17.98361164902115
63,1002,7,31,27.08784188488609
30,1020,21,25,37.56546649317468
87,1019,1,57,29.40736443546107
20,1008,17,38,33.39946370100215
82,995,8,19,21.979361550621043
43,1017,12,81,30.618208919863513
32,1007,6,49,33.14714268960392
30,1027,9,78,38.84280832455558
70,1017,8,51,30.39470013765798
36,1010,29,85,25.600763744406205
43,993,21,21,23.963852610375767
38,1032,14,52,39.05332446005215
56,1012,4,84,29.24336527285768
27,1036,11,65,41.96299609886717
47,988,0,42,24.21803321470124
24,1036,11,81,42.261715659185995
36,1006,21,22,31.084853631342504
55,1003,5,76,26.032351191775366
38,992,18,63,22.46345972424429
83,1005,18,8,25.131536573102572
30,1008,15,6,34.651067162673115
73,1030,18,40,33.932928277363835
64,1028,2,53,36.81547606196943
66,1022,22,64,28.434829098866484
31,1007,9,1,35.876831948061366
40,1007,26,3,31.1738907451766
30,987,17,77,20.395517622073253
24,1002,25,31,29.548722740625315
75,1008,12,99,21.964363875450644
39,984,25,1,23.065742963642617
60,1021,17,63,31.71567657398877
65,986,2,13,22.45604881831949
31,1021,25,19,37.019627425550965
89,1015,27,88,20.823789752533564
36,1020,22,48,33.48713204271171
38,1006,2,7,35.15188537383125
45,1037,22,91,36.06213216651422
67,1025,24,62,31.2121619011874
71,981,26,45,12.462733647952632
89,1004,25,20,22.19191032091563
74,988,11,86,15.006051553164994
94,1032,26,31,30.446772991948567
52,1006,19,7,31.639912073168915
81,980,6,94,11.227324001952907
42,1002,24,15,28.688101158930053
34,989,29,39,21.847253774103354
46,1021,23,26,35.04847809108606
94,1031,7,17,36.61603667793103
83,1004,8,34,25.722971924134796
70,1033,13,51,35.5542009282356
72,982,4,14,21.08936245648612
97,985,29,62,8.339933523525048
70,1037,20,52,36.3011204404412
66,985,18,90,12.574240940785817
23,1032,20,80,39.46830320693247
26,981,15,65,20.146319379326076
54,1037,23,30,39.12525618171076
67,1037,11,60,38.34425050701735
92,997,20,63,16.678100697452614
91,1002,3,97,19.525051390859346
64,981,7,33,17.998524775307388
91,991,6,54,18.01677146002486
38,1001,14,58,27.109742159751427
82,1016,29,2,29.165751735461953
57,999,29,16,24.28247684903208
86,1018,5,77,27.26566563022925
78,1003,4,77,22.544260536369194
88,1027,13,45,31.39316853833004
32,999,20,37,27.5002428422122
66,980,12,34,16.445968076218584
80,980,9,0,18.01866901432196
50,996,17,28,25.85544426822438
99,1038,28,3,33.81168751708152
41,980,3,60,21.120333115301694
62,1032,7,96,34.49169487318023
86,1031,23,16,34.010737309430624
73,1024,10,27,34.90658024701291
29,1009,16,49,32.59417248727907
61,1020,17,89,28.341200794019855
83,1026,20,7,33.416171562325744
40,982,24,33,19.807048337976852
99,1025,25,58,24.989352619284446
95,1034,10,17,35.3927707217124
85,990,15,94,12.49765653873793
60,1003,11,58,25.504045260993667
43,1001,12,26,30.43043557496989
54,1023,26,15,34.7239913602233
75,1024,15,9,35.630076256246454
49,1005,22,75,24.50772884896242
76,992,25,21,18.49326867481532
66,980,20,15,17.473534324260463
54,1003,0,11,32.09856858771397
38,989,15,74,21.105604724220942
27,1014,14,83,31.44181434836157
45,1003,5,50,28.695668115088882
90,1007,11,0,27.37682776540376
49,1015,7,26,35.721864476975796
26,995,6,66,28.59283375127664
86,1019,1,11,33.21531377932809
84,995,11,29,21.611872062495422
55,1038,20,8,42.9672234499885
44,996,13,52,24.794418570481618
56,1030,15,60,36.49404344472819
20,1033,10,53,44.4321081881426
34,994,19,36,26.39109153926979
56,995,8,64,23.963680189371598
32,994,9,41,28.270330923775003
27,1036,16,48,42.241550935318934
24,1013,11,3,39.32128024799877
79,990,5,63,17.326599249465257
92,980,18,78,8.435725035138576
20,994,10,50,28.646813930727653
55,1005,8,90,24.658152548619036
54,1030,20,71,33.70619842841331
85,983,28,59,9.864834049626381
82,1022,5,86,28.45141972428596
42,984,26,78,15.794147577032698
28,1014,24,90,29.452716953068425
53,992,24,30,21.942625412771132
65,989,23,71,15.413723845489024
97,990,24,93,9.849824217335998
23,997,15,57,27.770880746160945
49,1013,19,81,28.032245409286688
94,1018,15,3,29.707759591304846
91,1020,5,21,33.04185458466843
22,1021,4,2,44.37363208751694
33,1029,20,78,37.2276493006583
79,1002,3,98,20.163029005593604
96,986,1,46,15.896424860846935
64,1038,27,37,37.1139311736753
53,1018,5,32,36.92649996338404
64,982,8,77,15.3336299909672
80,991,27,47,14.82828295252163
35,986,16,64,21.48045322677359
85,1028,13,25,33.87940217286813
59,1005,6,7,31.280940269674588
36,1012,21,49,30.974858844261075
53,1016,18,79,28.774414279101002
35,1027,0,37,43.12132781680484
79,994,28,9,19.824042720384067
85,981,19,41,12.330333111252306
85,1020,29,36,26.076148656172204
32,986,24,25,20.790439421618064
75,1011,14,91,22.597265645911882
50,983,17,11,21.23393272932933
53,999,2,83,24.580480084204655
58,1029,17,48,35.52459436359862
86,1032,29,13,34.4604384738047
27,1015,1,45,38.395682568616316
97,1011,9,34,24.711178636935987
74,1007,10,28,27.78778369921092
46,992,26,11,24.01573836038558
72,980,23,81,9.595044693990598
58,1039,2,43,43.204402776666186
84,1035,6,65,35.26507563159179
36,1014,7,1,39.23225221222386
49,1027,18,58,34.32216387324914
72,1009,17,16,28.444039005606758
32,1033,12,9,45.98495232763447
40,1015,12,17,37.183843289504026
38,1036,23,21,41.80696623677678
72,1034,18,82,32.56702386368324
38,1004,22,57,26.915467235766325
76,995,11,52,20.577759368291144
44,1037,16,0,44.917685451235904
50,998,29,87,18.58230321438041
74,980,27,60,10.808588186292443
42,984,21,99,15.01124896692127
51,1030,11,88,35.39109476534262
81,1001,27,99,14.525216306577061
93,1003,12,30,21.938845171976034
29,1022,24,30,37.90772010911248
91,1024,11,65,29.68626380690222
73,1031,18,18,37.321135613361626
71,1016,13,52,28.954037203525736
39,1032,6,75,40.27756358579059
51,1015,12,73,29.766858608893322
33,1015,5,94,32.784089644526155
69,983,23,21,16.278098616540007
47,1015,18,22,34.21825205897006
72,1031,18,86,31.68173235896192
43,1032,3,14,45.66797705554873
98,997,18,25,18.38534745623375
41,1029,8,2,44.479516850546005
49,995,15,86,21.023232530964044
82,1020,26,19,29.017694234617174
23,997,3,39,31.798496920048276
96,1001,5,38,22.809006580751745
78,981,7,71,13.554031642553122
27,1000,26,17,29.34946906905772
31,1015,28,40,31.517148951084938
50,1023,23,69,31.506475967650974
97,1018,15,26,27.7021809639791
53,1026,4,99,33.34887611111972
94,1018,20,14,27.476072400659277
95,1008,21,36,20.944380711924136
68,1033,9,57,36.34767470234839
98,1005,22,4,23.290589548398557
76,1000,12,72,19.699073848445494
45,996,28,6,25.964508625906078
37,995,25,40,24.68967327351355
57,1039,13,83,39.036430810571204
69,1010,6,9,32.24917759245129
27,1030,28,61,37.947289790553086
60,988,19,25,20.583848626612436
25,1010,5,67,33.89042866712298
88,993,6,23,21.38609975654776
63,1028,4,77,35.41435063635402
83,1016,20,40,26.835248153726145
48,981,17,64,17.32594295093228
47,1031,22,16,41.11160564816885
30,1027,11,23,42.29542945241015
84,1025,5,26,34.36950081379466
38,993,26,6,25.773941581038173
28,1038,0,72,45.3068714706435
46,1012,3,98,30.07155264698818
53,1014,18,11,33.21352731840379
63,1037,11,84,36.52458904115568
87,1018,14,2,31.065175167169613
34,1037,2,78,43.30452875027078
70,1026,22,84,28.528401805791315
32,1030,26,9,40.66692631774008
68,999,27,32,21.663835995418502
89,981,25,45,11.439692235707149
75,1030,19,58,32.165027966816666
95,1020,27,51,23.74939743143636
70,998,7,5,27.857821010329697
56,1038,10,1,44.74278034885993
36,1016,15,28,36.23227914124659
77,997,8,39,22.165517089005625
48,995,2,96,22.72488528367662
52,983,4,60,20.5002771932504
79,991,19,67,15.455386234472096
74,1008,13,67,24.21160109624819
29,986,27,28,21.665703011018795
66,993,25,61,17.813516735974925
42,1034,14,59,39.38705893846252
40,991,5,83,23.31985020028681
32,1014,26,40,32.50119061354465
52,984,25,86,14.065609560881112
43,996,3,81,25.256270909525654
30,1037,7,88,42.04763472452165
36,1021,18,64,35.139226707784715
87,1011,26,63,21.89001929942918
66,989,4,78,18.051378053186433
44,1022,12,62,34.754643999371744
92,996,15,97,14.25826744029021
40,984,0,47,23.36869851899325
31,1024,12,19,40.245969620273875
56,1021,21,36,32.539897710622306
61,988,10,63,18.952417296906685
36,1028,20,90,32.56769842813281
67,1012,7,85,25.993055173517728
47,1015,24,4,32.940732365402724
60,1015,7,33,33.53333613406424
66,997,23,38,21.725739413326494
37,988,27,66,19.10928184468019
97,1036,13,80,30.90000593706069
90,1008,12,61,22.692403420634722
32,1029,2,87,38.94083240525192
32,993,3,23,30.586444497706832
50,1004,26,2,28.78651064411072
21,994,19,70,25.508799635129815
35,985,14,88,19.34820768323232
28,1035,14,66,41.98705723414864
92,1021,29,78,22.716458994450583
57,1008,26,92,22.209219922194176
94,994,20,49,15.548511540092752
73,1008,12,28,27.85147836689204
75,983,8,73,14.61310460415392
64,997,27,31,21.076489568482746
53,1029,24,86,32.27485736432675
28,1036,9,38,45.50025001145992
27,1028,28,8,41.51489409392191
26,1023,11,13,41.15479160832113
55,1018,13,67,31.008110285232636
37,995,0,63,27.047548536870018
22,990,13,19,28.321188627789585
47,993,13,27,25.669874013794953
89,982,7,13,16.291969752581835
63,1030,15,43,36.176567823124955
40,1029,13,97,35.25521978119739
47,1021,0,76,34.74502521103469
73,1017,15,94,25.409036448545624
73,1024,17,96,27.189223412286903
84,1021,6,38,32.658741860527286
40,997,14,27,28.440983317259143
32,1037,23,63,40.39362997976245
76,999,16,88,17.744125737304568
68,1037,18,31,38.772025168867636
73,1027,22,8,35.19373795890709
29,1004,12,27,32.81726629489383
72,1036,8,94,33.972426231812776
63,1017,23,16,31.36520611689854
66,992,23,86,15.459006537227797
72,983,14,76,13.6651375087296
93,1034,24,54,30.68668157557089
65,993,25,9,22.095416117597463
32,1012,2,79,33.95086014436006
56,1007,23,5,29.906281853348013
43,1031,0,47,42.48515992285359
21,1016,15,74,33.70114800444357
33,987,7,66,23.763171617841355
29,1023,28,91,32.379403176053486
54,1013,22,40,29.372104360767995
44,1023,12,78,33.974869515478076
22,984,7,59,24.212790485685098
36,1033,16,76,38.30108883778484
31,984,21,41,20.595982731432
73,1010,22,80,21.691728678326232
43,1024,13,70,34.49674635725109
48,988,26,27,19.656084938453706
62,1021,20,12,33.58336686560379
44,1011,29,80,26.170599707454198
79,1012,20,14,28.07295916972956
84,982,6,35,15.714507567392154
47,1009,26,91,23.725888221086016
35,1029,14,14,43.04459181297041
66,991,15,74,18.18223360412682
77,1008,18,55,23.684943997934703
95,982,5,94,10.617398846690817
46,1005,22,3,30.07704799452698
72,1036,0,98,35.87367996006042
61,1009,11,97,23.75282457198766
78,988,17,51,15.837839918575522
66,1005,15,90,21.914038267247278
53,981,11,9,20.68747055129122
56,982,19,93,13.456558060200162
25,1025,12,44,40.71010081631277
26,983,7,83,21.76555953572218
44,1004,26,28,28.727123448656467
52,1030,28,52,34.64835717462946
74,992,29,28,17.62795856171558
77,1018,25,22,28.088958495250285
26,1023,21,56,36.815976215800426
76,1014,0,49,30.55971642270404
31,1034,25,20,41.67199386420029
35,1002,20,42,28.069956340016397
99,988,6,9,18.435566296358672
62,981,14,75,14.56476272216403
96,1033,28,29,31.308120706148276
26,1020,21,50,35.6317213580944
70,1023,12,32,33.840680414342245
92,1010,12,17,26.726867741114937
51,1023,27,77,29.899110383609948
94,1026,8,21,32.8092688513189
27,981,23,63,19.066289723305033
91,1011,14,20,26.261142066864924
64,997,3,0,28.00145715922485
78,992,12,14,22.2665211646924
23,1025,26,35,38.00685417150103
86,984,11,46,14.772746728865464
48,1037,4,53,42.72088177973195
48,1021,6,85,33.427604124050816
47,1023,7,31,38.35480840335883
96,989,4,57,14.368937094659692
98,1035,8,45,33.74874315508833
63,1022,13,53,32.65814517424172
23,1004,25,32,30.535453395861868
28,1013,11,38,36.01583315008295
24,1016,3,22,40.950747493203714
75,1009,19,42,25.443343689759594
69,986,28,54,13.76549213875947
94,985,7,1,18.15074867388867
34,1033,16,65,40.515720200899125
51,1034,7,37,41.5004454245731
47,982,20,28,19.46229590911668
41,992,28,66,20.024937991453378
36,982,29,70,16.618610821442193
78,1005,26,35,21.84936788721006
90,1036,0,28,38.41194161090923
76,1003,19,36,22.318019124286696
45,1032,1,99,37.78181405312337
44,985,3,86,20.20379668230448
29,1022,23,44,36.14787975897436
64,1039,20,15,41.67990646158684
30,1037,0,30,47.958100859547905
96,1028,6,33,32.908867127508
72,1021,0,49,33.503931892089476
91,991,8,64,15.350071987764046
87,1028,2,81,31.224833847244927
47,1015,11,61,32.049193306564085
94,981,18,42,11.280965122038925
84,990,14,55,16.315556635524754
68,1018,21,14,31.344661881797453
66,1013,15,47,27.91763860154062
71,1005,9,48,25.656895654140502
73,997,21,80,17.360303461479443
79,1000,28,43,19.025654482508934
76,1015,26,9,28.78175780185928
66,1019,26,19,31.368321244668895
50,1031,5,69,38.7664170246332
65,1025,28,7,34.518685682587815
45,1023,16,44,36.23266301283315
24,1001,20,33,30.408540970501598
71,1032,27,95,29.328162914786535
94,1038,21,50,33.87148071742224
73,1009,23,3,28.20180991527041
52,1029,28,38,34.737416501079984
69,1022,16,83,27.678476571588764
57,1039,20,23,41.08942375386918
46,1009,18,87,26.452371013240754
34,987,17,54,22.459475053725118
80,1013,10,25,28.57476292819826
40,1036,23,24,42.244710969175166
65,1026,6,35,37.21734300996378
88,988,9,70,14.904368448045934
25,1030,6,73,41.41786275498989
57,999,4,57,25.62359469559876
81,1019,11,11,32.139998967944095
81,1004,15,0,26.84277315994902
97,998,28,49,15.421673474870763
93,984,24,24,12.766431476680859
65,990,20,79,17.20105317433494
32,994,17,4,28.325100545758243
22,987,2,82,24.423934373598847
25,998,19,67,25.904301392278306
27,1002,14,5,33.74208794066884
63,1006,4,25,29.175518180890716
52,1019,12,54,33.71463313646247
94,1011,18,38,24.162725167539037
96,1005,11,8,24.893677218713126
69,1006,29,44,22.574838042097298
30,998,22,13,29.61815492528301
47,1029,20,54,36.39435319931255
89,1021,4,8,34.08600827266466
60,1008,5,14,32.01877359323113
35,1018,6,36,37.77926289882196
87,1039,25,49,34.168868708846105
67,1020,9,83,29.826831010646206
75,1012,15,71,24.78299344233692
83,998,7,95,17.933919096699448
78,1016,8,20,31.592407083806123
81,998,26,56,17.60360184641388
95,1012,3,18,29.144725361711796
30,1026,20,92,34.36506479833853
37,995,20,57,23.567723534054505
38,1002,7,94,26.316895962643095
74,986,24,5,17.831723122931486
45,1005,6,3,33.35454096822647
25,1011,14,42,34.98677551365633
23,991,20,92,21.446396910108362
48,987,2,41,22.98596857934619
78,984,16,2,18.96370785657505
36,1021,10,0,40.78092424718961
62,1007,8,54,27.86891614431996
99,1032,4,14,36.57172065167395
85,984,24,46,12.464823698505995
53,1028,9,84,33.71226028572441
27,1005,14,45,30.568164938069465
32,984,27,57,18.50379590710287
27,1001,28,94,23.201571700067618
84,994,13,70,17.400070793763206
62,992,3,80,20.6456668216594
58,1007,20,82,24.848636669485977
78,1012,19,38,25.514286631171988
63,1022,1,2,39.05064591545004
28,1002,11,29,31.857264556616556
56,1012,0,34,33.79731899797068
93,1022,23,56,26.645837226888947
55,997,19,28,25.417456967583178
47,1029,4,49,39.85723018464823
61,1032,5,61,38.2007569440844
62,1009,29,51,24.527775000322652
61,1005,23,13,26.672353048334795
85,995,10,34,20.53716020110243
74,992,7,27,21.887445292294245
91,1018,6,57,27.758615287753297
67,1012,3,29,31.40395655793985
41,1005,5,89,27.807573509341236
46,1027,15,6,40.57282512648845
86,980,19,38,12.612126547510462
32,1028,14,94,36.23492997218385
64,1017,13,68,29.977304424414633
29,981,22,34,22.026101220042168
28,1028,11,51,40.5177341298742
73,985,28,13,16.895033894341264
46,1025,11,62,36.99730008895417
53,1029,15,35,38.34806133012616
20,1017,14,90,34.15866174696339
51,1021,28,23,32.399071549114815
90,1003,12,39,21.900962033857052
86,997,10,28,21.453948025013386
39,1006,29,52,27.28359535659317
54,1020,16,21,34.65469522930928
97,987,20,71,10.527312660013658
36,1007,14,14,33.90013772700488
37,989,13,68,21.622150325224883
64,996,9,63,22.09954484252867
72,1034,11,3,40.43438670225055
87,1008,15,74,21.668555062625988
84,1037,14,17,38.36942457056363
20,985,9,41,26.233646006562545
77,993,3,29,22.83039258519583
45,1001,26,14,26.492022014567077
39,1033,22,69,37.499831063843246
29,985,28,54,19.75765209265261
78,1005,8,52,24.92327237588558
94,1018,20,15,27.688535827498637
60,991,19,72,17.86089954236475
24,1014,8,33,37.796680494084434
84,993,20,26,18.163722673007562
36,1001,24,12,28.663361173294295
41,1030,23,99,33.52127041024753
60,1002,19,26,26.42388153782578
87,1027,10,72,29.67754501878846
88,986,10,68,13.651116237728017
30,1019,6,85,35.51477461011258
75,1029,20,30,34.41335423650486
70,1004,9,2,29.255712734156155
40,992,3,29,28.087100799715028
95,1000,4,20,23.616024919242918
45,1020,4,98,32.965516990130865
38,989,10,5,26.964290304143958
79,1032,8,91,33.02860519452065
90,1034,27,31,32.357001951221385
66,1038,15,41,39.38491605642032
90,988,8,61,14.839097875632435
45,994,21,88,19.51704965241217
59,1031,29,31,35.4584918504633
24,981,3,98,19.45779613875146
40,1004,1,85,28.149429974399066
97,992,13,87,12.327357260611455
23,1013,2,38,37.6706816477211
42,1030,17,63,37.31304135512918
34,1037,20,29,43.34295866896691
27,1013,5,62,35.90185365501039
60,1014,10,95,26.439662216227003
38,1017,20,30,34.81737418920409
65,982,17,86,12.329955006339429
47,1021,11,39,35.17142994846623
87,1035,4,32,37.883901927004736
34,1038,8,62,43.8752994696674
56,985,19,24,20.1560593426225
20,1034,27,35,41.74175193034816
86,1027,25,23,31.10179368269224
43,1028,17,94,34.1286802398665
46,998,18,57,24.616080111762063
59,982,2,38,20.824147359543804
82,997,8,45,21.782567062182228
80,1018,3,76,29.053689920753154
55,988,16,9,23.082432516539306
43,1031,16,86,36.119265096077825
43,991,22,81,19.56983854845351
23,984,22,31,23.465062769133795
86,982,1,96,12.61949874082775
53,990,8,35,24.08724816419911
76,1036,8,27,38.92377430302457
68,1009,4,15,30.74700004713238
72,983,14,15,18.40965376461307
42,984,14,17,22.549434768380678
88,980,2,7,17.881562908939628
72,1006,18,79,21.676298801999675
81,1007,27,74,19.980455618708284
60,1008,2,69,28.53253133314178
76,997,5,0,26.888967604143552
79,991,3,61,18.82520255877561
73,992,23,75,16.014834137143815
89,1020,12,37,29.73682404806122
76,981,26,91,8.733719114041692
29,1016,12,44,35.22672029688272
59,1024,26,57,31.579369888002624
26,995,10,80,26.586667528502165
57,1027,4,0,41.45564311158016
80,1003,0,31,26.735874378811896
22,1014,8,7,39.881661446483015
70,1001,16,39,22.764132300111143
66,1015,21,55,27.21895309492591
87,990,0,62,18.819709749429105
95,1034,2,87,32.52950568120677
57,1037,14,73,37.223645669934506
55,1025,25,73,30.620806439138278
60,1008,20,35,28.46754100446507
88,1014,25,88,19.849922388736555
32,1027,22,56,36.762287239711625
77,1033,29,73,29.795209177204143
69,994,9,82,18.210994970479245
49,1039,7,44,43.061244864577475
81,1010,11,78,23.148845836263487
44,1021,24,79,30.22887506226786
46,1020,21,1,37.48398558465396
70,1022,14,92,27.556585357539443
97,995,26,67,12.819037038196564
76,989,8,49,18.241499418634046
66,1028,23,28,34.35501301931324
58,1011,24,94,22.918267501721026
35,1030,9,80,38.58794731592005
41,981,19,9,21.89073154365149
73,1003,8,26,27.271090936900695
40,1002,14,14,30.58570250771886
91,981,22,59,10.43891336178399
35,1017,20,30,34.74651086668003
78,1010,20,20,26.58099045977555
50,1030,0,59,40.6623698762209
61,1019,1,57,35.14147081425267
93,1005,25,40,20.692968276978668
51,1008,18,45,28.238204110048066
78,982,29,44,12.03743761816473
53,1037,13,25,42.591318440606436
28,993,7,50,27.772711909520236
30,1004,5,35,32.796076725466435
29,1027,11,51,40.28729123353767
36,980,25,80,14.947077165373525
87,1032,26,50,30.065793643145
67,982,28,2,16.834315379364504
71,1033,14,13,38.86766573532222
44,1005,13,48,29.46069157283032
40,997,20,76,22.593035844994542
84,988,28,90,9.76069509912337
82,1017,0,0,34.90196463979244
70,1002,27,56,20.455435935237684
55,1000,10,16,28.66077578794463
85,1036,27,49,32.36898423609697
34,980,24,97,14.441365844119845
58,1000,2,13,29.320487770366054
89,1006,18,58,20.871163343082422
20,1021,17,80,36.31393119104265
42,1038,19,2,45.024495715707175
58,985,27,97,11.723124529081138
76,1034,1,39,39.618265018726355
53,1023,28,88,28.97068583889438
60,1015,24,65,27.383813881133676
92,1007,27,33,21.33026114448622
32,1024,25,89,32.11681480192751
89,996,6,94,16.65390248597541
25,1038,7,8,50.102315229088276
71,1019,18,93,25.66989913732748
22,1037,21,83,39.69569313480662
82,1031,14,20,35.88278577731907
68,982,9,92,13.456373823764702
95,991,21,24,15.256192243320221
66,1018,28,43,28.562689277906767
74,991,0,24,23.64514617953297
83,981,5,8,17.57693043335418
84,1035,12,61,35.06465361118932
86,1025,13,25,32.87556059539024
34,1001,2,56,29.47486990165641
51,1002,10,36,28.67943203279255
87,1009,2,15,29.34491303520885
37,984,18,36,22.277504032142936
62,988,9,75,17.788062064070886
54,1000,26,23,25.276651526670147
97,990,14,25,16.531674047318347
77,984,10,19,18.251757614930614
52,1014,14,8,33.92749674991331
33,1006,25,86,24.618428397013158
53,1028,26,28,36.08021200126521
80,981,23,30,13.26347545874242
23,1003,12,18,32.54494109261472
78,1010,4,19,30.01767759992783
48,1012,3,86,30.69892342572978
25,1018,12,26,38.31650727043204
68,1009,8,93,24.0037004590441
59,1025,24,84,29.850460854707944
84,1016,16,43,25.880561884906328
88,1030,1,34,35.61315935006715
46,1007,23,70,25.873303170236245
99,1039,4,21,37.98944097637155
25,1010,15,73,30.760995756954166
32,990,6,86,22.494955662453044
83,1002,0,14,26.42394323423728
81,1036,27,93,29.093482299719163
38,981,25,97,14.468330974630511
95,1019,11,12,31.370945351585107
99,1020,20,3,28.928091364721542
62,1006,10,81,25.00412428857627
93,1014,11,55,24.579588962903987
39,981,18,22,20.144174048317808
87,1018,25,96,22.39580453851973
63,1016,11,97,26.69245062947609
42,1000,11,33,29.21935414628806
21,1037,13,99,41.209230592559436
41,984,1,98,19.907295464417864
76,1031,1,16,39.997048830187985
91,1024,24,27,29.12886282816726
26,1000,28,13,29.653890604681195
97,1008,3,33,26.016292290986776
75,999,19,74,18.425153561853325
86,1017,22,56,25.797807480731365
35,999,25,76,22.91607187629754
70,1029,15,96,30.458289965601736
99,1004,9,54,20.944589928937276
91,981,12,65,10.335453355684674
31,1036,1,97,42.48092401789654
72,1011,2,92,26.077950417262493
94,1005,18,36,23.07048594715076
24,985,5,67,25.080346255215147
46,1020,18,75,31.494549434498143
31,1036,26,25,43.44279335123803
36,982,20,60,19.023668162677122
25,1012,19,91,30.085553584256726
24,980,18,66,18.69031877038511
76,1030,7,83,31.848232429514887
47,984,13,73,18.112185125791488
97,992,9,51,16.12231768660503
88,998,2,17,24.352594612398516
78,991,5,52,20.22618491546815
52,1027,28,62,32.87247910291884
81,1004,14,52,22.14185695854404
69,1036,22,26,38.032478947252876
38,1030,22,30,39.04297633957974
88,1014,17,90,21.228879874007774
85,991,13,0,21.240818533851016
66,1009,18,5,29.292748703858795
58,984,27,10,18.37907710861734
87,1013,25,33,25.006986032037744
52,1001,9,83,24.488816845503845
32,1018,14,62,34.45409715960834
73,992,3,52,20.277450515641068
26,1036,22,84,39.01241884496652
98,1026,1,84,29.751039005082603
33,1033,2,17,46.97327020749971
38,982,6,20,25.011795475510137
73,1039,22,18,38.93801237245095
39,1032,15,3,43.53447587126389
48,999,9,76,24.972596283685945
43,1010,18,81,28.110919514297642
82,984,27,28,13.420129052352221
93,1003,16,24,21.773397598510982
76,1019,27,55,25.639370180160874
27,1033,18,76,39.10078749702807
81,1012,4,62,27.224459438171866
48,987,22,26,20.82186955772752
93,1003,19,59,19.195865025485425
36,1029,12,82,38.22358748140157
85,999,12,48,20.6224102773124
25,1039,10,64,44.72186511954517
77,995,10,37,21.764305763560593
88,1029,15,82,28.552798764697506
47,1031,14,51,38.14633969924924
81,991,16,0,20.74124615488484
60,992,21,39,19.907211232282624
88,1024,17,80,27.049893425381516
60,1021,27,20,32.15171002313004
68,1018,18,85,27.15569346271563
68,1004,3,14,29.944641496015574
95,1025,21,49,27.618609684777457
90,1011,21,47,23.344814139031076
22,1003,22,31,30.548269210652837
29,1027,4,48,41.419797861144744
54,1026,6,67,36.09679874427865
99,1023,1,44,29.53216377933713
21,988,0,31,29.57730559015019
43,1019,11,3,39.00525115939763
93,1029,9,64,31.385441363344356
57,1002,7,96,23.927739832843805
41,1029,0,70,39.784856875358045
45,992,11,72,22.475133264241553
62,1039,1,64,40.57782492108395
74,1038,26,79,32.35825678049087
58,1011,27,17,29.623830256825585
48,1029,9,53,38.34004784420547
39,994,21,46,23.94983888091541
60,1015,16,5,32.88343187996072
73,1028,25,65,30.261283582337118
39,984,2,8,27.08702714242286
38,1001,6,67,28.501511451865085
85,995,11,22,20.684319433025234
49,1020,7,42,36.389972171655515
72,989,19,50,16.50094966988224
53,1003,11,71,25.35679250045648
41,997,2,24,29.520940414803228
86,1028,16,79,28.69026582116202
25,997,27,34,26.428206765919278
98,986,8,16,16.595571420162642
46,983,9,17,23.16995521984224
29,1005,21,26,31.783612403436877
92,984,5,14,18.07645173334615
67,1039,24,80,33.18135185637762
89,1034,0,68,35.149159136567086
78,995,21,79,15.883138202922451
78,1014,11,14,30.29989865382989
21,1005,4,41,34.3297963487068
48,997,12,33,26.52878593126243
87,1008,26,47,21.305299009446955
84,1002,14,82,19.028941141140617
45,1032,21,7,41.191354955439955
29,993,29,9,25.067889159839442
72,994,10,4,24.232348378698298
98,1028,7,47,30.74815382898194
78,1012,4,25,31.327610484258173
41,1004,1,85,28.479656382709692
70,1000,11,22,25.91056000644163
67,996,27,61,18.387563546875384
40,1002,1,12,33.79516423798086
41,1036,25,8,42.401891190050335
49,1022,15,19,36.65808547303605
44,996,20,91,19.509703249833827
47,1037,2,56,42.94109656757065
84,993,9,23,21.11019046847894
64,1008,18,32,27.416085076901044
87,999,7,19,23.701710934357543
26,1009,6,59,33.17679483302294
68,998,0,47,25.092976343016883
28,1032,11,63,41.0350731031091
55,1018,28,29,31.362502957817505
20,1035,27,72,39.86049216411763
29,992,4,16,30.05009368040406
55,997,15,99,19.55002455771585
92,1002,24,13,20.640237662139516
65,1025,3,18,38.04591243657942
51,1012,16,70,28.641343480840813
51,1018,23,58,29.643852563239207
25,1019,20,66,34.53942169857722
67,997,1,96,20.495032543110877
57,988,11,43,20.344209169321168
36,1012,0,31,37.852646799644496
93,1011,29,10,24.476887008999046
46,1033,11,1,43.72096833817559
73,996,11,89,17.985115451635515
69,998,11,67,20.2788770953983
54,1006,18,16,28.623756397177534
44,985,24,80,15.635985796484258
47,1014,16,91,28.053207512410005
34,1035,19,93,37.602639244103045
23,1016,23,39,35.39586097331164
92,1013,23,86,20.259303829535096
46,999,25,45,24.239004642443252
45,1004,27,87,21.949296076019365
38,983,10,92,18.30201171711103
36,989,12,3,27.87767590564957
62,989,26,37,17.926363709117236
60,1003,7,62,24.916789170473752
61,1000,9,28,27.402034529221936
69,990,7,18,22.854157274732618
59,1006,19,90,21.16358062845176
58,995,7,28,26.695126542433602
42,1005,8,99,25.940618740457584
71,1009,6,34,30.249511593588664
66,1028,13,69,33.36868218306763
82,995,27,22,18.438660162464412
88,986,1,45,17.49179736215365
62,995,24,43,20.105364141428076
67,1014,10,47,29.82065519877802
53,1037,7,51,42.37531031660409
59,995,12,7,25.74068878487462
94,1019,20,54,25.44668235446759
80,991,14,65,16.040120577636557
69,1014,27,76,23.685959507797595
86,1028,2,39,35.76830516694031
81,1000,22,84,16.99323090670594
77,1029,13,30,35.4228367617368
52,1022,29,47,31.475423198026142
94,1015,14,99,22.527744354734537
35,1027,1,60,40.07518062745462
67,996,28,51,17.880314046231234
29,1011,18,37,34.33300629193051
57,1020,11,90,29.85920822567579
38,985,24,35,20.90512953449038
55,1003,19,86,23.12817924939973
78,1006,3,54,25.99177941850836
82,999,2,84,21.295409135905583
96,1004,4,12,25.50809793140275
65,981,2,36,19.015936567995777
22,988,24,46,22.243258403184456
93,1007,14,89,19.0802737242005
84,1032,18,70,29.88178689824742
27,1017,1,21,41.032319870573325
70,982,11,38,17.789769087438973
92,999,4,86,18.111469656429772
25,985,21,57,21.585053146424638
58,1018,16,29,33.43783234824203
79,1012,13,17,29.324767121778006
47,1034,27,17,40.37024924470502
73,980,26,73,10.00041068741643
56,1016,21,38,29.634432387994956
28,985,9,93,21.148008845892026
75,1024,2,25,35.830599056324715
78,1013,3,70,26.86067365968544
21,1026,5,6,45.937967695698234
80,994,23,68,15.65327091060131
77,1024,24,64,27.75526876830841
79,1005,21,45,21.70720778239327
59,1036,15,17,41.42420767909439
55,993,6,12,26.365064164296736
56,1037,14,24,41.737191737567976
98,1033,29,7,32.32672267772222
37,986,20,73,19.494088076437713
82,1025,29,31,30.479551801179788
41,1037,27,16,42.08860460063784
30,1010,24,78,28.247319264867233
77,1003,19,78,20.43921795350475
76,1038,25,47,35.564046364424094
96,1010,10,62,22.724191513891544
23,1008,21,39,32.54824347307329
26,1021,20,83,33.87345586207068
80,1011,0,14,31.361105752371238
73,996,4,98,18.75906732417869
87,993,12,5,20.862584758826017
98,1019,20,93,21.464436729426204
20,1015,13,62,36.31863710853607
74,1037,8,7,41.13197899950568
22,1027,16,94,36.644364340271515
97,1003,14,31,20.924040366922664
57,1024,20,44,34.10866614783678
20,1033,6,51,45.33485206468686
57,1006,26,78,21.77084358982309
48,1004,21,81,22.710768785763992
24,1038,21,12,46.872850589417304
93,1011,11,23,25.740366439005964
40,1031,22,39,39.2941331783945
90,997,5,13,22.94096348236661
86,1025,20,91,26.167499834443884
66,997,15,74,20.20205821308421
54,1016,25,69,27.511772942488527
87,1005,4,61,22.830503993401948
88,988,8,88,13.647898356445467
20,1039,13,60,44.853707140044754
87,1014,7,0,31.704490119263557
31,987,13,88,20.09382504270596
79,999,11,65,20.52517516040275
46,1033,9,31,41.82489774701988
75,1021,29,12,30.39285705527639
42,1001,19,32,27.389736504694486
44,998,19,31,26.230696782295055
40,1009,25,55,26.919124218970993
80,1032,20,23,34.553538758820245
82,1007,12,90,20.606194158294926
71,1014,28,3,29.074061735207167
44,1022,18,87,32.28659588435108
74,990,14,22,19.991134742001805
65,1010,7,28,31.3169925784989
51,1028,22,97,30.95929068095123
74,1027,20,20,33.545939017945415
24,1018,9,29,38.53789186573902
55,1015,2,89,30.53339232347717
68,1009,20,19,27.923011212520446
77,1002,2,15,27.923768109641003
58,998,25,66,20.285810344494465
99,991,4,48,16.905401417974534
80,994,15,57,18.182211870225984
28,1010,16,43,34.23624306639866
25,1022,5,24,41.8930309019884
54,1016,25,22,32.56716110278136
58,1016,19,58,29.68618156740018
41,994,19,0,27.832598954205714
60,1008,15,96,23.797264285010908
24,1029,23,14,40.68218795575498
61,1022,1,80,32.91916820788462
95,1005,19,97,15.854883318893283
99,1023,14,80,26.206196664157215
86,981,17,51,11.849300673433195
49,999,0,57,27.675100011902586
76,994,25,40,17.97697813281415
92,1031,28,43,28.9067336791689
48,983,28,3,19.879889186117563
56,1001,18,76,22.72844895565328
32,1029,11,67,38.17409660787393
51,1017,7,6,37.42567619150704
65,1002,5,45,25.999260105570784
42,1038,11,8,46.70995948903091
64,1005,6,86,24.517460883604013
36,1030,17,32,39.88011605859498
85,990,21,32,16.281927391744137
25,1007,13,83,30.03678001513229
37,1035,7,3,46.658022968464735
41,981,23,64,16.6025601664638
52,1038,19,33,40.950381619467976
49,987,21,90,16.483410542958328
51,1008,13,84,26.449782887332972
61,990,4,87,19.06589580717872
97,1016,8,78,24.018958869110957
29,997,7,98,24.668582968708474
55,1034,1,63,40.84369100526774
53,1029,27,24,37.81110693221027
92,993,15,54,15.914825376724266
47,1033,12,8,43.13384973543682
30,989,6,16,29.12752347172924
97,1014,15,20,26.954734836246065
58,988,6,59,20.66915497815785
66,1014,26,12,29.051915490765733
38,990,13,2,28.449079418337888
34,1023,13,67,36.4806171599975
47,991,11,3,27.020274453447616
43,982,0,91,18.70858618493071
91,1032,0,6,38.698977584320595
28,1018,11,25,37.892776316368725
66,993,19,74,17.950452316525567
52,1035,20,23,40.8523673428756
81,1007,14,9,27.24487949597138
38,990,3,12,28.259873537790515
86,1018,6,43,29.88594879305824
93,1004,15,38,22.00367902334717
59,1000,2,18,28.938381816610953
66,989,6,50,20.966996111576897
84,1022,28,18,29.42225871729709
48,994,23,75,19.66299184309045
69,998,21,51,20.29117221045067
32,1027,5,85,38.11056269757597
20,1001,15,46,30.234666116308613
53,1000,23,29,25.26013136495548
67,1039,7,45,40.82924226038962
96,1031,22,75,28.184298296397746
67,1023,21,92,27.73872430261198
68,1011,5,20,31.79565888310527
83,1029,9,74,31.295996128747326
80,1002,15,47,21.602948218568663
48,992,10,61,22.505034014537895
58,984,12,57,18.65403540595124
45,983,28,17,19.807040468376485
36,1007,5,58,31.963698588822183
90,993,23,90,10.992314605151625
32,987,0,47,26.396406658371852
88,988,20,62,12.375158696303686
45,1036,18,11,42.54081570284755
68,1030,11,86,32.14682369557745
86,1014,23,33,25.073583269981853
26,1016,26,60,32.9166947449807
77,1000,5,86,20.683296063089003
68,1037,29,52,34.16842686101125
72,997,17,24,22.389629440858272
84,1012,12,61,25.169157210226622
81,987,6,3,21.55890356786683
36,1030,22,93,34.82681659659437
62,1028,12,93,31.48625479246312
44,996,20,12,26.633736963731355
22,1022,7,41,42.01049574466967
98,1010,29,48,19.054562983441166
48,1013,20,77,28.02746643422384
51,985,16,55,19.81041649766702
45,1001,8,46,28.233257883347516
35,993,19,7,28.50690192968189
44,982,12,54,19.136157689618354
73,991,1,87,17.3025524844653
47,1015,3,17,36.70036101352691
92,991,29,34,13.701147499313699
75,1024,28,88,24.87491090379189
84,981,24,80,8.391275515472337
99,981,1,31,15.365498089862472
60,994,3,23,25.86293990572755
70,1002,17,6,26.231998421468514
90,1008,4,12,28.625254326554114
97,996,18,90,12.67586450101297
48,1011,9,68,30.269463806797614
38,986,17,99,16.526283544775552
85,1009,29,89,17.44692898560508
60,1007,24,41,25.613284467400874
64,993,20,30,21.804559904975296
34,1023,9,73,36.003729991289724
22,1009,4,25,37.037720085897924
30,996,16,85,24.036176243795982
72,1011,21,75,23.616443247320227
65,1025,12,31,34.85220101261004
49,985,22,90,14.789052131195879
76,1030,16,96,30.263330413925495
37,1003,8,51,29.37999545632633
70,985,23,19,17.55073836952354
67,1006,11,39,26.771233255543404
85,997,13,58,19.511290708521532
27,1003,13,76,28.760209878233685
41,1016,7,13,38.25028144715384
25,1035,22,43,42.14120797240602
95,1003,4,85,19.762257578009297
76,1017,18,81,25.719238505222627
55,1013,27,47,28.04974443707401
98,1019,13,92,22.798695366254385
76,1026,8,42,34.12130267252502
68,994,29,15,19.47364523256736
64,990,6,34,23.359502309006444
85,1001,26,52,17.98803870312814
96,1033,25,33,30.992574635194416
64,1003,25,2,25.781100733790296
98,980,7,67,10.876447433149574
39,997,13,4,30.294605021955512
83,1023,21,9,31.682241853372243
86,991,27,51,12.852663775842148
22,1036,13,28,45.90422225298525
73,1022,10,95,28.48001134939716
97,1007,13,30,23.375710803702326
83,1019,20,65,25.926899264445517
59,1039,7,75,39.138026168962604
78,986,2,90,14.310689925785447
74,1002,27,68,19.341935259499703
81,1000,28,36,18.649939435460293
23,1013,28,26,33.967875343960344
79,990,22,86,12.352554490655441
94,1001,17,32,20.836844838150316
49,1021,2,67,35.58101367680863
21,1014,12,58,35.23139885436966
81,1031,11,63,33.35559207918862
68,1008,14,84,22.734130346229318
28,1021,17,87,33.8002510270657
50,1007,4,43,30.5325682850882
80,1038,6,94,34.992531648025555
98,997,10,87,15.327144755065424
67,993,25,48,18.634971508906197
44,997,26,52,22.563378907898787
55,1007,10,73,27.08240552459838
27,1003,26,48,27.55150984570474
92,987,14,65,12.513237095676276
77,1021,9,94,27.44242177282022
64,1033,14,62,35.37263840959575
81,1024,12,24,33.484802444081396
58,1032,13,3,41.02327187017265
77,987,16,50,15.509670285212879
83,983,12,10,16.944909047451358
63,1006,9,16,30.21869666309764
48,1015,24,65,27.527962240632963
78,984,0,69,15.8744805686329
90,1012,0,72,26.241452391981095
28,1028,29,68,35.58781833466158
25,1013,14,83,32.36822659652633
48,1009,15,28,31.373749660446006
77,987,11,84,14.234562848823115
36,1018,25,72,30.210544708558366
35,1026,23,91,32.60706495563775
22,1005,5,71,31.348640167581106
40,1036,5,94,40.12102536415015
83,1016,11,19,30.564790286740152
55,1013,24,26,29.630592710480943
81,986,14,7,18.85061408529155
61,1019,3,84,31.13405734923611
95,1007,23,60,19.189097565846712
61,1018,3,27,34.90900667693958
80,1018,29,86,23.339027799185473
32,1007,1,69,32.61893709318766
30,993,26,2,27.376541882395426
73,1032,23,68,31.55058490954006
35,1029,11,72,37.97321577424873
27,1017,6,6,41.268947546732974
78,983,19,59,12.74311397611538
76,1021,8,3,35.22686596329767
59,997,8,4,27.080344414577382
78,1023,7,10,35.035103089845656
21,1027,13,14,43.87545605144167
95,1004,0,63,22.79390610540227
29,986,22,97,17.428837971866134
63,1017,20,12,31.64708338022641
30,1007,22,6,33.64236113103709
98,984,11,5,16.26797178267713
99,982,24,55,7.888988209592688
21,1023,1,63,39.97392024317775
69,1010,12,49,27.006562048964867
31,1026,29,29,37.58812630617414
42,1021,26,21,35.914642564546796
37,1037,3,24,46.18943033366335
81,999,19,27,21.759388563459478
81,998,17,83,16.029574601083553
57,1027,18,38,35.79048044386253
86,1039,15,66,35.17329242306679
57,990,26,4,22.00085235832697
86,1019,13,64,26.645917704613236
80,982,29,14,14.496268077500284
20,1002,28,89,25.25444091565183
64,986,7,66,18.196797303367752
47,1002,11,39,27.92113352995527
40,986,8,97,19.221884953363915
32,1025,5,68,38.41764192282597
46,1013,25,94,25.935721042314505
26,1021,17,76,35.04426956991132
41,998,1,42,30.032058272952458
93,1037,22,0,36.161997039752386
72,988,7,21,21.24532663566861
98,1027,23,61,27.01915661845057
98,1030,13,78,28.341981214223225
23,997,5,25,32.33923692715559
42,1020,9,17,38.33663430924241
89,1027,7,47,32.20817708059249
95,1024,29,8,29.245478786047904
52,1021,16,0,38.31795620010041
47,1004,24,8,28.270749405725883
27,1031,28,22,40.35749053584327
20,993,11,44,28.409261898267207
56,1023,16,1,37.54482188178376
82,1004,12,13,25.751174054607475
41,998,18,37,26.213360713565965
89,1018,11,39,27.91382124783933
40,1034,15,62,39.334617546433854
54,994,24,81,18.628618309498943
98,995,26,15,16.946533388140782
24,1006,4,92,30.97778094895245
79,1019,24,74,24.428292965014432
65,989,15,5,23.172071660356437
69,983,24,2,17.609057674368753
67,1030,5,13,40.147600813973554
25,998,10,65,28.187459734014997
75,1007,16,95,20.47999283071497
78,1000,25,94,15.996409270632663
48,1038,22,74,37.980254898613595
90,1026,13,85,28.844007145245527
96,993,5,66,16.839634973738896
37,1012,24,30,32.36213457717041
21,1027,22,32,41.262440811849075
27,989,29,87,19.055927010236903
94,998,27,0,19.68064261552674
73,1009,10,43,27.372862517121813
57,1001,11,14,28.957403517825682
67,982,12,36,18.165381586016746
46,1016,3,26,36.06465764829297
39,1020,6,47,36.2448796679315
31,997,1,26,32.54418772416903
62,990,5,11,24.42126973859679
80,1027,5,66,31.691033503139515
50,981,17,29,18.30401823264721
80,991,29,95,11.900924012817942
93,1033,19,86,29.008806407263993
86,985,7,65,14.102453592680826
54,1022,7,6,38.44312282971632
34,1038,28,33,41.88743164357807
35,1019,7,31,38.89969524890993
32,1023,7,38,39.81299611943382
54,1008,0,95,27.106985862798382
94,1038,1,42,38.10752328093484
78,1009,11,42,26.327080927641937
40,981,14,77,17.34418704217129
73,988,3,2,23.78606231237267
94,1026,27,45,26.231834144182006
49,981,24,31,18.007067400591545
67,1008,2,42,29.595458066796525
54,1012,13,99,25.490541725641332
57,989,21,80,15.479313435508669
50,1013,22,2,32.85781922321943
97,1023,7,73,27.501486680152638
43,1034,12,62,39.93243550870542
68,987,22,39,17.932023239910958
51,1016,18,17,33.881709729510604
74,1033,21,66,31.920586669919214
98,1039,4,61,35.094514277985006
77,1012,12,9,29.48067830250556
22,1026,27,51,37.530448223183676
99,985,25,72,9.094455378741461
88,1023,19,45,28.829621403189652
29,1019,0,54,38.569607601595
44,1024,15,45,36.696170384910694
87,998,29,74,14.041108918147804
80,1011,28,59,20.698277918195597
48,1006,22,96,22.503258045039935
38,980,23,99,14.009220200926643
62,1022,1,25,37.68616802014715
85,1031,6,26,37.2288238433404
93,1012,5,37,27.06058981450168
80,1019,4,21,33.79357964670431
62,1011,28,25,27.81504657906575
44,984,3,85,20.068701355236016
39,996,1,68,27.460860243294537
67,987,9,34,20.473508578210144
43,1036,21,65,39.08742436084031
30,1021,4,98,34.91072347530864
74,1013,17,72,23.726691019884406
47,988,9,50,22.675369852046583
88,1035,22,17,35.22738926542934
82,1002,21,42,20.502363950712503
78,1014,27,11,26.988773799167667
24,1029,14,2,45.10533744994632
70,986,26,81,12.578460976192755
40,994,8,6,29.779955036168293
31,1032,10,96,37.960177332127486
69,1033,25,5,37.05230816031465
23,999,20,81,26.004742677587355
61,1029,24,44,34.166343062531844
57,1004,24,85,21.98007695737288
44,982,28,38,17.398364030142364
33,1039,16,50,43.81976240040214
94,1034,20,8,34.84017508698524
51,1025,8,98,32.54859938145102
30,1003,22,22,31.004081416755064
80,1013,15,11,28.82371954230358
37,1025,5,87,36.52707594796556
46,1001,21,61,24.50874320773891
74,990,10,72,17.079855644248102
73,1027,22,76,29.865399750062686
94,987,16,39,14.666307696028413
40,1018,3,53,36.58671424461117
63,1022,28,80,27.384231532185865
24,1014,14,6,39.64816385668125
60,1028,0,16,41.6523336294409
78,1025,21,49,30.639714557919223
73,1017,29,23,28.587551365396696
93,987,28,1,14.868870911358979
41,1033,19,98,35.385460397886604
84,1016,0,91,26.837910451573805
83,1006,8,82,22.315790522713247
90,1007,11,32,24.98602390171364
23,1019,3,20,42.2404811473618
84,1013,27,73,22.360312966107166
34,1011,21,52,30.872205928485585
95,994,12,45,17.856594902255196
41,1023,6,44,38.77572002336708
66,996,7,8,26.68203298896168
65,1012,27,5,29.49025011656783
33,1026,12,50,39.280172402412816
69,1025,10,34,34.57588184041766
39,1031,8,81,38.67043050573341
69,1033,24,52,34.2641403235743
52,995,23,18,24.32096822209482
78,1008,15,68,22.138958621195606
62,988,9,24,21.38691556652957
98,1012,10,10,26.890884008248833
31,1039,11,73,42.854036374797474
59,1028,27,16,35.28772654744625
39,1008,13,35,32.2729560077096
57,992,18,89,18.12599945776614
22,1000,11,94,27.646834870573983
47,1037,17,95,36.91840563619373
75,1000,20,20,23.69208050847743
32,984,16,17,23.958724113190637
96,989,2,59,16.0041731639829
85,985,0,17,19.30650590892967
56,1035,28,0,40.603449674485866
68,1030,18,13,38.142972926003274
85,1036,28,7,35.31570114173258
55,992,3,65,21.66491953071992
73,980,22,50,12.172299067446724
45,999,27,78,20.88491386395692
94,1036,15,59,31.916898605318153
91,1026,11,33,31.394846174713326
59,1025,20,35,34.452309112795234
62,987,20,61,16.94986123469389
41,989,12,0,26.01780451798558
39,988,16,84,19.163919243259276
27,1028,7,41,42.4888381023543
48,1020,12,0,37.86661622265767
59,982,19,95,12.668092077648943
49,990,25,83,16.95108514120337
74,991,4,53,20.03570468927496
35,989,17,46,22.837754194121686
65,1004,14,99,21.266703894875196
81,1028,11,38,33.42825618764319
26,1028,28,29,38.513493105754335
99,1004,16,6,23.081049661775467
64,990,24,21,19.300488369845066
78,1033,14,49,33.95690184981065
75,1015,1,44,31.094761039134944
67,1018,5,73,30.228545421857014
46,1032,16,71,36.586831691406076
72,1005,15,90,21.11447012194814
92,993,16,9,19.691966155806778
54,1018,24,13,33.37991426896179
70,1035,19,45,36.20176237760744
56,1019,8,74,30.877308486470096
76,980,26,5,15.646618526174807
27,1035,4,20,47.82873526404594
98,1033,22,61,28.74460454073361
39,983,0,96,19.664120970803058
72,1009,5,18,30.449145470562833
31,991,23,87,20.170330022036318
68,1035,13,81,35.61653049590523
36,1014,16,98,28.187374151519375
83,992,24,61,13.931901279647047
61,1031,18,82,31.940532080418638
48,1010,0,52,32.679938027135115
38,1017,0,23,39.5320074691532
30,1022,12,55,37.68079951707275
69,1002,13,61,22.82543785160775
90,983,26,33,12.06327014687599
77,1031,5,21,38.021775242700976
53,995,26,67,19.86036284149132
39,986,5,56,23.623647128692802
69,1001,0,9,28.864405983773228
29,1008,29,65,27.70618126948149
51,990,13,7,25.12716730736374
71,1035,2,96,35.98271663976482
34,1012,22,37,31.933278971997275
22,1037,9,61,45.3688314057983
56,1008,18,27,28.306970164800866
59,1038,18,9,42.651772800548905
91,1018,18,44,26.855941704688526
59,991,27,64,16.952171230855043
75,986,22,97,11.448336855923591
42,1038,3,66,42.76952973140171
30,1034,19,8,44.19859352500879
83,1018,18,4,31.683231227873403
27,1021,9,9,41.559409422733275
75,1027,26,11,33.80850119865686
79,1005,24,81,19.424420709535852
29,1019,1,57,38.89316600952946
58,988,3,20,24.599635835436374
47,1020,23,20,35.09008804003164
68,1013,5,64,29.408726569717096
55,1024,29,2,35.54886086750647
32,992,6,68,25.340178961052544
55,1034,15,88,34.625529721648405
45,1034,28,63,36.36906343118685
23,1015,6,48,38.02416918847893
83,1004,17,71,19.519638900168253
57,1003,19,16,27.455471638929158
41,1023,25,72,32.5026865533995
21,996,25,31,28.526182898685637
50,981,21,69,14.600715421226834
30,992,18,20,27.49672624441721
65,1010,8,6,31.991106545759596
81,1008,28,6,24.633183711784742
88,1029,19,26,32.060995867442664
83,1007,9,7,27.66222873209453
29,1039,12,72,43.33955322098996
59,1006,17,27,27.876114361878013
43,994,15,78,22.26711873386585
63,1010,21,65,24.58907557782593
79,1019,16,70,27.298498551461574
81,994,21,46,17.78689670250951
36,1012,12,81,29.76610177770541
84,999,11,85,18.753116617698442
76,1021,9,9,34.649952464832865
74,991,0,32,23.122715364617545
72,1016,29,6,29.898067874322823
75,988,7,2,22.87418758317674
28,1002,20,13,31.496948791720918
41,987,21,43,21.3725800667017
32,1011,17,45,31.694978438735994
67,1027,1,60,35.94688312115202
37,993,15,35,26.716242503847813
95,1006,11,12,24.642311267258115
59,1004,8,15,30.407726760538683
36,992,2,79,25.566491926048514
34,1034,21,4,44.32460343482453
34,1000,25,88,23.372703362570995
98,1024,20,37,27.155263773474097
82,1010,29,49,21.51253795928058
58,1016,27,37,30.05486763309504
32,1027,3,55,41.48017507617848
51,1037,25,62,37.43801053176063
28,1022,1,47,40.50769419888265
59,1033,7,89,35.97231052376854
39,984,9,58,22.179073379163068
96,992,15,76,13.269048814112287
99,1007,22,43,20.459625544414383
92,1022,10,89,26.216489980234844
82,1004,17,54,21.24707453865818
95,1030,21,54,28.935657678247882
63,1014,13,0,34.31350663061299
57,1026,7,7,40.175064972758925
79,1018,22,3,30.369828690450063
90,986,14,84,11.224360358060231
67,1017,16,85,26.257206089664223
37,1011,20,52,31.22325082959052
35,982,17,57,19.46411658646482
74,1024,5,36,34.500777166425216
58,1018,22,48,30.680459318265218
87,1016,29,66,21.430286690307643
78,1034,13,18,37.84154857963562
81,1029,22,0,35.04454940145031
32,1001,2,28,32.817195741305476
25,987,6,86,22.695231100711027
96,996,14,32,18.284970471689746
79,1031,20,51,32.61122524463262
33,1006,23,40,29.14495677057022
73,1012,27,22,26.770592461125933
23,1025,15,4,42.953547530814596
58,996,15,70,20.856797240087293
91,1021,7,56,28.9684955780584
44,991,6,5,27.9512046276779
96,1027,5,48,32.19352233126464
51,1025,1,21,40.39996698686118
78,1006,21,76,20.943324180420895
82,1027,12,75,29.71903607797286
57,987,11,3,23.417949313249203
72,1002,14,71,20.688472242559744
86,1039,26,63,32.213921212603985
47,1021,8,36,36.753697048505366
22,1028,1,30,45.33851401042294
99,1038,16,36,34.61867537231903
41,1008,26,44,28.642397694734754
57,1029,28,89,30.89782063383741
91,999,4,7,24.146349316481903
91,995,10,39,19.245412102213784
81,996,21,96,13.869916224275629
76,995,18,92,15.847117209650767
25,998,23,4,31.43212756853895
97,1035,6,27,35.4917858974494
51,1035,1,80,40.09377385731061
29,987,15,86,21.09432035456032
22,1017,11,8,40.21363601448136
78,1017,22,1,30.838164097451614
95,1032,14,62,30.610033414259565
68,1008,0,95,25.339417053598495
78,1020,24,50,27.303474052060622
50,1015,12,30,33.58756231102372
88,1005,22,6,24.49776488817873
81,1010,5,29,28.490429430377084
71,1023,12,57,31.289165411446284
60,1039,17,2,43.07449878058125
50,991,2,50,23.438933293662764
41,1034,0,55,42.641551955910934
23,996,14,72,27.014295568124673
32,994,25,9,27.007327342756135
64,988,12,60,18.160982993684126
61,1018,4,49,33.41648490397792
68,1021,24,46,30.08830996645029
39,1027,12,89,36.094370715049635
96,991,21,0,17.574486940692296
73,1011,4,93,24.99599037214565
55,1004,27,56,23.358413879513563
20,1018,18,37,38.15458041373481
34,997,20,61,24.848520842339475
96,994,23,78,13.442939870695595
36,1011,27,88,26.479495916902653
43,985,17,69,19.511742803708866
77,1037,20,81,32.32348474904574
91,1023,21,64,25.53507646697138
42,1022,9,61,35.76928555340992
65,1031,23,55,34.21969346525808
91,1014,7,66,25.031510305338635
27,1013,14,16,36.76173153643588
78,1017,20,7,31.05250734805748
78,1035,24,59,33.13254986845237
32,1033,19,39,41.08379242415007
58,1036,27,80,33.47455684998611
47,984,24,88,15.124646055670945
80,997,26,61,15.904064708433511
35,995,22,40,25.68976175802508
21,987,21,11,26.91591439565587
36,1004,3,92,27.09954394589608
49,1011,1,88,29.8177841374063
32,1005,23,99,23.690565919929952
32,1031,5,53,41.757455416818125
62,1001,27,88,18.40851449454669
40,1010,2,92,29.606105717869173
74,1022,6,10,36.809080452722114
59,989,9,59,20.66202902680709
34,1035,22,67,39.82371952158153
92,1036,5,77,33.369856745825906
71,991,15,45,19.165233703402002
93,1032,1,37,36.48036352119926
72,1007,23,60,22.816866197014008
71,985,16,16,19.176120900723888
49,1038,12,65,39.7944102074282
52,999,0,71,25.66209409791224
76,984,5,35,18.530519991293456
71,1002,4,73,23.69648466860479
28,988,24,6,25.221454437867322
73,1037,12,99,33.709228483113925
20,1038,27,15,44.989165198878396
63,1008,22,13,28.316915099861852
94,995,17,79,13.461256352246412
99,1033,28,24,31.493995294091974
28,1025,11,3,43.204388940682605
51,1001,6,28,28.963215745240984
34,987,14,55,21.92713085847397
31,1038,2,5,49.12900732002593
97,999,15,0,22.26820511934369
76,1030,0,38,38.06190094481777
27,993,26,0,28.401866392149213
91,1018,15,62,26.288295781261127
46,1016,23,56,31.294090229034623
81,1029,29,66,28.84896343266812
31,1013,11,64,32.97855357061834
84,990,18,64,14.764740523710305
61,1033,26,20,36.12151730776165
81,1019,7,29,32.04879006889091
30,1012,22,95,28.374632755196647
62,1010,11,32,30.737614022951725
36,1038,14,47,42.8683203691872
51,1033,1,21,43.927757817007546
59,1023,28,93,26.80832796812696
42,1013,29,53,28.804983287870147
75,1029,29,3,33.49236705700507
25,986,16,86,21.248023173315723
69,1037,6,54,39.45632469432388
56,1028,12,43,36.723657805781514
83,1033,0,88,33.84091766028577
73,1002,5,11,27.989242764170466
91,1025,12,80,27.243803107639348
68,1035,10,78,35.62159683068239
30,986,9,73,22.0386142216569
68,1033,15,98,32.65016933510888
40,1004,26,51,26.2145958377469
85,982,25,92,8.885267738572932
82,1038,23,75,32.261076109227844
47,1017,22,64,30.286385372542536
36,999,19,64,25.544079260855842
25,1013,16,9,37.94852550211776
38,1028,16,17,40.97898723090936
75,1023,3,46,33.92318974934733
47,1023,4,65,36.24140198208507
85,1009,27,48,21.22070867712692
57,996,22,71,19.245924850109933
56,1038,13,21,42.86962381107603
87,989,19,85,12.708615512505126
68,1014,9,25,30.784523393353844
62,999,13,89,19.862718810766054
55,997,27,8,23.787889339871626
77,1024,0,20,36.83757227530572
32,1023,10,94,35.30930147831225
71,1006,25,62,21.301830340372614
77,1038,22,5,39.952893176338705
51,1038,17,13,42.91751673559578
79,1028,15,32,34.50782236004961
77,1015,28,70,23.654270379161098
75,1002,26,23,22.030949593168906
47,1011,17,72,27.980983652657436
20,989,7,74,24.843791423690313
61,990,27,86,13.897840351196708
67,1017,9,50,30.823389361691703
59,985,25,1,19.47069992401853
82,1038,9,14,39.89252631950207
95,1020,4,34,31.19647834537633
91,1026,9,35,32.49834407897695
99,1013,17,91,19.39143505570079
23,1015,20,38,35.19063833973679
57,1016,23,3,32.80943984691454
46,996,5,63,26.495566296880384
28,1019,2,73,36.6158227744635
35,1019,7,5,40.549115488570386
75,1033,29,56,31.902681461865914
95,991,8,29,18.837744360812387
50,1000,4,98,23.6936646007436
33,1019,28,73,30.72866215295526
44,998,1,95,24.944750361233567
53,982,1,66,20.027331865487685
86,997,6,89,17.443558348620186
43,1032,16,14,41.61029109467014
92,1030,9,16,35.17510343961707
45,998,11,90,22.238206457182585
39,1026,1,17,42.88067057137411
83,985,9,18,18.899012841596143
29,995,19,75,24.287423413559825
86,987,0,87,14.868067863054291
43,1027,3,68,39.139664696557276
24,997,12,23,31.914937433954492
86,1031,11,90,30.43204311438511
77,1027,10,47,32.75611432967237
46,1022,28,29,33.040044147314006
99,1018,9,14,30.121745082218762
34,1028,14,46,39.742363959080016
54,1028,4,43,39.677777089174455
95,991,24,97,8.920658629227246
72,1024,16,26,33.439407380890344
63,989,27,83,14.624595295101788
45,986,4,63,21.445106256255734
66,1025,1,40,37.20739252982876
53,1034,8,95,36.38861023636033
69,980,5,67,15.304030403191955
31,1028,17,4,42.23818355169276
23,1015,13,52,35.91569301942876
67,1000,18,7,26.88639484113219
74,1016,13,21,31.21401090264931
20,1031,7,6,47.12413786305545
85,1003,16,21,24.267770790039027
49,1034,27,45,36.86921423645354
22,1004,2,29,36.440551619569355
40,986,28,15,20.962520435808926
68,1021,9,78,30.29635420364564
81,996,16,4,23.493156247843075
57,1008,26,66,23.736590435702933
34,1009,10,22,34.78158004169965
71,986,7,60,18.12864462117702
98,1012,0,73,23.132239513834158
65,986,12,4,22.39344187527749
44,1037,20,22,42.396036754541434
40,1003,3,78,29.080977076781217
24,990,6,81,24.306251357226824
89,988,13,24,16.63661206865421
66,991,4,7,24.86848175253518
87,1014,23,94,20.148041765192897
37,983,27,20,20.546757011766967
40,1015,29,1,33.88571014522485
42,1007,10,21,31.816050713117967
83,1036,16,71,33.02252181524844
86,992,4,86,16.335898354762318
59,1002,19,95,20.453378778770514
29,998,2,71,28.913414122500942
71,1021,4,67,31.632474039183315
91,1016,25,63,22.019003224412625
94,1018,14,93,22.70957362551873
80,1003,18,18,24.21694995945159
83,995,15,86,15.551414684437036
24,1012,7,81,32.573604939685694
72,991,12,52,19.65155647253415
74,1013,15,92,23.25392217330258
56,986,2,86,18.09890170268905
75,990,0,96,17.090409283194717
78,1010,8,51,26.462121581390402
88,1008,8,46,25.020720796805303
92,992,21,81,12.756326967814777
78,1010,25,53,23.42028242589402
21,981,16,43,22.609108494873787
84,1018,23,96,22.596648712200665
79,994,1,6,24.28999345235096
70,1036,8,91,35.567180428640384
49,990,29,0,22.647585179460833
30,1013,23,62,32.12496895603246
95,1018,18,97,22.15239998848895
58,983,12,38,18.961357208495283
96,990,4,18,19.370705314202144
91,1008,8,30,26.142030807204243
82,981,12,76,10.489940585065291
83,995,0,23,23.62988460826724
80,1018,24,68,25.810711870220185
73,992,14,86,16.592426795012525
92,1016,3,82,25.02114306256397
77,996,3,64,21.28723730556037
75,1000,19,32,21.901653402263605
53,1023,9,58,34.63926656356918
50,1039,27,32,40.30691880953868
71,998,24,31,21.52491259080366
95,986,29,58,10.074709362105764
20,1017,5,91,36.1368936384798
74,987,26,40,14.703136877862121
41,992,23,11,25.182010513874925
59,1016,11,72,29.164826451012885
20,981,29,10,22.60057180144455
84,1020,19,96,23.54278119509812
82,990,15,18,19.509701743308852
73,1003,2,53,26.136509604969973
61,985,13,56,18.3235071119912
40,1005,0,41,32.16741345949047
98,986,9,97,10.0783509767905
41,1036,14,70,39.28354905362909
57,1018,6,30,34.46688588600232
99,998,3,51,19.33913431286396
27,985,13,1,27.44164884546208
81,1022,23,82,25.749457521422826
66,1008,15,37,27.667114753248374
36,1022,13,31,38.61617920390224
36,1018,2,9,40.25607451315462
32,981,16,7,24.431379509609766
36,998,20,89,23.081640017985876
57,983,13,93,14.403654920159562
97,1037,17,74,30.742540163974713
64,985,2,19,22.151229208068365
25,1028,29,19,39.48407836624459
54,1036,21,8,41.79301242777246
33,1016,18,71,32.581030892153
91,1007,2,14,27.16697376906037
80,1009,11,97,21.024070644464015
34,986,21,87,17.67173160648684
73,988,4,96,15.82512231605959
46,1004,9,62,27.249011312663672
32,1012,8,90,31.76390498997862
50,980,0,20,23.433978872129146
54,1030,12,4,41.3921724719307
79,985,2,34,19.4348678748974
25,997,18,84,24.75937769396954
88,989,10,67,15.27257699741346
77,1007,15,47,23.83990887834515
68,990,5,79,19.175239738602325
42,1012,23,94,26.136323530394968
53,980,2,89,16.46559958560537
45,992,18,61,22.813600383696173
66,1016,5,34,32.66999627544706
24,999,7,69,29.449700907511605
39,980,21,96,14.527266233170904
25,1031,12,20,43.98359068483031
89,982,11,79,10.430128474177396
78,997,29,38,19.27794432175038
83,1020,9,33,31.399581471255715
37,993,2,14,30.121562497137827
23,1010,3,5,39.28217596373614
36,1006,0,65,31.960038781088535
33,996,12,87,24.297573866464916
97,1034,23,55,30.16326077012084
32,1025,3,48,41.29448029049233
26,1008,21,91,27.386570708915986
63,1015,10,0,34.04964928161022
34,1016,18,64,33.101535245985175
38,1005,10,27,33.196343693571954
82,1032,11,99,30.80129622134441
54,996,10,19,27.42887685589362
54,1001,5,47,27.5025796819367
38,1004,11,71,28.153057512431072
39,981,26,64,16.35632817284946
54,1034,8,89,36.75228667612277
51,1001,24,50,24.65564843297982
67,984,9,42,18.947923637468328
63,983,2,48,19.310382890351452
43,1015,2,24,36.407211470533625
80,985,19,73,12.328212861397366
36,1031,27,75,35.02267390754821
90,1000,22,40,18.911837528165133
69,992,15,70,17.312067037255513
84,1033,2,63,35.78825831800285
51,1016,9,60,32.49221136002187
55,1034,23,11,40.200065789725414
32,1004,10,80,28.93609291871514
89,1005,7,68,22.00555362212045
77,1034,5,13,40.2834008941693
33,1018,19,33,36.5273493664807
56,999,10,47,25.37274243608836
98,1012,27,60,20.20255766726947
87,993,26,80,12.023430745050213
59,1035,20,34,38.46963845771838
78,1015,11,64,28.109641860136605
99,996,15,58,16.317412689894052
35,1000,17,35,28.50700284217734
81,1025,12,78,29.342270307868084
23,995,21,18,28.899500871832863
64,1025,2,41,36.835850309889175
47,995,14,68,22.510496574885682
85,1035,21,18,35.857435600100814
50,999,27,38,23.925154968123984
22,1008,20,68,30.46331900519056
27,1007,13,51,32.14002965305812
43,987,17,11,24.240383837863718
34,1003,27,82,23.876378486132193
62,982,28,46,14.462635167174104
50,1004,13,75,25.890078858628332
92,998,4,35,22.532433053252408
64,1012,20,62,26.399186225029318
85,981,13,75,10.77218205591199
27,994,24,81,22.218531370760452
90,1001,26,50,17.128517973040722
76,1039,7,42,39.80367629113444
99,989,27,33,11.680137386560734
49,997,27,96,18.882327595142215
93,1001,22,48,18.78266213284945
37,1025,14,17,38.824687363761264
88,1028,27,60,28.43764049660907
58,1006,28,56,24.133643084869842
79,992,14,92,14.644974108357891
62,1012,29,4,28.784092154506844
64,984,18,88,12.941120450068908
42,1005,25,23,28.4807411018086
88,992,19,92,13.098027980104815
25,1006,5,63,32.38547990363376
75,1036,18,58,35.362661548037636
23,993,26,37,25.527969661031854
42,1003,24,32,27.56753781915736
25,982,7,9,26.144302202758517
51,1026,5,36,38.29646492715437
37,1030,19,96,35.61654876062055
34,1028,22,86,34.74213873926633
59,1009,28,10,28.500329724442985
92,1014,14,23,28.063178579686284
93,1027,26,87,24.626186910674758
25,993,2,70,27.357877010572977
82,991,9,20,21.30304294369988
86,1007,14,19,25.58617484499286
30,1023,23,9,39.54000351346399
62,1008,15,88,24.358408144769417
36,1022,16,46,36.52005732188518
23,996,18,99,23.823794236680552
82,1019,10,46,29.56207686382588
87,1028,15,14,34.52056957678585
60,1000,4,43,26.970663534757797
24,1036,4,61,45.00729800313056
51,1002,25,5,27.787124791125432
89,999,13,65,17.227833759728867
54,990,17,75,19.09688682913179
41,1036,25,3,42.382682757508064
84,1036,7,22,38.10544116965059
41,1013,4,12,37.07099071910346
30,989,6,80,22.603524711357906
96,989,15,30,16.033808139972127
22,1022,22,15,40.080507002340624
28,1039,13,40,45.35673048272184
79,985,4,89,13.89098006842471
95,1015,23,91,19.523301731532825
33,1003,8,0,34.957399205180025
37,991,3,11,28.573137072022448
92,1022,3,55,29.7955004103867
42,1034,15,49,39.61528613998366
93,1002,23,19,21.11437222730581
66,1006,16,65,23.931888792895236
88,1037,14,35,36.273374676982066
66,1036,3,78,38.28476881967634
49,1024,5,37,38.92321351881345
44,1016,15,21,34.60894935301793
47,985,28,60,16.704729998001728
44,980,3,49,21.440697009985147
93,985,5,95,11.79823823208399
97,1029,4,58,32.00766513589428
77,1001,15,19,23.438338257405714
60,1020,29,35,30.74057348228275
44,1003,24,96,21.723534351815584
97,1004,15,14,23.262343025131088
67,994,9,61,21.191403994421492
29,1005,8,2,36.18495861642183
94,987,3,92,12.684675425784583
30,1030,28,90,35.358045680121364
40,1003,13,4,32.535154003131716
64,1027,3,55,36.36075797311378
26,1017,11,30,37.832794574480864
83,985,23,85,10.348045502429885
83,1033,9,34,37.219355342119016
21,1014,3,70,35.55490875730436
95,1021,17,69,25.59505304899975
61,980,12,25,18.878119659799474
73,1039,12,0,43.112759702282254
94,1025,13,82,27.10287003763514
35,1015,17,6,36.87533943161751
37,1037,0,35,46.66130578665707
78,991,20,75,14.565972115786472
35,1017,15,83,32.51962899454832
25,990,14,86,21.795510169165397
76,991,21,24,18.636064412591914
66,1021,24,93,26.48307786898113
67,1029,4,58,36.695465389297716
61,1018,28,60,27.64310829400664
95,986,5,28,16.518831264466787
79,990,5,94,15.524563623405284
96,1015,2,17,29.656519202735918
23,1031,15,40,42.5895124153004
21,1010,11,18,36.99241061365061
78,1012,3,3,32.042628468403834
46,992,0,64,23.922030463723885
46,997,3,40,28.25007687076349
98,1020,0,14,32.51736677765439
91,1037,20,53,33.65919747870943
26,1035,26,63,40.29020047837778
82,1003,26,71,18.424680036005253
65,988,7,14,23.07800602656907
82,1010,23,78,19.97872390697918
31,1034,4,49,44.37007056086445
32,1020,29,21,35.776188340813945
62,989,25,17,20.454936670256295
36,1039,1,79,43.96373931706864
82,981,11,1,17.75506367844131
55,1017,21,35,32.529076113456355
27,994,16,19,29.254228228235032
88,982,6,15,17.369932316642355
99,1022,10,66,26.89765689391517
55,1010,3,29,32.86059110357212
47,985,4,54,21.838252227655566
66,982,5,65,15.61489049984895
95,1035,10,98,29.452458124694566
49,990,0,25,26.379536385702565
42,994,24,56,22.245317169963407
35,1024,9,68,36.284158255754505
33,1031,19,1,43.30941631649593
93,1007,23,55,19.525340997441795
90,989,20,83,11.518377408919243
71,1017,10,61,29.49656155435525
56,1026,23,33,34.437093773621
48,1036,16,97,35.9530322936586
86,1029,7,55,32.55985208247036
34,1029,26,54,36.78493590451327
66,986,12,19,20.55442718408918
65,994,26,49,19.38756266761255
71,997,19,24,21.923753014898196
38,997,17,83,23.93542053582501
96,1031,26,24,30.263091099112984
40,1020,21,52,34.117321061053204
83,1003,15,13,24.472102027645697
56,981,1,59,18.624520912278363
46,1019,4,42,37.19843991923425
74,999,17,61,20.260876373232243
48,1013,2,75,31.621743464301904
39,1022,26,68,32.17146205597203
44,1005,21,62,25.949268720369787
89,986,16,1,17.681577067854157
82,1017,15,53,25.646550187609705
55,1009,5,15,32.223154384115155
21,1021,18,54,37.52615910950227
41,984,6,93,19.401388685236043
35,990,17,42,24.671778272137868
